- 1117840660 2005.06.03 R26-M1-N4-I:J18-U01 2005-06-03-16.17.40.565373 R26-M1-N4-I:J18-U01 RAS APP FATAL ciod: Error loading /p/gb2/stella/RAPTOR/65641/raptor: invalid or missing program image, No such file or directory
- 1117840660 2005.06.03 R26-M1-N8-I:J18-U11 2005-06-03-16.17.40.916353 R26-M1-N8-I:J18-U11 RAS APP FATAL ciod: Error loading /p/gb2/stella/RAPTOR/65641/raptor: invalid or missing program image, No such file or directory
- 1117840660 2005.06.03 R26-M1-N8-I:J18-U01 2005-06-03-16.17.40.938859 R26-M1-N8-I:J18-U01 RAS APP FATAL ciod: Error loading /p/gb2/stella/RAPTOR/65641/raptor: invalid or missing program image, No such file or directory
- 1117840661 2005.06.03 R26-M1-N0-I:J18-U11 2005-06-03-16.17.41.237076 R26-M1-N0-I:J18-U11 RAS APP FATAL ciod: Error loading /p/gb2/stella/RAPTOR/65641/raptor: invalid or missing program image, No such file or directory
- 1117840661 2005.06.03 R26-M1-N0-I:J18-U01 2005-06-03-16.17.41.262399 R26-M1-N0-I:J18-U01 RAS APP FATAL ciod: Error loading /p/gb2/stella/RAPTOR/65641/raptor: invalid or missing program image, No such file or directory
- 1117840661 2005.06.03 R26-M1-NC-I:J18-U11 2005-06-03-16.17.41.292210 R26-M1-NC-I:J18-U11 RAS APP FATAL ciod: Error loading /p/gb2/stella/RAPTOR/65641/raptor: invalid or missing program image, No such file or directory
- 1117840661 2005.06.03 R26-M1-NC-I:J18-U01 2005-06-03-16.17.41.315464 R26-M1-NC-I:J18-U01 RAS APP FATAL ciod: Error loading /p/gb2/stella/RAPTOR/65641/raptor: invalid or missing program image, No such file or directory
- 1117840759 2005.06.03 R20-M0-NC-C:J16-U01 2005-06-03-16.19.19.247769 R20-M0-NC-C:J16-U01 RAS KERNEL INFO 15 ddr errors(s) detected and corrected on rank 0, symbol 23, bit 0
- 1117840759 2005.06.03 R20-M0-NC-C:J16-U01 2005-06-03-16.19.19.382086 R20-M0-NC-C:J16-U01 RAS KERNEL INFO CE sym 23, at 0x0210f640, mask 0x80
- 1117840759 2005.06.03 R20-M0-NC-C:J16-U01 2005-06-03-16.19.19.444130 R20-M0-NC-C:J16-U01 RAS KERNEL INFO CE sym 23, at 0x0210f640, mask 0x80
- 1117840759 2005.06.03 R20-M0-NC-C:J16-U01 2005-06-03-16.19.19.654614 R20-M0-NC-C:J16-U01 RAS KERNEL INFO CE sym 23, at 0x0210f640, mask 0x80
- 1117840759 2005.06.03 R20-M0-NC-C:J16-U01 2005-06-03-16.19.19.716828 R20-M0-NC-C:J16-U01 RAS KERNEL INFO CE sym 23, at 0x0210f640, mask 0x80
- 1117840759 2005.06.03 R20-M0-NC-C:J16-U01 2005-06-03-16.19.19.763971 R20-M0-NC-C:J16-U01 RAS KERNEL INFO CE sym 23, at 0x0210f640, mask 0x80
- 1117840759 2005.06.03 R20-M0-NC-C:J16-U01 2005-06-03-16.19.19.940327 R20-M0-NC-C:J16-U01 RAS KERNEL INFO CE sym 23, at 0x0210f640, mask 0x80
- 1117840759 2005.06.03 R20-M0-NC-C:J16-U01 2005-06-03-16.19.19.990427 R20-M0-NC-C:J16-U01 RAS KERNEL INFO CE sym 23, at 0x0210f640, mask 0x80
- 1117840760 2005.06.03 R20-M0-NC-C:J16-U01 2005-06-03-16.19.20.135801 R20-M0-NC-C:J16-U01 RAS KERNEL INFO CE sym 23, at 0x0210f640, mask 0x80
- 1117840760 2005.06.03 R20-M0-NC-C:J16-U01 2005-06-03-16.19.20.188226 R20-M0-NC-C:J16-U01 RAS KERNEL INFO CE sym 23, at 0x0210f640, mask 0x80
- 1117840760 2005.06.03 R20-M0-NC-C:J16-U01 2005-06-03-16.19.20.271086 R20-M0-NC-C:J16-U01 RAS KERNEL INFO CE sym 23, at 0x0210f640, mask 0x80
- 1117840760 2005.06.03 R20-M0-NC-C:J16-U01 2005-06-03-16.19.20.393638 R20-M0-NC-C:J16-U01 RAS KERNEL INFO CE sym 23, at 0x0210f640, mask 0x80
- 1117840760 2005.06.03 R20-M0-NC-C:J16-U01 2005-06-03-16.19.20.447417 R20-M0-NC-C:J16-U01 RAS KERNEL INFO CE sym 23, at 0x0210f640, mask 0x80
- 1117840760 2005.06.03 R20-M0-NC-C:J16-U01 2005-06-03-16.19.20.502727 R20-M0-NC-C:J16-U01 RAS KERNEL INFO CE sym 23, at 0x0210f640, mask 0x80
- 1117840760 2005.06.03 R20-M0-NC-C:J16-U01 2005-06-03-16.19.20.645861 R20-M0-NC-C:J16-U01 RAS KERNEL INFO CE sym 23, at 0x0210f640, mask 0x80
- 1117840760 2005.06.03 R20-M0-NC-C:J16-U01 2005-06-03-16.19.20.697972 R20-M0-NC-C:J16-U01 RAS KERNEL INFO CE sym 23, at 0x0210f640, mask 0x80
- 1117840760 2005.06.03 R20-M0-NC-C:J16-U01 2005-06-03-16.19.20.780950 R20-M0-NC-C:J16-U01 RAS KERNEL INFO total of 15 ddr error(s) detected and corrected
- 1117841151 2005.06.03 R26-M0-NB-C:J07-U01 2005-06-03-16.25.51.490204 R26-M0-NB-C:J07-U01 RAS KERNEL INFO 10 ddr errors(s) detected and corrected on rank 0, symbol 10, bit 4
- 1117841151 2005.06.03 R26-M0-N0-C:J14-U01 2005-06-03-16.25.51.539549 R26-M0-N0-C:J14-U01 RAS KERNEL INFO 2312722 L3 EDRAM error(s) (dcr 0x0157) detected and corrected
- 1117841151 2005.06.03 R26-M0-N0-C:J14-U01 2005-06-03-16.25.51.572647 R26-M0-N0-C:J14-U01 RAS KERNEL INFO 2312722 L3 EDRAM error(s) (dcr 0x0157) detected and corrected
- 1117841151 2005.06.03 R26-M0-NB-C:J07-U01 2005-06-03-16.25.51.601883 R26-M0-NB-C:J07-U01 RAS KERNEL INFO CE sym 10, at 0x08e30580, mask 0x08
- 1117841151 2005.06.03 R26-M0-NB-C:J07-U01 2005-06-03-16.25.51.630152 R26-M0-NB-C:J07-U01 RAS KERNEL INFO CE sym 10, at 0x08f90580, mask 0x08
- 1117841151 2005.06.03 R26-M0-NB-C:J07-U01 2005-06-03-16.25.51.658011 R26-M0-NB-C:J07-U01 RAS KERNEL INFO CE sym 10, at 0x08e30580, mask 0x08
- 1117841151 2005.06.03 R26-M0-NB-C:J07-U01 2005-06-03-16.25.51.708518 R26-M0-NB-C:J07-U01 RAS KERNEL INFO CE sym 10, at 0x08fd0580, mask 0x08
- 1117841151 2005.06.03 R26-M0-NB-C:J07-U01 2005-06-03-16.25.51.736720 R26-M0-NB-C:J07-U01 RAS KERNEL INFO CE sym 10, at 0x08d10580, mask 0x08
- 1117841151 2005.06.03 R26-M0-NB-C:J07-U01 2005-06-03-16.25.51.864598 R26-M0-NB-C:J07-U01 RAS KERNEL INFO CE sym 10, at 0x08f90580, mask 0x08
- 1117841151 2005.06.03 R26-M0-NB-C:J07-U01 2005-06-03-16.25.51.919209 R26-M0-NB-C:J07-U01 RAS KERNEL INFO CE sym 10, at 0x08fb0580, mask 0x08
- 1117841151 2005.06.03 R26-M0-NB-C:J07-U01 2005-06-03-16.25.51.947468 R26-M0-NB-C:J07-U01 RAS KERNEL INFO CE sym 10, at 0x08cd0580, mask 0x08
- 1117841151 2005.06.03 R26-M0-NB-C:J07-U01 2005-06-03-16.25.51.975498 R26-M0-NB-C:J07-U01 RAS KERNEL INFO CE sym 10, at 0x08d10580, mask 0x08
- 1117841152 2005.06.03 R26-M0-NB-C:J07-U01 2005-06-03-16.25.52.102608 R26-M0-NB-C:J07-U01 RAS KERNEL INFO CE sym 10, at 0x08e30580, mask 0x08
- 1117841152 2005.06.03 R26-M0-NB-C:J07-U01 2005-06-03-16.25.52.139152 R26-M0-NB-C:J07-U01 RAS KERNEL INFO total of 10 ddr error(s) detected and corrected
- 1117842440 2005.06.03 R23-M0-NE-C:J09-U11 2005-06-03-16.47.20.649315 R23-M0-NE-C:J09-U11 RAS KERNEL INFO 63578 double-hummer alignment exceptions
- 1117842440 2005.06.03 R23-M0-NE-C:J13-U11 2005-06-03-16.47.20.671297 R23-M0-NE-C:J13-U11 RAS KERNEL INFO 63478 double-hummer alignment exceptions
- 1117842440 2005.06.03 R23-M0-NE-C:J17-U11 2005-06-03-16.47.20.691572 R23-M0-NE-C:J17-U11 RAS KERNEL INFO 63558 double-hummer alignment exceptions
- 1117842440 2005.06.03 R23-M0-NE-C:J05-U01 2005-06-03-16.47.20.730545 R23-M0-NE-C:J05-U01 RAS KERNEL INFO 63543 double-hummer alignment exceptions
- 1117842440 2005.06.03 R23-M0-NE-C:J05-U11 2005-06-03-16.47.20.750432 R23-M0-NE-C:J05-U11 RAS KERNEL INFO 63576 double-hummer alignment exceptions
- 1117842440 2005.06.03 R23-M0-NE-C:J17-U01 2005-06-03-16.47.20.770529 R23-M0-NE-C:J17-U01 RAS KERNEL INFO 63458 double-hummer alignment exceptions
- 1117842440 2005.06.03 R23-M0-NE-C:J13-U01 2005-06-03-16.47.20.790605 R23-M0-NE-C:J13-U01 RAS KERNEL INFO 63558 double-hummer alignment exceptions
- 1117842440 2005.06.03 R23-M0-NE-C:J09-U01 2005-06-03-16.47.20.810715 R23-M0-NE-C:J09-U01 RAS KERNEL INFO 63576 double-hummer alignment exceptions
- 1117842440 2005.06.03 R23-M0-NE-C:J16-U11 2005-06-03-16.47.20.829803 R23-M0-NE-C:J16-U11 RAS KERNEL INFO 63496 double-hummer alignment exceptions
- 1117842440 2005.06.03 R23-M0-NE-C:J08-U11 2005-06-03-16.47.20.850248 R23-M0-NE-C:J08-U11 RAS KERNEL INFO 63501 double-hummer alignment exceptions
- 1117842440 2005.06.03 R23-M0-NE-C:J12-U11 2005-06-03-16.47.20.870845 R23-M0-NE-C:J12-U11 RAS KERNEL INFO 63561 double-hummer alignment exceptions
- 1117842440 2005.06.03 R23-M0-NE-C:J16-U01 2005-06-03-16.47.20.895699 R23-M0-NE-C:J16-U01 RAS KERNEL INFO 63556 double-hummer alignment exceptions
- 1117842440 2005.06.03 R23-M0-NE-C:J12-U01 2005-06-03-16.47.20.917938 R23-M0-NE-C:J12-U01 RAS KERNEL INFO 63598 double-hummer alignment exceptions
- 1117842441 2005.06.03 R23-M0-NE-C:J08-U01 2005-06-03-16.47.21.007441 R23-M0-NE-C:J08-U01 RAS KERNEL INFO 63538 double-hummer alignment exceptions
- 1117842441 2005.06.03 R23-M0-NE-C:J04-U01 2005-06-03-16.47.21.042107 R23-M0-NE-C:J04-U01 RAS KERNEL INFO 63558 double-hummer alignment exceptions
- 1117842441 2005.06.03 R23-M0-NE-C:J04-U11 2005-06-03-16.47.21.074711 R23-M0-NE-C:J04-U11 RAS KERNEL INFO 63471 double-hummer alignment exceptions
- 1117842441 2005.06.03 R23-M0-N6-C:J09-U11 2005-06-03-16.47.21.101629 R23-M0-N6-C:J09-U11 RAS KERNEL INFO 63626 double-hummer alignment exceptions
- 1117842441 2005.06.03 R23-M0-N6-C:J13-U11 2005-06-03-16.47.21.125662 R23-M0-N6-C:J13-U11 RAS KERNEL INFO 63583 double-hummer alignment exceptions
- 1117842441 2005.06.03 R23-M0-N6-C:J17-U11 2005-06-03-16.47.21.152898 R23-M0-N6-C:J17-U11 RAS KERNEL INFO 63476 double-hummer alignment exceptions
- 1117842441 2005.06.03 R23-M0-N6-C:J05-U01 2005-06-03-16.47.21.172765 R23-M0-N6-C:J05-U01 RAS KERNEL INFO 63573 double-hummer alignment exceptions
- 1117842441 2005.06.03 R23-M0-N6-C:J05-U11 2005-06-03-16.47.21.192547 R23-M0-N6-C:J05-U11 RAS KERNEL INFO 63473 double-hummer alignment exceptions
- 1117842441 2005.06.03 R23-M0-N6-C:J17-U01 2005-06-03-16.47.21.212779 R23-M0-N6-C:J17-U01 RAS KERNEL INFO 63596 double-hummer alignment exceptions
- 1117842441 2005.06.03 R23-M0-N6-C:J13-U01 2005-06-03-16.47.21.233207 R23-M0-N6-C:J13-U01 RAS KERNEL INFO 63601 double-hummer alignment exceptions
- 1117842441 2005.06.03 R23-M0-N6-C:J09-U01 2005-06-03-16.47.21.253558 R23-M0-N6-C:J09-U01 RAS KERNEL INFO 63558 double-hummer alignment exceptions
- 1117842441 2005.06.03 R23-M0-N6-C:J16-U11 2005-06-03-16.47.21.273686 R23-M0-N6-C:J16-U11 RAS KERNEL INFO 63618 double-hummer alignment exceptions
- 1117842441 2005.06.03 R23-M0-N6-C:J08-U11 2005-06-03-16.47.21.293890 R23-M0-N6-C:J08-U11 RAS KERNEL INFO 63646 double-hummer alignment exceptions
- 1117842441 2005.06.03 R23-M0-N6-C:J12-U11 2005-06-03-16.47.21.324893 R23-M0-N6-C:J12-U11 RAS KERNEL INFO 63621 double-hummer alignment exceptions
- 1117842441 2005.06.03 R23-M0-N6-C:J16-U01 2005-06-03-16.47.21.345129 R23-M0-N6-C:J16-U01 RAS KERNEL INFO 63578 double-hummer alignment exceptions
- 1117842441 2005.06.03 R23-M0-N6-C:J12-U01 2005-06-03-16.47.21.365393 R23-M0-N6-C:J12-U01 RAS KERNEL INFO 63641 double-hummer alignment exceptions
- 1117842441 2005.06.03 R23-M0-N6-C:J08-U01 2005-06-03-16.47.21.385359 R23-M0-N6-C:J08-U01 RAS KERNEL INFO 63576 double-hummer alignment exceptions
- 1117842441 2005.06.03 R23-M0-N6-C:J04-U01 2005-06-03-16.47.21.407783 R23-M0-N6-C:J04-U01 RAS KERNEL INFO 63598 double-hummer alignment exceptions
- 1117842441 2005.06.03 R23-M0-N6-C:J04-U11 2005-06-03-16.47.21.430377 R23-M0-N6-C:J04-U11 RAS KERNEL INFO 63578 double-hummer alignment exceptions
- 1117842441 2005.06.03 R23-M0-N7-C:J09-U11 2005-06-03-16.47.21.525740 R23-M0-N7-C:J09-U11 RAS KERNEL INFO 63561 double-hummer alignment exceptions
- 1117842441 2005.06.03 R23-M0-N7-C:J13-U11 2005-06-03-16.47.21.558898 R23-M0-N7-C:J13-U11 RAS KERNEL INFO 63496 double-hummer alignment exceptions
- 1117842441 2005.06.03 R23-M0-N7-C:J17-U11 2005-06-03-16.47.21.586176 R23-M0-N7-C:J17-U11 RAS KERNEL INFO 63563 double-hummer alignment exceptions
- 1117842441 2005.06.03 R23-M0-N7-C:J05-U01 2005-06-03-16.47.21.613303 R23-M0-N7-C:J05-U01 RAS KERNEL INFO 63533 double-hummer alignment exceptions
- 1117842441 2005.06.03 R23-M0-N7-C:J05-U11 2005-06-03-16.47.21.638315 R23-M0-N7-C:J05-U11 RAS KERNEL INFO 63623 double-hummer alignment exceptions
- 1117842441 2005.06.03 R23-M0-N7-C:J17-U01 2005-06-03-16.47.21.661109 R23-M0-N7-C:J17-U01 RAS KERNEL INFO 63578 double-hummer alignment exceptions
- 1117842441 2005.06.03 R23-M0-N7-C:J13-U01 2005-06-03-16.47.21.683452 R23-M0-N7-C:J13-U01 RAS KERNEL INFO 63638 double-hummer alignment exceptions
- 1117842441 2005.06.03 R23-M0-N7-C:J09-U01 2005-06-03-16.47.21.704012 R23-M0-N7-C:J09-U01 RAS KERNEL INFO 63601 double-hummer alignment exceptions
- 1117842441 2005.06.03 R23-M0-N7-C:J16-U11 2005-06-03-16.47.21.724070 R23-M0-N7-C:J16-U11 RAS KERNEL INFO 63663 double-hummer alignment exceptions
- 1117842441 2005.06.03 R23-M0-N7-C:J08-U11 2005-06-03-16.47.21.745230 R23-M0-N7-C:J08-U11 RAS KERNEL INFO 63666 double-hummer alignment exceptions
- 1117842441 2005.06.03 R23-M0-N7-C:J12-U11 2005-06-03-16.47.21.765821 R23-M0-N7-C:J12-U11 RAS KERNEL INFO 63663 double-hummer alignment exceptions
- 1117842441 2005.06.03 R23-M0-N7-C:J16-U01 2005-06-03-16.47.21.785775 R23-M0-N7-C:J16-U01 RAS KERNEL INFO 63521 double-hummer alignment exceptions
- 1117842441 2005.06.03 R23-M0-N7-C:J12-U01 2005-06-03-16.47.21.816166 R23-M0-N7-C:J12-U01 RAS KERNEL INFO 63641 double-hummer alignment exceptions
- 1117842441 2005.06.03 R23-M0-N7-C:J08-U01 2005-06-03-16.47.21.836852 R23-M0-N7-C:J08-U01 RAS KERNEL INFO 63576 double-hummer alignment exceptions
- 1117842441 2005.06.03 R23-M0-N7-C:J04-U01 2005-06-03-16.47.21.856922 R23-M0-N7-C:J04-U01 RAS KERNEL INFO 63538 double-hummer alignment exceptions
- 1117842441 2005.06.03 R23-M0-N7-C:J04-U11 2005-06-03-16.47.21.876838 R23-M0-N7-C:J04-U11 RAS KERNEL INFO 63556 double-hummer alignment exceptions
- 1117842441 2005.06.03 R23-M0-NF-C:J09-U11 2005-06-03-16.47.21.904276 R23-M0-NF-C:J09-U11 RAS KERNEL INFO 63643 double-hummer alignment exceptions
- 1117842441 2005.06.03 R23-M0-NF-C:J13-U11 2005-06-03-16.47.21.926621 R23-M0-NF-C:J13-U11 RAS KERNEL INFO 63618 double-hummer alignment exceptions
- 1117842442 2005.06.03 R23-M0-NF-C:J17-U11 2005-06-03-16.47.22.030064 R23-M0-NF-C:J17-U11 RAS KERNEL INFO 63558 double-hummer alignment exceptions
- 1117842442 2005.06.03 R23-M0-NF-C:J05-U01 2005-06-03-16.47.22.061907 R23-M0-NF-C:J05-U01 RAS KERNEL INFO 63618 double-hummer alignment exceptions
- 1117842442 2005.06.03 R23-M0-NF-C:J05-U11 2005-06-03-16.47.22.095562 R23-M0-NF-C:J05-U11 RAS KERNEL INFO 63518 double-hummer alignment exceptions
- 1117842442 2005.06.03 R23-M0-NF-C:J17-U01 2005-06-03-16.47.22.123268 R23-M0-NF-C:J17-U01 RAS KERNEL INFO 63561 double-hummer alignment exceptions
- 1117842442 2005.06.03 R23-M0-NF-C:J13-U01 2005-06-03-16.47.22.148684 R23-M0-NF-C:J13-U01 RAS KERNEL INFO 63558 double-hummer alignment exceptions
- 1117842442 2005.06.03 R23-M0-NF-C:J09-U01 2005-06-03-16.47.22.172166 R23-M0-NF-C:J09-U01 RAS KERNEL INFO 63491 double-hummer alignment exceptions
- 1117842442 2005.06.03 R23-M0-NF-C:J16-U11 2005-06-03-16.47.22.192685 R23-M0-NF-C:J16-U11 RAS KERNEL INFO 63581 double-hummer alignment exceptions
- 1117842442 2005.06.03 R23-M0-NF-C:J08-U11 2005-06-03-16.47.22.213162 R23-M0-NF-C:J08-U11 RAS KERNEL INFO 63541 double-hummer alignment exceptions
- 1117842442 2005.06.03 R23-M0-NF-C:J12-U11 2005-06-03-16.47.22.233512 R23-M0-NF-C:J12-U11 RAS KERNEL INFO 63601 double-hummer alignment exceptions
- 1117842442 2005.06.03 R23-M0-NF-C:J16-U01 2005-06-03-16.47.22.253673 R23-M0-NF-C:J16-U01 RAS KERNEL INFO 63556 double-hummer alignment exceptions
- 1117842442 2005.06.03 R23-M0-NF-C:J12-U01 2005-06-03-16.47.22.274041 R23-M0-NF-C:J12-U01 RAS KERNEL INFO 63598 double-hummer alignment exceptions
- 1117842442 2005.06.03 R23-M0-NF-C:J08-U01 2005-06-03-16.47.22.294716 R23-M0-NF-C:J08-U01 RAS KERNEL INFO 63516 double-hummer alignment exceptions
- 1117842442 2005.06.03 R23-M0-NF-C:J04-U01 2005-06-03-16.47.22.314252 R23-M0-NF-C:J04-U01 RAS KERNEL INFO 63553 double-hummer alignment exceptions
- 1117842442 2005.06.03 R23-M0-NF-C:J04-U11 2005-06-03-16.47.22.346174 R23-M0-NF-C:J04-U11 RAS KERNEL INFO 63621 double-hummer alignment exceptions
- 1117842552 2005.06.03 R23-M0-NE-C:J09-U11 2005-06-03-16.49.12.887809 R23-M0-NE-C:J09-U11 RAS KERNEL INFO 12826 double-hummer alignment exceptions
- 1117842552 2005.06.03 R23-M0-NE-C:J13-U11 2005-06-03-16.49.12.909794 R23-M0-NE-C:J13-U11 RAS KERNEL INFO 12304 double-hummer alignment exceptions
- 1117842552 2005.06.03 R23-M0-NE-C:J17-U11 2005-06-03-16.49.12.929600 R23-M0-NE-C:J17-U11 RAS KERNEL INFO 12283 double-hummer alignment exceptions
- 1117842552 2005.06.03 R23-M0-NE-C:J05-U01 2005-06-03-16.49.12.949916 R23-M0-NE-C:J05-U01 RAS KERNEL INFO 12306 double-hummer alignment exceptions
- 1117842552 2005.06.03 R23-M0-NE-C:J05-U11 2005-06-03-16.49.12.970541 R23-M0-NE-C:J05-U11 RAS KERNEL INFO 12067 double-hummer alignment exceptions
- 1117842552 2005.06.03 R23-M0-NE-C:J17-U01 2005-06-03-16.49.12.992094 R23-M0-NE-C:J17-U01 RAS KERNEL INFO 12442 double-hummer alignment exceptions
- 1117842553 2005.06.03 R23-M0-NE-C:J13-U01 2005-06-03-16.49.13.013169 R23-M0-NE-C:J13-U01 RAS KERNEL INFO 12584 double-hummer alignment exceptions
- 1117842553 2005.06.03 R23-M0-NE-C:J09-U01 2005-06-03-16.49.13.034348 R23-M0-NE-C:J09-U01 RAS KERNEL INFO 12925 double-hummer alignment exceptions
- 1117842553 2005.06.03 R23-M0-NE-C:J16-U11 2005-06-03-16.49.13.054234 R23-M0-NE-C:J16-U11 RAS KERNEL INFO 12342 double-hummer alignment exceptions
- 1117842553 2005.06.03 R23-M0-NE-C:J08-U11 2005-06-03-16.49.13.076185 R23-M0-NE-C:J08-U11 RAS KERNEL INFO 12486 double-hummer alignment exceptions
- 1117842553 2005.06.03 R23-M0-NE-C:J12-U11 2005-06-03-16.49.13.097951 R23-M0-NE-C:J12-U11 RAS KERNEL INFO 12505 double-hummer alignment exceptions
- 1117842553 2005.06.03 R23-M0-NE-C:J16-U01 2005-06-03-16.49.13.119606 R23-M0-NE-C:J16-U01 RAS KERNEL INFO 12240 double-hummer alignment exceptions
- 1117842553 2005.06.03 R23-M0-NE-C:J12-U01 2005-06-03-16.49.13.141611 R23-M0-NE-C:J12-U01 RAS KERNEL INFO 12686 double-hummer alignment exceptions
- 1117842553 2005.06.03 R23-M0-NE-C:J08-U01 2005-06-03-16.49.13.201319 R23-M0-NE-C:J08-U01 RAS KERNEL INFO 12883 double-hummer alignment exceptions
- 1117842553 2005.06.03 R23-M0-NE-C:J04-U01 2005-06-03-16.49.13.234116 R23-M0-NE-C:J04-U01 RAS KERNEL INFO 12326 double-hummer alignment exceptions
- 1117842553 2005.06.03 R23-M0-NE-C:J04-U11 2005-06-03-16.49.13.376565 R23-M0-NE-C:J04-U11 RAS KERNEL INFO 11982 double-hummer alignment exceptions
- 1117842553 2005.06.03 R23-M0-N6-C:J09-U11 2005-06-03-16.49.13.404947 R23-M0-N6-C:J09-U11 RAS KERNEL INFO 12427 double-hummer alignment exceptions
- 1117842553 2005.06.03 R23-M0-N6-C:J13-U11 2005-06-03-16.49.13.429102 R23-M0-N6-C:J13-U11 RAS KERNEL INFO 12205 double-hummer alignment exceptions
- 1117842553 2005.06.03 R23-M0-N6-C:J17-U11 2005-06-03-16.49.13.449270 R23-M0-N6-C:J17-U11 RAS KERNEL INFO 12023 double-hummer alignment exceptions
- 1117842553 2005.06.03 R23-M0-N6-C:J05-U01 2005-06-03-16.49.13.470803 R23-M0-N6-C:J05-U01 RAS KERNEL INFO 12308 double-hummer alignment exceptions
- 1117842553 2005.06.03 R23-M0-N6-C:J05-U11 2005-06-03-16.49.13.492325 R23-M0-N6-C:J05-U11 RAS KERNEL INFO 11866 double-hummer alignment exceptions
- 1117842553 2005.06.03 R23-M0-N6-C:J17-U01 2005-06-03-16.49.13.513131 R23-M0-N6-C:J17-U01 RAS KERNEL INFO 12547 double-hummer alignment exceptions
- 1117842553 2005.06.03 R23-M0-N6-C:J13-U01 2005-06-03-16.49.13.532236 R23-M0-N6-C:J13-U01 RAS KERNEL INFO 12547 double-hummer alignment exceptions
- 1117842553 2005.06.03 R23-M0-N6-C:J09-U01 2005-06-03-16.49.13.552985 R23-M0-N6-C:J09-U01 RAS KERNEL INFO 12746 double-hummer alignment exceptions
- 1117842553 2005.06.03 R23-M0-N6-C:J16-U11 2005-06-03-16.49.13.573537 R23-M0-N6-C:J16-U11 RAS KERNEL INFO 12504 double-hummer alignment exceptions
- 1117842553 2005.06.03 R23-M0-N6-C:J08-U11 2005-06-03-16.49.13.595148 R23-M0-N6-C:J08-U11 RAS KERNEL INFO 12624 double-hummer alignment exceptions
- 1117842553 2005.06.03 R23-M0-N6-C:J12-U11 2005-06-03-16.49.13.619636 R23-M0-N6-C:J12-U11 RAS KERNEL INFO 12542 double-hummer alignment exceptions
- 1117842553 2005.06.03 R23-M0-N6-C:J16-U01 2005-06-03-16.49.13.639102 R23-M0-N6-C:J16-U01 RAS KERNEL INFO 12746 double-hummer alignment exceptions
- 1117842553 2005.06.03 R23-M0-N6-C:J12-U01 2005-06-03-16.49.13.659396 R23-M0-N6-C:J12-U01 RAS KERNEL INFO 12826 double-hummer alignment exceptions
- 1117842553 2005.06.03 R23-M0-N6-C:J08-U01 2005-06-03-16.49.13.715471 R23-M0-N6-C:J08-U01 RAS KERNEL INFO 12924 double-hummer alignment exceptions
- 1117842553 2005.06.03 R23-M0-N6-C:J04-U01 2005-06-03-16.49.13.737962 R23-M0-N6-C:J04-U01 RAS KERNEL INFO 12503 double-hummer alignment exceptions
- 1117842553 2005.06.03 R23-M0-N6-C:J04-U11 2005-06-03-16.49.13.880049 R23-M0-N6-C:J04-U11 RAS KERNEL INFO 12630 double-hummer alignment exceptions
- 1117842553 2005.06.03 R23-M0-N7-C:J09-U11 2005-06-03-16.49.13.908503 R23-M0-N7-C:J09-U11 RAS KERNEL INFO 12901 double-hummer alignment exceptions
- 1117842553 2005.06.03 R23-M0-N7-C:J13-U11 2005-06-03-16.49.13.934926 R23-M0-N7-C:J13-U11 RAS KERNEL INFO 12385 double-hummer alignment exceptions
- 1117842553 2005.06.03 R23-M0-N7-C:J17-U11 2005-06-03-16.49.13.953866 R23-M0-N7-C:J17-U11 RAS KERNEL INFO 12442 double-hummer alignment exceptions
- 1117842553 2005.06.03 R23-M0-N7-C:J05-U01 2005-06-03-16.49.13.974285 R23-M0-N7-C:J05-U01 RAS KERNEL INFO 12142 double-hummer alignment exceptions
- 1117842553 2005.06.03 R23-M0-N7-C:J05-U11 2005-06-03-16.49.13.995376 R23-M0-N7-C:J05-U11 RAS KERNEL INFO 12486 double-hummer alignment exceptions
- 1117842554 2005.06.03 R23-M0-N7-C:J17-U01 2005-06-03-16.49.14.019355 R23-M0-N7-C:J17-U01 RAS KERNEL INFO 12264 double-hummer alignment exceptions
- 1117842554 2005.06.03 R23-M0-N7-C:J13-U01 2005-06-03-16.49.14.040694 R23-M0-N7-C:J13-U01 RAS KERNEL INFO 12403 double-hummer alignment exceptions
- 1117842554 2005.06.03 R23-M0-N7-C:J09-U01 2005-06-03-16.49.14.061699 R23-M0-N7-C:J09-U01 RAS KERNEL INFO 12485 double-hummer alignment exceptions
- 1117842554 2005.06.03 R23-M0-N7-C:J16-U11 2005-06-03-16.49.14.081284 R23-M0-N7-C:J16-U11 RAS KERNEL INFO 13247 double-hummer alignment exceptions
- 1117842554 2005.06.03 R23-M0-N7-C:J08-U11 2005-06-03-16.49.14.102845 R23-M0-N7-C:J08-U11 RAS KERNEL INFO 13404 double-hummer alignment exceptions
- 1117842554 2005.06.03 R23-M0-N7-C:J12-U11 2005-06-03-16.49.14.129300 R23-M0-N7-C:J12-U11 RAS KERNEL INFO 13026 double-hummer alignment exceptions
- 1117842554 2005.06.03 R23-M0-N7-C:J16-U01 2005-06-03-16.49.14.150498 R23-M0-N7-C:J16-U01 RAS KERNEL INFO 12927 double-hummer alignment exceptions
- 1117842554 2005.06.03 R23-M0-N7-C:J12-U01 2005-06-03-16.49.14.221746 R23-M0-N7-C:J12-U01 RAS KERNEL INFO 12725 double-hummer alignment exceptions
- 1117842554 2005.06.03 R23-M0-N7-C:J08-U01 2005-06-03-16.49.14.243154 R23-M0-N7-C:J08-U01 RAS KERNEL INFO 13248 double-hummer alignment exceptions
- 1117842554 2005.06.03 R23-M0-N7-C:J04-U01 2005-06-03-16.49.14.264752 R23-M0-N7-C:J04-U01 RAS KERNEL INFO 12366 double-hummer alignment exceptions
- 1117842554 2005.06.03 R23-M0-N7-C:J04-U11 2005-06-03-16.49.14.409772 R23-M0-N7-C:J04-U11 RAS KERNEL INFO 12722 double-hummer alignment exceptions
- 1117842554 2005.06.03 R23-M0-NF-C:J09-U11 2005-06-03-16.49.14.436046 R23-M0-NF-C:J09-U11 RAS KERNEL INFO 13208 double-hummer alignment exceptions
- 1117842554 2005.06.03 R23-M0-NF-C:J13-U11 2005-06-03-16.49.14.457747 R23-M0-NF-C:J13-U11 RAS KERNEL INFO 12884 double-hummer alignment exceptions
- 1117842554 2005.06.03 R23-M0-NF-C:J17-U11 2005-06-03-16.49.14.480312 R23-M0-NF-C:J17-U11 RAS KERNEL INFO 13027 double-hummer alignment exceptions
- 1117842554 2005.06.03 R23-M0-NF-C:J05-U01 2005-06-03-16.49.14.501641 R23-M0-NF-C:J05-U01 RAS KERNEL INFO 12400 double-hummer alignment exceptions
- 1117842554 2005.06.03 R23-M0-NF-C:J05-U11 2005-06-03-16.49.14.522852 R23-M0-NF-C:J05-U11 RAS KERNEL INFO 12503 double-hummer alignment exceptions
- 1117842554 2005.06.03 R23-M0-NF-C:J17-U01 2005-06-03-16.49.14.557394 R23-M0-NF-C:J17-U01 RAS KERNEL INFO 12425 double-hummer alignment exceptions
- 1117842554 2005.06.03 R23-M0-NF-C:J13-U01 2005-06-03-16.49.14.578806 R23-M0-NF-C:J13-U01 RAS KERNEL INFO 12680 double-hummer alignment exceptions
- 1117842554 2005.06.03 R23-M0-NF-C:J09-U01 2005-06-03-16.49.14.599870 R23-M0-NF-C:J09-U01 RAS KERNEL INFO 12484 double-hummer alignment exceptions
- 1117842554 2005.06.03 R23-M0-NF-C:J16-U11 2005-06-03-16.49.14.621887 R23-M0-NF-C:J16-U11 RAS KERNEL INFO 12704 double-hummer alignment exceptions
- 1117842554 2005.06.03 R23-M0-NF-C:J08-U11 2005-06-03-16.49.14.644458 R23-M0-NF-C:J08-U11 RAS KERNEL INFO 13067 double-hummer alignment exceptions
- 1117842554 2005.06.03 R23-M0-NF-C:J12-U11 2005-06-03-16.49.14.666152 R23-M0-NF-C:J12-U11 RAS KERNEL INFO 12803 double-hummer alignment exceptions
- 1117842554 2005.06.03 R23-M0-NF-C:J16-U01 2005-06-03-16.49.14.730248 R23-M0-NF-C:J16-U01 RAS KERNEL INFO 12930 double-hummer alignment exceptions
- 1117842554 2005.06.03 R23-M0-NF-C:J12-U01 2005-06-03-16.49.14.753071 R23-M0-NF-C:J12-U01 RAS KERNEL INFO 12485 double-hummer alignment exceptions
- 1117842554 2005.06.03 R23-M0-NF-C:J08-U01 2005-06-03-16.49.14.774383 R23-M0-NF-C:J08-U01 RAS KERNEL INFO 12637 double-hummer alignment exceptions
- 1117842554 2005.06.03 R23-M0-NF-C:J04-U01 2005-06-03-16.49.14.934418 R23-M0-NF-C:J04-U01 RAS KERNEL INFO 12386 double-hummer alignment exceptions
- 1117842554 2005.06.03 R23-M0-NF-C:J04-U11 2005-06-03-16.49.14.956426 R23-M0-NF-C:J04-U11 RAS KERNEL INFO 12667 double-hummer alignment exceptions
- 1117842742 2005.06.03 R23-M0-NA-C:J09-U11 2005-06-03-16.52.22.516629 R23-M0-NA-C:J09-U11 RAS KERNEL INFO 1494 double-hummer alignment exceptions
- 1117842742 2005.06.03 R23-M0-NA-C:J15-U11 2005-06-03-16.52.22.828791 R23-M0-NA-C:J15-U11 RAS KERNEL INFO 1515 double-hummer alignment exceptions
- 1117842742 2005.06.03 R23-M0-NA-C:J11-U11 2005-06-03-16.52.22.854162 R23-M0-NA-C:J11-U11 RAS KERNEL INFO 1574 double-hummer alignment exceptions
- 1117842743 2005.06.03 R23-M0-NA-C:J13-U11 2005-06-03-16.52.23.371566 R23-M0-NA-C:J13-U11 RAS KERNEL INFO 1537 double-hummer alignment exceptions
- 1117842743 2005.06.03 R23-M0-NA-C:J17-U11 2005-06-03-16.52.23.733021 R23-M0-NA-C:J17-U11 RAS KERNEL INFO 1434 double-hummer alignment exceptions
- 1117842743 2005.06.03 R23-M0-NA-C:J05-U01 2005-06-03-16.52.23.854606 R23-M0-NA-C:J05-U01 RAS KERNEL INFO 1554 double-hummer alignment exceptions
- 1117842743 2005.06.03 R23-M0-NA-C:J03-U01 2005-06-03-16.52.23.876609 R23-M0-NA-C:J03-U01 RAS KERNEL INFO 1454 double-hummer alignment exceptions
- 1117842744 2005.06.03 R23-M0-NA-C:J05-U11 2005-06-03-16.52.24.254189 R23-M0-NA-C:J05-U11 RAS KERNEL INFO 1455 double-hummer alignment exceptions
- 1117842744 2005.06.03 R23-M0-NA-C:J03-U11 2005-06-03-16.52.24.377228 R23-M0-NA-C:J03-U11 RAS KERNEL INFO 1454 double-hummer alignment exceptions
- 1117842744 2005.06.03 R23-M0-NA-C:J07-U11 2005-06-03-16.52.24.399373 R23-M0-NA-C:J07-U11 RAS KERNEL INFO 1578 double-hummer alignment exceptions
- 1117842744 2005.06.03 R23-M0-NA-C:J15-U01 2005-06-03-16.52.24.784528 R23-M0-NA-C:J15-U01 RAS KERNEL INFO 1675 double-hummer alignment exceptions
- 1117842744 2005.06.03 R23-M0-NA-C:J17-U01 2005-06-03-16.52.24.906466 R23-M0-NA-C:J17-U01 RAS KERNEL INFO 1636 double-hummer alignment exceptions
- 1117842745 2005.06.03 R23-M0-NA-C:J11-U01 2005-06-03-16.52.25.283988 R23-M0-NA-C:J11-U01 RAS KERNEL INFO 1715 double-hummer alignment exceptions
- 1117842745 2005.06.03 R23-M0-NA-C:J07-U01 2005-06-03-16.52.25.403950 R23-M0-NA-C:J07-U01 RAS KERNEL INFO 1695 double-hummer alignment exceptions
- 1117842745 2005.06.03 R23-M0-NA-C:J13-U01 2005-06-03-16.52.25.748833 R23-M0-NA-C:J13-U01 RAS KERNEL INFO 1615 double-hummer alignment exceptions
- 1117842745 2005.06.03 R23-M0-NA-C:J09-U01 2005-06-03-16.52.25.815944 R23-M0-NA-C:J09-U01 RAS KERNEL INFO 1556 double-hummer alignment exceptions
- 1117842745 2005.06.03 R23-M0-NA-C:J16-U11 2005-06-03-16.52.25.900154 R23-M0-NA-C:J16-U11 RAS KERNEL INFO 1534 double-hummer alignment exceptions
- 1117842746 2005.06.03 R23-M0-NA-C:J08-U11 2005-06-03-16.52.26.406773 R23-M0-NA-C:J08-U11 RAS KERNEL INFO 1577 double-hummer alignment exceptions
- 1117842746 2005.06.03 R23-M0-NA-C:J14-U11 2005-06-03-16.52.26.428771 R23-M0-NA-C:J14-U11 RAS KERNEL INFO 1618 double-hummer alignment exceptions
- 1117842746 2005.06.03 R23-M0-NA-C:J10-U11 2005-06-03-16.52.26.817703 R23-M0-NA-C:J10-U11 RAS KERNEL INFO 1635 double-hummer alignment exceptions
- 1117842746 2005.06.03 R23-M0-NA-C:J06-U11 2005-06-03-16.52.26.928604 R23-M0-NA-C:J06-U11 RAS KERNEL INFO 1476 double-hummer alignment exceptions
- 1117842746 2005.06.03 R23-M0-NA-C:J12-U11 2005-06-03-16.52.26.951765 R23-M0-NA-C:J12-U11 RAS KERNEL INFO 1615 double-hummer alignment exceptions
- 1117842747 2005.06.03 R23-M0-NA-C:J14-U01 2005-06-03-16.52.27.329697 R23-M0-NA-C:J14-U01 RAS KERNEL INFO 1677 double-hummer alignment exceptions
- 1117842747 2005.06.03 R23-M0-NA-C:J16-U01 2005-06-03-16.52.27.443236 R23-M0-NA-C:J16-U01 RAS KERNEL INFO 1475 double-hummer alignment exceptions
- 1117842747 2005.06.03 R23-M0-NA-C:J10-U01 2005-06-03-16.52.27.834491 R23-M0-NA-C:J10-U01 RAS KERNEL INFO 1695 double-hummer alignment exceptions
- 1117842747 2005.06.03 R23-M0-NA-C:J12-U01 2005-06-03-16.52.27.956033 R23-M0-NA-C:J12-U01 RAS KERNEL INFO 1717 double-hummer alignment exceptions
- 1117842748 2005.06.03 R23-M0-NA-C:J08-U01 2005-06-03-16.52.28.344664 R23-M0-NA-C:J08-U01 RAS KERNEL INFO 1577 double-hummer alignment exceptions
- 1117842748 2005.06.03 R23-M0-NA-C:J04-U01 2005-06-03-16.52.28.459114 R23-M0-NA-C:J04-U01 RAS KERNEL INFO 1376 double-hummer alignment exceptions
- 1117842748 2005.06.03 R23-M0-NA-C:J06-U01 2005-06-03-16.52.28.504814 R23-M0-NA-C:J06-U01 RAS KERNEL INFO 1635 double-hummer alignment exceptions
- 1117842748 2005.06.03 R23-M0-NA-C:J04-U11 2005-06-03-16.52.28.858771 R23-M0-NA-C:J04-U11 RAS KERNEL INFO 1535 double-hummer alignment exceptions
- 1117842748 2005.06.03 R23-M0-NA-C:J02-U01 2005-06-03-16.52.28.973672 R23-M0-NA-C:J02-U01 RAS KERNEL INFO 1454 double-hummer alignment exceptions
- 1117842749 2005.06.03 R23-M0-NA-C:J02-U11 2005-06-03-16.52.29.107424 R23-M0-NA-C:J02-U11 RAS KERNEL INFO 1474 double-hummer alignment exceptions
- 1117842749 2005.06.03 R23-M0-NE-C:J09-U11 2005-06-03-16.52.29.367809 R23-M0-NE-C:J09-U11 RAS KERNEL INFO 1395 double-hummer alignment exceptions
- 1117842749 2005.06.03 R23-M0-NE-C:J15-U11 2005-06-03-16.52.29.483680 R23-M0-NE-C:J15-U11 RAS KERNEL INFO 1474 double-hummer alignment exceptions
- 1117842749 2005.06.03 R23-M0-NE-C:J11-U11 2005-06-03-16.52.29.869672 R23-M0-NE-C:J11-U11 RAS KERNEL INFO 1556 double-hummer alignment exceptions
- 1117842749 2005.06.03 R23-M0-NE-C:J13-U11 2005-06-03-16.52.29.983537 R23-M0-NE-C:J13-U11 RAS KERNEL INFO 1573 double-hummer alignment exceptions
- 1117842750 2005.06.03 R23-M0-NE-C:J17-U11 2005-06-03-16.52.30.006343 R23-M0-NE-C:J17-U11 RAS KERNEL INFO 1495 double-hummer alignment exceptions
- 1117842750 2005.06.03 R23-M0-NE-C:J05-U01 2005-06-03-16.52.30.390226 R23-M0-NE-C:J05-U01 RAS KERNEL INFO 1554 double-hummer alignment exceptions
- 1117842750 2005.06.03 R23-M0-NE-C:J03-U01 2005-06-03-16.52.30.508409 R23-M0-NE-C:J03-U01 RAS KERNEL INFO 1617 double-hummer alignment exceptions
- 1117842750 2005.06.03 R23-M0-NE-C:J05-U11 2005-06-03-16.52.30.873978 R23-M0-NE-C:J05-U11 RAS KERNEL INFO 1455 double-hummer alignment exceptions
- 1117842750 2005.06.03 R23-M0-NE-C:J03-U11 2005-06-03-16.52.30.985960 R23-M0-NE-C:J03-U11 RAS KERNEL INFO 1495 double-hummer alignment exceptions
- 1117842751 2005.06.03 R23-M0-NE-C:J07-U11 2005-06-03-16.52.31.475659 R23-M0-NE-C:J07-U11 RAS KERNEL INFO 1476 double-hummer alignment exceptions
- 1117842751 2005.06.03 R23-M0-NE-C:J15-U01 2005-06-03-16.52.31.497023 R23-M0-NE-C:J15-U01 RAS KERNEL INFO 1595 double-hummer alignment exceptions
- 1117842751 2005.06.03 R23-M0-NE-C:J17-U01 2005-06-03-16.52.31.976464 R23-M0-NE-C:J17-U01 RAS KERNEL INFO 1595 double-hummer alignment exceptions
- 1117842752 2005.06.03 R23-M0-NE-C:J11-U01 2005-06-03-16.52.32.020480 R23-M0-NE-C:J11-U01 RAS KERNEL INFO 1655 double-hummer alignment exceptions
- 1117842752 2005.06.03 R23-M0-NE-C:J07-U01 2005-06-03-16.52.32.504868 R23-M0-NE-C:J07-U01 RAS KERNEL INFO 1616 double-hummer alignment exceptions
- 1117842752 2005.06.03 R23-M0-NE-C:J13-U01 2005-06-03-16.52.32.604794 R23-M0-NE-C:J13-U01 RAS KERNEL INFO 1636 double-hummer alignment exceptions
- 1117842752 2005.06.03 R23-M0-NE-C:J09-U01 2005-06-03-16.52.32.990941 R23-M0-NE-C:J09-U01 RAS KERNEL INFO 1516 double-hummer alignment exceptions
- 1117842753 2005.06.03 R23-M0-NE-C:J16-U11 2005-06-03-16.52.33.014095 R23-M0-NE-C:J16-U11 RAS KERNEL INFO 1435 double-hummer alignment exceptions
- 1117842753 2005.06.03 R23-M0-NE-C:J08-U11 2005-06-03-16.52.33.529481 R23-M0-NE-C:J08-U11 RAS KERNEL INFO 1536 double-hummer alignment exceptions
- 1117842753 2005.06.03 R23-M0-NE-C:J14-U11 2005-06-03-16.52.33.555046 R23-M0-NE-C:J14-U11 RAS KERNEL INFO 1494 double-hummer alignment exceptions
- 1117842754 2005.06.03 R23-M0-NE-C:J10-U11 2005-06-03-16.52.34.073370 R23-M0-NE-C:J10-U11 RAS KERNEL INFO 1555 double-hummer alignment exceptions
- 1117842754 2005.06.03 R23-M0-NE-C:J06-U11 2005-06-03-16.52.34.363667 R23-M0-NE-C:J06-U11 RAS KERNEL INFO 1536 double-hummer alignment exceptions
- 1117842754 2005.06.03 R23-M0-NE-C:J12-U11 2005-06-03-16.52.34.491323 R23-M0-NE-C:J12-U11 RAS KERNEL INFO 1655 double-hummer alignment exceptions
- 1117842754 2005.06.03 R23-M0-NE-C:J14-U01 2005-06-03-16.52.34.584368 R23-M0-NE-C:J14-U01 RAS KERNEL INFO 1555 double-hummer alignment exceptions
- 1117842754 2005.06.03 R23-M0-NE-C:J16-U01 2005-06-03-16.52.34.965350 R23-M0-NE-C:J16-U01 RAS KERNEL INFO 1493 double-hummer alignment exceptions
- 1117842754 2005.06.03 R23-M0-NE-C:J10-U01 2005-06-03-16.52.34.986561 R23-M0-NE-C:J10-U01 RAS KERNEL INFO 1674 double-hummer alignment exceptions
- 1117842755 2005.06.03 R23-M0-NE-C:J12-U01 2005-06-03-16.52.35.006377 R23-M0-NE-C:J12-U01 RAS KERNEL INFO 1514 double-hummer alignment exceptions
- 1117842755 2005.06.03 R23-M0-NE-C:J08-U01 2005-06-03-16.52.35.118064 R23-M0-NE-C:J08-U01 RAS KERNEL INFO 1637 double-hummer alignment exceptions
- 1117842755 2005.06.03 R23-M0-NE-C:J04-U01 2005-06-03-16.52.35.211714 R23-M0-NE-C:J04-U01 RAS KERNEL INFO 1475 double-hummer alignment exceptions
- 1117842755 2005.06.03 R23-M0-NE-C:J06-U01 2005-06-03-16.52.35.267787 R23-M0-NE-C:J06-U01 RAS KERNEL INFO 1555 double-hummer alignment exceptions
- 1117842755 2005.06.03 R23-M0-NE-C:J04-U11 2005-06-03-16.52.35.375055 R23-M0-NE-C:J04-U11 RAS KERNEL INFO 1494 double-hummer alignment exceptions
- 1117842755 2005.06.03 R23-M0-NE-C:J02-U01 2005-06-03-16.52.35.397988 R23-M0-NE-C:J02-U01 RAS KERNEL INFO 1456 double-hummer alignment exceptions
- 1117842755 2005.06.03 R23-M0-NE-C:J02-U11 2005-06-03-16.52.35.417694 R23-M0-NE-C:J02-U11 RAS KERNEL INFO 1435 double-hummer alignment exceptions
- 1117842755 2005.06.03 R23-M0-N6-C:J09-U11 2005-06-03-16.52.35.439483 R23-M0-N6-C:J09-U11 RAS KERNEL INFO 1454 double-hummer alignment exceptions
- 1117842755 2005.06.03 R23-M0-N6-C:J15-U11 2005-06-03-16.52.35.459584 R23-M0-N6-C:J15-U11 RAS KERNEL INFO 1415 double-hummer alignment exceptions
- 1117842755 2005.06.03 R23-M0-N6-C:J11-U11 2005-06-03-16.52.35.478868 R23-M0-N6-C:J11-U11 RAS KERNEL INFO 1576 double-hummer alignment exceptions
- 1117842755 2005.06.03 R23-M0-N6-C:J13-U11 2005-06-03-16.52.35.498582 R23-M0-N6-C:J13-U11 RAS KERNEL INFO 1456 double-hummer alignment exceptions
- 1117842755 2005.06.03 R23-M0-N6-C:J17-U11 2005-06-03-16.52.35.520138 R23-M0-N6-C:J17-U11 RAS KERNEL INFO 1455 double-hummer alignment exceptions
- 1117842755 2005.06.03 R23-M0-N6-C:J05-U01 2005-06-03-16.52.35.540130 R23-M0-N6-C:J05-U01 RAS KERNEL INFO 1416 double-hummer alignment exceptions
- 1117842755 2005.06.03 R23-M0-N6-C:J03-U01 2005-06-03-16.52.35.586643 R23-M0-N6-C:J03-U01 RAS KERNEL INFO 1474 double-hummer alignment exceptions
- 1117842755 2005.06.03 R23-M0-N6-C:J05-U11 2005-06-03-16.52.35.606543 R23-M0-N6-C:J05-U11 RAS KERNEL INFO 1436 double-hummer alignment exceptions
- 1117842755 2005.06.03 R23-M0-N6-C:J03-U11 2005-06-03-16.52.35.705270 R23-M0-N6-C:J03-U11 RAS KERNEL INFO 1474 double-hummer alignment exceptions
- 1117842755 2005.06.03 R23-M0-N6-C:J07-U11 2005-06-03-16.52.35.726954 R23-M0-N6-C:J07-U11 RAS KERNEL INFO 1515 double-hummer alignment exceptions
- 1117842755 2005.06.03 R23-M0-N6-C:J15-U01 2005-06-03-16.52.35.999520 R23-M0-N6-C:J15-U01 RAS KERNEL INFO 1455 double-hummer alignment exceptions
- 1117842756 2005.06.03 R23-M0-N6-C:J17-U01 2005-06-03-16.52.36.113979 R23-M0-N6-C:J17-U01 RAS KERNEL INFO 1536 double-hummer alignment exceptions
- 1117842756 2005.06.03 R23-M0-N6-C:J11-U01 2005-06-03-16.52.36.525712 R23-M0-N6-C:J11-U01 RAS KERNEL INFO 1655 double-hummer alignment exceptions
- 1117842756 2005.06.03 R23-M0-N6-C:J07-U01 2005-06-03-16.52.36.545488 R23-M0-N6-C:J07-U01 RAS KERNEL INFO 1475 double-hummer alignment exceptions
- 1117842756 2005.06.03 R23-M0-N6-C:J13-U01 2005-06-03-16.52.36.668111 R23-M0-N6-C:J13-U01 RAS KERNEL INFO 1637 double-hummer alignment exceptions
- 1117842756 2005.06.03 R23-M0-N6-C:J09-U01 2005-06-03-16.52.36.862642 R23-M0-N6-C:J09-U01 RAS KERNEL INFO 1454 double-hummer alignment exceptions
- 1117842756 2005.06.03 R23-M0-N6-C:J16-U11 2005-06-03-16.52.36.921567 R23-M0-N6-C:J16-U11 RAS KERNEL INFO 1656 double-hummer alignment exceptions
- 1117842756 2005.06.03 R23-M0-N6-C:J08-U11 2005-06-03-16.52.36.944148 R23-M0-N6-C:J08-U11 RAS KERNEL INFO 1596 double-hummer alignment exceptions
- 1117842756 2005.06.03 R23-M0-N6-C:J14-U11 2005-06-03-16.52.36.964893 R23-M0-N6-C:J14-U11 RAS KERNEL INFO 1515 double-hummer alignment exceptions
- 1117842756 2005.06.03 R23-M0-N6-C:J10-U11 2005-06-03-16.52.36.984280 R23-M0-N6-C:J10-U11 RAS KERNEL INFO 1616 double-hummer alignment exceptions
- 1117842757 2005.06.03 R23-M0-N6-C:J06-U11 2005-06-03-16.52.37.003914 R23-M0-N6-C:J06-U11 RAS KERNEL INFO 1655 double-hummer alignment exceptions
- 1117842757 2005.06.03 R23-M0-N6-C:J12-U11 2005-06-03-16.52.37.037126 R23-M0-N6-C:J12-U11 RAS KERNEL INFO 1634 double-hummer alignment exceptions
- 1117842757 2005.06.03 R23-M0-N6-C:J14-U01 2005-06-03-16.52.37.058095 R23-M0-N6-C:J14-U01 RAS KERNEL INFO 1638 double-hummer alignment exceptions
- 1117842757 2005.06.03 R23-M0-N6-C:J16-U01 2005-06-03-16.52.37.082723 R23-M0-N6-C:J16-U01 RAS KERNEL INFO 1515 double-hummer alignment exceptions
- 1117842757 2005.06.03 R23-M0-N6-C:J10-U01 2005-06-03-16.52.37.104540 R23-M0-N6-C:J10-U01 RAS KERNEL INFO 1595 double-hummer alignment exceptions
- 1117842757 2005.06.03 R23-M0-N6-C:J12-U01 2005-06-03-16.52.37.126362 R23-M0-N6-C:J12-U01 RAS KERNEL INFO 1636 double-hummer alignment exceptions
- 1117842757 2005.06.03 R23-M0-N6-C:J08-U01 2005-06-03-16.52.37.147240 R23-M0-N6-C:J08-U01 RAS KERNEL INFO 1577 double-hummer alignment exceptions
- 1117842757 2005.06.03 R23-M0-N6-C:J04-U01 2005-06-03-16.52.37.244684 R23-M0-N6-C:J04-U01 RAS KERNEL INFO 1437 double-hummer alignment exceptions
- 1117842757 2005.06.03 R23-M0-N6-C:J06-U01 2005-06-03-16.52.37.266798 R23-M0-N6-C:J06-U01 RAS KERNEL INFO 1494 double-hummer alignment exceptions
- 1117842757 2005.06.03 R23-M0-N6-C:J04-U11 2005-06-03-16.52.37.525370 R23-M0-N6-C:J04-U11 RAS KERNEL INFO 1536 double-hummer alignment exceptions
- 1117842757 2005.06.03 R23-M0-N6-C:J02-U01 2005-06-03-16.52.37.641823 R23-M0-N6-C:J02-U01 RAS KERNEL INFO 1494 double-hummer alignment exceptions
- 1117842757 2005.06.03 R23-M0-N6-C:J02-U11 2005-06-03-16.52.37.789043 R23-M0-N6-C:J02-U11 RAS KERNEL INFO 1595 double-hummer alignment exceptions
- 1117842758 2005.06.03 R23-M0-N3-C:J09-U11 2005-06-03-16.52.38.153993 R23-M0-N3-C:J09-U11 RAS KERNEL INFO 1475 double-hummer alignment exceptions
- 1117842758 2005.06.03 R23-M0-N3-C:J15-U11 2005-06-03-16.52.38.445482 R23-M0-N3-C:J15-U11 RAS KERNEL INFO 1495 double-hummer alignment exceptions
- 1117842758 2005.06.03 R23-M0-N3-C:J11-U11 2005-06-03-16.52.38.574985 R23-M0-N3-C:J11-U11 RAS KERNEL INFO 1556 double-hummer alignment exceptions
- 1117842758 2005.06.03 R23-M0-N3-C:J13-U11 2005-06-03-16.52.38.671598 R23-M0-N3-C:J13-U11 RAS KERNEL INFO 1577 double-hummer alignment exceptions
- 1117842759 2005.06.03 R23-M0-N3-C:J17-U11 2005-06-03-16.52.39.071189 R23-M0-N3-C:J17-U11 RAS KERNEL INFO 1374 double-hummer alignment exceptions
- 1117842759 2005.06.03 R23-M0-N3-C:J05-U01 2005-06-03-16.52.39.165604 R23-M0-N3-C:J05-U01 RAS KERNEL INFO 1414 double-hummer alignment exceptions
- 1117842759 2005.06.03 R23-M0-N3-C:J03-U01 2005-06-03-16.52.39.219853 R23-M0-N3-C:J03-U01 RAS KERNEL INFO 1494 double-hummer alignment exceptions
- 1117842759 2005.06.03 R23-M0-N3-C:J05-U11 2005-06-03-16.52.39.730606 R23-M0-N3-C:J05-U11 RAS KERNEL INFO 1496 double-hummer alignment exceptions
- 1117842760 2005.06.03 R23-M0-N3-C:J03-U11 2005-06-03-16.52.40.095047 R23-M0-N3-C:J03-U11 RAS KERNEL INFO 1454 double-hummer alignment exceptions
- 1117842760 2005.06.03 R23-M0-N3-C:J07-U11 2005-06-03-16.52.40.193740 R23-M0-N3-C:J07-U11 RAS KERNEL INFO 1555 double-hummer alignment exceptions
- 1117842760 2005.06.03 R23-M0-N3-C:J15-U01 2005-06-03-16.52.40.687176 R23-M0-N3-C:J15-U01 RAS KERNEL INFO 1614 double-hummer alignment exceptions
- 1117842760 2005.06.03 R23-M0-N3-C:J17-U01 2005-06-03-16.52.40.936639 R23-M0-N3-C:J17-U01 RAS KERNEL INFO 1556 double-hummer alignment exceptions
- 1117842761 2005.06.03 R23-M0-N3-C:J11-U01 2005-06-03-16.52.41.118391 R23-M0-N3-C:J11-U01 RAS KERNEL INFO 1535 double-hummer alignment exceptions
- 1117842761 2005.06.03 R23-M0-N3-C:J07-U01 2005-06-03-16.52.41.222552 R23-M0-N3-C:J07-U01 RAS KERNEL INFO 1694 double-hummer alignment exceptions
- 1117842761 2005.06.03 R23-M0-N3-C:J13-U01 2005-06-03-16.52.41.708737 R23-M0-N3-C:J13-U01 RAS KERNEL INFO 1495 double-hummer alignment exceptions
- 1117842761 2005.06.03 R23-M0-N3-C:J09-U01 2005-06-03-16.52.41.732330 R23-M0-N3-C:J09-U01 RAS KERNEL INFO 1717 double-hummer alignment exceptions
- 1117842762 2005.06.03 R23-M0-N3-C:J16-U11 2005-06-03-16.52.42.249719 R23-M0-N3-C:J16-U11 RAS KERNEL INFO 1635 double-hummer alignment exceptions
- 1117842762 2005.06.03 R23-M0-N3-C:J08-U11 2005-06-03-16.52.42.608294 R23-M0-N3-C:J08-U11 RAS KERNEL INFO 1635 double-hummer alignment exceptions
- 1117842762 2005.06.03 R23-M0-N3-C:J14-U11 2005-06-03-16.52.42.719841 R23-M0-N3-C:J14-U11 RAS KERNEL INFO 1676 double-hummer alignment exceptions
- 1117842763 2005.06.03 R23-M0-N3-C:J10-U11 2005-06-03-16.52.43.245088 R23-M0-N3-C:J10-U11 RAS KERNEL INFO 1716 double-hummer alignment exceptions
- 1117842763 2005.06.03 R23-M0-N3-C:J06-U11 2005-06-03-16.52.43.268954 R23-M0-N3-C:J06-U11 RAS KERNEL INFO 1756 double-hummer alignment exceptions
- 1117842763 2005.06.03 R23-M0-N3-C:J12-U11 2005-06-03-16.52.43.787261 R23-M0-N3-C:J12-U11 RAS KERNEL INFO 1555 double-hummer alignment exceptions
- 1117842764 2005.06.03 R23-M0-N3-C:J14-U01 2005-06-03-16.52.44.140534 R23-M0-N3-C:J14-U01 RAS KERNEL INFO 1676 double-hummer alignment exceptions
- 1117842764 2005.06.03 R23-M0-N3-C:J16-U01 2005-06-03-16.52.44.259615 R23-M0-N3-C:J16-U01 RAS KERNEL INFO 1535 double-hummer alignment exceptions
- 1117842764 2005.06.03 R23-M0-N3-C:J10-U01 2005-06-03-16.52.44.755574 R23-M0-N3-C:J10-U01 RAS KERNEL INFO 1596 double-hummer alignment exceptions
- 1117842764 2005.06.03 R23-M0-N3-C:J12-U01 2005-06-03-16.52.44.842893 R23-M0-N3-C:J12-U01 RAS KERNEL INFO 1516 double-hummer alignment exceptions
- 1117842765 2005.06.03 R23-M0-N3-C:J08-U01 2005-06-03-16.52.45.307280 R23-M0-N3-C:J08-U01 RAS KERNEL INFO 1616 double-hummer alignment exceptions
- 1117842765 2005.06.03 R23-M0-N3-C:J04-U01 2005-06-03-16.52.45.798231 R23-M0-N3-C:J04-U01 RAS KERNEL INFO 1515 double-hummer alignment exceptions
- 1117842765 2005.06.03 R23-M0-N3-C:J06-U01 2005-06-03-16.52.45.838499 R23-M0-N3-C:J06-U01 RAS KERNEL INFO 1676 double-hummer alignment exceptions
- 1117842766 2005.06.03 R23-M0-N3-C:J04-U11 2005-06-03-16.52.46.230352 R23-M0-N3-C:J04-U11 RAS KERNEL INFO 1495 double-hummer alignment exceptions
- 1117842766 2005.06.03 R23-M0-N3-C:J02-U01 2005-06-03-16.52.46.313100 R23-M0-N3-C:J02-U01 RAS KERNEL INFO 1495 double-hummer alignment exceptions
- 1117842766 2005.06.03 R23-M0-N3-C:J02-U11 2005-06-03-16.52.46.808927 R23-M0-N3-C:J02-U11 RAS KERNEL INFO 1574 double-hummer alignment exceptions
- 1117842767 2005.06.03 R23-M0-N7-C:J09-U11 2005-06-03-16.52.47.238408 R23-M0-N7-C:J09-U11 RAS KERNEL INFO 1536 double-hummer alignment exceptions
- 1117842767 2005.06.03 R23-M0-N7-C:J15-U11 2005-06-03-16.52.47.286693 R23-M0-N7-C:J15-U11 RAS KERNEL INFO 1435 double-hummer alignment exceptions
- 1117842767 2005.06.03 R23-M0-N7-C:J11-U11 2005-06-03-16.52.47.511031 R23-M0-N7-C:J11-U11 RAS KERNEL INFO 1515 double-hummer alignment exceptions
- 1117842767 2005.06.03 R23-M0-N7-C:J13-U11 2005-06-03-16.52.47.757264 R23-M0-N7-C:J13-U11 RAS KERNEL INFO 1516 double-hummer alignment exceptions
- 1117842767 2005.06.03 R23-M0-N7-C:J17-U11 2005-06-03-16.52.47.983016 R23-M0-N7-C:J17-U11 RAS KERNEL INFO 1454 double-hummer alignment exceptions
- 1117842768 2005.06.03 R23-M0-N7-C:J05-U01 2005-06-03-16.52.48.237439 R23-M0-N7-C:J05-U01 RAS KERNEL INFO 1476 double-hummer alignment exceptions
- 1117842768 2005.06.03 R23-M0-N7-C:J03-U01 2005-06-03-16.52.48.357376 R23-M0-N7-C:J03-U01 RAS KERNEL INFO 1434 double-hummer alignment exceptions
- 1117842768 2005.06.03 R23-M0-N7-C:J05-U11 2005-06-03-16.52.48.795026 R23-M0-N7-C:J05-U11 RAS KERNEL INFO 1436 double-hummer alignment exceptions
- 1117842768 2005.06.03 R23-M0-N7-C:J03-U11 2005-06-03-16.52.48.930297 R23-M0-N7-C:J03-U11 RAS KERNEL INFO 1455 double-hummer alignment exceptions
- 1117842769 2005.06.03 R23-M0-N7-C:J07-U11 2005-06-03-16.52.49.253600 R23-M0-N7-C:J07-U11 RAS KERNEL INFO 1576 double-hummer alignment exceptions
- 1117842769 2005.06.03 R23-M0-N7-C:J15-U01 2005-06-03-16.52.49.366318 R23-M0-N7-C:J15-U01 RAS KERNEL INFO 1556 double-hummer alignment exceptions
- 1117842769 2005.06.03 R23-M0-N7-C:J17-U01 2005-06-03-16.52.49.464046 R23-M0-N7-C:J17-U01 RAS KERNEL INFO 1595 double-hummer alignment exceptions
- 1117842769 2005.06.03 R23-M0-N7-C:J11-U01 2005-06-03-16.52.49.998580 R23-M0-N7-C:J11-U01 RAS KERNEL INFO 1536 double-hummer alignment exceptions
- 1117842770 2005.06.03 R23-M0-N7-C:J07-U01 2005-06-03-16.52.50.298408 R23-M0-N7-C:J07-U01 RAS KERNEL INFO 1676 double-hummer alignment exceptions
- 1117842770 2005.06.03 R23-M0-N7-C:J13-U01 2005-06-03-16.52.50.647231 R23-M0-N7-C:J13-U01 RAS KERNEL INFO 1514 double-hummer alignment exceptions
- 1117842770 2005.06.03 R23-M0-N7-C:J09-U01 2005-06-03-16.52.50.797965 R23-M0-N7-C:J09-U01 RAS KERNEL INFO 1634 double-hummer alignment exceptions
- 1117842770 2005.06.03 R23-M0-N7-C:J16-U11 2005-06-03-16.52.50.888155 R23-M0-N7-C:J16-U11 RAS KERNEL INFO 1515 double-hummer alignment exceptions
- 1117842771 2005.06.03 R23-M0-N7-C:J08-U11 2005-06-03-16.52.51.409868 R23-M0-N7-C:J08-U11 RAS KERNEL INFO 1656 double-hummer alignment exceptions
- 1117842771 2005.06.03 R23-M0-N7-C:J14-U11 2005-06-03-16.52.51.729127 R23-M0-N7-C:J14-U11 RAS KERNEL INFO 1615 double-hummer alignment exceptions
- 1117842771 2005.06.03 R23-M0-N7-C:J10-U11 2005-06-03-16.52.51.971387 R23-M0-N7-C:J10-U11 RAS KERNEL INFO 1636 double-hummer alignment exceptions
- 1117842772 2005.06.03 R23-M0-N7-C:J06-U11 2005-06-03-16.52.52.320437 R23-M0-N7-C:J06-U11 RAS KERNEL INFO 1675 double-hummer alignment exceptions
- 1117842772 2005.06.03 R23-M0-N7-C:J12-U11 2005-06-03-16.52.52.438574 R23-M0-N7-C:J12-U11 RAS KERNEL INFO 1576 double-hummer alignment exceptions
- 1117842772 2005.06.03 R23-M0-N7-C:J14-U01 2005-06-03-16.52.52.982728 R23-M0-N7-C:J14-U01 RAS KERNEL INFO 1535 double-hummer alignment exceptions
- 1117842773 2005.06.03 R23-M0-N7-C:J16-U01 2005-06-03-16.52.53.345486 R23-M0-N7-C:J16-U01 RAS KERNEL INFO 1494 double-hummer alignment exceptions
- 1117842773 2005.06.03 R23-M0-N7-C:J10-U01 2005-06-03-16.52.53.455231 R23-M0-N7-C:J10-U01 RAS KERNEL INFO 1515 double-hummer alignment exceptions
- 1117842773 2005.06.03 R23-M0-N7-C:J12-U01 2005-06-03-16.52.53.993553 R23-M0-N7-C:J12-U01 RAS KERNEL INFO 1515 double-hummer alignment exceptions
- 1117842774 2005.06.03 R23-M0-N7-C:J08-U01 2005-06-03-16.52.54.355573 R23-M0-N7-C:J08-U01 RAS KERNEL INFO 1654 double-hummer alignment exceptions
- 1117842774 2005.06.03 R23-M0-N7-C:J04-U01 2005-06-03-16.52.54.473579 R23-M0-N7-C:J04-U01 RAS KERNEL INFO 1396 double-hummer alignment exceptions
- 1117842775 2005.06.03 R23-M0-N7-C:J06-U01 2005-06-03-16.52.55.000391 R23-M0-N7-C:J06-U01 RAS KERNEL INFO 1595 double-hummer alignment exceptions
- 1117842775 2005.06.03 R23-M0-N7-C:J04-U11 2005-06-03-16.52.55.360698 R23-M0-N7-C:J04-U11 RAS KERNEL INFO 1594 double-hummer alignment exceptions
- 1117842775 2005.06.03 R23-M0-N7-C:J02-U01 2005-06-03-16.52.55.484179 R23-M0-N7-C:J02-U01 RAS KERNEL INFO 1415 double-hummer alignment exceptions
- 1117842775 2005.06.03 R23-M0-N7-C:J02-U11 2005-06-03-16.52.55.508709 R23-M0-N7-C:J02-U11 RAS KERNEL INFO 1495 double-hummer alignment exceptions
- 1117842776 2005.06.03 R23-M0-ND-C:J09-U11 2005-06-03-16.52.56.039061 R23-M0-ND-C:J09-U11 RAS KERNEL INFO 1615 double-hummer alignment exceptions
- 1117842776 2005.06.03 R23-M0-ND-C:J15-U11 2005-06-03-16.52.56.396318 R23-M0-ND-C:J15-U11 RAS KERNEL INFO 1415 double-hummer alignment exceptions
- 1117842776 2005.06.03 R23-M0-ND-C:J11-U11 2005-06-03-16.52.56.510737 R23-M0-ND-C:J11-U11 RAS KERNEL INFO 1335 double-hummer alignment exceptions
- 1117842776 2005.06.03 R23-M0-ND-C:J13-U11 2005-06-03-16.52.56.643425 R23-M0-ND-C:J13-U11 RAS KERNEL INFO 1434 double-hummer alignment exceptions
- 1117842777 2005.06.03 R23-M0-ND-C:J17-U11 2005-06-03-16.52.57.040315 R23-M0-ND-C:J17-U11 RAS KERNEL INFO 1656 double-hummer alignment exceptions
- 1117842777 2005.06.03 R23-M0-ND-C:J05-U01 2005-06-03-16.52.57.404642 R23-M0-ND-C:J05-U01 RAS KERNEL INFO 1655 double-hummer alignment exceptions
- 1117842777 2005.06.03 R23-M0-ND-C:J03-U01 2005-06-03-16.52.57.515233 R23-M0-ND-C:J03-U01 RAS KERNEL INFO 1455 double-hummer alignment exceptions
- 1117842777 2005.06.03 R23-M0-ND-C:J05-U11 2005-06-03-16.52.57.996569 R23-M0-ND-C:J05-U11 RAS KERNEL INFO 1455 double-hummer alignment exceptions
- 1117842778 2005.06.03 R23-M0-ND-C:J03-U11 2005-06-03-16.52.58.031228 R23-M0-ND-C:J03-U11 RAS KERNEL INFO 1455 double-hummer alignment exceptions
- 1117842778 2005.06.03 R23-M0-ND-C:J07-U11 2005-06-03-16.52.58.054656 R23-M0-ND-C:J07-U11 RAS KERNEL INFO 1436 double-hummer alignment exceptions
- 1117842778 2005.06.03 R23-M0-ND-C:J15-U01 2005-06-03-16.52.58.562896 R23-M0-ND-C:J15-U01 RAS KERNEL INFO 1515 double-hummer alignment exceptions
- 1117842778 2005.06.03 R23-M0-ND-C:J17-U01 2005-06-03-16.52.58.898244 R23-M0-ND-C:J17-U01 RAS KERNEL INFO 1615 double-hummer alignment exceptions
- 1117842779 2005.06.03 R23-M0-ND-C:J11-U01 2005-06-03-16.52.59.026837 R23-M0-ND-C:J11-U01 RAS KERNEL INFO 1535 double-hummer alignment exceptions
- 1117842779 2005.06.03 R23-M0-ND-C:J07-U01 2005-06-03-16.52.59.547878 R23-M0-ND-C:J07-U01 RAS KERNEL INFO 1594 double-hummer alignment exceptions
- 1117842779 2005.06.03 R23-M0-ND-C:J13-U01 2005-06-03-16.52.59.570290 R23-M0-ND-C:J13-U01 RAS KERNEL INFO 1635 double-hummer alignment exceptions
- 1117842780 2005.06.03 R23-M0-ND-C:J09-U01 2005-06-03-16.53.00.083713 R23-M0-ND-C:J09-U01 RAS KERNEL INFO 1716 double-hummer alignment exceptions
- 1117842780 2005.06.03 R23-M0-ND-C:J16-U11 2005-06-03-16.53.00.393492 R23-M0-ND-C:J16-U11 RAS KERNEL INFO 1475 double-hummer alignment exceptions
- 1117842780 2005.06.03 R23-M0-ND-C:J08-U11 2005-06-03-16.53.00.468102 R23-M0-ND-C:J08-U11 RAS KERNEL INFO 1735 double-hummer alignment exceptions
- 1117842780 2005.06.03 R23-M0-ND-C:J14-U11 2005-06-03-16.53.00.586044 R23-M0-ND-C:J14-U11 RAS KERNEL INFO 1493 double-hummer alignment exceptions
- 1117842780 2005.06.03 R23-M0-ND-C:J10-U11 2005-06-03-16.53.00.608357 R23-M0-ND-C:J10-U11 RAS KERNEL INFO 1476 double-hummer alignment exceptions
- 1117842780 2005.06.03 R23-M0-ND-C:J06-U11 2005-06-03-16.53.00.982391 R23-M0-ND-C:J06-U11 RAS KERNEL INFO 1617 double-hummer alignment exceptions
- 1117842781 2005.06.03 R23-M0-ND-C:J12-U11 2005-06-03-16.53.01.105977 R23-M0-ND-C:J12-U11 RAS KERNEL INFO 1594 double-hummer alignment exceptions
- 1117842781 2005.06.03 R23-M0-ND-C:J14-U01 2005-06-03-16.53.01.482204 R23-M0-ND-C:J14-U01 RAS KERNEL INFO 1416 double-hummer alignment exceptions
- 1117842781 2005.06.03 R23-M0-ND-C:J16-U01 2005-06-03-16.53.01.605387 R23-M0-ND-C:J16-U01 RAS KERNEL INFO 1615 double-hummer alignment exceptions
- 1117842781 2005.06.03 R23-M0-ND-C:J10-U01 2005-06-03-16.53.01.631273 R23-M0-ND-C:J10-U01 RAS KERNEL INFO 1416 double-hummer alignment exceptions
- 1117842782 2005.06.03 R23-M0-ND-C:J12-U01 2005-06-03-16.53.02.128364 R23-M0-ND-C:J12-U01 RAS KERNEL INFO 1596 double-hummer alignment exceptions
- 1117842782 2005.06.03 R23-M0-ND-C:J08-U01 2005-06-03-16.53.02.498449 R23-M0-ND-C:J08-U01 RAS KERNEL INFO 1776 double-hummer alignment exceptions
- 1117842782 2005.06.03 R23-M0-ND-C:J04-U01 2005-06-03-16.53.02.620939 R23-M0-ND-C:J04-U01 RAS KERNEL INFO 1474 double-hummer alignment exceptions
- 1117842782 2005.06.03 R23-M0-ND-C:J06-U01 2005-06-03-16.53.02.646762 R23-M0-ND-C:J06-U01 RAS KERNEL INFO 1533 double-hummer alignment exceptions
- 1117842783 2005.06.03 R23-M0-ND-C:J04-U11 2005-06-03-16.53.03.165835 R23-M0-ND-C:J04-U11 RAS KERNEL INFO 1535 double-hummer alignment exceptions
- 1117842783 2005.06.03 R23-M0-ND-C:J02-U01 2005-06-03-16.53.03.521025 R23-M0-ND-C:J02-U01 RAS KERNEL INFO 1474 double-hummer alignment exceptions
- 1117842783 2005.06.03 R23-M0-ND-C:J02-U11 2005-06-03-16.53.03.644356 R23-M0-ND-C:J02-U11 RAS KERNEL INFO 1353 double-hummer alignment exceptions
- 1117842783 2005.06.03 R23-M0-N5-C:J09-U11 2005-06-03-16.53.03.666229 R23-M0-N5-C:J09-U11 RAS KERNEL INFO 1495 double-hummer alignment exceptions
- 1117842784 2005.06.03 R23-M0-N5-C:J15-U11 2005-06-03-16.53.04.058233 R23-M0-N5-C:J15-U11 RAS KERNEL INFO 1293 double-hummer alignment exceptions
- 1117842784 2005.06.03 R23-M0-N5-C:J11-U11 2005-06-03-16.53.04.169357 R23-M0-N5-C:J11-U11 RAS KERNEL INFO 1497 double-hummer alignment exceptions
- 1117842784 2005.06.03 R23-M0-N5-C:J13-U11 2005-06-03-16.53.04.536369 R23-M0-N5-C:J13-U11 RAS KERNEL INFO 1534 double-hummer alignment exceptions
- 1117842784 2005.06.03 R23-M0-N5-C:J17-U11 2005-06-03-16.53.04.662934 R23-M0-N5-C:J17-U11 RAS KERNEL INFO 1595 double-hummer alignment exceptions
- 1117842784 2005.06.03 R23-M0-N5-C:J05-U01 2005-06-03-16.53.04.761590 R23-M0-N5-C:J05-U01 RAS KERNEL INFO 1494 double-hummer alignment exceptions
- 1117842785 2005.06.03 R23-M0-N5-C:J03-U01 2005-06-03-16.53.05.211256 R23-M0-N5-C:J03-U01 RAS KERNEL INFO 1557 double-hummer alignment exceptions
- 1117842785 2005.06.03 R23-M0-N5-C:J05-U11 2005-06-03-16.53.05.591913 R23-M0-N5-C:J05-U11 RAS KERNEL INFO 1374 double-hummer alignment exceptions
- 1117842785 2005.06.03 R23-M0-N5-C:J03-U11 2005-06-03-16.53.05.698517 R23-M0-N5-C:J03-U11 RAS KERNEL INFO 1416 double-hummer alignment exceptions
- 1117842786 2005.06.03 R23-M0-N5-C:J07-U11 2005-06-03-16.53.06.045682 R23-M0-N5-C:J07-U11 RAS KERNEL INFO 1515 double-hummer alignment exceptions
- 1117842786 2005.06.03 R23-M0-N5-C:J15-U01 2005-06-03-16.53.06.177204 R23-M0-N5-C:J15-U01 RAS KERNEL INFO 1476 double-hummer alignment exceptions
- 1117842786 2005.06.03 R23-M0-N5-C:J17-U01 2005-06-03-16.53.06.199442 R23-M0-N5-C:J17-U01 RAS KERNEL INFO 1535 double-hummer alignment exceptions
- 1117842786 2005.06.03 R23-M0-N5-C:J11-U01 2005-06-03-16.53.06.704053 R23-M0-N5-C:J11-U01 RAS KERNEL INFO 1476 double-hummer alignment exceptions
- 1117842787 2005.06.03 R23-M0-N5-C:J07-U01 2005-06-03-16.53.07.039181 R23-M0-N5-C:J07-U01 RAS KERNEL INFO 1535 double-hummer alignment exceptions
- 1117842787 2005.06.03 R23-M0-N5-C:J13-U01 2005-06-03-16.53.07.149570 R23-M0-N5-C:J13-U01 RAS KERNEL INFO 1575 double-hummer alignment exceptions
- 1117842787 2005.06.03 R23-M0-N5-C:J09-U01 2005-06-03-16.53.07.272865 R23-M0-N5-C:J09-U01 RAS KERNEL INFO 1695 double-hummer alignment exceptions
- 1117842787 2005.06.03 R23-M0-N5-C:J16-U11 2005-06-03-16.53.07.609020 R23-M0-N5-C:J16-U11 RAS KERNEL INFO 1735 double-hummer alignment exceptions
- 1117842787 2005.06.03 R23-M0-N5-C:J08-U11 2005-06-03-16.53.07.724256 R23-M0-N5-C:J08-U11 RAS KERNEL INFO 1756 double-hummer alignment exceptions
- 1117842787 2005.06.03 R23-M0-N5-C:J14-U11 2005-06-03-16.53.07.744956 R23-M0-N5-C:J14-U11 RAS KERNEL INFO 1655 double-hummer alignment exceptions
- 1117842788 2005.06.03 R23-M0-N5-C:J10-U11 2005-06-03-16.53.08.268547 R23-M0-N5-C:J10-U11 RAS KERNEL INFO 1576 double-hummer alignment exceptions
- 1117842788 2005.06.03 R23-M0-N5-C:J06-U11 2005-06-03-16.53.08.638453 R23-M0-N5-C:J06-U11 RAS KERNEL INFO 1555 double-hummer alignment exceptions
- 1117842788 2005.06.03 R23-M0-N5-C:J12-U11 2005-06-03-16.53.08.758771 R23-M0-N5-C:J12-U11 RAS KERNEL INFO 1735 double-hummer alignment exceptions
- 1117842789 2005.06.03 R23-M0-N5-C:J14-U01 2005-06-03-16.53.09.121427 R23-M0-N5-C:J14-U01 RAS KERNEL INFO 1495 double-hummer alignment exceptions
- 1117842789 2005.06.03 R23-M0-N5-C:J16-U01 2005-06-03-16.53.09.259138 R23-M0-N5-C:J16-U01 RAS KERNEL INFO 1517 double-hummer alignment exceptions
- 1117842789 2005.06.03 R23-M0-N5-C:J10-U01 2005-06-03-16.53.09.332805 R23-M0-N5-C:J10-U01 RAS KERNEL INFO 1516 double-hummer alignment exceptions
- 1117842789 2005.06.03 R23-M0-N5-C:J12-U01 2005-06-03-16.53.09.788822 R23-M0-N5-C:J12-U01 RAS KERNEL INFO 1595 double-hummer alignment exceptions
- 1117842790 2005.06.03 R23-M0-N5-C:J08-U01 2005-06-03-16.53.10.052232 R23-M0-N5-C:J08-U01 RAS KERNEL INFO 1676 double-hummer alignment exceptions
- 1117842790 2005.06.03 R23-M0-N5-C:J04-U01 2005-06-03-16.53.10.162797 R23-M0-N5-C:J04-U01 RAS KERNEL INFO 1675 double-hummer alignment exceptions
- 1117842790 2005.06.03 R23-M0-N5-C:J06-U01 2005-06-03-16.53.10.276408 R23-M0-N5-C:J06-U01 RAS KERNEL INFO 1594 double-hummer alignment exceptions
- 1117842790 2005.06.03 R23-M0-N5-C:J04-U11 2005-06-03-16.53.10.300868 R23-M0-N5-C:J04-U11 RAS KERNEL INFO 1615 double-hummer alignment exceptions
- 1117842790 2005.06.03 R23-M0-N5-C:J02-U01 2005-06-03-16.53.10.824051 R23-M0-N5-C:J02-U01 RAS KERNEL INFO 1316 double-hummer alignment exceptions
- 1117842791 2005.06.03 R23-M0-N5-C:J02-U11 2005-06-03-16.53.11.186601 R23-M0-N5-C:J02-U11 RAS KERNEL INFO 1454 double-hummer alignment exceptions
- 1117842791 2005.06.03 R23-M0-NF-C:J09-U11 2005-06-03-16.53.11.312888 R23-M0-NF-C:J09-U11 RAS KERNEL INFO 1535 double-hummer alignment exceptions
- 1117842791 2005.06.03 R23-M0-NF-C:J15-U11 2005-06-03-16.53.11.717030 R23-M0-NF-C:J15-U11 RAS KERNEL INFO 1454 double-hummer alignment exceptions
- 1117842791 2005.06.03 R23-M0-NF-C:J11-U11 2005-06-03-16.53.11.801043 R23-M0-NF-C:J11-U11 RAS KERNEL INFO 1496 double-hummer alignment exceptions
- 1117842791 2005.06.03 R23-M0-NF-C:J13-U11 2005-06-03-16.53.11.892226 R23-M0-NF-C:J13-U11 RAS KERNEL INFO 1393 double-hummer alignment exceptions
- 1117842792 2005.06.03 R23-M0-NF-C:J17-U11 2005-06-03-16.53.12.328393 R23-M0-NF-C:J17-U11 RAS KERNEL INFO 1375 double-hummer alignment exceptions
- 1117842792 2005.06.03 R23-M0-NF-C:J05-U01 2005-06-03-16.53.12.750688 R23-M0-NF-C:J05-U01 RAS KERNEL INFO 1554 double-hummer alignment exceptions
- 1117842792 2005.06.03 R23-M0-NF-C:J03-U01 2005-06-03-16.53.12.830265 R23-M0-NF-C:J03-U01 RAS KERNEL INFO 1514 double-hummer alignment exceptions
- 1117842793 2005.06.03 R23-M0-NF-C:J05-U11 2005-06-03-16.53.13.234227 R23-M0-NF-C:J05-U11 RAS KERNEL INFO 1415 double-hummer alignment exceptions
- 1117842793 2005.06.03 R23-M0-NF-C:J03-U11 2005-06-03-16.53.13.393863 R23-M0-NF-C:J03-U11 RAS KERNEL INFO 1456 double-hummer alignment exceptions
- 1117842793 2005.06.03 R23-M0-NF-C:J07-U11 2005-06-03-16.53.13.748800 R23-M0-NF-C:J07-U11 RAS KERNEL INFO 1576 double-hummer alignment exceptions
- 1117842793 2005.06.03 R23-M0-NF-C:J15-U01 2005-06-03-16.53.13.869470 R23-M0-NF-C:J15-U01 RAS KERNEL INFO 1494 double-hummer alignment exceptions
- 1117842794 2005.06.03 R23-M0-NF-C:J17-U01 2005-06-03-16.53.14.232169 R23-M0-NF-C:J17-U01 RAS KERNEL INFO 1616 double-hummer alignment exceptions
- 1117842794 2005.06.03 R23-M0-NF-C:J11-U01 2005-06-03-16.53.14.347702 R23-M0-NF-C:J11-U01 RAS KERNEL INFO 1536 double-hummer alignment exceptions
- 1117842794 2005.06.03 R23-M0-NF-C:J07-U01 2005-06-03-16.53.14.835721 R23-M0-NF-C:J07-U01 RAS KERNEL INFO 1677 double-hummer alignment exceptions
- 1117842794 2005.06.03 R23-M0-NF-C:J13-U01 2005-06-03-16.53.14.913649 R23-M0-NF-C:J13-U01 RAS KERNEL INFO 1534 double-hummer alignment exceptions
- 1117842795 2005.06.03 R23-M0-NF-C:J09-U01 2005-06-03-16.53.15.377992 R23-M0-NF-C:J09-U01 RAS KERNEL INFO 1716 double-hummer alignment exceptions
- 1117842795 2005.06.03 R23-M0-NF-C:J16-U11 2005-06-03-16.53.15.400640 R23-M0-NF-C:J16-U11 RAS KERNEL INFO 1596 double-hummer alignment exceptions
- 1117842795 2005.06.03 R23-M0-NF-C:J08-U11 2005-06-03-16.53.15.916395 R23-M0-NF-C:J08-U11 RAS KERNEL INFO 1576 double-hummer alignment exceptions
- 1117842796 2005.06.03 R23-M0-NF-C:J14-U11 2005-06-03-16.53.16.280540 R23-M0-NF-C:J14-U11 RAS KERNEL INFO 1555 double-hummer alignment exceptions
- 1117842796 2005.06.03 R23-M0-NF-C:J10-U11 2005-06-03-16.53.16.400077 R23-M0-NF-C:J10-U11 RAS KERNEL INFO 1575 double-hummer alignment exceptions
- 1117842796 2005.06.03 R23-M0-NF-C:J06-U11 2005-06-03-16.53.16.820713 R23-M0-NF-C:J06-U11 RAS KERNEL INFO 1516 double-hummer alignment exceptions
- 1117842796 2005.06.03 R23-M0-NF-C:J12-U11 2005-06-03-16.53.16.929483 R23-M0-NF-C:J12-U11 RAS KERNEL INFO 1516 double-hummer alignment exceptions
- 1117842797 2005.06.03 R23-M0-NF-C:J14-U01 2005-06-03-16.53.17.301259 R23-M0-NF-C:J14-U01 RAS KERNEL INFO 1678 double-hummer alignment exceptions
- 1117842797 2005.06.03 R23-M0-NF-C:J16-U01 2005-06-03-16.53.17.423943 R23-M0-NF-C:J16-U01 RAS KERNEL INFO 1495 double-hummer alignment exceptions
- 1117842797 2005.06.03 R23-M0-NF-C:J10-U01 2005-06-03-16.53.17.819067 R23-M0-NF-C:J10-U01 RAS KERNEL INFO 1556 double-hummer alignment exceptions
- 1117842797 2005.06.03 R23-M0-NF-C:J12-U01 2005-06-03-16.53.17.931441 R23-M0-NF-C:J12-U01 RAS KERNEL INFO 1576 double-hummer alignment exceptions
- 1117842798 2005.06.03 R23-M0-NF-C:J08-U01 2005-06-03-16.53.18.485795 R23-M0-NF-C:J08-U01 RAS KERNEL INFO 1576 double-hummer alignment exceptions
- 1117842798 2005.06.03 R23-M0-NF-C:J04-U01 2005-06-03-16.53.18.841699 R23-M0-NF-C:J04-U01 RAS KERNEL INFO 1515 double-hummer alignment exceptions
- 1117842798 2005.06.03 R23-M0-NF-C:J06-U01 2005-06-03-16.53.18.954189 R23-M0-NF-C:J06-U01 RAS KERNEL INFO 1513 double-hummer alignment exceptions
- 1117842799 2005.06.03 R23-M0-NF-C:J04-U11 2005-06-03-16.53.19.393798 R23-M0-NF-C:J04-U11 RAS KERNEL INFO 1436 double-hummer alignment exceptions
- 1117842799 2005.06.03 R23-M0-NF-C:J02-U01 2005-06-03-16.53.19.468954 R23-M0-NF-C:J02-U01 RAS KERNEL INFO 1496 double-hummer alignment exceptions
- 1117842799 2005.06.03 R23-M0-NF-C:J02-U11 2005-06-03-16.53.19.831316 R23-M0-NF-C:J02-U11 RAS KERNEL INFO 1555 double-hummer alignment exceptions
- 1117842799 2005.06.03 R23-M0-N2-C:J09-U11 2005-06-03-16.53.19.956827 R23-M0-N2-C:J09-U11 RAS KERNEL INFO 1496 double-hummer alignment exceptions
- 1117842799 2005.06.03 R23-M0-N2-C:J15-U11 2005-06-03-16.53.19.977706 R23-M0-N2-C:J15-U11 RAS KERNEL INFO 1516 double-hummer alignment exceptions
- 1117842800 2005.06.03 R23-M0-N2-C:J11-U11 2005-06-03-16.53.20.461998 R23-M0-N2-C:J11-U11 RAS KERNEL INFO 1515 double-hummer alignment exceptions
- 1117842800 2005.06.03 R23-M0-N2-C:J13-U11 2005-06-03-16.53.20.484021 R23-M0-N2-C:J13-U11 RAS KERNEL INFO 1534 double-hummer alignment exceptions
- 1117842800 2005.06.03 R23-M0-N2-C:J17-U11 2005-06-03-16.53.20.979027 R23-M0-N2-C:J17-U11 RAS KERNEL INFO 1396 double-hummer alignment exceptions
- 1117842801 2005.06.03 R23-M0-N2-C:J05-U01 2005-06-03-16.53.21.037969 R23-M0-N2-C:J05-U01 RAS KERNEL INFO 1596 double-hummer alignment exceptions
- 1117842801 2005.06.03 R23-M0-N2-C:J03-U01 2005-06-03-16.53.21.386667 R23-M0-N2-C:J03-U01 RAS KERNEL INFO 1596 double-hummer alignment exceptions
- 1117842801 2005.06.03 R23-M0-N2-C:J05-U11 2005-06-03-16.53.21.501053 R23-M0-N2-C:J05-U11 RAS KERNEL INFO 1496 double-hummer alignment exceptions
- 1117842801 2005.06.03 R23-M0-N2-C:J03-U11 2005-06-03-16.53.21.871064 R23-M0-N2-C:J03-U11 RAS KERNEL INFO 1576 double-hummer alignment exceptions
- 1117842802 2005.06.03 R23-M0-N2-C:J07-U11 2005-06-03-16.53.22.052019 R23-M0-N2-C:J07-U11 RAS KERNEL INFO 1537 double-hummer alignment exceptions
- 1117842802 2005.06.03 R23-M0-N2-C:J15-U01 2005-06-03-16.53.22.271134 R23-M0-N2-C:J15-U01 RAS KERNEL INFO 1535 double-hummer alignment exceptions
- 1117842802 2005.06.03 R23-M0-N2-C:J17-U01 2005-06-03-16.53.22.420717 R23-M0-N2-C:J17-U01 RAS KERNEL INFO 1576 double-hummer alignment exceptions
- 1117842802 2005.06.03 R23-M0-N2-C:J11-U01 2005-06-03-16.53.22.441926 R23-M0-N2-C:J11-U01 RAS KERNEL INFO 1694 double-hummer alignment exceptions
- 1117842802 2005.06.03 R23-M0-N2-C:J07-U01 2005-06-03-16.53.22.462999 R23-M0-N2-C:J07-U01 RAS KERNEL INFO 1596 double-hummer alignment exceptions
- 1117842802 2005.06.03 R23-M0-N2-C:J13-U01 2005-06-03-16.53.22.606087 R23-M0-N2-C:J13-U01 RAS KERNEL INFO 1615 double-hummer alignment exceptions
- 1117842802 2005.06.03 R23-M0-N2-C:J09-U01 2005-06-03-16.53.22.826782 R23-M0-N2-C:J09-U01 RAS KERNEL INFO 1476 double-hummer alignment exceptions
- 1117842802 2005.06.03 R23-M0-N2-C:J16-U11 2005-06-03-16.53.22.846818 R23-M0-N2-C:J16-U11 RAS KERNEL INFO 1635 double-hummer alignment exceptions
- 1117842802 2005.06.03 R23-M0-N2-C:J08-U11 2005-06-03-16.53.22.869026 R23-M0-N2-C:J08-U11 RAS KERNEL INFO 1555 double-hummer alignment exceptions
- 1117842802 2005.06.03 R23-M0-N2-C:J14-U11 2005-06-03-16.53.22.887799 R23-M0-N2-C:J14-U11 RAS KERNEL INFO 1635 double-hummer alignment exceptions
- 1117842802 2005.06.03 R23-M0-N2-C:J10-U11 2005-06-03-16.53.22.906683 R23-M0-N2-C:J10-U11 RAS KERNEL INFO 1695 double-hummer alignment exceptions
- 1117842802 2005.06.03 R23-M0-N2-C:J06-U11 2005-06-03-16.53.22.925278 R23-M0-N2-C:J06-U11 RAS KERNEL INFO 1734 double-hummer alignment exceptions
- 1117842802 2005.06.03 R23-M0-N2-C:J12-U11 2005-06-03-16.53.22.944421 R23-M0-N2-C:J12-U11 RAS KERNEL INFO 1816 double-hummer alignment exceptions
- 1117842802 2005.06.03 R23-M0-N2-C:J14-U01 2005-06-03-16.53.22.966114 R23-M0-N2-C:J14-U01 RAS KERNEL INFO 1616 double-hummer alignment exceptions
- 1117842802 2005.06.03 R23-M0-N2-C:J16-U01 2005-06-03-16.53.22.986412 R23-M0-N2-C:J16-U01 RAS KERNEL INFO 1555 double-hummer alignment exceptions
- 1117842803 2005.06.03 R23-M0-N2-C:J10-U01 2005-06-03-16.53.23.016974 R23-M0-N2-C:J10-U01 RAS KERNEL INFO 1593 double-hummer alignment exceptions
- 1117842803 2005.06.03 R23-M0-N2-C:J12-U01 2005-06-03-16.53.23.037220 R23-M0-N2-C:J12-U01 RAS KERNEL INFO 1596 double-hummer alignment exceptions
- 1117842803 2005.06.03 R23-M0-N2-C:J08-U01 2005-06-03-16.53.23.135806 R23-M0-N2-C:J08-U01 RAS KERNEL INFO 1435 double-hummer alignment exceptions
- 1117842803 2005.06.03 R23-M0-N2-C:J04-U01 2005-06-03-16.53.23.155447 R23-M0-N2-C:J04-U01 RAS KERNEL INFO 1455 double-hummer alignment exceptions
- 1117842803 2005.06.03 R23-M0-N2-C:J06-U01 2005-06-03-16.53.23.174832 R23-M0-N2-C:J06-U01 RAS KERNEL INFO 1636 double-hummer alignment exceptions
- 1117842803 2005.06.03 R23-M0-N2-C:J04-U11 2005-06-03-16.53.23.439933 R23-M0-N2-C:J04-U11 RAS KERNEL INFO 1535 double-hummer alignment exceptions
- 1117842803 2005.06.03 R23-M0-N2-C:J02-U01 2005-06-03-16.53.23.559926 R23-M0-N2-C:J02-U01 RAS KERNEL INFO 1514 double-hummer alignment exceptions
- 1117842803 2005.06.03 R23-M0-N2-C:J02-U11 2005-06-03-16.53.23.958781 R23-M0-N2-C:J02-U11 RAS KERNEL INFO 1616 double-hummer alignment exceptions
- 1117842803 2005.06.03 R23-M0-N1-C:J09-U11 2005-06-03-16.53.23.977656 R23-M0-N1-C:J09-U11 RAS KERNEL INFO 1536 double-hummer alignment exceptions
- 1117842804 2005.06.03 R23-M0-N1-C:J15-U11 2005-06-03-16.53.24.096914 R23-M0-N1-C:J15-U11 RAS KERNEL INFO 1394 double-hummer alignment exceptions
- 1117842804 2005.06.03 R23-M0-N1-C:J11-U11 2005-06-03-16.53.24.192736 R23-M0-N1-C:J11-U11 RAS KERNEL INFO 1395 double-hummer alignment exceptions
- 1117842804 2005.06.03 R23-M0-N1-C:J13-U11 2005-06-03-16.53.24.230682 R23-M0-N1-C:J13-U11 RAS KERNEL INFO 1455 double-hummer alignment exceptions
- 1117842804 2005.06.03 R23-M0-N1-C:J17-U11 2005-06-03-16.53.24.337380 R23-M0-N1-C:J17-U11 RAS KERNEL INFO 1455 double-hummer alignment exceptions
- 1117842804 2005.06.03 R23-M0-N1-C:J05-U01 2005-06-03-16.53.24.357758 R23-M0-N1-C:J05-U01 RAS KERNEL INFO 1535 double-hummer alignment exceptions
- 1117842804 2005.06.03 R23-M0-N1-C:J03-U01 2005-06-03-16.53.24.377009 R23-M0-N1-C:J03-U01 RAS KERNEL INFO 1374 double-hummer alignment exceptions
- 1117842804 2005.06.03 R23-M0-N1-C:J05-U11 2005-06-03-16.53.24.405292 R23-M0-N1-C:J05-U11 RAS KERNEL INFO 1415 double-hummer alignment exceptions
- 1117842804 2005.06.03 R23-M0-N1-C:J03-U11 2005-06-03-16.53.24.424748 R23-M0-N1-C:J03-U11 RAS KERNEL INFO 1416 double-hummer alignment exceptions
- 1117842804 2005.06.03 R23-M0-N1-C:J07-U11 2005-06-03-16.53.24.444025 R23-M0-N1-C:J07-U11 RAS KERNEL INFO 1435 double-hummer alignment exceptions
- 1117842804 2005.06.03 R23-M0-N1-C:J15-U01 2005-06-03-16.53.24.465365 R23-M0-N1-C:J15-U01 RAS KERNEL INFO 1455 double-hummer alignment exceptions
- 1117842804 2005.06.03 R23-M0-N1-C:J17-U01 2005-06-03-16.53.24.484793 R23-M0-N1-C:J17-U01 RAS KERNEL INFO 1535 double-hummer alignment exceptions
- 1117842804 2005.06.03 R23-M0-N1-C:J11-U01 2005-06-03-16.53.24.504624 R23-M0-N1-C:J11-U01 RAS KERNEL INFO 1536 double-hummer alignment exceptions
- 1117842804 2005.06.03 R23-M0-N1-C:J07-U01 2005-06-03-16.53.24.523450 R23-M0-N1-C:J07-U01 RAS KERNEL INFO 1617 double-hummer alignment exceptions
- 1117842804 2005.06.03 R23-M0-N1-C:J13-U01 2005-06-03-16.53.24.543748 R23-M0-N1-C:J13-U01 RAS KERNEL INFO 1535 double-hummer alignment exceptions
- 1117842804 2005.06.03 R23-M0-N1-C:J09-U01 2005-06-03-16.53.24.564562 R23-M0-N1-C:J09-U01 RAS KERNEL INFO 1576 double-hummer alignment exceptions
- 1117842804 2005.06.03 R23-M0-N1-C:J16-U11 2005-06-03-16.53.24.665663 R23-M0-N1-C:J16-U11 RAS KERNEL INFO 1595 double-hummer alignment exceptions
- 1117842804 2005.06.03 R23-M0-N1-C:J08-U11 2005-06-03-16.53.24.689821 R23-M0-N1-C:J08-U11 RAS KERNEL INFO 1736 double-hummer alignment exceptions
- 1117842804 2005.06.03 R23-M0-N1-C:J14-U11 2005-06-03-16.53.24.758002 R23-M0-N1-C:J14-U11 RAS KERNEL INFO 1456 double-hummer alignment exceptions
- 1117842804 2005.06.03 R23-M0-N1-C:J10-U11 2005-06-03-16.53.24.999464 R23-M0-N1-C:J10-U11 RAS KERNEL INFO 1596 double-hummer alignment exceptions
- 1117842805 2005.06.03 R23-M0-N1-C:J06-U11 2005-06-03-16.53.25.095572 R23-M0-N1-C:J06-U11 RAS KERNEL INFO 1515 double-hummer alignment exceptions
- 1117842805 2005.06.03 R23-M0-N1-C:J12-U11 2005-06-03-16.53.25.441350 R23-M0-N1-C:J12-U11 RAS KERNEL INFO 1474 double-hummer alignment exceptions
- 1117842805 2005.06.03 R23-M0-N1-C:J14-U01 2005-06-03-16.53.25.569213 R23-M0-N1-C:J14-U01 RAS KERNEL INFO 1435 double-hummer alignment exceptions
- 1117842805 2005.06.03 R23-M0-N1-C:J16-U01 2005-06-03-16.53.25.674334 R23-M0-N1-C:J16-U01 RAS KERNEL INFO 1614 double-hummer alignment exceptions
- 1117842806 2005.06.03 R23-M0-N1-C:J10-U01 2005-06-03-16.53.26.101883 R23-M0-N1-C:J10-U01 RAS KERNEL INFO 1456 double-hummer alignment exceptions
- 1117842806 2005.06.03 R23-M0-N1-C:J12-U01 2005-06-03-16.53.26.198879 R23-M0-N1-C:J12-U01 RAS KERNEL INFO 1533 double-hummer alignment exceptions
- 1117842806 2005.06.03 R23-M0-N1-C:J08-U01 2005-06-03-16.53.26.218922 R23-M0-N1-C:J08-U01 RAS KERNEL INFO 1575 double-hummer alignment exceptions
- 1117842806 2005.06.03 R23-M0-N1-C:J04-U01 2005-06-03-16.53.26.274595 R23-M0-N1-C:J04-U01 RAS KERNEL INFO 1415 double-hummer alignment exceptions
- 1117842806 2005.06.03 R23-M0-N1-C:J06-U01 2005-06-03-16.53.26.385446 R23-M0-N1-C:J06-U01 RAS KERNEL INFO 1515 double-hummer alignment exceptions
- 1117842806 2005.06.03 R23-M0-N1-C:J04-U11 2005-06-03-16.53.26.409358 R23-M0-N1-C:J04-U11 RAS KERNEL INFO 1474 double-hummer alignment exceptions
- 1117842806 2005.06.03 R23-M0-N1-C:J02-U01 2005-06-03-16.53.26.434213 R23-M0-N1-C:J02-U01 RAS KERNEL INFO 1456 double-hummer alignment exceptions
- 1117842806 2005.06.03 R23-M0-N1-C:J02-U11 2005-06-03-16.53.26.458723 R23-M0-N1-C:J02-U11 RAS KERNEL INFO 1455 double-hummer alignment exceptions
- 1117842806 2005.06.03 R23-M0-NB-C:J09-U11 2005-06-03-16.53.26.485475 R23-M0-NB-C:J09-U11 RAS KERNEL INFO 1595 double-hummer alignment exceptions
- 1117842806 2005.06.03 R23-M0-NB-C:J15-U11 2005-06-03-16.53.26.510145 R23-M0-NB-C:J15-U11 RAS KERNEL INFO 1515 double-hummer alignment exceptions
- 1117842806 2005.06.03 R23-M0-NB-C:J11-U11 2005-06-03-16.53.26.534088 R23-M0-NB-C:J11-U11 RAS KERNEL INFO 1516 double-hummer alignment exceptions
- 1117842806 2005.06.03 R23-M0-NB-C:J13-U11 2005-06-03-16.53.26.557494 R23-M0-NB-C:J13-U11 RAS KERNEL INFO 1455 double-hummer alignment exceptions
- 1117842806 2005.06.03 R23-M0-NB-C:J17-U11 2005-06-03-16.53.26.581835 R23-M0-NB-C:J17-U11 RAS KERNEL INFO 1374 double-hummer alignment exceptions
- 1117842806 2005.06.03 R23-M0-NB-C:J05-U01 2005-06-03-16.53.26.612912 R23-M0-NB-C:J05-U01 RAS KERNEL INFO 1575 double-hummer alignment exceptions
- 1117842806 2005.06.03 R23-M0-NB-C:J03-U01 2005-06-03-16.53.26.717632 R23-M0-NB-C:J03-U01 RAS KERNEL INFO 1595 double-hummer alignment exceptions
- 1117842806 2005.06.03 R23-M0-NB-C:J05-U11 2005-06-03-16.53.26.744007 R23-M0-NB-C:J05-U11 RAS KERNEL INFO 1377 double-hummer alignment exceptions
- 1117842806 2005.06.03 R23-M0-NB-C:J03-U11 2005-06-03-16.53.26.849510 R23-M0-NB-C:J03-U11 RAS KERNEL INFO 1497 double-hummer alignment exceptions
- 1117842806 2005.06.03 R23-M0-NB-C:J07-U11 2005-06-03-16.53.26.908736 R23-M0-NB-C:J07-U11 RAS KERNEL INFO 1615 double-hummer alignment exceptions
- 1117842806 2005.06.03 R23-M0-NB-C:J15-U01 2005-06-03-16.53.26.932785 R23-M0-NB-C:J15-U01 RAS KERNEL INFO 1675 double-hummer alignment exceptions
- 1117842806 2005.06.03 R23-M0-NB-C:J17-U01 2005-06-03-16.53.26.957400 R23-M0-NB-C:J17-U01 RAS KERNEL INFO 1637 double-hummer alignment exceptions
- 1117842806 2005.06.03 R23-M0-NB-C:J11-U01 2005-06-03-16.53.26.981748 R23-M0-NB-C:J11-U01 RAS KERNEL INFO 1676 double-hummer alignment exceptions
- 1117842807 2005.06.03 R23-M0-NB-C:J07-U01 2005-06-03-16.53.27.005157 R23-M0-NB-C:J07-U01 RAS KERNEL INFO 1695 double-hummer alignment exceptions
- 1117842807 2005.06.03 R23-M0-NB-C:J13-U01 2005-06-03-16.53.27.030357 R23-M0-NB-C:J13-U01 RAS KERNEL INFO 1575 double-hummer alignment exceptions
- 1117842807 2005.06.03 R23-M0-NB-C:J09-U01 2005-06-03-16.53.27.054230 R23-M0-NB-C:J09-U01 RAS KERNEL INFO 1655 double-hummer alignment exceptions
- 1117842807 2005.06.03 R23-M0-NB-C:J16-U11 2005-06-03-16.53.27.077412 R23-M0-NB-C:J16-U11 RAS KERNEL INFO 1556 double-hummer alignment exceptions
- 1117842807 2005.06.03 R23-M0-NB-C:J08-U11 2005-06-03-16.53.27.112180 R23-M0-NB-C:J08-U11 RAS KERNEL INFO 1456 double-hummer alignment exceptions
- 1117842807 2005.06.03 R23-M0-NB-C:J14-U11 2005-06-03-16.53.27.233206 R23-M0-NB-C:J14-U11 RAS KERNEL INFO 1536 double-hummer alignment exceptions
- 1117842807 2005.06.03 R23-M0-NB-C:J10-U11 2005-06-03-16.53.27.260323 R23-M0-NB-C:J10-U11 RAS KERNEL INFO 1615 double-hummer alignment exceptions
- 1117842807 2005.06.03 R23-M0-NB-C:J06-U11 2005-06-03-16.53.27.560282 R23-M0-NB-C:J06-U11 RAS KERNEL INFO 1614 double-hummer alignment exceptions
- 1117842807 2005.06.03 R23-M0-NB-C:J12-U11 2005-06-03-16.53.27.587767 R23-M0-NB-C:J12-U11 RAS KERNEL INFO 1557 double-hummer alignment exceptions
- 1117842807 2005.06.03 R23-M0-NB-C:J14-U01 2005-06-03-16.53.27.624547 R23-M0-NB-C:J14-U01 RAS KERNEL INFO 1493 double-hummer alignment exceptions
- 1117842807 2005.06.03 R23-M0-NB-C:J16-U01 2005-06-03-16.53.27.735163 R23-M0-NB-C:J16-U01 RAS KERNEL INFO 1636 double-hummer alignment exceptions
- 1117842807 2005.06.03 R23-M0-NB-C:J10-U01 2005-06-03-16.53.27.762884 R23-M0-NB-C:J10-U01 RAS KERNEL INFO 1596 double-hummer alignment exceptions
- 1117842807 2005.06.03 R23-M0-NB-C:J12-U01 2005-06-03-16.53.27.835494 R23-M0-NB-C:J12-U01 RAS KERNEL INFO 1657 double-hummer alignment exceptions
- 1117842807 2005.06.03 R23-M0-NB-C:J08-U01 2005-06-03-16.53.27.914760 R23-M0-NB-C:J08-U01 RAS KERNEL INFO 1656 double-hummer alignment exceptions
- 1117842807 2005.06.03 R23-M0-NB-C:J04-U01 2005-06-03-16.53.27.941990 R23-M0-NB-C:J04-U01 RAS KERNEL INFO 1375 double-hummer alignment exceptions
- 1117842807 2005.06.03 R23-M0-NB-C:J06-U01 2005-06-03-16.53.27.966997 R23-M0-NB-C:J06-U01 RAS KERNEL INFO 1614 double-hummer alignment exceptions
- 1117842808 2005.06.03 R23-M0-NB-C:J04-U11 2005-06-03-16.53.28.090737 R23-M0-NB-C:J04-U11 RAS KERNEL INFO 1556 double-hummer alignment exceptions
- 1117842808 2005.06.03 R23-M0-NB-C:J02-U01 2005-06-03-16.53.28.114234 R23-M0-NB-C:J02-U01 RAS KERNEL INFO 1515 double-hummer alignment exceptions
- 1117842808 2005.06.03 R23-M0-NB-C:J02-U11 2005-06-03-16.53.28.137643 R23-M0-NB-C:J02-U11 RAS KERNEL INFO 1616 double-hummer alignment exceptions
- 1117842808 2005.06.03 R23-M0-N9-C:J09-U11 2005-06-03-16.53.28.232549 R23-M0-N9-C:J09-U11 RAS KERNEL INFO 1615 double-hummer alignment exceptions
- 1117842808 2005.06.03 R23-M0-N9-C:J15-U11 2005-06-03-16.53.28.259266 R23-M0-N9-C:J15-U11 RAS KERNEL INFO 1435 double-hummer alignment exceptions
- 1117842808 2005.06.03 R23-M0-N9-C:J11-U11 2005-06-03-16.53.28.323887 R23-M0-N9-C:J11-U11 RAS KERNEL INFO 1457 double-hummer alignment exceptions
- 1117842808 2005.06.03 R23-M0-N9-C:J13-U11 2005-06-03-16.53.28.449741 R23-M0-N9-C:J13-U11 RAS KERNEL INFO 1534 double-hummer alignment exceptions
- 1117842808 2005.06.03 R23-M0-N9-C:J17-U11 2005-06-03-16.53.28.474514 R23-M0-N9-C:J17-U11 RAS KERNEL INFO 1415 double-hummer alignment exceptions
- 1117842808 2005.06.03 R23-M0-N9-C:J05-U01 2005-06-03-16.53.28.500857 R23-M0-N9-C:J05-U01 RAS KERNEL INFO 1517 double-hummer alignment exceptions
- 1117842808 2005.06.03 R23-M0-N9-C:J03-U01 2005-06-03-16.53.28.525446 R23-M0-N9-C:J03-U01 RAS KERNEL INFO 1576 double-hummer alignment exceptions
- 1117842808 2005.06.03 R23-M0-N9-C:J05-U11 2005-06-03-16.53.28.550869 R23-M0-N9-C:J05-U11 RAS KERNEL INFO 1495 double-hummer alignment exceptions
- 1117842808 2005.06.03 R23-M0-N9-C:J03-U11 2005-06-03-16.53.28.574794 R23-M0-N9-C:J03-U11 RAS KERNEL INFO 1415 double-hummer alignment exceptions
- 1117842808 2005.06.03 R23-M0-N9-C:J07-U11 2005-06-03-16.53.28.597193 R23-M0-N9-C:J07-U11 RAS KERNEL INFO 1456 double-hummer alignment exceptions
- 1117842808 2005.06.03 R23-M0-N9-C:J15-U01 2005-06-03-16.53.28.620216 R23-M0-N9-C:J15-U01 RAS KERNEL INFO 1596 double-hummer alignment exceptions
- 1117842808 2005.06.03 R23-M0-N9-C:J17-U01 2005-06-03-16.53.28.644839 R23-M0-N9-C:J17-U01 RAS KERNEL INFO 1656 double-hummer alignment exceptions
- 1117842808 2005.06.03 R23-M0-N9-C:J11-U01 2005-06-03-16.53.28.752845 R23-M0-N9-C:J11-U01 RAS KERNEL INFO 1597 double-hummer alignment exceptions
- 1117842808 2005.06.03 R23-M0-N9-C:J07-U01 2005-06-03-16.53.28.779323 R23-M0-N9-C:J07-U01 RAS KERNEL INFO 1536 double-hummer alignment exceptions
- 1117842808 2005.06.03 R23-M0-N9-C:J13-U01 2005-06-03-16.53.28.962402 R23-M0-N9-C:J13-U01 RAS KERNEL INFO 1595 double-hummer alignment exceptions
- 1117842808 2005.06.03 R23-M0-N9-C:J09-U01 2005-06-03-16.53.28.988686 R23-M0-N9-C:J09-U01 RAS KERNEL INFO 1695 double-hummer alignment exceptions
- 1117842809 2005.06.03 R23-M0-N9-C:J16-U11 2005-06-03-16.53.29.013912 R23-M0-N9-C:J16-U11 RAS KERNEL INFO 1475 double-hummer alignment exceptions
- 1117842809 2005.06.03 R23-M0-N9-C:J08-U11 2005-06-03-16.53.29.039999 R23-M0-N9-C:J08-U11 RAS KERNEL INFO 1514 double-hummer alignment exceptions
- 1117842809 2005.06.03 R23-M0-N9-C:J14-U11 2005-06-03-16.53.29.071531 R23-M0-N9-C:J14-U11 RAS KERNEL INFO 1496 double-hummer alignment exceptions
- 1117842809 2005.06.03 R23-M0-N9-C:J10-U11 2005-06-03-16.53.29.097251 R23-M0-N9-C:J10-U11 RAS KERNEL INFO 1555 double-hummer alignment exceptions
- 1117842809 2005.06.03 R23-M0-N9-C:J06-U11 2005-06-03-16.53.29.119441 R23-M0-N9-C:J06-U11 RAS KERNEL INFO 1556 double-hummer alignment exceptions
- 1117842809 2005.06.03 R23-M0-N9-C:J12-U11 2005-06-03-16.53.29.150824 R23-M0-N9-C:J12-U11 RAS KERNEL INFO 1475 double-hummer alignment exceptions
- 1117842809 2005.06.03 R23-M0-N9-C:J14-U01 2005-06-03-16.53.29.230802 R23-M0-N9-C:J14-U01 RAS KERNEL INFO 1515 double-hummer alignment exceptions
- 1117842809 2005.06.03 R23-M0-N9-C:J16-U01 2005-06-03-16.53.29.267872 R23-M0-N9-C:J16-U01 RAS KERNEL INFO 1557 double-hummer alignment exceptions
- 1117842809 2005.06.03 R23-M0-N9-C:J10-U01 2005-06-03-16.53.29.295867 R23-M0-N9-C:J10-U01 RAS KERNEL INFO 1414 double-hummer alignment exceptions
- 1117842809 2005.06.03 R23-M0-N9-C:J12-U01 2005-06-03-16.53.29.458670 R23-M0-N9-C:J12-U01 RAS KERNEL INFO 1535 double-hummer alignment exceptions
- 1117842809 2005.06.03 R23-M0-N9-C:J08-U01 2005-06-03-16.53.29.483545 R23-M0-N9-C:J08-U01 RAS KERNEL INFO 1534 double-hummer alignment exceptions
- 1117842809 2005.06.03 R23-M0-N9-C:J04-U01 2005-06-03-16.53.29.518922 R23-M0-N9-C:J04-U01 RAS KERNEL INFO 1516 double-hummer alignment exceptions
- 1117842809 2005.06.03 R23-M0-N9-C:J06-U01 2005-06-03-16.53.29.544460 R23-M0-N9-C:J06-U01 RAS KERNEL INFO 1515 double-hummer alignment exceptions
- 1117842809 2005.06.03 R23-M0-N9-C:J04-U11 2005-06-03-16.53.29.568968 R23-M0-N9-C:J04-U11 RAS KERNEL INFO 1475 double-hummer alignment exceptions
- 1117842809 2005.06.03 R23-M0-N9-C:J02-U01 2005-06-03-16.53.29.594532 R23-M0-N9-C:J02-U01 RAS KERNEL INFO 1495 double-hummer alignment exceptions
- 1117842809 2005.06.03 R23-M0-N9-C:J02-U11 2005-06-03-16.53.29.617620 R23-M0-N9-C:J02-U11 RAS KERNEL INFO 1535 double-hummer alignment exceptions
- 1117842809 2005.06.03 R23-M0-N0-C:J09-U11 2005-06-03-16.53.29.646170 R23-M0-N0-C:J09-U11 RAS KERNEL INFO 1495 double-hummer alignment exceptions
- 1117842809 2005.06.03 R23-M0-N0-C:J15-U11 2005-06-03-16.53.29.694715 R23-M0-N0-C:J15-U11 RAS KERNEL INFO 1517 double-hummer alignment exceptions
- 1117842809 2005.06.03 R23-M0-N0-C:J11-U11 2005-06-03-16.53.29.786411 R23-M0-N0-C:J11-U11 RAS KERNEL INFO 1474 double-hummer alignment exceptions
- 1117842809 2005.06.03 R23-M0-N0-C:J13-U11 2005-06-03-16.53.29.832973 R23-M0-N0-C:J13-U11 RAS KERNEL INFO 1554 double-hummer alignment exceptions
- 1117842809 2005.06.03 R23-M0-N0-C:J17-U11 2005-06-03-16.53.29.975707 R23-M0-N0-C:J17-U11 RAS KERNEL INFO 1518 double-hummer alignment exceptions
- 1117842810 2005.06.03 R23-M0-N0-C:J05-U01 2005-06-03-16.53.30.004983 R23-M0-N0-C:J05-U01 RAS KERNEL INFO 1497 double-hummer alignment exceptions
- 1117842810 2005.06.03 R23-M0-N0-C:J03-U01 2005-06-03-16.53.30.031680 R23-M0-N0-C:J03-U01 RAS KERNEL INFO 1436 double-hummer alignment exceptions
- 1117842810 2005.06.03 R23-M0-N0-C:J05-U11 2005-06-03-16.53.30.064509 R23-M0-N0-C:J05-U11 RAS KERNEL INFO 1356 double-hummer alignment exceptions
- 1117842810 2005.06.03 R23-M0-N0-C:J03-U11 2005-06-03-16.53.30.097526 R23-M0-N0-C:J03-U11 RAS KERNEL INFO 1476 double-hummer alignment exceptions
- 1117842810 2005.06.03 R23-M0-N0-C:J07-U11 2005-06-03-16.53.30.128331 R23-M0-N0-C:J07-U11 RAS KERNEL INFO 1376 double-hummer alignment exceptions
- 1117842810 2005.06.03 R23-M0-N0-C:J15-U01 2005-06-03-16.53.30.166384 R23-M0-N0-C:J15-U01 RAS KERNEL INFO 1434 double-hummer alignment exceptions
- 1117842810 2005.06.03 R23-M0-N0-C:J17-U01 2005-06-03-16.53.30.235844 R23-M0-N0-C:J17-U01 RAS KERNEL INFO 1576 double-hummer alignment exceptions
- 1117842810 2005.06.03 R23-M0-N0-C:J11-U01 2005-06-03-16.53.30.298075 R23-M0-N0-C:J11-U01 RAS KERNEL INFO 1596 double-hummer alignment exceptions
- 1117842810 2005.06.03 R23-M0-N0-C:J07-U01 2005-06-03-16.53.30.341573 R23-M0-N0-C:J07-U01 RAS KERNEL INFO 1434 double-hummer alignment exceptions
- 1117842810 2005.06.03 R23-M0-N0-C:J13-U01 2005-06-03-16.53.30.494586 R23-M0-N0-C:J13-U01 RAS KERNEL INFO 1514 double-hummer alignment exceptions
- 1117842810 2005.06.03 R23-M0-N0-C:J09-U01 2005-06-03-16.53.30.519212 R23-M0-N0-C:J09-U01 RAS KERNEL INFO 1514 double-hummer alignment exceptions
- 1117842810 2005.06.03 R23-M0-N0-C:J16-U11 2005-06-03-16.53.30.550649 R23-M0-N0-C:J16-U11 RAS KERNEL INFO 1615 double-hummer alignment exceptions
- 1117842810 2005.06.03 R23-M0-N0-C:J08-U11 2005-06-03-16.53.30.583168 R23-M0-N0-C:J08-U11 RAS KERNEL INFO 1555 double-hummer alignment exceptions
- 1117842810 2005.06.03 R23-M0-N0-C:J14-U11 2005-06-03-16.53.30.616648 R23-M0-N0-C:J14-U11 RAS KERNEL INFO 1535 double-hummer alignment exceptions
- 1117842810 2005.06.03 R23-M0-N0-C:J10-U11 2005-06-03-16.53.30.647606 R23-M0-N0-C:J10-U11 RAS KERNEL INFO 1655 double-hummer alignment exceptions
- 1117842810 2005.06.03 R23-M0-N0-C:J06-U11 2005-06-03-16.53.30.684534 R23-M0-N0-C:J06-U11 RAS KERNEL INFO 1555 double-hummer alignment exceptions
- 1117842810 2005.06.03 R23-M0-N0-C:J12-U11 2005-06-03-16.53.30.791202 R23-M0-N0-C:J12-U11 RAS KERNEL INFO 1675 double-hummer alignment exceptions
- 1117842810 2005.06.03 R23-M0-N0-C:J14-U01 2005-06-03-16.53.30.825543 R23-M0-N0-C:J14-U01 RAS KERNEL INFO 1454 double-hummer alignment exceptions
- 1117842811 2005.06.03 R23-M0-N0-C:J16-U01 2005-06-03-16.53.31.009378 R23-M0-N0-C:J16-U01 RAS KERNEL INFO 1515 double-hummer alignment exceptions
- 1117842811 2005.06.03 R23-M0-N0-C:J10-U01 2005-06-03-16.53.31.043512 R23-M0-N0-C:J10-U01 RAS KERNEL INFO 1472 double-hummer alignment exceptions
- 1117842811 2005.06.03 R23-M0-N0-C:J12-U01 2005-06-03-16.53.31.078278 R23-M0-N0-C:J12-U01 RAS KERNEL INFO 1697 double-hummer alignment exceptions
- 1117842811 2005.06.03 R23-M0-N0-C:J08-U01 2005-06-03-16.53.31.112626 R23-M0-N0-C:J08-U01 RAS KERNEL INFO 1578 double-hummer alignment exceptions
- 1117842811 2005.06.03 R23-M0-N0-C:J04-U01 2005-06-03-16.53.31.144130 R23-M0-N0-C:J04-U01 RAS KERNEL INFO 1455 double-hummer alignment exceptions
- 1117842811 2005.06.03 R23-M0-N0-C:J06-U01 2005-06-03-16.53.31.176585 R23-M0-N0-C:J06-U01 RAS KERNEL INFO 1515 double-hummer alignment exceptions
- 1117842811 2005.06.03 R23-M0-N0-C:J04-U11 2005-06-03-16.53.31.206294 R23-M0-N0-C:J04-U11 RAS KERNEL INFO 1575 double-hummer alignment exceptions
- 1117842811 2005.06.03 R23-M0-N0-C:J02-U01 2005-06-03-16.53.31.306723 R23-M0-N0-C:J02-U01 RAS KERNEL INFO 1475 double-hummer alignment exceptions
- 1117842811 2005.06.03 R23-M0-N0-C:J02-U11 2005-06-03-16.53.31.360591 R23-M0-N0-C:J02-U11 RAS KERNEL INFO 1476 double-hummer alignment exceptions
- 1117842811 2005.06.03 R23-M0-N4-C:J09-U11 2005-06-03-16.53.31.701262 R23-M0-N4-C:J09-U11 RAS KERNEL INFO 1517 double-hummer alignment exceptions
- 1117842811 2005.06.03 R23-M0-N4-C:J15-U11 2005-06-03-16.53.31.852125 R23-M0-N4-C:J15-U11 RAS KERNEL INFO 1636 double-hummer alignment exceptions
- 1117842812 2005.06.03 R23-M0-N4-C:J11-U11 2005-06-03-16.53.32.004776 R23-M0-N4-C:J11-U11 RAS KERNEL INFO 1477 double-hummer alignment exceptions
- 1117842812 2005.06.03 R23-M0-N4-C:J13-U11 2005-06-03-16.53.32.051522 R23-M0-N4-C:J13-U11 RAS KERNEL INFO 1615 double-hummer alignment exceptions
- 1117842812 2005.06.03 R23-M0-N4-C:J17-U11 2005-06-03-16.53.32.082626 R23-M0-N4-C:J17-U11 RAS KERNEL INFO 1556 double-hummer alignment exceptions
- 1117842812 2005.06.03 R23-M0-N4-C:J05-U01 2005-06-03-16.53.32.112490 R23-M0-N4-C:J05-U01 RAS KERNEL INFO 1556 double-hummer alignment exceptions
- 1117842812 2005.06.03 R23-M0-N4-C:J03-U01 2005-06-03-16.53.32.142786 R23-M0-N4-C:J03-U01 RAS KERNEL INFO 1394 double-hummer alignment exceptions
- 1117842812 2005.06.03 R23-M0-N4-C:J05-U11 2005-06-03-16.53.32.178208 R23-M0-N4-C:J05-U11 RAS KERNEL INFO 1395 double-hummer alignment exceptions
- 1117842812 2005.06.03 R23-M0-N4-C:J03-U11 2005-06-03-16.53.32.213524 R23-M0-N4-C:J03-U11 RAS KERNEL INFO 1497 double-hummer alignment exceptions
- 1117842812 2005.06.03 R23-M0-N4-C:J07-U11 2005-06-03-16.53.32.284904 R23-M0-N4-C:J07-U11 RAS KERNEL INFO 1496 double-hummer alignment exceptions
- 1117842812 2005.06.03 R23-M0-N4-C:J15-U01 2005-06-03-16.53.32.342372 R23-M0-N4-C:J15-U01 RAS KERNEL INFO 1536 double-hummer alignment exceptions
- 1117842812 2005.06.03 R23-M0-N4-C:J17-U01 2005-06-03-16.53.32.523970 R23-M0-N4-C:J17-U01 RAS KERNEL INFO 1575 double-hummer alignment exceptions
- 1117842812 2005.06.03 R23-M0-N4-C:J11-U01 2005-06-03-16.53.32.558908 R23-M0-N4-C:J11-U01 RAS KERNEL INFO 1596 double-hummer alignment exceptions
- 1117842812 2005.06.03 R23-M0-N4-C:J07-U01 2005-06-03-16.53.32.696686 R23-M0-N4-C:J07-U01 RAS KERNEL INFO 1474 double-hummer alignment exceptions
- 1117842812 2005.06.03 R23-M0-N4-C:J13-U01 2005-06-03-16.53.32.736735 R23-M0-N4-C:J13-U01 RAS KERNEL INFO 1633 double-hummer alignment exceptions
- 1117842812 2005.06.03 R23-M0-N4-C:J09-U01 2005-06-03-16.53.32.830103 R23-M0-N4-C:J09-U01 RAS KERNEL INFO 1536 double-hummer alignment exceptions
- 1117842812 2005.06.03 R23-M0-N4-C:J16-U11 2005-06-03-16.53.32.859889 R23-M0-N4-C:J16-U11 RAS KERNEL INFO 1675 double-hummer alignment exceptions
- 1117842812 2005.06.03 R23-M0-N4-C:J08-U11 2005-06-03-16.53.32.918231 R23-M0-N4-C:J08-U11 RAS KERNEL INFO 1736 double-hummer alignment exceptions
- 1117842812 2005.06.03 R23-M0-N4-C:J14-U11 2005-06-03-16.53.32.947426 R23-M0-N4-C:J14-U11 RAS KERNEL INFO 1637 double-hummer alignment exceptions
- 1117842812 2005.06.03 R23-M0-N4-C:J10-U11 2005-06-03-16.53.32.975362 R23-M0-N4-C:J10-U11 RAS KERNEL INFO 1574 double-hummer alignment exceptions
- 1117842813 2005.06.03 R23-M0-N4-C:J06-U11 2005-06-03-16.53.33.003256 R23-M0-N4-C:J06-U11 RAS KERNEL INFO 1515 double-hummer alignment exceptions
- 1117842813 2005.06.03 R23-M0-N4-C:J12-U11 2005-06-03-16.53.33.032643 R23-M0-N4-C:J12-U11 RAS KERNEL INFO 1796 double-hummer alignment exceptions
- 1117842813 2005.06.03 R23-M0-N4-C:J14-U01 2005-06-03-16.53.33.068294 R23-M0-N4-C:J14-U01 RAS KERNEL INFO 1537 double-hummer alignment exceptions
- 1117842813 2005.06.03 R23-M0-N4-C:J16-U01 2005-06-03-16.53.33.186460 R23-M0-N4-C:J16-U01 RAS KERNEL INFO 1556 double-hummer alignment exceptions
- 1117842813 2005.06.03 R23-M0-N4-C:J10-U01 2005-06-03-16.53.33.217516 R23-M0-N4-C:J10-U01 RAS KERNEL INFO 1536 double-hummer alignment exceptions
- 1117842813 2005.06.03 R23-M0-N4-C:J12-U01 2005-06-03-16.53.33.249392 R23-M0-N4-C:J12-U01 RAS KERNEL INFO 1636 double-hummer alignment exceptions
- 1117842813 2005.06.03 R23-M0-N4-C:J08-U01 2005-06-03-16.53.33.349990 R23-M0-N4-C:J08-U01 RAS KERNEL INFO 1595 double-hummer alignment exceptions
- 1117842813 2005.06.03 R23-M0-N4-C:J04-U01 2005-06-03-16.53.33.376310 R23-M0-N4-C:J04-U01 RAS KERNEL INFO 1514 double-hummer alignment exceptions
- 1117842813 2005.06.03 R23-M0-N4-C:J06-U01 2005-06-03-16.53.33.434208 R23-M0-N4-C:J06-U01 RAS KERNEL INFO 1414 double-hummer alignment exceptions
- 1117842813 2005.06.03 R23-M0-N4-C:J04-U11 2005-06-03-16.53.33.477756 R23-M0-N4-C:J04-U11 RAS KERNEL INFO 1535 double-hummer alignment exceptions
- 1117842813 2005.06.03 R23-M0-N4-C:J02-U01 2005-06-03-16.53.33.506899 R23-M0-N4-C:J02-U01 RAS KERNEL INFO 1535 double-hummer alignment exceptions
- 1117842813 2005.06.03 R23-M0-N4-C:J02-U11 2005-06-03-16.53.33.529367 R23-M0-N4-C:J02-U11 RAS KERNEL INFO 1417 double-hummer alignment exceptions
- 1117842813 2005.06.03 R23-M0-NC-C:J09-U11 2005-06-03-16.53.33.566897 R23-M0-NC-C:J09-U11 RAS KERNEL INFO 1494 double-hummer alignment exceptions
- 1117842813 2005.06.03 R23-M0-NC-C:J15-U11 2005-06-03-16.53.33.604096 R23-M0-NC-C:J15-U11 RAS KERNEL INFO 1456 double-hummer alignment exceptions
- 1117842813 2005.06.03 R23-M0-NC-C:J11-U11 2005-06-03-16.53.33.634253 R23-M0-NC-C:J11-U11 RAS KERNEL INFO 1575 double-hummer alignment exceptions
- 1117842813 2005.06.03 R23-M0-NC-C:J13-U11 2005-06-03-16.53.33.667539 R23-M0-NC-C:J13-U11 RAS KERNEL INFO 1596 double-hummer alignment exceptions
- 1117842813 2005.06.03 R23-M0-NC-C:J17-U11 2005-06-03-16.53.33.694952 R23-M0-NC-C:J17-U11 RAS KERNEL INFO 1516 double-hummer alignment exceptions
- 1117842813 2005.06.03 R23-M0-NC-C:J05-U01 2005-06-03-16.53.33.734021 R23-M0-NC-C:J05-U01 RAS KERNEL INFO 1595 double-hummer alignment exceptions
- 1117842813 2005.06.03 R23-M0-NC-C:J03-U01 2005-06-03-16.53.33.765381 R23-M0-NC-C:J03-U01 RAS KERNEL INFO 1516 double-hummer alignment exceptions
- 1117842813 2005.06.03 R23-M0-NC-C:J05-U11 2005-06-03-16.53.33.868760 R23-M0-NC-C:J05-U11 RAS KERNEL INFO 1477 double-hummer alignment exceptions
- 1117842813 2005.06.03 R23-M0-NC-C:J03-U11 2005-06-03-16.53.33.945257 R23-M0-NC-C:J03-U11 RAS KERNEL INFO 1354 double-hummer alignment exceptions
- 1117842813 2005.06.03 R23-M0-NC-C:J07-U11 2005-06-03-16.53.33.977588 R23-M0-NC-C:J07-U11 RAS KERNEL INFO 1396 double-hummer alignment exceptions
- 1117842814 2005.06.03 R23-M0-NC-C:J15-U01 2005-06-03-16.53.34.008107 R23-M0-NC-C:J15-U01 RAS KERNEL INFO 1474 double-hummer alignment exceptions
- 1117842814 2005.06.03 R23-M0-NC-C:J17-U01 2005-06-03-16.53.34.039468 R23-M0-NC-C:J17-U01 RAS KERNEL INFO 1635 double-hummer alignment exceptions
- 1117842814 2005.06.03 R23-M0-NC-C:J11-U01 2005-06-03-16.53.34.079204 R23-M0-NC-C:J11-U01 RAS KERNEL INFO 1593 double-hummer alignment exceptions
- 1117842814 2005.06.03 R23-M0-NC-C:J07-U01 2005-06-03-16.53.34.116877 R23-M0-NC-C:J07-U01 RAS KERNEL INFO 1575 double-hummer alignment exceptions
- 1117842814 2005.06.03 R23-M0-NC-C:J13-U01 2005-06-03-16.53.34.150160 R23-M0-NC-C:J13-U01 RAS KERNEL INFO 1898 double-hummer alignment exceptions
- 1117842814 2005.06.03 R23-M0-NC-C:J09-U01 2005-06-03-16.53.34.185207 R23-M0-NC-C:J09-U01 RAS KERNEL INFO 1696 double-hummer alignment exceptions
- 1117842814 2005.06.03 R23-M0-NC-C:J16-U11 2005-06-03-16.53.34.212492 R23-M0-NC-C:J16-U11 RAS KERNEL INFO 1557 double-hummer alignment exceptions
- 1117842814 2005.06.03 R23-M0-NC-C:J08-U11 2005-06-03-16.53.34.251758 R23-M0-NC-C:J08-U11 RAS KERNEL INFO 1634 double-hummer alignment exceptions
- 1117842814 2005.06.03 R23-M0-NC-C:J14-U11 2005-06-03-16.53.34.359855 R23-M0-NC-C:J14-U11 RAS KERNEL INFO 1416 double-hummer alignment exceptions
- 1117842814 2005.06.03 R23-M0-NC-C:J10-U11 2005-06-03-16.53.34.394464 R23-M0-NC-C:J10-U11 RAS KERNEL INFO 1534 double-hummer alignment exceptions
- 1117842814 2005.06.03 R23-M0-NC-C:J06-U11 2005-06-03-16.53.34.446176 R23-M0-NC-C:J06-U11 RAS KERNEL INFO 1433 double-hummer alignment exceptions
- 1117842814 2005.06.03 R23-M0-NC-C:J12-U11 2005-06-03-16.53.34.474147 R23-M0-NC-C:J12-U11 RAS KERNEL INFO 1695 double-hummer alignment exceptions
- 1117842814 2005.06.03 R23-M0-NC-C:J14-U01 2005-06-03-16.53.34.512603 R23-M0-NC-C:J14-U01 RAS KERNEL INFO 1374 double-hummer alignment exceptions
- 1117842814 2005.06.03 R23-M0-NC-C:J16-U01 2005-06-03-16.53.34.543598 R23-M0-NC-C:J16-U01 RAS KERNEL INFO 1576 double-hummer alignment exceptions
- 1117842814 2005.06.03 R23-M0-NC-C:J10-U01 2005-06-03-16.53.34.573281 R23-M0-NC-C:J10-U01 RAS KERNEL INFO 1435 double-hummer alignment exceptions
- 1117842814 2005.06.03 R23-M0-NC-C:J12-U01 2005-06-03-16.53.34.610624 R23-M0-NC-C:J12-U01 RAS KERNEL INFO 1615 double-hummer alignment exceptions
- 1117842814 2005.06.03 R23-M0-NC-C:J08-U01 2005-06-03-16.53.34.640072 R23-M0-NC-C:J08-U01 RAS KERNEL INFO 1596 double-hummer alignment exceptions
- 1117842814 2005.06.03 R23-M0-NC-C:J04-U01 2005-06-03-16.53.34.680187 R23-M0-NC-C:J04-U01 RAS KERNEL INFO 1574 double-hummer alignment exceptions
- 1117842814 2005.06.03 R23-M0-NC-C:J06-U01 2005-06-03-16.53.34.713738 R23-M0-NC-C:J06-U01 RAS KERNEL INFO 1535 double-hummer alignment exceptions
- 1117842814 2005.06.03 R23-M0-NC-C:J04-U11 2005-06-03-16.53.34.743288 R23-M0-NC-C:J04-U11 RAS KERNEL INFO 1575 double-hummer alignment exceptions
- 1117842814 2005.06.03 R23-M0-NC-C:J02-U01 2005-06-03-16.53.34.774181 R23-M0-NC-C:J02-U01 RAS KERNEL INFO 1495 double-hummer alignment exceptions
- 1117842814 2005.06.03 R23-M0-NC-C:J02-U11 2005-06-03-16.53.34.885910 R23-M0-NC-C:J02-U11 RAS KERNEL INFO 1376 double-hummer alignment exceptions
- 1117842814 2005.06.03 R23-M0-N8-C:J09-U11 2005-06-03-16.53.34.957010 R23-M0-N8-C:J09-U11 RAS KERNEL INFO 1517 double-hummer alignment exceptions
- 1117842814 2005.06.03 R23-M0-N8-C:J15-U11 2005-06-03-16.53.34.998856 R23-M0-N8-C:J15-U11 RAS KERNEL INFO 1477 double-hummer alignment exceptions
- 1117842815 2005.06.03 R23-M0-N8-C:J11-U11 2005-06-03-16.53.35.026580 R23-M0-N8-C:J11-U11 RAS KERNEL INFO 1455 double-hummer alignment exceptions
- 1117842815 2005.06.03 R23-M0-N8-C:J13-U11 2005-06-03-16.53.35.061472 R23-M0-N8-C:J13-U11 RAS KERNEL INFO 1555 double-hummer alignment exceptions
- 1117842815 2005.06.03 R23-M0-N8-C:J17-U11 2005-06-03-16.53.35.089774 R23-M0-N8-C:J17-U11 RAS KERNEL INFO 1416 double-hummer alignment exceptions
- 1117842815 2005.06.03 R23-M0-N8-C:J05-U01 2005-06-03-16.53.35.120422 R23-M0-N8-C:J05-U01 RAS KERNEL INFO 1576 double-hummer alignment exceptions
- 1117842815 2005.06.03 R23-M0-N8-C:J03-U01 2005-06-03-16.53.35.157594 R23-M0-N8-C:J03-U01 RAS KERNEL INFO 1476 double-hummer alignment exceptions
- 1117842815 2005.06.03 R23-M0-N8-C:J05-U11 2005-06-03-16.53.35.187708 R23-M0-N8-C:J05-U11 RAS KERNEL INFO 1476 double-hummer alignment exceptions
- 1117842815 2005.06.03 R23-M0-N8-C:J03-U11 2005-06-03-16.53.35.216264 R23-M0-N8-C:J03-U11 RAS KERNEL INFO 1375 double-hummer alignment exceptions
- 1117842815 2005.06.03 R23-M0-N8-C:J07-U11 2005-06-03-16.53.35.246480 R23-M0-N8-C:J07-U11 RAS KERNEL INFO 1456 double-hummer alignment exceptions
- 1117842815 2005.06.03 R23-M0-N8-C:J15-U01 2005-06-03-16.53.35.285595 R23-M0-N8-C:J15-U01 RAS KERNEL INFO 1596 double-hummer alignment exceptions
- 1117842815 2005.06.03 R23-M0-N8-C:J17-U01 2005-06-03-16.53.35.389862 R23-M0-N8-C:J17-U01 RAS KERNEL INFO 1655 double-hummer alignment exceptions
- 1117842815 2005.06.03 R23-M0-N8-C:J11-U01 2005-06-03-16.53.35.454833 R23-M0-N8-C:J11-U01 RAS KERNEL INFO 1575 double-hummer alignment exceptions
- 1117842815 2005.06.03 R23-M0-N8-C:J07-U01 2005-06-03-16.53.35.487341 R23-M0-N8-C:J07-U01 RAS KERNEL INFO 1676 double-hummer alignment exceptions
- 1117842815 2005.06.03 R23-M0-N8-C:J13-U01 2005-06-03-16.53.35.519750 R23-M0-N8-C:J13-U01 RAS KERNEL INFO 1775 double-hummer alignment exceptions
- 1117842815 2005.06.03 R23-M0-N8-C:J09-U01 2005-06-03-16.53.35.551558 R23-M0-N8-C:J09-U01 RAS KERNEL INFO 1535 double-hummer alignment exceptions
- 1117842815 2005.06.03 R23-M0-N8-C:J16-U11 2005-06-03-16.53.35.583946 R23-M0-N8-C:J16-U11 RAS KERNEL INFO 1556 double-hummer alignment exceptions
- 1117842815 2005.06.03 R23-M0-N8-C:J08-U11 2005-06-03-16.53.35.615166 R23-M0-N8-C:J08-U11 RAS KERNEL INFO 1393 double-hummer alignment exceptions
- 1117842815 2005.06.03 R23-M0-N8-C:J14-U11 2005-06-03-16.53.35.648104 R23-M0-N8-C:J14-U11 RAS KERNEL INFO 1456 double-hummer alignment exceptions
- 1117842815 2005.06.03 R23-M0-N8-C:J10-U11 2005-06-03-16.53.35.683208 R23-M0-N8-C:J10-U11 RAS KERNEL INFO 1615 double-hummer alignment exceptions
- 1117842815 2005.06.03 R23-M0-N8-C:J06-U11 2005-06-03-16.53.35.713530 R23-M0-N8-C:J06-U11 RAS KERNEL INFO 1557 double-hummer alignment exceptions
- 1117842815 2005.06.03 R23-M0-N8-C:J12-U11 2005-06-03-16.53.35.737820 R23-M0-N8-C:J12-U11 RAS KERNEL INFO 1615 double-hummer alignment exceptions
- 1117842815 2005.06.03 R23-M0-N8-C:J14-U01 2005-06-03-16.53.35.773006 R23-M0-N8-C:J14-U01 RAS KERNEL INFO 1455 double-hummer alignment exceptions
- 1117842815 2005.06.03 R23-M0-N8-C:J16-U01 2005-06-03-16.53.35.810131 R23-M0-N8-C:J16-U01 RAS KERNEL INFO 1574 double-hummer alignment exceptions
- 1117842815 2005.06.03 R23-M0-N8-C:J10-U01 2005-06-03-16.53.35.911698 R23-M0-N8-C:J10-U01 RAS KERNEL INFO 1476 double-hummer alignment exceptions
- 1117842815 2005.06.03 R23-M0-N8-C:J12-U01 2005-06-03-16.53.35.976161 R23-M0-N8-C:J12-U01 RAS KERNEL INFO 1515 double-hummer alignment exceptions
- 1117842816 2005.06.03 R23-M0-N8-C:J08-U01 2005-06-03-16.53.36.022281 R23-M0-N8-C:J08-U01 RAS KERNEL INFO 1496 double-hummer alignment exceptions
- 1117842816 2005.06.03 R23-M0-N8-C:J04-U01 2005-06-03-16.53.36.057890 R23-M0-N8-C:J04-U01 RAS KERNEL INFO 1475 double-hummer alignment exceptions
- 1117842816 2005.06.03 R23-M0-N8-C:J06-U01 2005-06-03-16.53.36.089266 R23-M0-N8-C:J06-U01 RAS KERNEL INFO 1433 double-hummer alignment exceptions
- 1117842816 2005.06.03 R23-M0-N8-C:J04-U11 2005-06-03-16.53.36.125881 R23-M0-N8-C:J04-U11 RAS KERNEL INFO 1615 double-hummer alignment exceptions
- 1117842816 2005.06.03 R23-M0-N8-C:J02-U01 2005-06-03-16.53.36.157413 R23-M0-N8-C:J02-U01 RAS KERNEL INFO 1416 double-hummer alignment exceptions
- 1117842816 2005.06.03 R23-M0-N8-C:J02-U11 2005-06-03-16.53.36.186961 R23-M0-N8-C:J02-U11 RAS KERNEL INFO 1454 double-hummer alignment exceptions
- 1117842881 2005.06.03 R20-M1-NB-C:J09-U11 2005-06-03-16.54.41.572255 R20-M1-NB-C:J09-U11 RAS KERNEL INFO 162 double-hummer alignment exceptions
- 1117842881 2005.06.03 R20-M1-NB-C:J15-U11 2005-06-03-16.54.41.696449 R20-M1-NB-C:J15-U11 RAS KERNEL INFO 181 double-hummer alignment exceptions
- 1117842882 2005.06.03 R20-M1-NB-C:J11-U11 2005-06-03-16.54.42.043990 R20-M1-NB-C:J11-U11 RAS KERNEL INFO 182 double-hummer alignment exceptions
- 1117842882 2005.06.03 R20-M1-NB-C:J13-U11 2005-06-03-16.54.42.251407 R20-M1-NB-C:J13-U11 RAS KERNEL INFO 141 double-hummer alignment exceptions
- 1117842882 2005.06.03 R20-M1-NB-C:J17-U11 2005-06-03-16.54.42.581776 R20-M1-NB-C:J17-U11 RAS KERNEL INFO 121 double-hummer alignment exceptions
- 1117842882 2005.06.03 R20-M1-NB-C:J05-U01 2005-06-03-16.54.42.731730 R20-M1-NB-C:J05-U01 RAS KERNEL INFO 182 double-hummer alignment exceptions
- 1117842883 2005.06.03 R20-M1-NB-C:J03-U01 2005-06-03-16.54.43.087833 R20-M1-NB-C:J03-U01 RAS KERNEL INFO 142 double-hummer alignment exceptions
- 1117842883 2005.06.03 R20-M1-NB-C:J05-U11 2005-06-03-16.54.43.237122 R20-M1-NB-C:J05-U11 RAS KERNEL INFO 121 double-hummer alignment exceptions
- 1117842883 2005.06.03 R20-M1-NB-C:J03-U11 2005-06-03-16.54.43.583472 R20-M1-NB-C:J03-U11 RAS KERNEL INFO 161 double-hummer alignment exceptions
- 1117842883 2005.06.03 R20-M1-NB-C:J07-U11 2005-06-03-16.54.43.815616 R20-M1-NB-C:J07-U11 RAS KERNEL INFO 141 double-hummer alignment exceptions
- 1117842884 2005.06.03 R20-M1-NB-C:J15-U01 2005-06-03-16.54.44.075161 R20-M1-NB-C:J15-U01 RAS KERNEL INFO 182 double-hummer alignment exceptions
- 1117842884 2005.06.03 R20-M1-NB-C:J17-U01 2005-06-03-16.54.44.226986 R20-M1-NB-C:J17-U01 RAS KERNEL INFO 242 double-hummer alignment exceptions
- 1117842884 2005.06.03 R20-M1-NB-C:J11-U01 2005-06-03-16.54.44.274185 R20-M1-NB-C:J11-U01 RAS KERNEL INFO 141 double-hummer alignment exceptions
- 1117842884 2005.06.03 R20-M1-NB-C:J07-U01 2005-06-03-16.54.44.629073 R20-M1-NB-C:J07-U01 RAS KERNEL INFO 182 double-hummer alignment exceptions
- 1117842884 2005.06.03 R20-M1-NB-C:J13-U01 2005-06-03-16.54.44.877985 R20-M1-NB-C:J13-U01 RAS KERNEL INFO 121 double-hummer alignment exceptions
- 1117842885 2005.06.03 R20-M1-NB-C:J09-U01 2005-06-03-16.54.45.121120 R20-M1-NB-C:J09-U01 RAS KERNEL INFO 121 double-hummer alignment exceptions
- 1117842885 2005.06.03 R20-M1-NB-C:J16-U11 2005-06-03-16.54.45.270916 R20-M1-NB-C:J16-U11 RAS KERNEL INFO 222 double-hummer alignment exceptions
- 1117842885 2005.06.03 R20-M1-NB-C:J08-U11 2005-06-03-16.54.45.638281 R20-M1-NB-C:J08-U11 RAS KERNEL INFO 182 double-hummer alignment exceptions
- 1117842885 2005.06.03 R20-M1-NB-C:J14-U11 2005-06-03-16.54.45.791858 R20-M1-NB-C:J14-U11 RAS KERNEL INFO 182 double-hummer alignment exceptions
- 1117842886 2005.06.03 R20-M1-NB-C:J10-U11 2005-06-03-16.54.46.145379 R20-M1-NB-C:J10-U11 RAS KERNEL INFO 182 double-hummer alignment exceptions
- 1117842886 2005.06.03 R20-M1-NB-C:J06-U11 2005-06-03-16.54.46.412726 R20-M1-NB-C:J06-U11 RAS KERNEL INFO 182 double-hummer alignment exceptions
- 1117842886 2005.06.03 R20-M1-NB-C:J12-U11 2005-06-03-16.54.46.705147 R20-M1-NB-C:J12-U11 RAS KERNEL INFO 202 double-hummer alignment exceptions
- 1117842886 2005.06.03 R20-M1-NB-C:J14-U01 2005-06-03-16.54.46.841713 R20-M1-NB-C:J14-U01 RAS KERNEL INFO 222 double-hummer alignment exceptions
- 1117842887 2005.06.03 R20-M1-NB-C:J16-U01 2005-06-03-16.54.47.130601 R20-M1-NB-C:J16-U01 RAS KERNEL INFO 182 double-hummer alignment exceptions
- 1117842887 2005.06.03 R20-M1-NB-C:J10-U01 2005-06-03-16.54.47.227389 R20-M1-NB-C:J10-U01 RAS KERNEL INFO 182 double-hummer alignment exceptions
- 1117842887 2005.06.03 R20-M1-NB-C:J12-U01 2005-06-03-16.54.47.336719 R20-M1-NB-C:J12-U01 RAS KERNEL INFO 161 double-hummer alignment exceptions
- 1117842887 2005.06.03 R20-M1-NB-C:J08-U01 2005-06-03-16.54.47.716227 R20-M1-NB-C:J08-U01 RAS KERNEL INFO 202 double-hummer alignment exceptions
- 1117842887 2005.06.03 R20-M1-NB-C:J04-U01 2005-06-03-16.54.47.881776 R20-M1-NB-C:J04-U01 RAS KERNEL INFO 181 double-hummer alignment exceptions
- 1117842888 2005.06.03 R20-M1-NB-C:J06-U01 2005-06-03-16.54.48.213406 R20-M1-NB-C:J06-U01 RAS KERNEL INFO 201 double-hummer alignment exceptions
- 1117842888 2005.06.03 R20-M1-NB-C:J04-U11 2005-06-03-16.54.48.426990 R20-M1-NB-C:J04-U11 RAS KERNEL INFO 242 double-hummer alignment exceptions
- 1117842888 2005.06.03 R20-M1-NB-C:J02-U01 2005-06-03-16.54.48.710237 R20-M1-NB-C:J02-U01 RAS KERNEL INFO 141 double-hummer alignment exceptions
- 1117842888 2005.06.03 R20-M1-NB-C:J02-U11 2005-06-03-16.54.48.847715 R20-M1-NB-C:J02-U11 RAS KERNEL INFO 242 double-hummer alignment exceptions
- 1117842889 2005.06.03 R20-M1-N6-C:J09-U11 2005-06-03-16.54.49.180863 R20-M1-N6-C:J09-U11 RAS KERNEL INFO 183 double-hummer alignment exceptions
- 1117842889 2005.06.03 R20-M1-N6-C:J15-U11 2005-06-03-16.54.49.322370 R20-M1-N6-C:J15-U11 RAS KERNEL INFO 161 double-hummer alignment exceptions
- 1117842889 2005.06.03 R20-M1-N6-C:J11-U11 2005-06-03-16.54.49.428241 R20-M1-N6-C:J11-U11 RAS KERNEL INFO 181 double-hummer alignment exceptions
- 1117842889 2005.06.03 R20-M1-N6-C:J13-U11 2005-06-03-16.54.49.730959 R20-M1-N6-C:J13-U11 RAS KERNEL INFO 162 double-hummer alignment exceptions
- 1117842890 2005.06.03 R20-M1-N6-C:J17-U11 2005-06-03-16.54.50.008615 R20-M1-N6-C:J17-U11 RAS KERNEL INFO 162 double-hummer alignment exceptions
- 1117842890 2005.06.03 R20-M1-N6-C:J05-U01 2005-06-03-16.54.50.212350 R20-M1-N6-C:J05-U01 RAS KERNEL INFO 102 double-hummer alignment exceptions
- 1117842890 2005.06.03 R20-M1-N6-C:J03-U01 2005-06-03-16.54.50.451047 R20-M1-N6-C:J03-U01 RAS KERNEL INFO 201 double-hummer alignment exceptions
- 1117842890 2005.06.03 R20-M1-N6-C:J05-U11 2005-06-03-16.54.50.710321 R20-M1-N6-C:J05-U11 RAS KERNEL INFO 141 double-hummer alignment exceptions
- 1117842890 2005.06.03 R20-M1-N6-C:J03-U11 2005-06-03-16.54.50.902678 R20-M1-N6-C:J03-U11 RAS KERNEL INFO 141 double-hummer alignment exceptions
- 1117842891 2005.06.03 R20-M1-N6-C:J07-U11 2005-06-03-16.54.51.249143 R20-M1-N6-C:J07-U11 RAS KERNEL INFO 161 double-hummer alignment exceptions
- 1117842891 2005.06.03 R20-M1-N6-C:J15-U01 2005-06-03-16.54.51.501087 R20-M1-N6-C:J15-U01 RAS KERNEL INFO 182 double-hummer alignment exceptions
- 1117842891 2005.06.03 R20-M1-N6-C:J17-U01 2005-06-03-16.54.51.761531 R20-M1-N6-C:J17-U01 RAS KERNEL INFO 202 double-hummer alignment exceptions
- 1117842891 2005.06.03 R20-M1-N6-C:J11-U01 2005-06-03-16.54.51.900366 R20-M1-N6-C:J11-U01 RAS KERNEL INFO 222 double-hummer alignment exceptions
- 1117842892 2005.06.03 R20-M1-N6-C:J07-U01 2005-06-03-16.54.52.282062 R20-M1-N6-C:J07-U01 RAS KERNEL INFO 161 double-hummer alignment exceptions
- 1117842892 2005.06.03 R20-M1-N6-C:J13-U01 2005-06-03-16.54.52.343574 R20-M1-N6-C:J13-U01 RAS KERNEL INFO 182 double-hummer alignment exceptions
- 1117842892 2005.06.03 R20-M1-N6-C:J09-U01 2005-06-03-16.54.52.446795 R20-M1-N6-C:J09-U01 RAS KERNEL INFO 182 double-hummer alignment exceptions
- 1117842892 2005.06.03 R20-M1-N6-C:J16-U11 2005-06-03-16.54.52.792675 R20-M1-N6-C:J16-U11 RAS KERNEL INFO 202 double-hummer alignment exceptions
- 1117842892 2005.06.03 R20-M1-N6-C:J08-U11 2005-06-03-16.54.52.961597 R20-M1-N6-C:J08-U11 RAS KERNEL INFO 181 double-hummer alignment exceptions
- 1117842893 2005.06.03 R20-M1-N6-C:J14-U11 2005-06-03-16.54.53.208522 R20-M1-N6-C:J14-U11 RAS KERNEL INFO 162 double-hummer alignment exceptions
- 1117842893 2005.06.03 R20-M1-N6-C:J10-U11 2005-06-03-16.54.53.323313 R20-M1-N6-C:J10-U11 RAS KERNEL INFO 202 double-hummer alignment exceptions
- 1117842893 2005.06.03 R20-M1-N6-C:J06-U11 2005-06-03-16.54.53.462649 R20-M1-N6-C:J06-U11 RAS KERNEL INFO 141 double-hummer alignment exceptions
- 1117842893 2005.06.03 R20-M1-N6-C:J12-U11 2005-06-03-16.54.53.697303 R20-M1-N6-C:J12-U11 RAS KERNEL INFO 161 double-hummer alignment exceptions
- 1117842893 2005.06.03 R20-M1-N6-C:J14-U01 2005-06-03-16.54.53.864999 R20-M1-N6-C:J14-U01 RAS KERNEL INFO 142 double-hummer alignment exceptions
- 1117842893 2005.06.03 R20-M1-N6-C:J16-U01 2005-06-03-16.54.53.938688 R20-M1-N6-C:J16-U01 RAS KERNEL INFO 222 double-hummer alignment exceptions
- 1117842894 2005.06.03 R20-M1-N6-C:J10-U01 2005-06-03-16.54.54.297280 R20-M1-N6-C:J10-U01 RAS KERNEL INFO 161 double-hummer alignment exceptions
- 1117842894 2005.06.03 R20-M1-N6-C:J12-U01 2005-06-03-16.54.54.503146 R20-M1-N6-C:J12-U01 RAS KERNEL INFO 142 double-hummer alignment exceptions
- 1117842894 2005.06.03 R20-M1-N6-C:J08-U01 2005-06-03-16.54.54.795551 R20-M1-N6-C:J08-U01 RAS KERNEL INFO 182 double-hummer alignment exceptions
- 1117842894 2005.06.03 R20-M1-N6-C:J04-U01 2005-06-03-16.54.54.999338 R20-M1-N6-C:J04-U01 RAS KERNEL INFO 182 double-hummer alignment exceptions
- 1117842895 2005.06.03 R20-M1-N6-C:J06-U01 2005-06-03-16.54.55.369182 R20-M1-N6-C:J06-U01 RAS KERNEL INFO 202 double-hummer alignment exceptions
- 1117842895 2005.06.03 R20-M1-N6-C:J04-U11 2005-06-03-16.54.55.487856 R20-M1-N6-C:J04-U11 RAS KERNEL INFO 201 double-hummer alignment exceptions
- 1117842895 2005.06.03 R20-M1-N6-C:J02-U01 2005-06-03-16.54.55.848058 R20-M1-N6-C:J02-U01 RAS KERNEL INFO 182 double-hummer alignment exceptions
- 1117842895 2005.06.03 R20-M1-N6-C:J02-U11 2005-06-03-16.54.55.987417 R20-M1-N6-C:J02-U11 RAS KERNEL INFO 162 double-hummer alignment exceptions
- 1117842896 2005.06.03 R20-M1-NE-C:J09-U11 2005-06-03-16.54.56.353372 R20-M1-NE-C:J09-U11 RAS KERNEL INFO 102 double-hummer alignment exceptions
- 1117842896 2005.06.03 R20-M1-NE-C:J15-U11 2005-06-03-16.54.56.618083 R20-M1-NE-C:J15-U11 RAS KERNEL INFO 101 double-hummer alignment exceptions
- 1117842896 2005.06.03 R20-M1-NE-C:J11-U11 2005-06-03-16.54.56.897541 R20-M1-NE-C:J11-U11 RAS KERNEL INFO 121 double-hummer alignment exceptions
- 1117842897 2005.06.03 R20-M1-NE-C:J13-U11 2005-06-03-16.54.57.017280 R20-M1-NE-C:J13-U11 RAS KERNEL INFO 202 double-hummer alignment exceptions
- 1117842897 2005.06.03 R20-M1-NE-C:J17-U11 2005-06-03-16.54.57.408562 R20-M1-NE-C:J17-U11 RAS KERNEL INFO 182 double-hummer alignment exceptions
- 1117842897 2005.06.03 R20-M1-NE-C:J05-U01 2005-06-03-16.54.57.533354 R20-M1-NE-C:J05-U01 RAS KERNEL INFO 203 double-hummer alignment exceptions
- 1117842897 2005.06.03 R20-M1-NE-C:J03-U01 2005-06-03-16.54.57.778028 R20-M1-NE-C:J03-U01 RAS KERNEL INFO 162 double-hummer alignment exceptions
- 1117842897 2005.06.03 R20-M1-NE-C:J05-U11 2005-06-03-16.54.57.934743 R20-M1-NE-C:J05-U11 RAS KERNEL INFO 181 double-hummer alignment exceptions
- 1117842897 2005.06.03 R20-M1-NE-C:J03-U11 2005-06-03-16.54.57.979898 R20-M1-NE-C:J03-U11 RAS KERNEL INFO 182 double-hummer alignment exceptions
- 1117842898 2005.06.03 R20-M1-NE-C:J07-U11 2005-06-03-16.54.58.397908 R20-M1-NE-C:J07-U11 RAS KERNEL INFO 142 double-hummer alignment exceptions
- 1117842898 2005.06.03 R20-M1-NE-C:J15-U01 2005-06-03-16.54.58.618632 R20-M1-NE-C:J15-U01 RAS KERNEL INFO 181 double-hummer alignment exceptions
- 1117842898 2005.06.03 R20-M1-NE-C:J17-U01 2005-06-03-16.54.58.898571 R20-M1-NE-C:J17-U01 RAS KERNEL INFO 182 double-hummer alignment exceptions
- 1117842899 2005.06.03 R20-M1-NE-C:J11-U01 2005-06-03-16.54.59.243254 R20-M1-NE-C:J11-U01 RAS KERNEL INFO 162 double-hummer alignment exceptions
- 1117842899 2005.06.03 R20-M1-NE-C:J07-U01 2005-06-03-16.54.59.393319 R20-M1-NE-C:J07-U01 RAS KERNEL INFO 101 double-hummer alignment exceptions
- 1117842899 2005.06.03 R20-M1-NE-C:J13-U01 2005-06-03-16.54.59.557520 R20-M1-NE-C:J13-U01 RAS KERNEL INFO 161 double-hummer alignment exceptions
- 1117842899 2005.06.03 R20-M1-NE-C:J09-U01 2005-06-03-16.54.59.900727 R20-M1-NE-C:J09-U01 RAS KERNEL INFO 182 double-hummer alignment exceptions
- 1117842900 2005.06.03 R20-M1-NE-C:J16-U11 2005-06-03-16.55.00.145733 R20-M1-NE-C:J16-U11 RAS KERNEL INFO 202 double-hummer alignment exceptions
- 1117842900 2005.06.03 R20-M1-NE-C:J08-U11 2005-06-03-16.55.00.405987 R20-M1-NE-C:J08-U11 RAS KERNEL INFO 202 double-hummer alignment exceptions
- 1117842900 2005.06.03 R20-M1-NE-C:J14-U11 2005-06-03-16.55.00.597875 R20-M1-NE-C:J14-U11 RAS KERNEL INFO 202 double-hummer alignment exceptions
- 1117842901 2005.06.03 R20-M1-NE-C:J10-U11 2005-06-03-16.55.01.015222 R20-M1-NE-C:J10-U11 RAS KERNEL INFO 222 double-hummer alignment exceptions
- 1117842901 2005.06.03 R20-M1-NE-C:J06-U11 2005-06-03-16.55.01.062161 R20-M1-NE-C:J06-U11 RAS KERNEL INFO 142 double-hummer alignment exceptions
- 1117842901 2005.06.03 R20-M1-NE-C:J12-U11 2005-06-03-16.55.01.403809 R20-M1-NE-C:J12-U11 RAS KERNEL INFO 222 double-hummer alignment exceptions
- 1117842901 2005.06.03 R20-M1-NE-C:J14-U01 2005-06-03-16.55.01.607831 R20-M1-NE-C:J14-U01 RAS KERNEL INFO 222 double-hummer alignment exceptions
- 1117842902 2005.06.03 R20-M1-NE-C:J16-U01 2005-06-03-16.55.02.054162 R20-M1-NE-C:J16-U01 RAS KERNEL INFO 161 double-hummer alignment exceptions
- 1117842902 2005.06.03 R20-M1-NE-C:J10-U01 2005-06-03-16.55.02.116681 R20-M1-NE-C:J10-U01 RAS KERNEL INFO 141 double-hummer alignment exceptions
- 1117842902 2005.06.03 R20-M1-NE-C:J12-U01 2005-06-03-16.55.02.522954 R20-M1-NE-C:J12-U01 RAS KERNEL INFO 181 double-hummer alignment exceptions
- 1117842902 2005.06.03 R20-M1-NE-C:J08-U01 2005-06-03-16.55.02.613046 R20-M1-NE-C:J08-U01 RAS KERNEL INFO 181 double-hummer alignment exceptions
- 1117842903 2005.06.03 R20-M1-NE-C:J04-U01 2005-06-03-16.55.03.019830 R20-M1-NE-C:J04-U01 RAS KERNEL INFO 122 double-hummer alignment exceptions
- 1117842903 2005.06.03 R20-M1-NE-C:J06-U01 2005-06-03-16.55.03.092674 R20-M1-NE-C:J06-U01 RAS KERNEL INFO 142 double-hummer alignment exceptions
- 1117842903 2005.06.03 R20-M1-NE-C:J04-U11 2005-06-03-16.55.03.443431 R20-M1-NE-C:J04-U11 RAS KERNEL INFO 202 double-hummer alignment exceptions
- 1117842903 2005.06.03 R20-M1-NE-C:J02-U01 2005-06-03-16.55.03.576437 R20-M1-NE-C:J02-U01 RAS KERNEL INFO 161 double-hummer alignment exceptions
- 1117842903 2005.06.03 R20-M1-NE-C:J02-U11 2005-06-03-16.55.03.632568 R20-M1-NE-C:J02-U11 RAS KERNEL INFO 142 double-hummer alignment exceptions
- 1117842903 2005.06.03 R20-M1-N7-C:J09-U11 2005-06-03-16.55.03.938001 R20-M1-N7-C:J09-U11 RAS KERNEL INFO 182 double-hummer alignment exceptions
- 1117842904 2005.06.03 R20-M1-N7-C:J15-U11 2005-06-03-16.55.04.039914 R20-M1-N7-C:J15-U11 RAS KERNEL INFO 201 double-hummer alignment exceptions
- 1117842904 2005.06.03 R20-M1-N7-C:J11-U11 2005-06-03-16.55.04.100147 R20-M1-N7-C:J11-U11 RAS KERNEL INFO 161 double-hummer alignment exceptions
- 1117842904 2005.06.03 R20-M1-N7-C:J13-U11 2005-06-03-16.55.04.550673 R20-M1-N7-C:J13-U11 RAS KERNEL INFO 121 double-hummer alignment exceptions
- 1117842904 2005.06.03 R20-M1-N7-C:J17-U11 2005-06-03-16.55.04.609008 R20-M1-N7-C:J17-U11 RAS KERNEL INFO 181 double-hummer alignment exceptions
- 1117842905 2005.06.03 R20-M1-N7-C:J05-U01 2005-06-03-16.55.05.038221 R20-M1-N7-C:J05-U01 RAS KERNEL INFO 162 double-hummer alignment exceptions
- 1117842905 2005.06.03 R20-M1-N7-C:J03-U01 2005-06-03-16.55.05.188869 R20-M1-N7-C:J03-U01 RAS KERNEL INFO 182 double-hummer alignment exceptions
- 1117842905 2005.06.03 R20-M1-N7-C:J05-U11 2005-06-03-16.55.05.560642 R20-M1-N7-C:J05-U11 RAS KERNEL INFO 141 double-hummer alignment exceptions
- 1117842905 2005.06.03 R20-M1-N7-C:J03-U11 2005-06-03-16.55.05.684025 R20-M1-N7-C:J03-U11 RAS KERNEL INFO 182 double-hummer alignment exceptions
- 1117842906 2005.06.03 R20-M1-N7-C:J07-U11 2005-06-03-16.55.06.053333 R20-M1-N7-C:J07-U11 RAS KERNEL INFO 182 double-hummer alignment exceptions
- 1117842906 2005.06.03 R20-M1-N7-C:J15-U01 2005-06-03-16.55.06.289412 R20-M1-N7-C:J15-U01 RAS KERNEL INFO 181 double-hummer alignment exceptions
- 1117842906 2005.06.03 R20-M1-N7-C:J17-U01 2005-06-03-16.55.06.542088 R20-M1-N7-C:J17-U01 RAS KERNEL INFO 242 double-hummer alignment exceptions
- 1117842906 2005.06.03 R20-M1-N7-C:J11-U01 2005-06-03-16.55.06.820906 R20-M1-N7-C:J11-U01 RAS KERNEL INFO 122 double-hummer alignment exceptions
- 1117842907 2005.06.03 R20-M1-N7-C:J07-U01 2005-06-03-16.55.07.048897 R20-M1-N7-C:J07-U01 RAS KERNEL INFO 141 double-hummer alignment exceptions
- 1117842907 2005.06.03 R20-M1-N7-C:J13-U01 2005-06-03-16.55.07.189473 R20-M1-N7-C:J13-U01 RAS KERNEL INFO 142 double-hummer alignment exceptions
- 1117842907 2005.06.03 R20-M1-N7-C:J09-U01 2005-06-03-16.55.07.582244 R20-M1-N7-C:J09-U01 RAS KERNEL INFO 161 double-hummer alignment exceptions
- 1117842907 2005.06.03 R20-M1-N7-C:J16-U11 2005-06-03-16.55.07.889348 R20-M1-N7-C:J16-U11 RAS KERNEL INFO 141 double-hummer alignment exceptions
- 1117842908 2005.06.03 R20-M1-N7-C:J08-U11 2005-06-03-16.55.08.079095 R20-M1-N7-C:J08-U11 RAS KERNEL INFO 181 double-hummer alignment exceptions
- 1117842908 2005.06.03 R20-M1-N7-C:J14-U11 2005-06-03-16.55.08.247458 R20-M1-N7-C:J14-U11 RAS KERNEL INFO 202 double-hummer alignment exceptions
- 1117842908 2005.06.03 R20-M1-N7-C:J10-U11 2005-06-03-16.55.08.572140 R20-M1-N7-C:J10-U11 RAS KERNEL INFO 162 double-hummer alignment exceptions
- 1117842908 2005.06.03 R20-M1-N7-C:J06-U11 2005-06-03-16.55.08.806588 R20-M1-N7-C:J06-U11 RAS KERNEL INFO 162 double-hummer alignment exceptions
- 1117842909 2005.06.03 R20-M1-N7-C:J12-U11 2005-06-03-16.55.09.087187 R20-M1-N7-C:J12-U11 RAS KERNEL INFO 121 double-hummer alignment exceptions
- 1117842909 2005.06.03 R20-M1-N7-C:J14-U01 2005-06-03-16.55.09.312739 R20-M1-N7-C:J14-U01 RAS KERNEL INFO 142 double-hummer alignment exceptions
- 1117842909 2005.06.03 R20-M1-N7-C:J16-U01 2005-06-03-16.55.09.597671 R20-M1-N7-C:J16-U01 RAS KERNEL INFO 202 double-hummer alignment exceptions
- 1117842909 2005.06.03 R20-M1-N7-C:J10-U01 2005-06-03-16.55.09.875437 R20-M1-N7-C:J10-U01 RAS KERNEL INFO 202 double-hummer alignment exceptions
- 1117842910 2005.06.03 R20-M1-N7-C:J12-U01 2005-06-03-16.55.10.110881 R20-M1-N7-C:J12-U01 RAS KERNEL INFO 201 double-hummer alignment exceptions
- 1117842910 2005.06.03 R20-M1-N7-C:J08-U01 2005-06-03-16.55.10.397647 R20-M1-N7-C:J08-U01 RAS KERNEL INFO 142 double-hummer alignment exceptions
- 1117842910 2005.06.03 R20-M1-N7-C:J04-U01 2005-06-03-16.55.10.620154 R20-M1-N7-C:J04-U01 RAS KERNEL INFO 202 double-hummer alignment exceptions
- 1117842910 2005.06.03 R20-M1-N7-C:J06-U01 2005-06-03-16.55.10.825832 R20-M1-N7-C:J06-U01 RAS KERNEL INFO 222 double-hummer alignment exceptions
- 1117842911 2005.06.03 R20-M1-N7-C:J04-U11 2005-06-03-16.55.11.121822 R20-M1-N7-C:J04-U11 RAS KERNEL INFO 161 double-hummer alignment exceptions
- 1117842911 2005.06.03 R20-M1-N7-C:J02-U01 2005-06-03-16.55.11.254451 R20-M1-N7-C:J02-U01 RAS KERNEL INFO 182 double-hummer alignment exceptions
- 1117842911 2005.06.03 R20-M1-N7-C:J02-U11 2005-06-03-16.55.11.648897 R20-M1-N7-C:J02-U11 RAS KERNEL INFO 181 double-hummer alignment exceptions
- 1117842924 2005.06.03 R20-M1-N1-C:J09-U11 2005-06-03-16.55.24.043174 R20-M1-N1-C:J09-U11 RAS KERNEL INFO 162 double-hummer alignment exceptions
- 1117842924 2005.06.03 R20-M1-N1-C:J15-U11 2005-06-03-16.55.24.484149 R20-M1-N1-C:J15-U11 RAS KERNEL INFO 202 double-hummer alignment exceptions
- 1117842924 2005.06.03 R20-M1-N1-C:J11-U11 2005-06-03-16.55.24.552214 R20-M1-N1-C:J11-U11 RAS KERNEL INFO 181 double-hummer alignment exceptions
- 1117842924 2005.06.03 R20-M1-N1-C:J13-U11 2005-06-03-16.55.24.926697 R20-M1-N1-C:J13-U11 RAS KERNEL INFO 182 double-hummer alignment exceptions
- 1117842925 2005.06.03 R20-M1-N1-C:J17-U11 2005-06-03-16.55.25.076543 R20-M1-N1-C:J17-U11 RAS KERNEL INFO 141 double-hummer alignment exceptions
- 1117842925 2005.06.03 R20-M1-N1-C:J05-U01 2005-06-03-16.55.25.436215 R20-M1-N1-C:J05-U01 RAS KERNEL INFO 161 double-hummer alignment exceptions
- 1117842925 2005.06.03 R20-M1-N1-C:J03-U01 2005-06-03-16.55.25.567739 R20-M1-N1-C:J03-U01 RAS KERNEL INFO 142 double-hummer alignment exceptions
- 1117842925 2005.06.03 R20-M1-N1-C:J05-U11 2005-06-03-16.55.25.921297 R20-M1-N1-C:J05-U11 RAS KERNEL INFO 162 double-hummer alignment exceptions
- 1117842926 2005.06.03 R20-M1-N1-C:J03-U11 2005-06-03-16.55.26.098970 R20-M1-N1-C:J03-U11 RAS KERNEL INFO 162 double-hummer alignment exceptions
- 1117842926 2005.06.03 R20-M1-N1-C:J07-U11 2005-06-03-16.55.26.430046 R20-M1-N1-C:J07-U11 RAS KERNEL INFO 122 double-hummer alignment exceptions
- 1117842926 2005.06.03 R20-M1-N1-C:J15-U01 2005-06-03-16.55.26.701051 R20-M1-N1-C:J15-U01 RAS KERNEL INFO 162 double-hummer alignment exceptions
- 1117842926 2005.06.03 R20-M1-N1-C:J17-U01 2005-06-03-16.55.26.929612 R20-M1-N1-C:J17-U01 RAS KERNEL INFO 202 double-hummer alignment exceptions
- 1117842927 2005.06.03 R20-M1-N1-C:J11-U01 2005-06-03-16.55.27.060785 R20-M1-N1-C:J11-U01 RAS KERNEL INFO 142 double-hummer alignment exceptions
- 1117842927 2005.06.03 R20-M1-N1-C:J07-U01 2005-06-03-16.55.27.129200 R20-M1-N1-C:J07-U01 RAS KERNEL INFO 162 double-hummer alignment exceptions
- 1117842927 2005.06.03 R20-M1-N1-C:J13-U01 2005-06-03-16.55.27.461100 R20-M1-N1-C:J13-U01 RAS KERNEL INFO 102 double-hummer alignment exceptions
- 1117842927 2005.06.03 R20-M1-N1-C:J09-U01 2005-06-03-16.55.27.597872 R20-M1-N1-C:J09-U01 RAS KERNEL INFO 182 double-hummer alignment exceptions
- 1117842927 2005.06.03 R20-M1-N1-C:J16-U11 2005-06-03-16.55.27.936050 R20-M1-N1-C:J16-U11 RAS KERNEL INFO 181 double-hummer alignment exceptions
- 1117842928 2005.06.03 R20-M1-N1-C:J08-U11 2005-06-03-16.55.28.141393 R20-M1-N1-C:J08-U11 RAS KERNEL INFO 142 double-hummer alignment exceptions
- 1117842928 2005.06.03 R20-M1-N1-C:J14-U11 2005-06-03-16.55.28.522583 R20-M1-N1-C:J14-U11 RAS KERNEL INFO 161 double-hummer alignment exceptions
- 1117842928 2005.06.03 R20-M1-N1-C:J10-U11 2005-06-03-16.55.28.726035 R20-M1-N1-C:J10-U11 RAS KERNEL INFO 101 double-hummer alignment exceptions
- 1117842929 2005.06.03 R20-M1-N1-C:J06-U11 2005-06-03-16.55.29.032217 R20-M1-N1-C:J06-U11 RAS KERNEL INFO 202 double-hummer alignment exceptions
- 1117842929 2005.06.03 R20-M1-N1-C:J12-U11 2005-06-03-16.55.29.141797 R20-M1-N1-C:J12-U11 RAS KERNEL INFO 182 double-hummer alignment exceptions
- 1117842929 2005.06.03 R20-M1-N1-C:J14-U01 2005-06-03-16.55.29.467870 R20-M1-N1-C:J14-U01 RAS KERNEL INFO 122 double-hummer alignment exceptions
- 1117842929 2005.06.03 R20-M1-N1-C:J16-U01 2005-06-03-16.55.29.609294 R20-M1-N1-C:J16-U01 RAS KERNEL INFO 122 double-hummer alignment exceptions
- 1117842929 2005.06.03 R20-M1-N1-C:J10-U01 2005-06-03-16.55.29.714366 R20-M1-N1-C:J10-U01 RAS KERNEL INFO 181 double-hummer alignment exceptions
- 1117842930 2005.06.03 R20-M1-N1-C:J12-U01 2005-06-03-16.55.30.091919 R20-M1-N1-C:J12-U01 RAS KERNEL INFO 181 double-hummer alignment exceptions
- 1117842930 2005.06.03 R20-M1-N1-C:J08-U01 2005-06-03-16.55.30.130665 R20-M1-N1-C:J08-U01 RAS KERNEL INFO 182 double-hummer alignment exceptions
- 1117842930 2005.06.03 R20-M1-N1-C:J04-U01 2005-06-03-16.55.30.501185 R20-M1-N1-C:J04-U01 RAS KERNEL INFO 121 double-hummer alignment exceptions
- 1117842930 2005.06.03 R20-M1-N1-C:J06-U01 2005-06-03-16.55.30.638830 R20-M1-N1-C:J06-U01 RAS KERNEL INFO 162 double-hummer alignment exceptions
- 1117842931 2005.06.03 R20-M1-N1-C:J04-U11 2005-06-03-16.55.31.016402 R20-M1-N1-C:J04-U11 RAS KERNEL INFO 202 double-hummer alignment exceptions
- 1117842931 2005.06.03 R20-M1-N1-C:J02-U01 2005-06-03-16.55.31.205398 R20-M1-N1-C:J02-U01 RAS KERNEL INFO 181 double-hummer alignment exceptions
- 1117842931 2005.06.03 R20-M1-N1-C:J02-U11 2005-06-03-16.55.31.513669 R20-M1-N1-C:J02-U11 RAS KERNEL INFO 182 double-hummer alignment exceptions
- 1117842931 2005.06.03 R20-M0-N2-C:J09-U11 2005-06-03-16.55.31.714890 R20-M0-N2-C:J09-U11 RAS KERNEL INFO 142 double-hummer alignment exceptions
- 1117842932 2005.06.03 R20-M0-N2-C:J15-U11 2005-06-03-16.55.32.051342 R20-M0-N2-C:J15-U11 RAS KERNEL INFO 122 double-hummer alignment exceptions
- 1117842932 2005.06.03 R20-M0-N2-C:J11-U11 2005-06-03-16.55.32.205117 R20-M0-N2-C:J11-U11 RAS KERNEL INFO 161 double-hummer alignment exceptions
- 1117842932 2005.06.03 R20-M0-N2-C:J13-U11 2005-06-03-16.55.32.553010 R20-M0-N2-C:J13-U11 RAS KERNEL INFO 181 double-hummer alignment exceptions
- 1117842932 2005.06.03 R20-M0-N2-C:J17-U11 2005-06-03-16.55.32.703060 R20-M0-N2-C:J17-U11 RAS KERNEL INFO 122 double-hummer alignment exceptions
- 1117842933 2005.06.03 R20-M0-N2-C:J05-U01 2005-06-03-16.55.33.032149 R20-M0-N2-C:J05-U01 RAS KERNEL INFO 182 double-hummer alignment exceptions
- 1117842933 2005.06.03 R20-M0-N2-C:J03-U01 2005-06-03-16.55.33.180406 R20-M0-N2-C:J03-U01 RAS KERNEL INFO 122 double-hummer alignment exceptions
- 1117842933 2005.06.03 R20-M0-N2-C:J05-U11 2005-06-03-16.55.33.236379 R20-M0-N2-C:J05-U11 RAS KERNEL INFO 162 double-hummer alignment exceptions
- 1117842933 2005.06.03 R20-M0-N2-C:J03-U11 2005-06-03-16.55.33.538023 R20-M0-N2-C:J03-U11 RAS KERNEL INFO 161 double-hummer alignment exceptions
- 1117842933 2005.06.03 R20-M0-N2-C:J07-U11 2005-06-03-16.55.33.734942 R20-M0-N2-C:J07-U11 RAS KERNEL INFO 121 double-hummer alignment exceptions
- 1117842934 2005.06.03 R20-M0-N2-C:J15-U01 2005-06-03-16.55.34.164388 R20-M0-N2-C:J15-U01 RAS KERNEL INFO 122 double-hummer alignment exceptions
- 1117842934 2005.06.03 R20-M0-N2-C:J17-U01 2005-06-03-16.55.34.222210 R20-M0-N2-C:J17-U01 RAS KERNEL INFO 162 double-hummer alignment exceptions
- 1117842934 2005.06.03 R20-M0-N2-C:J11-U01 2005-06-03-16.55.34.508552 R20-M0-N2-C:J11-U01 RAS KERNEL INFO 141 double-hummer alignment exceptions
- 1117842934 2005.06.03 R20-M0-N2-C:J07-U01 2005-06-03-16.55.34.661550 R20-M0-N2-C:J07-U01 RAS KERNEL INFO 161 double-hummer alignment exceptions
- 1117842934 2005.06.03 R20-M0-N2-C:J13-U01 2005-06-03-16.55.34.822925 R20-M0-N2-C:J13-U01 RAS KERNEL INFO 161 double-hummer alignment exceptions
- 1117842935 2005.06.03 R20-M0-N2-C:J09-U01 2005-06-03-16.55.35.030338 R20-M0-N2-C:J09-U01 RAS KERNEL INFO 181 double-hummer alignment exceptions
- 1117842935 2005.06.03 R20-M0-N2-C:J16-U11 2005-06-03-16.55.35.154757 R20-M0-N2-C:J16-U11 RAS KERNEL INFO 182 double-hummer alignment exceptions
- 1117842935 2005.06.03 R20-M0-N2-C:J08-U11 2005-06-03-16.55.35.299790 R20-M0-N2-C:J08-U11 RAS KERNEL INFO 141 double-hummer alignment exceptions
- 1117842935 2005.06.03 R20-M0-N2-C:J14-U11 2005-06-03-16.55.35.509531 R20-M0-N2-C:J14-U11 RAS KERNEL INFO 182 double-hummer alignment exceptions
- 1117842935 2005.06.03 R20-M0-N2-C:J10-U11 2005-06-03-16.55.35.640819 R20-M0-N2-C:J10-U11 RAS KERNEL INFO 121 double-hummer alignment exceptions
- 1117842935 2005.06.03 R20-M0-N2-C:J06-U11 2005-06-03-16.55.35.772881 R20-M0-N2-C:J06-U11 RAS KERNEL INFO 141 double-hummer alignment exceptions
- 1117842936 2005.06.03 R20-M0-N2-C:J12-U11 2005-06-03-16.55.36.131242 R20-M0-N2-C:J12-U11 RAS KERNEL INFO 202 double-hummer alignment exceptions
- 1117842936 2005.06.03 R20-M0-N2-C:J14-U01 2005-06-03-16.55.36.297843 R20-M0-N2-C:J14-U01 RAS KERNEL INFO 182 double-hummer alignment exceptions
- 1117842936 2005.06.03 R20-M0-N2-C:J16-U01 2005-06-03-16.55.36.649533 R20-M0-N2-C:J16-U01 RAS KERNEL INFO 182 double-hummer alignment exceptions
- 1117842936 2005.06.03 R20-M0-N2-C:J10-U01 2005-06-03-16.55.36.793568 R20-M0-N2-C:J10-U01 RAS KERNEL INFO 142 double-hummer alignment exceptions
- 1117842937 2005.06.03 R20-M0-N2-C:J12-U01 2005-06-03-16.55.37.146321 R20-M0-N2-C:J12-U01 RAS KERNEL INFO 182 double-hummer alignment exceptions
- 1117842937 2005.06.03 R20-M0-N2-C:J08-U01 2005-06-03-16.55.37.450456 R20-M0-N2-C:J08-U01 RAS KERNEL INFO 182 double-hummer alignment exceptions
- 1117842937 2005.06.03 R20-M0-N2-C:J04-U01 2005-06-03-16.55.37.665580 R20-M0-N2-C:J04-U01 RAS KERNEL INFO 182 double-hummer alignment exceptions
- 1117842937 2005.06.03 R20-M0-N2-C:J06-U01 2005-06-03-16.55.37.815608 R20-M0-N2-C:J06-U01 RAS KERNEL INFO 162 double-hummer alignment exceptions
- 1117842938 2005.06.03 R20-M0-N2-C:J04-U11 2005-06-03-16.55.38.159379 R20-M0-N2-C:J04-U11 RAS KERNEL INFO 182 double-hummer alignment exceptions
- 1117842938 2005.06.03 R20-M0-N2-C:J02-U01 2005-06-03-16.55.38.415211 R20-M0-N2-C:J02-U01 RAS KERNEL INFO 161 double-hummer alignment exceptions
- 1117842938 2005.06.03 R20-M0-N2-C:J02-U11 2005-06-03-16.55.38.666157 R20-M0-N2-C:J02-U11 RAS KERNEL INFO 182 double-hummer alignment exceptions
- 1117842938 2005.06.03 R20-M0-ND-C:J09-U11 2005-06-03-16.55.38.878571 R20-M0-ND-C:J09-U11 RAS KERNEL INFO 201 double-hummer alignment exceptions
- 1117842939 2005.06.03 R20-M0-ND-C:J15-U11 2005-06-03-16.55.39.157143 R20-M0-ND-C:J15-U11 RAS KERNEL INFO 181 double-hummer alignment exceptions
- 1117842939 2005.06.03 R20-M0-ND-C:J11-U11 2005-06-03-16.55.39.352734 R20-M0-ND-C:J11-U11 RAS KERNEL INFO 162 double-hummer alignment exceptions
- 1117842939 2005.06.03 R20-M0-ND-C:J13-U11 2005-06-03-16.55.39.809538 R20-M0-ND-C:J13-U11 RAS KERNEL INFO 122 double-hummer alignment exceptions
- 1117842939 2005.06.03 R20-M0-ND-C:J17-U11 2005-06-03-16.55.39.876247 R20-M0-ND-C:J17-U11 RAS KERNEL INFO 201 double-hummer alignment exceptions
- 1117842940 2005.06.03 R20-M0-ND-C:J05-U01 2005-06-03-16.55.40.226360 R20-M0-ND-C:J05-U01 RAS KERNEL INFO 142 double-hummer alignment exceptions
- 1117842940 2005.06.03 R20-M0-ND-C:J03-U01 2005-06-03-16.55.40.404693 R20-M0-ND-C:J03-U01 RAS KERNEL INFO 181 double-hummer alignment exceptions
- 1117842940 2005.06.03 R20-M0-ND-C:J05-U11 2005-06-03-16.55.40.691400 R20-M0-ND-C:J05-U11 RAS KERNEL INFO 121 double-hummer alignment exceptions
- 1117842940 2005.06.03 R20-M0-ND-C:J03-U11 2005-06-03-16.55.40.843814 R20-M0-ND-C:J03-U11 RAS KERNEL INFO 202 double-hummer alignment exceptions
- 1117842940 2005.06.03 R20-M0-ND-C:J07-U11 2005-06-03-16.55.40.888727 R20-M0-ND-C:J07-U11 RAS KERNEL INFO 182 double-hummer alignment exceptions
- 1117842941 2005.06.03 R20-M0-ND-C:J15-U01 2005-06-03-16.55.41.214420 R20-M0-ND-C:J15-U01 RAS KERNEL INFO 162 double-hummer alignment exceptions
- 1117842941 2005.06.03 R20-M0-ND-C:J17-U01 2005-06-03-16.55.41.358705 R20-M0-ND-C:J17-U01 RAS KERNEL INFO 182 double-hummer alignment exceptions
- 1117842941 2005.06.03 R20-M0-ND-C:J11-U01 2005-06-03-16.55.41.599793 R20-M0-ND-C:J11-U01 RAS KERNEL INFO 101 double-hummer alignment exceptions
- 1117842941 2005.06.03 R20-M0-ND-C:J07-U01 2005-06-03-16.55.41.622210 R20-M0-ND-C:J07-U01 RAS KERNEL INFO 201 double-hummer alignment exceptions
- 1117842941 2005.06.03 R20-M0-ND-C:J13-U01 2005-06-03-16.55.41.644670 R20-M0-ND-C:J13-U01 RAS KERNEL INFO 182 double-hummer alignment exceptions
- 1117842941 2005.06.03 R20-M0-ND-C:J09-U01 2005-06-03-16.55.41.665924 R20-M0-ND-C:J09-U01 RAS KERNEL INFO 161 double-hummer alignment exceptions
- 1117842941 2005.06.03 R20-M0-ND-C:J16-U11 2005-06-03-16.55.41.686832 R20-M0-ND-C:J16-U11 RAS KERNEL INFO 201 double-hummer alignment exceptions
- 1117842941 2005.06.03 R20-M0-ND-C:J08-U11 2005-06-03-16.55.41.708288 R20-M0-ND-C:J08-U11 RAS KERNEL INFO 202 double-hummer alignment exceptions
- 1117842941 2005.06.03 R20-M0-ND-C:J14-U11 2005-06-03-16.55.41.729266 R20-M0-ND-C:J14-U11 RAS KERNEL INFO 222 double-hummer alignment exceptions
- 1117842941 2005.06.03 R20-M0-ND-C:J10-U11 2005-06-03-16.55.41.971425 R20-M0-ND-C:J10-U11 RAS KERNEL INFO 121 double-hummer alignment exceptions
- 1117842942 2005.06.03 R20-M0-ND-C:J06-U11 2005-06-03-16.55.42.250608 R20-M0-ND-C:J06-U11 RAS KERNEL INFO 222 double-hummer alignment exceptions
- 1117842942 2005.06.03 R20-M0-ND-C:J12-U11 2005-06-03-16.55.42.271607 R20-M0-ND-C:J12-U11 RAS KERNEL INFO 181 double-hummer alignment exceptions
- 1117842942 2005.06.03 R20-M0-ND-C:J14-U01 2005-06-03-16.55.42.292387 R20-M0-ND-C:J14-U01 RAS KERNEL INFO 201 double-hummer alignment exceptions
- 1117842942 2005.06.03 R20-M0-ND-C:J16-U01 2005-06-03-16.55.42.355929 R20-M0-ND-C:J16-U01 RAS KERNEL INFO 161 double-hummer alignment exceptions
- 1117842942 2005.06.03 R20-M0-ND-C:J10-U01 2005-06-03-16.55.42.376930 R20-M0-ND-C:J10-U01 RAS KERNEL INFO 161 double-hummer alignment exceptions
- 1117842942 2005.06.03 R20-M0-ND-C:J12-U01 2005-06-03-16.55.42.397965 R20-M0-ND-C:J12-U01 RAS KERNEL INFO 142 double-hummer alignment exceptions
- 1117842942 2005.06.03 R20-M0-ND-C:J08-U01 2005-06-03-16.55.42.423653 R20-M0-ND-C:J08-U01 RAS KERNEL INFO 202 double-hummer alignment exceptions
- 1117842942 2005.06.03 R20-M0-ND-C:J04-U01 2005-06-03-16.55.42.446331 R20-M0-ND-C:J04-U01 RAS KERNEL INFO 203 double-hummer alignment exceptions
- 1117842942 2005.06.03 R20-M0-ND-C:J06-U01 2005-06-03-16.55.42.558320 R20-M0-ND-C:J06-U01 RAS KERNEL INFO 201 double-hummer alignment exceptions
- 1117842942 2005.06.03 R20-M0-ND-C:J04-U11 2005-06-03-16.55.42.580562 R20-M0-ND-C:J04-U11 RAS KERNEL INFO 162 double-hummer alignment exceptions
- 1117842942 2005.06.03 R20-M0-ND-C:J02-U01 2005-06-03-16.55.42.601388 R20-M0-ND-C:J02-U01 RAS KERNEL INFO 161 double-hummer alignment exceptions
- 1117842942 2005.06.03 R20-M0-ND-C:J02-U11 2005-06-03-16.55.42.622375 R20-M0-ND-C:J02-U11 RAS KERNEL INFO 142 double-hummer alignment exceptions
- 1117842942 2005.06.03 R20-M0-N9-C:J09-U11 2005-06-03-16.55.42.752276 R20-M0-N9-C:J09-U11 RAS KERNEL INFO 183 double-hummer alignment exceptions
- 1117842942 2005.06.03 R20-M0-N9-C:J15-U11 2005-06-03-16.55.42.959242 R20-M0-N9-C:J15-U11 RAS KERNEL INFO 162 double-hummer alignment exceptions
- 1117842943 2005.06.03 R20-M0-N9-C:J11-U11 2005-06-03-16.55.43.272963 R20-M0-N9-C:J11-U11 RAS KERNEL INFO 122 double-hummer alignment exceptions
- 1117842943 2005.06.03 R20-M0-N9-C:J13-U11 2005-06-03-16.55.43.315063 R20-M0-N9-C:J13-U11 RAS KERNEL INFO 162 double-hummer alignment exceptions
- 1117842943 2005.06.03 R20-M0-N9-C:J17-U11 2005-06-03-16.55.43.384486 R20-M0-N9-C:J17-U11 RAS KERNEL INFO 162 double-hummer alignment exceptions
- 1117842943 2005.06.03 R20-M0-N9-C:J05-U01 2005-06-03-16.55.43.412096 R20-M0-N9-C:J05-U01 RAS KERNEL INFO 101 double-hummer alignment exceptions
- 1117842943 2005.06.03 R20-M0-N9-C:J03-U01 2005-06-03-16.55.43.441358 R20-M0-N9-C:J03-U01 RAS KERNEL INFO 121 double-hummer alignment exceptions
- 1117842943 2005.06.03 R20-M0-N9-C:J05-U11 2005-06-03-16.55.43.482979 R20-M0-N9-C:J05-U11 RAS KERNEL INFO 142 double-hummer alignment exceptions
- 1117842943 2005.06.03 R20-M0-N9-C:J03-U11 2005-06-03-16.55.43.599714 R20-M0-N9-C:J03-U11 RAS KERNEL INFO 161 double-hummer alignment exceptions
- 1117842943 2005.06.03 R20-M0-N9-C:J07-U11 2005-06-03-16.55.43.624934 R20-M0-N9-C:J07-U11 RAS KERNEL INFO 101 double-hummer alignment exceptions
- 1117842943 2005.06.03 R20-M0-N9-C:J15-U01 2005-06-03-16.55.43.651622 R20-M0-N9-C:J15-U01 RAS KERNEL INFO 142 double-hummer alignment exceptions
- 1117842943 2005.06.03 R20-M0-N9-C:J17-U01 2005-06-03-16.55.43.677844 R20-M0-N9-C:J17-U01 RAS KERNEL INFO 122 double-hummer alignment exceptions
- 1117842943 2005.06.03 R20-M0-N9-C:J11-U01 2005-06-03-16.55.43.703803 R20-M0-N9-C:J11-U01 RAS KERNEL INFO 141 double-hummer alignment exceptions
- 1117842943 2005.06.03 R20-M0-N9-C:J07-U01 2005-06-03-16.55.43.730069 R20-M0-N9-C:J07-U01 RAS KERNEL INFO 101 double-hummer alignment exceptions
- 1117842943 2005.06.03 R20-M0-N9-C:J13-U01 2005-06-03-16.55.43.756379 R20-M0-N9-C:J13-U01 RAS KERNEL INFO 101 double-hummer alignment exceptions
- 1117842943 2005.06.03 R20-M0-N9-C:J09-U01 2005-06-03-16.55.43.782370 R20-M0-N9-C:J09-U01 RAS KERNEL INFO 121 double-hummer alignment exceptions
- 1117842943 2005.06.03 R20-M0-N9-C:J16-U11 2005-06-03-16.55.43.809093 R20-M0-N9-C:J16-U11 RAS KERNEL INFO 182 double-hummer alignment exceptions
- 1117842943 2005.06.03 R20-M0-N9-C:J08-U11 2005-06-03-16.55.43.849859 R20-M0-N9-C:J08-U11 RAS KERNEL INFO 121 double-hummer alignment exceptions
- 1117842943 2005.06.03 R20-M0-N9-C:J14-U11 2005-06-03-16.55.43.896358 R20-M0-N9-C:J14-U11 RAS KERNEL INFO 161 double-hummer alignment exceptions
- 1117842943 2005.06.03 R20-M0-N9-C:J10-U11 2005-06-03-16.55.43.923338 R20-M0-N9-C:J10-U11 RAS KERNEL INFO 142 double-hummer alignment exceptions
- 1117842943 2005.06.03 R20-M0-N9-C:J06-U11 2005-06-03-16.55.43.949507 R20-M0-N9-C:J06-U11 RAS KERNEL INFO 121 double-hummer alignment exceptions
- 1117842943 2005.06.03 R20-M0-N9-C:J12-U11 2005-06-03-16.55.43.984605 R20-M0-N9-C:J12-U11 RAS KERNEL INFO 122 double-hummer alignment exceptions
- 1117842944 2005.06.03 R20-M0-N9-C:J14-U01 2005-06-03-16.55.44.109626 R20-M0-N9-C:J14-U01 RAS KERNEL INFO 182 double-hummer alignment exceptions
- 1117842944 2005.06.03 R20-M0-N9-C:J16-U01 2005-06-03-16.55.44.136646 R20-M0-N9-C:J16-U01 RAS KERNEL INFO 202 double-hummer alignment exceptions
- 1117842944 2005.06.03 R20-M0-N9-C:J10-U01 2005-06-03-16.55.44.162360 R20-M0-N9-C:J10-U01 RAS KERNEL INFO 182 double-hummer alignment exceptions
- 1117842944 2005.06.03 R20-M0-N9-C:J12-U01 2005-06-03-16.55.44.188886 R20-M0-N9-C:J12-U01 RAS KERNEL INFO 141 double-hummer alignment exceptions
- 1117842944 2005.06.03 R20-M0-N9-C:J08-U01 2005-06-03-16.55.44.215203 R20-M0-N9-C:J08-U01 RAS KERNEL INFO 121 double-hummer alignment exceptions
- 1117842944 2005.06.03 R20-M0-N9-C:J04-U01 2005-06-03-16.55.44.242065 R20-M0-N9-C:J04-U01 RAS KERNEL INFO 162 double-hummer alignment exceptions
- 1117842944 2005.06.03 R20-M0-N9-C:J06-U01 2005-06-03-16.55.44.267082 R20-M0-N9-C:J06-U01 RAS KERNEL INFO 142 double-hummer alignment exceptions
- 1117842944 2005.06.03 R20-M0-N9-C:J04-U11 2005-06-03-16.55.44.292470 R20-M0-N9-C:J04-U11 RAS KERNEL INFO 142 double-hummer alignment exceptions
- 1117842944 2005.06.03 R20-M0-N9-C:J02-U01 2005-06-03-16.55.44.318707 R20-M0-N9-C:J02-U01 RAS KERNEL INFO 142 double-hummer alignment exceptions
- 1117842944 2005.06.03 R20-M0-N9-C:J02-U11 2005-06-03-16.55.44.358347 R20-M0-N9-C:J02-U11 RAS KERNEL INFO 141 double-hummer alignment exceptions
- 1117842944 2005.06.03 R20-M0-N6-C:J09-U11 2005-06-03-16.55.44.404937 R20-M0-N6-C:J09-U11 RAS KERNEL INFO 202 double-hummer alignment exceptions
- 1117842944 2005.06.03 R20-M0-N6-C:J15-U11 2005-06-03-16.55.44.434838 R20-M0-N6-C:J15-U11 RAS KERNEL INFO 122 double-hummer alignment exceptions
- 1117842944 2005.06.03 R20-M0-N6-C:J11-U11 2005-06-03-16.55.44.461558 R20-M0-N6-C:J11-U11 RAS KERNEL INFO 141 double-hummer alignment exceptions
- 1117842944 2005.06.03 R20-M0-N6-C:J13-U11 2005-06-03-16.55.44.494346 R20-M0-N6-C:J13-U11 RAS KERNEL INFO 121 double-hummer alignment exceptions
- 1117842944 2005.06.03 R20-M0-N6-C:J17-U11 2005-06-03-16.55.44.616341 R20-M0-N6-C:J17-U11 RAS KERNEL INFO 161 double-hummer alignment exceptions
- 1117842944 2005.06.03 R20-M0-N6-C:J05-U01 2005-06-03-16.55.44.642683 R20-M0-N6-C:J05-U01 RAS KERNEL INFO 181 double-hummer alignment exceptions
- 1117842944 2005.06.03 R20-M0-N6-C:J03-U01 2005-06-03-16.55.44.677607 R20-M0-N6-C:J03-U01 RAS KERNEL INFO 162 double-hummer alignment exceptions
- 1117842944 2005.06.03 R20-M0-N6-C:J05-U11 2005-06-03-16.55.44.703481 R20-M0-N6-C:J05-U11 RAS KERNEL INFO 182 double-hummer alignment exceptions
- 1117842944 2005.06.03 R20-M0-N6-C:J03-U11 2005-06-03-16.55.44.729358 R20-M0-N6-C:J03-U11 RAS KERNEL INFO 142 double-hummer alignment exceptions
- 1117842944 2005.06.03 R20-M0-N6-C:J07-U11 2005-06-03-16.55.44.755576 R20-M0-N6-C:J07-U11 RAS KERNEL INFO 141 double-hummer alignment exceptions
- 1117842944 2005.06.03 R20-M0-N6-C:J15-U01 2005-06-03-16.55.44.781044 R20-M0-N6-C:J15-U01 RAS KERNEL INFO 202 double-hummer alignment exceptions
- 1117842944 2005.06.03 R20-M0-N6-C:J17-U01 2005-06-03-16.55.44.805583 R20-M0-N6-C:J17-U01 RAS KERNEL INFO 181 double-hummer alignment exceptions
- 1117842944 2005.06.03 R20-M0-N6-C:J11-U01 2005-06-03-16.55.44.832074 R20-M0-N6-C:J11-U01 RAS KERNEL INFO 141 double-hummer alignment exceptions
- 1117842944 2005.06.03 R20-M0-N6-C:J07-U01 2005-06-03-16.55.44.915482 R20-M0-N6-C:J07-U01 RAS KERNEL INFO 142 double-hummer alignment exceptions
- 1117842944 2005.06.03 R20-M0-N6-C:J13-U01 2005-06-03-16.55.44.942170 R20-M0-N6-C:J13-U01 RAS KERNEL INFO 102 double-hummer alignment exceptions
- 1117842944 2005.06.03 R20-M0-N6-C:J09-U01 2005-06-03-16.55.44.969989 R20-M0-N6-C:J09-U01 RAS KERNEL INFO 161 double-hummer alignment exceptions
- 1117842945 2005.06.03 R20-M0-N6-C:J16-U11 2005-06-03-16.55.45.004676 R20-M0-N6-C:J16-U11 RAS KERNEL INFO 141 double-hummer alignment exceptions
- 1117842945 2005.06.03 R20-M0-N6-C:J08-U11 2005-06-03-16.55.45.129845 R20-M0-N6-C:J08-U11 RAS KERNEL INFO 161 double-hummer alignment exceptions
- 1117842945 2005.06.03 R20-M0-N6-C:J14-U11 2005-06-03-16.55.45.156203 R20-M0-N6-C:J14-U11 RAS KERNEL INFO 181 double-hummer alignment exceptions
- 1117842945 2005.06.03 R20-M0-N6-C:J10-U11 2005-06-03-16.55.45.184064 R20-M0-N6-C:J10-U11 RAS KERNEL INFO 161 double-hummer alignment exceptions
- 1117842945 2005.06.03 R20-M0-N6-C:J06-U11 2005-06-03-16.55.45.210577 R20-M0-N6-C:J06-U11 RAS KERNEL INFO 162 double-hummer alignment exceptions
- 1117842945 2005.06.03 R20-M0-N6-C:J12-U11 2005-06-03-16.55.45.237590 R20-M0-N6-C:J12-U11 RAS KERNEL INFO 141 double-hummer alignment exceptions
- 1117842945 2005.06.03 R20-M0-N6-C:J14-U01 2005-06-03-16.55.45.264358 R20-M0-N6-C:J14-U01 RAS KERNEL INFO 202 double-hummer alignment exceptions
- 1117842945 2005.06.03 R20-M0-N6-C:J16-U01 2005-06-03-16.55.45.291358 R20-M0-N6-C:J16-U01 RAS KERNEL INFO 121 double-hummer alignment exceptions
- 1117842945 2005.06.03 R20-M0-N6-C:J10-U01 2005-06-03-16.55.45.317386 R20-M0-N6-C:J10-U01 RAS KERNEL INFO 142 double-hummer alignment exceptions
- 1117842945 2005.06.03 R20-M0-N6-C:J12-U01 2005-06-03-16.55.45.346070 R20-M0-N6-C:J12-U01 RAS KERNEL INFO 181 double-hummer alignment exceptions
- 1117842945 2005.06.03 R20-M0-N6-C:J08-U01 2005-06-03-16.55.45.426753 R20-M0-N6-C:J08-U01 RAS KERNEL INFO 182 double-hummer alignment exceptions
- 1117842945 2005.06.03 R20-M0-N6-C:J04-U01 2005-06-03-16.55.45.454355 R20-M0-N6-C:J04-U01 RAS KERNEL INFO 121 double-hummer alignment exceptions
- 1117842945 2005.06.03 R20-M0-N6-C:J06-U01 2005-06-03-16.55.45.482953 R20-M0-N6-C:J06-U01 RAS KERNEL INFO 141 double-hummer alignment exceptions
- 1117842945 2005.06.03 R20-M0-N6-C:J04-U11 2005-06-03-16.55.45.511602 R20-M0-N6-C:J04-U11 RAS KERNEL INFO 182 double-hummer alignment exceptions
- 1117842945 2005.06.03 R20-M0-N6-C:J02-U01 2005-06-03-16.55.45.640470 R20-M0-N6-C:J02-U01 RAS KERNEL INFO 141 double-hummer alignment exceptions
- 1117842945 2005.06.03 R20-M0-N6-C:J02-U11 2005-06-03-16.55.45.673760 R20-M0-N6-C:J02-U11 RAS KERNEL INFO 141 double-hummer alignment exceptions
- 1117842945 2005.06.03 R20-M1-N2-C:J09-U11 2005-06-03-16.55.45.700293 R20-M1-N2-C:J09-U11 RAS KERNEL INFO 161 double-hummer alignment exceptions
- 1117842945 2005.06.03 R20-M1-N2-C:J15-U11 2005-06-03-16.55.45.727231 R20-M1-N2-C:J15-U11 RAS KERNEL INFO 202 double-hummer alignment exceptions
- 1117842945 2005.06.03 R20-M1-N2-C:J11-U11 2005-06-03-16.55.45.754658 R20-M1-N2-C:J11-U11 RAS KERNEL INFO 182 double-hummer alignment exceptions
- 1117842945 2005.06.03 R20-M1-N2-C:J13-U11 2005-06-03-16.55.45.779474 R20-M1-N2-C:J13-U11 RAS KERNEL INFO 162 double-hummer alignment exceptions
- 1117842945 2005.06.03 R20-M1-N2-C:J17-U11 2005-06-03-16.55.45.989557 R20-M1-N2-C:J17-U11 RAS KERNEL INFO 162 double-hummer alignment exceptions
- 1117842946 2005.06.03 R20-M1-N2-C:J05-U01 2005-06-03-16.55.46.033133 R20-M1-N2-C:J05-U01 RAS KERNEL INFO 162 double-hummer alignment exceptions
- 1117842946 2005.06.03 R20-M1-N2-C:J03-U01 2005-06-03-16.55.46.158053 R20-M1-N2-C:J03-U01 RAS KERNEL INFO 182 double-hummer alignment exceptions
- 1117842946 2005.06.03 R20-M1-N2-C:J05-U11 2005-06-03-16.55.46.180498 R20-M1-N2-C:J05-U11 RAS KERNEL INFO 142 double-hummer alignment exceptions
- 1117842946 2005.06.03 R20-M1-N2-C:J03-U11 2005-06-03-16.55.46.202209 R20-M1-N2-C:J03-U11 RAS KERNEL INFO 181 double-hummer alignment exceptions
- 1117842946 2005.06.03 R20-M1-N2-C:J07-U11 2005-06-03-16.55.46.223254 R20-M1-N2-C:J07-U11 RAS KERNEL INFO 182 double-hummer alignment exceptions
- 1117842946 2005.06.03 R20-M1-N2-C:J15-U01 2005-06-03-16.55.46.244310 R20-M1-N2-C:J15-U01 RAS KERNEL INFO 222 double-hummer alignment exceptions
- 1117842946 2005.06.03 R20-M1-N2-C:J17-U01 2005-06-03-16.55.46.266089 R20-M1-N2-C:J17-U01 RAS KERNEL INFO 141 double-hummer alignment exceptions
- 1117842946 2005.06.03 R20-M1-N2-C:J11-U01 2005-06-03-16.55.46.287064 R20-M1-N2-C:J11-U01 RAS KERNEL INFO 202 double-hummer alignment exceptions
- 1117842946 2005.06.03 R20-M1-N2-C:J07-U01 2005-06-03-16.55.46.308367 R20-M1-N2-C:J07-U01 RAS KERNEL INFO 141 double-hummer alignment exceptions
- 1117842946 2005.06.03 R20-M1-N2-C:J13-U01 2005-06-03-16.55.46.336893 R20-M1-N2-C:J13-U01 RAS KERNEL INFO 202 double-hummer alignment exceptions
- 1117842946 2005.06.03 R20-M1-N2-C:J09-U01 2005-06-03-16.55.46.362124 R20-M1-N2-C:J09-U01 RAS KERNEL INFO 141 double-hummer alignment exceptions
- 1117842946 2005.06.03 R20-M1-N2-C:J16-U11 2005-06-03-16.55.46.439598 R20-M1-N2-C:J16-U11 RAS KERNEL INFO 182 double-hummer alignment exceptions
- 1117842946 2005.06.03 R20-M1-N2-C:J08-U11 2005-06-03-16.55.46.462005 R20-M1-N2-C:J08-U11 RAS KERNEL INFO 161 double-hummer alignment exceptions
- 1117842946 2005.06.03 R20-M1-N2-C:J14-U11 2005-06-03-16.55.46.678203 R20-M1-N2-C:J14-U11 RAS KERNEL INFO 141 double-hummer alignment exceptions
- 1117842946 2005.06.03 R20-M1-N2-C:J10-U11 2005-06-03-16.55.46.700434 R20-M1-N2-C:J10-U11 RAS KERNEL INFO 141 double-hummer alignment exceptions
- 1117842946 2005.06.03 R20-M1-N2-C:J06-U11 2005-06-03-16.55.46.721426 R20-M1-N2-C:J06-U11 RAS KERNEL INFO 181 double-hummer alignment exceptions
- 1117842946 2005.06.03 R20-M1-N2-C:J12-U11 2005-06-03-16.55.46.745196 R20-M1-N2-C:J12-U11 RAS KERNEL INFO 182 double-hummer alignment exceptions
- 1117842946 2005.06.03 R20-M1-N2-C:J14-U01 2005-06-03-16.55.46.769305 R20-M1-N2-C:J14-U01 RAS KERNEL INFO 181 double-hummer alignment exceptions
- 1117842946 2005.06.03 R20-M1-N2-C:J16-U01 2005-06-03-16.55.46.791455 R20-M1-N2-C:J16-U01 RAS KERNEL INFO 202 double-hummer alignment exceptions
- 1117842946 2005.06.03 R20-M1-N2-C:J10-U01 2005-06-03-16.55.46.818007 R20-M1-N2-C:J10-U01 RAS KERNEL INFO 181 double-hummer alignment exceptions
- 1117842946 2005.06.03 R20-M1-N2-C:J12-U01 2005-06-03-16.55.46.842826 R20-M1-N2-C:J12-U01 RAS KERNEL INFO 141 double-hummer alignment exceptions
- 1117842946 2005.06.03 R20-M1-N2-C:J08-U01 2005-06-03-16.55.46.868414 R20-M1-N2-C:J08-U01 RAS KERNEL INFO 201 double-hummer alignment exceptions
- 1117842946 2005.06.03 R20-M1-N2-C:J04-U01 2005-06-03-16.55.46.889412 R20-M1-N2-C:J04-U01 RAS KERNEL INFO 202 double-hummer alignment exceptions
- 1117842946 2005.06.03 R20-M1-N2-C:J06-U01 2005-06-03-16.55.46.910555 R20-M1-N2-C:J06-U01 RAS KERNEL INFO 181 double-hummer alignment exceptions
- 1117842946 2005.06.03 R20-M1-N2-C:J04-U11 2005-06-03-16.55.46.937557 R20-M1-N2-C:J04-U11 RAS KERNEL INFO 181 double-hummer alignment exceptions
- 1117842946 2005.06.03 R20-M1-N2-C:J02-U01 2005-06-03-16.55.46.958642 R20-M1-N2-C:J02-U01 RAS KERNEL INFO 202 double-hummer alignment exceptions
- 1117842947 2005.06.03 R20-M1-N2-C:J02-U11 2005-06-03-16.55.47.181969 R20-M1-N2-C:J02-U11 RAS KERNEL INFO 142 double-hummer alignment exceptions
- 1117842947 2005.06.03 R20-M0-NE-C:J09-U11 2005-06-03-16.55.47.208059 R20-M0-NE-C:J09-U11 RAS KERNEL INFO 162 double-hummer alignment exceptions
- 1117842947 2005.06.03 R20-M0-NE-C:J15-U11 2005-06-03-16.55.47.231457 R20-M0-NE-C:J15-U11 RAS KERNEL INFO 142 double-hummer alignment exceptions
- 1117842947 2005.06.03 R20-M0-NE-C:J11-U11 2005-06-03-16.55.47.254234 R20-M0-NE-C:J11-U11 RAS KERNEL INFO 142 double-hummer alignment exceptions
- 1117842947 2005.06.03 R20-M0-NE-C:J13-U11 2005-06-03-16.55.47.280397 R20-M0-NE-C:J13-U11 RAS KERNEL INFO 182 double-hummer alignment exceptions
- 1117842947 2005.06.03 R20-M0-NE-C:J17-U11 2005-06-03-16.55.47.308681 R20-M0-NE-C:J17-U11 RAS KERNEL INFO 162 double-hummer alignment exceptions
- 1117842947 2005.06.03 R20-M0-NE-C:J05-U01 2005-06-03-16.55.47.331439 R20-M0-NE-C:J05-U01 RAS KERNEL INFO 142 double-hummer alignment exceptions
- 1117842947 2005.06.03 R20-M0-NE-C:J03-U01 2005-06-03-16.55.47.352493 R20-M0-NE-C:J03-U01 RAS KERNEL INFO 141 double-hummer alignment exceptions
- 1117842947 2005.06.03 R20-M0-NE-C:J05-U11 2005-06-03-16.55.47.383649 R20-M0-NE-C:J05-U11 RAS KERNEL INFO 182 double-hummer alignment exceptions
- 1117842947 2005.06.03 R20-M0-NE-C:J03-U11 2005-06-03-16.55.47.407051 R20-M0-NE-C:J03-U11 RAS KERNEL INFO 122 double-hummer alignment exceptions
- 1117842947 2005.06.03 R20-M0-NE-C:J07-U11 2005-06-03-16.55.47.431977 R20-M0-NE-C:J07-U11 RAS KERNEL INFO 142 double-hummer alignment exceptions
- 1117842947 2005.06.03 R20-M0-NE-C:J15-U01 2005-06-03-16.55.47.456414 R20-M0-NE-C:J15-U01 RAS KERNEL INFO 162 double-hummer alignment exceptions
- 1117842947 2005.06.03 R20-M0-NE-C:J17-U01 2005-06-03-16.55.47.483156 R20-M0-NE-C:J17-U01 RAS KERNEL INFO 162 double-hummer alignment exceptions
- 1117842947 2005.06.03 R20-M0-NE-C:J11-U01 2005-06-03-16.55.47.518635 R20-M0-NE-C:J11-U01 RAS KERNEL INFO 161 double-hummer alignment exceptions
- 1117842947 2005.06.03 R20-M0-NE-C:J07-U01 2005-06-03-16.55.47.552880 R20-M0-NE-C:J07-U01 RAS KERNEL INFO 142 double-hummer alignment exceptions
- 1117842947 2005.06.03 R20-M0-NE-C:J13-U01 2005-06-03-16.55.47.680338 R20-M0-NE-C:J13-U01 RAS KERNEL INFO 182 double-hummer alignment exceptions
- 1117842947 2005.06.03 R20-M0-NE-C:J09-U01 2005-06-03-16.55.47.703110 R20-M0-NE-C:J09-U01 RAS KERNEL INFO 182 double-hummer alignment exceptions
- 1117842947 2005.06.03 R20-M0-NE-C:J16-U11 2005-06-03-16.55.47.727045 R20-M0-NE-C:J16-U11 RAS KERNEL INFO 122 double-hummer alignment exceptions
- 1117842947 2005.06.03 R20-M0-NE-C:J08-U11 2005-06-03-16.55.47.749587 R20-M0-NE-C:J08-U11 RAS KERNEL INFO 161 double-hummer alignment exceptions
- 1117842947 2005.06.03 R20-M0-NE-C:J14-U11 2005-06-03-16.55.47.773189 R20-M0-NE-C:J14-U11 RAS KERNEL INFO 121 double-hummer alignment exceptions
- 1117842947 2005.06.03 R20-M0-NE-C:J10-U11 2005-06-03-16.55.47.799136 R20-M0-NE-C:J10-U11 RAS KERNEL INFO 161 double-hummer alignment exceptions
- 1117842947 2005.06.03 R20-M0-NE-C:J06-U11 2005-06-03-16.55.47.824193 R20-M0-NE-C:J06-U11 RAS KERNEL INFO 162 double-hummer alignment exceptions
- 1117842947 2005.06.03 R20-M0-NE-C:J12-U11 2005-06-03-16.55.47.846948 R20-M0-NE-C:J12-U11 RAS KERNEL INFO 122 double-hummer alignment exceptions
- 1117842947 2005.06.03 R20-M0-NE-C:J14-U01 2005-06-03-16.55.47.877284 R20-M0-NE-C:J14-U01 RAS KERNEL INFO 121 double-hummer alignment exceptions
- 1117842947 2005.06.03 R20-M0-NE-C:J16-U01 2005-06-03-16.55.47.900229 R20-M0-NE-C:J16-U01 RAS KERNEL INFO 141 double-hummer alignment exceptions
- 1117842947 2005.06.03 R20-M0-NE-C:J10-U01 2005-06-03-16.55.47.923246 R20-M0-NE-C:J10-U01 RAS KERNEL INFO 121 double-hummer alignment exceptions
- 1117842947 2005.06.03 R20-M0-NE-C:J12-U01 2005-06-03-16.55.47.945037 R20-M0-NE-C:J12-U01 RAS KERNEL INFO 182 double-hummer alignment exceptions
- 1117842947 2005.06.03 R20-M0-NE-C:J08-U01 2005-06-03-16.55.47.966608 R20-M0-NE-C:J08-U01 RAS KERNEL INFO 141 double-hummer alignment exceptions
- 1117842948 2005.06.03 R20-M0-NE-C:J04-U01 2005-06-03-16.55.48.002882 R20-M0-NE-C:J04-U01 RAS KERNEL INFO 142 double-hummer alignment exceptions
- 1117842948 2005.06.03 R20-M0-NE-C:J06-U01 2005-06-03-16.55.48.026694 R20-M0-NE-C:J06-U01 RAS KERNEL INFO 182 double-hummer alignment exceptions
- 1117842948 2005.06.03 R20-M0-NE-C:J04-U11 2005-06-03-16.55.48.061639 R20-M0-NE-C:J04-U11 RAS KERNEL INFO 162 double-hummer alignment exceptions
- 1117842948 2005.06.03 R20-M0-NE-C:J02-U01 2005-06-03-16.55.48.190769 R20-M0-NE-C:J02-U01 RAS KERNEL INFO 101 double-hummer alignment exceptions
- 1117842948 2005.06.03 R20-M0-NE-C:J02-U11 2005-06-03-16.55.48.215322 R20-M0-NE-C:J02-U11 RAS KERNEL INFO 101 double-hummer alignment exceptions
- 1117842951 2005.06.03 R20-M1-N5-C:J09-U11 2005-06-03-16.55.51.352467 R20-M1-N5-C:J09-U11 RAS KERNEL INFO 182 double-hummer alignment exceptions
- 1117842951 2005.06.03 R20-M1-N5-C:J15-U11 2005-06-03-16.55.51.414532 R20-M1-N5-C:J15-U11 RAS KERNEL INFO 202 double-hummer alignment exceptions
- 1117842951 2005.06.03 R20-M1-N5-C:J11-U11 2005-06-03-16.55.51.437171 R20-M1-N5-C:J11-U11 RAS KERNEL INFO 182 double-hummer alignment exceptions
- 1117842951 2005.06.03 R20-M1-N5-C:J13-U11 2005-06-03-16.55.51.458385 R20-M1-N5-C:J13-U11 RAS KERNEL INFO 101 double-hummer alignment exceptions
- 1117842951 2005.06.03 R20-M1-N5-C:J17-U11 2005-06-03-16.55.51.483288 R20-M1-N5-C:J17-U11 RAS KERNEL INFO 121 double-hummer alignment exceptions
- 1117842951 2005.06.03 R20-M1-N5-C:J05-U01 2005-06-03-16.55.51.504619 R20-M1-N5-C:J05-U01 RAS KERNEL INFO 162 double-hummer alignment exceptions
- 1117842951 2005.06.03 R20-M1-N5-C:J03-U01 2005-06-03-16.55.51.525732 R20-M1-N5-C:J03-U01 RAS KERNEL INFO 142 double-hummer alignment exceptions
- 1117842951 2005.06.03 R20-M1-N5-C:J05-U11 2005-06-03-16.55.51.558400 R20-M1-N5-C:J05-U11 RAS KERNEL INFO 161 double-hummer alignment exceptions
- 1117842951 2005.06.03 R20-M1-N5-C:J03-U11 2005-06-03-16.55.51.580139 R20-M1-N5-C:J03-U11 RAS KERNEL INFO 181 double-hummer alignment exceptions
- 1117842951 2005.06.03 R20-M1-N5-C:J07-U11 2005-06-03-16.55.51.611247 R20-M1-N5-C:J07-U11 RAS KERNEL INFO 201 double-hummer alignment exceptions
- 1117842951 2005.06.03 R20-M1-N5-C:J15-U01 2005-06-03-16.55.51.636749 R20-M1-N5-C:J15-U01 RAS KERNEL INFO 142 double-hummer alignment exceptions
- 1117842951 2005.06.03 R20-M1-N5-C:J17-U01 2005-06-03-16.55.51.753954 R20-M1-N5-C:J17-U01 RAS KERNEL INFO 102 double-hummer alignment exceptions
- 1117842951 2005.06.03 R20-M1-N5-C:J11-U01 2005-06-03-16.55.51.776714 R20-M1-N5-C:J11-U01 RAS KERNEL INFO 142 double-hummer alignment exceptions
- 1117842951 2005.06.03 R20-M1-N5-C:J07-U01 2005-06-03-16.55.51.799488 R20-M1-N5-C:J07-U01 RAS KERNEL INFO 202 double-hummer alignment exceptions
- 1117842951 2005.06.03 R20-M1-N5-C:J13-U01 2005-06-03-16.55.51.821094 R20-M1-N5-C:J13-U01 RAS KERNEL INFO 162 double-hummer alignment exceptions
- 1117842951 2005.06.03 R20-M1-N5-C:J09-U01 2005-06-03-16.55.51.843187 R20-M1-N5-C:J09-U01 RAS KERNEL INFO 182 double-hummer alignment exceptions
- 1117842951 2005.06.03 R20-M1-N5-C:J16-U11 2005-06-03-16.55.51.864349 R20-M1-N5-C:J16-U11 RAS KERNEL INFO 203 double-hummer alignment exceptions
- 1117842951 2005.06.03 R20-M1-N5-C:J08-U11 2005-06-03-16.55.51.929974 R20-M1-N5-C:J08-U11 RAS KERNEL INFO 202 double-hummer alignment exceptions
- 1117842951 2005.06.03 R20-M1-N5-C:J14-U11 2005-06-03-16.55.51.955295 R20-M1-N5-C:J14-U11 RAS KERNEL INFO 182 double-hummer alignment exceptions
- 1117842951 2005.06.03 R20-M1-N5-C:J10-U11 2005-06-03-16.55.51.980308 R20-M1-N5-C:J10-U11 RAS KERNEL INFO 162 double-hummer alignment exceptions
- 1117842952 2005.06.03 R20-M1-N5-C:J06-U11 2005-06-03-16.55.52.001876 R20-M1-N5-C:J06-U11 RAS KERNEL INFO 181 double-hummer alignment exceptions
- 1117842952 2005.06.03 R20-M1-N5-C:J12-U11 2005-06-03-16.55.52.024265 R20-M1-N5-C:J12-U11 RAS KERNEL INFO 162 double-hummer alignment exceptions
- 1117842952 2005.06.03 R20-M1-N5-C:J14-U01 2005-06-03-16.55.52.047879 R20-M1-N5-C:J14-U01 RAS KERNEL INFO 161 double-hummer alignment exceptions
- 1117842952 2005.06.03 R20-M1-N5-C:J16-U01 2005-06-03-16.55.52.069343 R20-M1-N5-C:J16-U01 RAS KERNEL INFO 181 double-hummer alignment exceptions
- 1117842952 2005.06.03 R20-M1-N5-C:J10-U01 2005-06-03-16.55.52.090713 R20-M1-N5-C:J10-U01 RAS KERNEL INFO 122 double-hummer alignment exceptions
- 1117842952 2005.06.03 R20-M1-N5-C:J12-U01 2005-06-03-16.55.52.132982 R20-M1-N5-C:J12-U01 RAS KERNEL INFO 182 double-hummer alignment exceptions
- 1117842952 2005.06.03 R20-M1-N5-C:J08-U01 2005-06-03-16.55.52.258548 R20-M1-N5-C:J08-U01 RAS KERNEL INFO 182 double-hummer alignment exceptions
- 1117842952 2005.06.03 R20-M1-N5-C:J04-U01 2005-06-03-16.55.52.280324 R20-M1-N5-C:J04-U01 RAS KERNEL INFO 101 double-hummer alignment exceptions
- 1117842952 2005.06.03 R20-M1-N5-C:J06-U01 2005-06-03-16.55.52.302303 R20-M1-N5-C:J06-U01 RAS KERNEL INFO 122 double-hummer alignment exceptions
- 1117842952 2005.06.03 R20-M1-N5-C:J04-U11 2005-06-03-16.55.52.325699 R20-M1-N5-C:J04-U11 RAS KERNEL INFO 202 double-hummer alignment exceptions
- 1117842952 2005.06.03 R20-M1-N5-C:J02-U01 2005-06-03-16.55.52.347048 R20-M1-N5-C:J02-U01 RAS KERNEL INFO 121 double-hummer alignment exceptions
- 1117842952 2005.06.03 R20-M1-N5-C:J02-U11 2005-06-03-16.55.52.368624 R20-M1-N5-C:J02-U11 RAS KERNEL INFO 162 double-hummer alignment exceptions
- 1117842952 2005.06.03 R20-M1-NA-C:J09-U11 2005-06-03-16.55.52.440180 R20-M1-NA-C:J09-U11 RAS KERNEL INFO 101 double-hummer alignment exceptions
- 1117842952 2005.06.03 R20-M1-NA-C:J15-U11 2005-06-03-16.55.52.466306 R20-M1-NA-C:J15-U11 RAS KERNEL INFO 161 double-hummer alignment exceptions
- 1117842952 2005.06.03 R20-M1-NA-C:J11-U11 2005-06-03-16.55.52.495396 R20-M1-NA-C:J11-U11 RAS KERNEL INFO 121 double-hummer alignment exceptions
- 1117842952 2005.06.03 R20-M1-NA-C:J13-U11 2005-06-03-16.55.52.517309 R20-M1-NA-C:J13-U11 RAS KERNEL INFO 182 double-hummer alignment exceptions
- 1117842952 2005.06.03 R20-M1-NA-C:J17-U11 2005-06-03-16.55.52.539068 R20-M1-NA-C:J17-U11 RAS KERNEL INFO 223 double-hummer alignment exceptions
- 1117842952 2005.06.03 R20-M1-NA-C:J05-U01 2005-06-03-16.55.52.561017 R20-M1-NA-C:J05-U01 RAS KERNEL INFO 182 double-hummer alignment exceptions
- 1117842952 2005.06.03 R20-M1-NA-C:J03-U01 2005-06-03-16.55.52.582868 R20-M1-NA-C:J03-U01 RAS KERNEL INFO 141 double-hummer alignment exceptions
- 1117842952 2005.06.03 R20-M1-NA-C:J05-U11 2005-06-03-16.55.52.604183 R20-M1-NA-C:J05-U11 RAS KERNEL INFO 162 double-hummer alignment exceptions
- 1117842952 2005.06.03 R20-M1-NA-C:J03-U11 2005-06-03-16.55.52.645196 R20-M1-NA-C:J03-U11 RAS KERNEL INFO 161 double-hummer alignment exceptions
- 1117842952 2005.06.03 R20-M1-NA-C:J07-U11 2005-06-03-16.55.52.769944 R20-M1-NA-C:J07-U11 RAS KERNEL INFO 182 double-hummer alignment exceptions
- 1117842952 2005.06.03 R20-M1-NA-C:J15-U01 2005-06-03-16.55.52.793189 R20-M1-NA-C:J15-U01 RAS KERNEL INFO 203 double-hummer alignment exceptions
- 1117842952 2005.06.03 R20-M1-NA-C:J17-U01 2005-06-03-16.55.52.814476 R20-M1-NA-C:J17-U01 RAS KERNEL INFO 161 double-hummer alignment exceptions
- 1117842952 2005.06.03 R20-M1-NA-C:J11-U01 2005-06-03-16.55.52.835598 R20-M1-NA-C:J11-U01 RAS KERNEL INFO 202 double-hummer alignment exceptions
- 1117842952 2005.06.03 R20-M1-NA-C:J07-U01 2005-06-03-16.55.52.857449 R20-M1-NA-C:J07-U01 RAS KERNEL INFO 142 double-hummer alignment exceptions
- 1117842952 2005.06.03 R20-M1-NA-C:J13-U01 2005-06-03-16.55.52.879662 R20-M1-NA-C:J13-U01 RAS KERNEL INFO 142 double-hummer alignment exceptions
- 1117842952 2005.06.03 R20-M1-NA-C:J09-U01 2005-06-03-16.55.52.952024 R20-M1-NA-C:J09-U01 RAS KERNEL INFO 122 double-hummer alignment exceptions
- 1117842952 2005.06.03 R20-M1-NA-C:J16-U11 2005-06-03-16.55.52.977693 R20-M1-NA-C:J16-U11 RAS KERNEL INFO 121 double-hummer alignment exceptions
- 1117842953 2005.06.03 R20-M1-NA-C:J08-U11 2005-06-03-16.55.53.047153 R20-M1-NA-C:J08-U11 RAS KERNEL INFO 182 double-hummer alignment exceptions
- 1117842953 2005.06.03 R20-M1-NA-C:J14-U11 2005-06-03-16.55.53.071002 R20-M1-NA-C:J14-U11 RAS KERNEL INFO 201 double-hummer alignment exceptions
- 1117842953 2005.06.03 R20-M1-NA-C:J10-U11 2005-06-03-16.55.53.093122 R20-M1-NA-C:J10-U11 RAS KERNEL INFO 221 double-hummer alignment exceptions
- 1117842953 2005.06.03 R20-M1-NA-C:J06-U11 2005-06-03-16.55.53.115008 R20-M1-NA-C:J06-U11 RAS KERNEL INFO 141 double-hummer alignment exceptions
- 1117842953 2005.06.03 R20-M1-NA-C:J12-U11 2005-06-03-16.55.53.154865 R20-M1-NA-C:J12-U11 RAS KERNEL INFO 161 double-hummer alignment exceptions
- 1117842953 2005.06.03 R20-M1-NA-C:J14-U01 2005-06-03-16.55.53.286125 R20-M1-NA-C:J14-U01 RAS KERNEL INFO 181 double-hummer alignment exceptions
- 1117842953 2005.06.03 R20-M1-NA-C:J16-U01 2005-06-03-16.55.53.308640 R20-M1-NA-C:J16-U01 RAS KERNEL INFO 142 double-hummer alignment exceptions
- 1117842953 2005.06.03 R20-M1-NA-C:J10-U01 2005-06-03-16.55.53.330090 R20-M1-NA-C:J10-U01 RAS KERNEL INFO 142 double-hummer alignment exceptions
- 1117842953 2005.06.03 R20-M1-NA-C:J12-U01 2005-06-03-16.55.53.351008 R20-M1-NA-C:J12-U01 RAS KERNEL INFO 161 double-hummer alignment exceptions
- 1117842953 2005.06.03 R20-M1-NA-C:J08-U01 2005-06-03-16.55.53.371782 R20-M1-NA-C:J08-U01 RAS KERNEL INFO 202 double-hummer alignment exceptions
- 1117842953 2005.06.03 R20-M1-NA-C:J04-U01 2005-06-03-16.55.53.394549 R20-M1-NA-C:J04-U01 RAS KERNEL INFO 141 double-hummer alignment exceptions
- 1117842953 2005.06.03 R20-M1-NA-C:J06-U01 2005-06-03-16.55.53.457810 R20-M1-NA-C:J06-U01 RAS KERNEL INFO 161 double-hummer alignment exceptions
- 1117842953 2005.06.03 R20-M1-NA-C:J04-U11 2005-06-03-16.55.53.482414 R20-M1-NA-C:J04-U11 RAS KERNEL INFO 201 double-hummer alignment exceptions
- 1117842953 2005.06.03 R20-M1-NA-C:J02-U01 2005-06-03-16.55.53.507444 R20-M1-NA-C:J02-U01 RAS KERNEL INFO 161 double-hummer alignment exceptions
- 1117842953 2005.06.03 R20-M1-NA-C:J02-U11 2005-06-03-16.55.53.528225 R20-M1-NA-C:J02-U11 RAS KERNEL INFO 201 double-hummer alignment exceptions
- 1117842953 2005.06.03 R20-M0-N7-C:J09-U11 2005-06-03-16.55.53.560236 R20-M0-N7-C:J09-U11 RAS KERNEL INFO 122 double-hummer alignment exceptions
- 1117842953 2005.06.03 R20-M0-N7-C:J15-U11 2005-06-03-16.55.53.581830 R20-M0-N7-C:J15-U11 RAS KERNEL INFO 142 double-hummer alignment exceptions
- 1117842953 2005.06.03 R20-M0-N7-C:J11-U11 2005-06-03-16.55.53.603360 R20-M0-N7-C:J11-U11 RAS KERNEL INFO 121 double-hummer alignment exceptions
- 1117842953 2005.06.03 R20-M0-N7-C:J13-U11 2005-06-03-16.55.53.624960 R20-M0-N7-C:J13-U11 RAS KERNEL INFO 141 double-hummer alignment exceptions
- 1117842953 2005.06.03 R20-M0-N7-C:J17-U11 2005-06-03-16.55.53.667849 R20-M0-N7-C:J17-U11 RAS KERNEL INFO 142 double-hummer alignment exceptions
- 1117842953 2005.06.03 R20-M0-N7-C:J05-U01 2005-06-03-16.55.53.792734 R20-M0-N7-C:J05-U01 RAS KERNEL INFO 122 double-hummer alignment exceptions
- 1117842953 2005.06.03 R20-M0-N7-C:J03-U01 2005-06-03-16.55.53.815464 R20-M0-N7-C:J03-U01 RAS KERNEL INFO 161 double-hummer alignment exceptions
- 1117842953 2005.06.03 R20-M0-N7-C:J05-U11 2005-06-03-16.55.53.837878 R20-M0-N7-C:J05-U11 RAS KERNEL INFO 101 double-hummer alignment exceptions
- 1117842953 2005.06.03 R20-M0-N7-C:J03-U11 2005-06-03-16.55.53.859413 R20-M0-N7-C:J03-U11 RAS KERNEL INFO 201 double-hummer alignment exceptions
- 1117842953 2005.06.03 R20-M0-N7-C:J07-U11 2005-06-03-16.55.53.880053 R20-M0-N7-C:J07-U11 RAS KERNEL INFO 181 double-hummer alignment exceptions
- 1117842953 2005.06.03 R20-M0-N7-C:J15-U01 2005-06-03-16.55.53.906143 R20-M0-N7-C:J15-U01 RAS KERNEL INFO 202 double-hummer alignment exceptions
- 1117842953 2005.06.03 R20-M0-N7-C:J17-U01 2005-06-03-16.55.53.972996 R20-M0-N7-C:J17-U01 RAS KERNEL INFO 162 double-hummer alignment exceptions
- 1117842953 2005.06.03 R20-M0-N7-C:J11-U01 2005-06-03-16.55.53.998630 R20-M0-N7-C:J11-U01 RAS KERNEL INFO 162 double-hummer alignment exceptions
- 1117842954 2005.06.03 R20-M0-N7-C:J07-U01 2005-06-03-16.55.54.019850 R20-M0-N7-C:J07-U01 RAS KERNEL INFO 162 double-hummer alignment exceptions
- 1117842954 2005.06.03 R20-M0-N7-C:J13-U01 2005-06-03-16.55.54.041950 R20-M0-N7-C:J13-U01 RAS KERNEL INFO 101 double-hummer alignment exceptions
- 1117842954 2005.06.03 R20-M0-N7-C:J09-U01 2005-06-03-16.55.54.067674 R20-M0-N7-C:J09-U01 RAS KERNEL INFO 121 double-hummer alignment exceptions
- 1117842954 2005.06.03 R20-M0-N7-C:J16-U11 2005-06-03-16.55.54.088507 R20-M0-N7-C:J16-U11 RAS KERNEL INFO 121 double-hummer alignment exceptions
- 1117842954 2005.06.03 R20-M0-N7-C:J08-U11 2005-06-03-16.55.54.109252 R20-M0-N7-C:J08-U11 RAS KERNEL INFO 182 double-hummer alignment exceptions
- 1117842954 2005.06.03 R20-M0-N7-C:J14-U11 2005-06-03-16.55.54.130539 R20-M0-N7-C:J14-U11 RAS KERNEL INFO 182 double-hummer alignment exceptions
- 1117842954 2005.06.03 R20-M0-N7-C:J10-U11 2005-06-03-16.55.54.160618 R20-M0-N7-C:J10-U11 RAS KERNEL INFO 182 double-hummer alignment exceptions
- 1117842954 2005.06.03 R20-M0-N7-C:J06-U11 2005-06-03-16.55.54.182003 R20-M0-N7-C:J06-U11 RAS KERNEL INFO 182 double-hummer alignment exceptions
- 1117842954 2005.06.03 R20-M0-N7-C:J12-U11 2005-06-03-16.55.54.302465 R20-M0-N7-C:J12-U11 RAS KERNEL INFO 162 double-hummer alignment exceptions
- 1117842954 2005.06.03 R20-M0-N7-C:J14-U01 2005-06-03-16.55.54.325035 R20-M0-N7-C:J14-U01 RAS KERNEL INFO 121 double-hummer alignment exceptions
- 1117842954 2005.06.03 R20-M0-N7-C:J16-U01 2005-06-03-16.55.54.346043 R20-M0-N7-C:J16-U01 RAS KERNEL INFO 162 double-hummer alignment exceptions
- 1117842954 2005.06.03 R20-M0-N7-C:J10-U01 2005-06-03-16.55.54.367997 R20-M0-N7-C:J10-U01 RAS KERNEL INFO 182 double-hummer alignment exceptions
- 1117842954 2005.06.03 R20-M0-N7-C:J12-U01 2005-06-03-16.55.54.389383 R20-M0-N7-C:J12-U01 RAS KERNEL INFO 162 double-hummer alignment exceptions
- 1117842954 2005.06.03 R20-M0-N7-C:J08-U01 2005-06-03-16.55.54.410881 R20-M0-N7-C:J08-U01 RAS KERNEL INFO 142 double-hummer alignment exceptions
- 1117842954 2005.06.03 R20-M0-N7-C:J04-U01 2005-06-03-16.55.54.479241 R20-M0-N7-C:J04-U01 RAS KERNEL INFO 141 double-hummer alignment exceptions
- 1117842954 2005.06.03 R20-M0-N7-C:J06-U01 2005-06-03-16.55.54.503854 R20-M0-N7-C:J06-U01 RAS KERNEL INFO 161 double-hummer alignment exceptions
- 1117842954 2005.06.03 R20-M0-N7-C:J04-U11 2005-06-03-16.55.54.526292 R20-M0-N7-C:J04-U11 RAS KERNEL INFO 201 double-hummer alignment exceptions
- 1117842954 2005.06.03 R20-M0-N7-C:J02-U01 2005-06-03-16.55.54.552325 R20-M0-N7-C:J02-U01 RAS KERNEL INFO 162 double-hummer alignment exceptions
- 1117842954 2005.06.03 R20-M0-N7-C:J02-U11 2005-06-03-16.55.54.573107 R20-M0-N7-C:J02-U11 RAS KERNEL INFO 141 double-hummer alignment exceptions
- 1117842954 2005.06.03 R20-M0-NA-C:J09-U11 2005-06-03-16.55.54.594326 R20-M0-NA-C:J09-U11 RAS KERNEL INFO 121 double-hummer alignment exceptions
- 1117842954 2005.06.03 R20-M0-NA-C:J15-U11 2005-06-03-16.55.54.616484 R20-M0-NA-C:J15-U11 RAS KERNEL INFO 162 double-hummer alignment exceptions
- 1117842954 2005.06.03 R20-M0-NA-C:J11-U11 2005-06-03-16.55.54.637706 R20-M0-NA-C:J11-U11 RAS KERNEL INFO 121 double-hummer alignment exceptions
- 1117842954 2005.06.03 R20-M0-NA-C:J13-U11 2005-06-03-16.55.54.659196 R20-M0-NA-C:J13-U11 RAS KERNEL INFO 182 double-hummer alignment exceptions
- 1117842954 2005.06.03 R20-M0-NA-C:J17-U11 2005-06-03-16.55.54.687080 R20-M0-NA-C:J17-U11 RAS KERNEL INFO 182 double-hummer alignment exceptions
- 1117842954 2005.06.03 R20-M0-NA-C:J05-U01 2005-06-03-16.55.54.813456 R20-M0-NA-C:J05-U01 RAS KERNEL INFO 142 double-hummer alignment exceptions
- 1117842954 2005.06.03 R20-M0-NA-C:J03-U01 2005-06-03-16.55.54.834589 R20-M0-NA-C:J03-U01 RAS KERNEL INFO 162 double-hummer alignment exceptions
- 1117842954 2005.06.03 R20-M0-NA-C:J05-U11 2005-06-03-16.55.54.855988 R20-M0-NA-C:J05-U11 RAS KERNEL INFO 142 double-hummer alignment exceptions
- 1117842954 2005.06.03 R20-M0-NA-C:J03-U11 2005-06-03-16.55.54.876956 R20-M0-NA-C:J03-U11 RAS KERNEL INFO 181 double-hummer alignment exceptions
- 1117842954 2005.06.03 R20-M0-NA-C:J07-U11 2005-06-03-16.55.54.897410 R20-M0-NA-C:J07-U11 RAS KERNEL INFO 141 double-hummer alignment exceptions
- 1117842954 2005.06.03 R20-M0-NA-C:J15-U01 2005-06-03-16.55.54.919925 R20-M0-NA-C:J15-U01 RAS KERNEL INFO 121 double-hummer alignment exceptions
- 1117842954 2005.06.03 R20-M0-NA-C:J17-U01 2005-06-03-16.55.54.984779 R20-M0-NA-C:J17-U01 RAS KERNEL INFO 141 double-hummer alignment exceptions
- 1117842955 2005.06.03 R20-M0-NA-C:J11-U01 2005-06-03-16.55.55.006349 R20-M0-NA-C:J11-U01 RAS KERNEL INFO 101 double-hummer alignment exceptions
- 1117842955 2005.06.03 R20-M0-NA-C:J07-U01 2005-06-03-16.55.55.037629 R20-M0-NA-C:J07-U01 RAS KERNEL INFO 101 double-hummer alignment exceptions
- 1117842955 2005.06.03 R20-M0-NA-C:J13-U01 2005-06-03-16.55.55.058828 R20-M0-NA-C:J13-U01 RAS KERNEL INFO 101 double-hummer alignment exceptions
- 1117842955 2005.06.03 R20-M0-NA-C:J09-U01 2005-06-03-16.55.55.081064 R20-M0-NA-C:J09-U01 RAS KERNEL INFO 202 double-hummer alignment exceptions
- 1117842955 2005.06.03 R20-M0-NA-C:J16-U11 2005-06-03-16.55.55.102561 R20-M0-NA-C:J16-U11 RAS KERNEL INFO 101 double-hummer alignment exceptions
- 1117842955 2005.06.03 R20-M0-NA-C:J08-U11 2005-06-03-16.55.55.124031 R20-M0-NA-C:J08-U11 RAS KERNEL INFO 162 double-hummer alignment exceptions
- 1117842955 2005.06.03 R20-M0-NA-C:J14-U11 2005-06-03-16.55.55.147473 R20-M0-NA-C:J14-U11 RAS KERNEL INFO 142 double-hummer alignment exceptions
- 1117842955 2005.06.03 R20-M0-NA-C:J10-U11 2005-06-03-16.55.55.175518 R20-M0-NA-C:J10-U11 RAS KERNEL INFO 182 double-hummer alignment exceptions
- 1117842955 2005.06.03 R20-M0-NA-C:J06-U11 2005-06-03-16.55.55.197501 R20-M0-NA-C:J06-U11 RAS KERNEL INFO 142 double-hummer alignment exceptions
- 1117842955 2005.06.03 R20-M0-NA-C:J12-U11 2005-06-03-16.55.55.326136 R20-M0-NA-C:J12-U11 RAS KERNEL INFO 182 double-hummer alignment exceptions
- 1117842955 2005.06.03 R20-M0-NA-C:J14-U01 2005-06-03-16.55.55.348369 R20-M0-NA-C:J14-U01 RAS KERNEL INFO 182 double-hummer alignment exceptions
- 1117842955 2005.06.03 R20-M0-NA-C:J16-U01 2005-06-03-16.55.55.369673 R20-M0-NA-C:J16-U01 RAS KERNEL INFO 201 double-hummer alignment exceptions
- 1117842955 2005.06.03 R20-M0-NA-C:J10-U01 2005-06-03-16.55.55.391377 R20-M0-NA-C:J10-U01 RAS KERNEL INFO 202 double-hummer alignment exceptions
- 1117842955 2005.06.03 R20-M0-NA-C:J12-U01 2005-06-03-16.55.55.413210 R20-M0-NA-C:J12-U01 RAS KERNEL INFO 181 double-hummer alignment exceptions
- 1117842955 2005.06.03 R20-M0-NA-C:J08-U01 2005-06-03-16.55.55.435395 R20-M0-NA-C:J08-U01 RAS KERNEL INFO 182 double-hummer alignment exceptions
- 1117842955 2005.06.03 R20-M0-NA-C:J04-U01 2005-06-03-16.55.55.498581 R20-M0-NA-C:J04-U01 RAS KERNEL INFO 121 double-hummer alignment exceptions
- 1117842955 2005.06.03 R20-M0-NA-C:J06-U01 2005-06-03-16.55.55.532725 R20-M0-NA-C:J06-U01 RAS KERNEL INFO 122 double-hummer alignment exceptions
- 1117842955 2005.06.03 R20-M0-NA-C:J04-U11 2005-06-03-16.55.55.554812 R20-M0-NA-C:J04-U11 RAS KERNEL INFO 142 double-hummer alignment exceptions
- 1117842955 2005.06.03 R20-M0-NA-C:J02-U01 2005-06-03-16.55.55.576463 R20-M0-NA-C:J02-U01 RAS KERNEL INFO 182 double-hummer alignment exceptions
- 1117842955 2005.06.03 R20-M0-NA-C:J02-U11 2005-06-03-16.55.55.612659 R20-M0-NA-C:J02-U11 RAS KERNEL INFO 182 double-hummer alignment exceptions
- 1117842960 2005.06.03 R20-M0-NF-C:J09-U11 2005-06-03-16.56.00.023475 R20-M0-NF-C:J09-U11 RAS KERNEL INFO 161 double-hummer alignment exceptions
- 1117842960 2005.06.03 R20-M0-NF-C:J15-U11 2005-06-03-16.56.00.089247 R20-M0-NF-C:J15-U11 RAS KERNEL INFO 182 double-hummer alignment exceptions
- 1117842960 2005.06.03 R20-M0-NF-C:J11-U11 2005-06-03-16.56.00.110143 R20-M0-NF-C:J11-U11 RAS KERNEL INFO 142 double-hummer alignment exceptions
- 1117842960 2005.06.03 R20-M0-NF-C:J13-U11 2005-06-03-16.56.00.139395 R20-M0-NF-C:J13-U11 RAS KERNEL INFO 182 double-hummer alignment exceptions
- 1117842960 2005.06.03 R20-M0-NF-C:J17-U11 2005-06-03-16.56.00.160321 R20-M0-NF-C:J17-U11 RAS KERNEL INFO 121 double-hummer alignment exceptions
- 1117842960 2005.06.03 R20-M0-NF-C:J05-U01 2005-06-03-16.56.00.181811 R20-M0-NF-C:J05-U01 RAS KERNEL INFO 161 double-hummer alignment exceptions
- 1117842960 2005.06.03 R20-M0-NF-C:J03-U01 2005-06-03-16.56.00.203426 R20-M0-NF-C:J03-U01 RAS KERNEL INFO 122 double-hummer alignment exceptions
- 1117842960 2005.06.03 R20-M0-NF-C:J05-U11 2005-06-03-16.56.00.228903 R20-M0-NF-C:J05-U11 RAS KERNEL INFO 121 double-hummer alignment exceptions
- 1117842960 2005.06.03 R20-M0-NF-C:J03-U11 2005-06-03-16.56.00.252307 R20-M0-NF-C:J03-U11 RAS KERNEL INFO 182 double-hummer alignment exceptions
- 1117842960 2005.06.03 R20-M0-NF-C:J07-U11 2005-06-03-16.56.00.285649 R20-M0-NF-C:J07-U11 RAS KERNEL INFO 161 double-hummer alignment exceptions
- 1117842960 2005.06.03 R20-M0-NF-C:J15-U01 2005-06-03-16.56.00.309707 R20-M0-NF-C:J15-U01 RAS KERNEL INFO 182 double-hummer alignment exceptions
- 1117842960 2005.06.03 R20-M0-NF-C:J17-U01 2005-06-03-16.56.00.416777 R20-M0-NF-C:J17-U01 RAS KERNEL INFO 182 double-hummer alignment exceptions
- 1117842960 2005.06.03 R20-M0-NF-C:J11-U01 2005-06-03-16.56.00.439252 R20-M0-NF-C:J11-U01 RAS KERNEL INFO 142 double-hummer alignment exceptions
- 1117842960 2005.06.03 R20-M0-NF-C:J07-U01 2005-06-03-16.56.00.460298 R20-M0-NF-C:J07-U01 RAS KERNEL INFO 141 double-hummer alignment exceptions
- 1117842960 2005.06.03 R20-M0-NF-C:J13-U01 2005-06-03-16.56.00.481574 R20-M0-NF-C:J13-U01 RAS KERNEL INFO 121 double-hummer alignment exceptions
- 1117842960 2005.06.03 R20-M0-NF-C:J09-U01 2005-06-03-16.56.00.503099 R20-M0-NF-C:J09-U01 RAS KERNEL INFO 121 double-hummer alignment exceptions
- 1117842960 2005.06.03 R20-M0-NF-C:J16-U11 2005-06-03-16.56.00.524093 R20-M0-NF-C:J16-U11 RAS KERNEL INFO 201 double-hummer alignment exceptions
- 1117842960 2005.06.03 R20-M0-NF-C:J08-U11 2005-06-03-16.56.00.597972 R20-M0-NF-C:J08-U11 RAS KERNEL INFO 142 double-hummer alignment exceptions
- 1117842960 2005.06.03 R20-M0-NF-C:J14-U11 2005-06-03-16.56.00.624507 R20-M0-NF-C:J14-U11 RAS KERNEL INFO 181 double-hummer alignment exceptions
- 1117842960 2005.06.03 R20-M0-NF-C:J10-U11 2005-06-03-16.56.00.655268 R20-M0-NF-C:J10-U11 RAS KERNEL INFO 162 double-hummer alignment exceptions
- 1117842960 2005.06.03 R20-M0-NF-C:J06-U11 2005-06-03-16.56.00.676859 R20-M0-NF-C:J06-U11 RAS KERNEL INFO 162 double-hummer alignment exceptions
- 1117842960 2005.06.03 R20-M0-NF-C:J12-U11 2005-06-03-16.56.00.697189 R20-M0-NF-C:J12-U11 RAS KERNEL INFO 181 double-hummer alignment exceptions
- 1117842960 2005.06.03 R20-M0-NF-C:J14-U01 2005-06-03-16.56.00.718442 R20-M0-NF-C:J14-U01 RAS KERNEL INFO 201 double-hummer alignment exceptions
- 1117842960 2005.06.03 R20-M0-NF-C:J16-U01 2005-06-03-16.56.00.739627 R20-M0-NF-C:J16-U01 RAS KERNEL INFO 162 double-hummer alignment exceptions
- 1117842960 2005.06.03 R20-M0-NF-C:J10-U01 2005-06-03-16.56.00.762440 R20-M0-NF-C:J10-U01 RAS KERNEL INFO 181 double-hummer alignment exceptions
- 1117842960 2005.06.03 R20-M0-NF-C:J12-U01 2005-06-03-16.56.00.798832 R20-M0-NF-C:J12-U01 RAS KERNEL INFO 161 double-hummer alignment exceptions
- 1117842960 2005.06.03 R20-M0-NF-C:J08-U01 2005-06-03-16.56.00.821279 R20-M0-NF-C:J08-U01 RAS KERNEL INFO 182 double-hummer alignment exceptions
- 1117842960 2005.06.03 R20-M0-NF-C:J04-U01 2005-06-03-16.56.00.927716 R20-M0-NF-C:J04-U01 RAS KERNEL INFO 161 double-hummer alignment exceptions
- 1117842960 2005.06.03 R20-M0-NF-C:J06-U01 2005-06-03-16.56.00.949162 R20-M0-NF-C:J06-U01 RAS KERNEL INFO 161 double-hummer alignment exceptions
- 1117842960 2005.06.03 R20-M0-NF-C:J04-U11 2005-06-03-16.56.00.970232 R20-M0-NF-C:J04-U11 RAS KERNEL INFO 182 double-hummer alignment exceptions
- 1117842960 2005.06.03 R20-M0-NF-C:J02-U01 2005-06-03-16.56.00.990831 R20-M0-NF-C:J02-U01 RAS KERNEL INFO 121 double-hummer alignment exceptions
- 1117842961 2005.06.03 R20-M0-NF-C:J02-U11 2005-06-03-16.56.01.011161 R20-M0-NF-C:J02-U11 RAS KERNEL INFO 182 double-hummer alignment exceptions
- 1117842966 2005.06.03 R20-M0-N3-C:J09-U11 2005-06-03-16.56.06.553100 R20-M0-N3-C:J09-U11 RAS KERNEL INFO 121 double-hummer alignment exceptions
- 1117842966 2005.06.03 R20-M0-N3-C:J15-U11 2005-06-03-16.56.06.577551 R20-M0-N3-C:J15-U11 RAS KERNEL INFO 161 double-hummer alignment exceptions
- 1117842966 2005.06.03 R20-M0-N3-C:J11-U11 2005-06-03-16.56.06.598640 R20-M0-N3-C:J11-U11 RAS KERNEL INFO 102 double-hummer alignment exceptions
- 1117842966 2005.06.03 R20-M0-N3-C:J13-U11 2005-06-03-16.56.06.620884 R20-M0-N3-C:J13-U11 RAS KERNEL INFO 162 double-hummer alignment exceptions
- 1117842966 2005.06.03 R20-M0-N3-C:J17-U11 2005-06-03-16.56.06.641518 R20-M0-N3-C:J17-U11 RAS KERNEL INFO 102 double-hummer alignment exceptions
- 1117842966 2005.06.03 R20-M0-N3-C:J05-U01 2005-06-03-16.56.06.711377 R20-M0-N3-C:J05-U01 RAS KERNEL INFO 161 double-hummer alignment exceptions
- 1117842966 2005.06.03 R20-M0-N3-C:J03-U01 2005-06-03-16.56.06.739515 R20-M0-N3-C:J03-U01 RAS KERNEL INFO 181 double-hummer alignment exceptions
- 1117842966 2005.06.03 R20-M0-N3-C:J05-U11 2005-06-03-16.56.06.764327 R20-M0-N3-C:J05-U11 RAS KERNEL INFO 161 double-hummer alignment exceptions
- 1117842966 2005.06.03 R20-M0-N3-C:J03-U11 2005-06-03-16.56.06.784629 R20-M0-N3-C:J03-U11 RAS KERNEL INFO 222 double-hummer alignment exceptions
- 1117842966 2005.06.03 R20-M0-N3-C:J07-U11 2005-06-03-16.56.06.805137 R20-M0-N3-C:J07-U11 RAS KERNEL INFO 202 double-hummer alignment exceptions
- 1117842966 2005.06.03 R20-M0-N3-C:J15-U01 2005-06-03-16.56.06.835272 R20-M0-N3-C:J15-U01 RAS KERNEL INFO 122 double-hummer alignment exceptions
- 1117842966 2005.06.03 R20-M0-N3-C:J17-U01 2005-06-03-16.56.06.856126 R20-M0-N3-C:J17-U01 RAS KERNEL INFO 121 double-hummer alignment exceptions
- 1117842966 2005.06.03 R20-M0-N3-C:J11-U01 2005-06-03-16.56.06.876561 R20-M0-N3-C:J11-U01 RAS KERNEL INFO 122 double-hummer alignment exceptions
- 1117842966 2005.06.03 R20-M0-N3-C:J07-U01 2005-06-03-16.56.06.897128 R20-M0-N3-C:J07-U01 RAS KERNEL INFO 182 double-hummer alignment exceptions
- 1117842966 2005.06.03 R20-M0-N3-C:J13-U01 2005-06-03-16.56.06.969623 R20-M0-N3-C:J13-U01 RAS KERNEL INFO 121 double-hummer alignment exceptions
- 1117842967 2005.06.03 R20-M0-N3-C:J09-U01 2005-06-03-16.56.07.056212 R20-M0-N3-C:J09-U01 RAS KERNEL INFO 121 double-hummer alignment exceptions
- 1117842967 2005.06.03 R20-M0-N3-C:J16-U11 2005-06-03-16.56.07.077185 R20-M0-N3-C:J16-U11 RAS KERNEL INFO 121 double-hummer alignment exceptions
- 1117842967 2005.06.03 R20-M0-N3-C:J08-U11 2005-06-03-16.56.07.098095 R20-M0-N3-C:J08-U11 RAS KERNEL INFO 161 double-hummer alignment exceptions
- 1117842967 2005.06.03 R20-M0-N3-C:J14-U11 2005-06-03-16.56.07.118430 R20-M0-N3-C:J14-U11 RAS KERNEL INFO 161 double-hummer alignment exceptions
- 1117842967 2005.06.03 R20-M0-N3-C:J10-U11 2005-06-03-16.56.07.138928 R20-M0-N3-C:J10-U11 RAS KERNEL INFO 162 double-hummer alignment exceptions
- 1117842967 2005.06.03 R20-M0-N3-C:J06-U11 2005-06-03-16.56.07.159942 R20-M0-N3-C:J06-U11 RAS KERNEL INFO 202 double-hummer alignment exceptions
- 1117842967 2005.06.03 R20-M0-N3-C:J12-U11 2005-06-03-16.56.07.226140 R20-M0-N3-C:J12-U11 RAS KERNEL INFO 162 double-hummer alignment exceptions
- 1117842967 2005.06.03 R20-M0-N3-C:J14-U01 2005-06-03-16.56.07.264594 R20-M0-N3-C:J14-U01 RAS KERNEL INFO 142 double-hummer alignment exceptions
- 1117842967 2005.06.03 R20-M0-N3-C:J16-U01 2005-06-03-16.56.07.290812 R20-M0-N3-C:J16-U01 RAS KERNEL INFO 202 double-hummer alignment exceptions
- 1117842967 2005.06.03 R20-M0-N3-C:J10-U01 2005-06-03-16.56.07.312981 R20-M0-N3-C:J10-U01 RAS KERNEL INFO 162 double-hummer alignment exceptions
- 1117842967 2005.06.03 R20-M0-N3-C:J12-U01 2005-06-03-16.56.07.333848 R20-M0-N3-C:J12-U01 RAS KERNEL INFO 122 double-hummer alignment exceptions
- 1117842967 2005.06.03 R20-M0-N3-C:J08-U01 2005-06-03-16.56.07.354463 R20-M0-N3-C:J08-U01 RAS KERNEL INFO 141 double-hummer alignment exceptions
- 1117842967 2005.06.03 R20-M0-N3-C:J04-U01 2005-06-03-16.56.07.375136 R20-M0-N3-C:J04-U01 RAS KERNEL INFO 182 double-hummer alignment exceptions
- 1117842967 2005.06.03 R20-M0-N3-C:J06-U01 2005-06-03-16.56.07.397234 R20-M0-N3-C:J06-U01 RAS KERNEL INFO 162 double-hummer alignment exceptions
- 1117842967 2005.06.03 R20-M0-N3-C:J04-U11 2005-06-03-16.56.07.418386 R20-M0-N3-C:J04-U11 RAS KERNEL INFO 201 double-hummer alignment exceptions
- 1117842967 2005.06.03 R20-M0-N3-C:J02-U01 2005-06-03-16.56.07.556701 R20-M0-N3-C:J02-U01 RAS KERNEL INFO 182 double-hummer alignment exceptions
- 1117842967 2005.06.03 R20-M0-N3-C:J02-U11 2005-06-03-16.56.07.577991 R20-M0-N3-C:J02-U11 RAS KERNEL INFO 121 double-hummer alignment exceptions
- 1117842979 2005.06.03 R20-M1-N3-C:J09-U11 2005-06-03-16.56.19.636158 R20-M1-N3-C:J09-U11 RAS KERNEL INFO 202 double-hummer alignment exceptions
- 1117842979 2005.06.03 R20-M1-N3-C:J15-U11 2005-06-03-16.56.19.657711 R20-M1-N3-C:J15-U11 RAS KERNEL INFO 162 double-hummer alignment exceptions
- 1117842979 2005.06.03 R20-M1-N3-C:J11-U11 2005-06-03-16.56.19.741415 R20-M1-N3-C:J11-U11 RAS KERNEL INFO 141 double-hummer alignment exceptions
- 1117842979 2005.06.03 R20-M1-N3-C:J13-U11 2005-06-03-16.56.19.810116 R20-M1-N3-C:J13-U11 RAS KERNEL INFO 121 double-hummer alignment exceptions
- 1117842979 2005.06.03 R20-M1-N3-C:J17-U11 2005-06-03-16.56.19.831971 R20-M1-N3-C:J17-U11 RAS KERNEL INFO 162 double-hummer alignment exceptions
- 1117842979 2005.06.03 R20-M1-N3-C:J05-U01 2005-06-03-16.56.19.853531 R20-M1-N3-C:J05-U01 RAS KERNEL INFO 142 double-hummer alignment exceptions
- 1117842979 2005.06.03 R20-M1-N3-C:J03-U01 2005-06-03-16.56.19.875303 R20-M1-N3-C:J03-U01 RAS KERNEL INFO 162 double-hummer alignment exceptions
- 1117842979 2005.06.03 R20-M1-N3-C:J05-U11 2005-06-03-16.56.19.896681 R20-M1-N3-C:J05-U11 RAS KERNEL INFO 121 double-hummer alignment exceptions
- 1117842979 2005.06.03 R20-M1-N3-C:J03-U11 2005-06-03-16.56.19.918164 R20-M1-N3-C:J03-U11 RAS KERNEL INFO 141 double-hummer alignment exceptions
- 1117842979 2005.06.03 R20-M1-N3-C:J07-U11 2005-06-03-16.56.19.979356 R20-M1-N3-C:J07-U11 RAS KERNEL INFO 141 double-hummer alignment exceptions
- 1117842980 2005.06.03 R20-M1-N3-C:J15-U01 2005-06-03-16.56.20.001827 R20-M1-N3-C:J15-U01 RAS KERNEL INFO 222 double-hummer alignment exceptions
- 1117842980 2005.06.03 R20-M1-N3-C:J17-U01 2005-06-03-16.56.20.027412 R20-M1-N3-C:J17-U01 RAS KERNEL INFO 161 double-hummer alignment exceptions
- 1117842980 2005.06.03 R20-M1-N3-C:J11-U01 2005-06-03-16.56.20.056772 R20-M1-N3-C:J11-U01 RAS KERNEL INFO 182 double-hummer alignment exceptions
- 1117842980 2005.06.03 R20-M1-N3-C:J07-U01 2005-06-03-16.56.20.077675 R20-M1-N3-C:J07-U01 RAS KERNEL INFO 202 double-hummer alignment exceptions
- 1117842980 2005.06.03 R20-M1-N3-C:J13-U01 2005-06-03-16.56.20.099351 R20-M1-N3-C:J13-U01 RAS KERNEL INFO 181 double-hummer alignment exceptions
- 1117842980 2005.06.03 R20-M1-N3-C:J09-U01 2005-06-03-16.56.20.120634 R20-M1-N3-C:J09-U01 RAS KERNEL INFO 162 double-hummer alignment exceptions
- 1117842980 2005.06.03 R20-M1-N3-C:J16-U11 2005-06-03-16.56.20.142065 R20-M1-N3-C:J16-U11 RAS KERNEL INFO 141 double-hummer alignment exceptions
- 1117842980 2005.06.03 R20-M1-N3-C:J08-U11 2005-06-03-16.56.20.163294 R20-M1-N3-C:J08-U11 RAS KERNEL INFO 161 double-hummer alignment exceptions
- 1117842980 2005.06.03 R20-M1-N3-C:J14-U11 2005-06-03-16.56.20.204924 R20-M1-N3-C:J14-U11 RAS KERNEL INFO 202 double-hummer alignment exceptions
- 1117842980 2005.06.03 R20-M1-N3-C:J10-U11 2005-06-03-16.56.20.320336 R20-M1-N3-C:J10-U11 RAS KERNEL INFO 142 double-hummer alignment exceptions
- 1117842980 2005.06.03 R20-M1-N3-C:J06-U11 2005-06-03-16.56.20.342655 R20-M1-N3-C:J06-U11 RAS KERNEL INFO 141 double-hummer alignment exceptions
- 1117842980 2005.06.03 R20-M1-N3-C:J12-U11 2005-06-03-16.56.20.363989 R20-M1-N3-C:J12-U11 RAS KERNEL INFO 122 double-hummer alignment exceptions
- 1117842980 2005.06.03 R20-M1-N3-C:J14-U01 2005-06-03-16.56.20.385214 R20-M1-N3-C:J14-U01 RAS KERNEL INFO 222 double-hummer alignment exceptions
- 1117842980 2005.06.03 R20-M1-N3-C:J16-U01 2005-06-03-16.56.20.406850 R20-M1-N3-C:J16-U01 RAS KERNEL INFO 202 double-hummer alignment exceptions
- 1117842980 2005.06.03 R20-M1-N3-C:J10-U01 2005-06-03-16.56.20.428606 R20-M1-N3-C:J10-U01 RAS KERNEL INFO 141 double-hummer alignment exceptions
- 1117842980 2005.06.03 R20-M1-N3-C:J12-U01 2005-06-03-16.56.20.485615 R20-M1-N3-C:J12-U01 RAS KERNEL INFO 162 double-hummer alignment exceptions
- 1117842980 2005.06.03 R20-M1-N3-C:J08-U01 2005-06-03-16.56.20.508195 R20-M1-N3-C:J08-U01 RAS KERNEL INFO 141 double-hummer alignment exceptions
- 1117842980 2005.06.03 R20-M1-N3-C:J04-U01 2005-06-03-16.56.20.536968 R20-M1-N3-C:J04-U01 RAS KERNEL INFO 202 double-hummer alignment exceptions
- 1117842980 2005.06.03 R20-M1-N3-C:J06-U01 2005-06-03-16.56.20.558160 R20-M1-N3-C:J06-U01 RAS KERNEL INFO 222 double-hummer alignment exceptions
- 1117842980 2005.06.03 R20-M1-N3-C:J04-U11 2005-06-03-16.56.20.583791 R20-M1-N3-C:J04-U11 RAS KERNEL INFO 141 double-hummer alignment exceptions
- 1117842980 2005.06.03 R20-M1-N3-C:J02-U01 2005-06-03-16.56.20.606193 R20-M1-N3-C:J02-U01 RAS KERNEL INFO 181 double-hummer alignment exceptions
- 1117842980 2005.06.03 R20-M1-N3-C:J02-U11 2005-06-03-16.56.20.628298 R20-M1-N3-C:J02-U11 RAS KERNEL INFO 222 double-hummer alignment exceptions
- 1117842980 2005.06.03 R20-M1-NF-C:J09-U11 2005-06-03-16.56.20.650091 R20-M1-NF-C:J09-U11 RAS KERNEL INFO 162 double-hummer alignment exceptions
- 1117842980 2005.06.03 R20-M1-NF-C:J15-U11 2005-06-03-16.56.20.672844 R20-M1-NF-C:J15-U11 RAS KERNEL INFO 142 double-hummer alignment exceptions
- 1117842980 2005.06.03 R20-M1-NF-C:J11-U11 2005-06-03-16.56.20.744044 R20-M1-NF-C:J11-U11 RAS KERNEL INFO 162 double-hummer alignment exceptions
- 1117842980 2005.06.03 R20-M1-NF-C:J13-U11 2005-06-03-16.56.20.826783 R20-M1-NF-C:J13-U11 RAS KERNEL INFO 121 double-hummer alignment exceptions
- 1117842980 2005.06.03 R20-M1-NF-C:J17-U11 2005-06-03-16.56.20.850096 R20-M1-NF-C:J17-U11 RAS KERNEL INFO 181 double-hummer alignment exceptions
- 1117842980 2005.06.03 R20-M1-NF-C:J05-U01 2005-06-03-16.56.20.871863 R20-M1-NF-C:J05-U01 RAS KERNEL INFO 181 double-hummer alignment exceptions
- 1117842980 2005.06.03 R20-M1-NF-C:J03-U01 2005-06-03-16.56.20.892657 R20-M1-NF-C:J03-U01 RAS KERNEL INFO 101 double-hummer alignment exceptions
- 1117842980 2005.06.03 R20-M1-NF-C:J05-U11 2005-06-03-16.56.20.914681 R20-M1-NF-C:J05-U11 RAS KERNEL INFO 121 double-hummer alignment exceptions
- 1117842980 2005.06.03 R20-M1-NF-C:J03-U11 2005-06-03-16.56.20.937232 R20-M1-NF-C:J03-U11 RAS KERNEL INFO 182 double-hummer alignment exceptions
- 1117842981 2005.06.03 R20-M1-NF-C:J07-U11 2005-06-03-16.56.21.001420 R20-M1-NF-C:J07-U11 RAS KERNEL INFO 182 double-hummer alignment exceptions
- 1117842981 2005.06.03 R20-M1-NF-C:J15-U01 2005-06-03-16.56.21.032249 R20-M1-NF-C:J15-U01 RAS KERNEL INFO 202 double-hummer alignment exceptions
- 1117842981 2005.06.03 R20-M1-NF-C:J17-U01 2005-06-03-16.56.21.053885 R20-M1-NF-C:J17-U01 RAS KERNEL INFO 181 double-hummer alignment exceptions
- 1117842981 2005.06.03 R20-M1-NF-C:J11-U01 2005-06-03-16.56.21.075268 R20-M1-NF-C:J11-U01 RAS KERNEL INFO 101 double-hummer alignment exceptions
- 1117842981 2005.06.03 R20-M1-NF-C:J07-U01 2005-06-03-16.56.21.096798 R20-M1-NF-C:J07-U01 RAS KERNEL INFO 161 double-hummer alignment exceptions
- 1117842981 2005.06.03 R20-M1-NF-C:J13-U01 2005-06-03-16.56.21.131476 R20-M1-NF-C:J13-U01 RAS KERNEL INFO 142 double-hummer alignment exceptions
- 1117842981 2005.06.03 R20-M1-NF-C:J09-U01 2005-06-03-16.56.21.152534 R20-M1-NF-C:J09-U01 RAS KERNEL INFO 182 double-hummer alignment exceptions
- 1117842981 2005.06.03 R20-M1-NF-C:J16-U11 2005-06-03-16.56.21.174096 R20-M1-NF-C:J16-U11 RAS KERNEL INFO 181 double-hummer alignment exceptions
- 1117842981 2005.06.03 R20-M1-NF-C:J08-U11 2005-06-03-16.56.21.272436 R20-M1-NF-C:J08-U11 RAS KERNEL INFO 202 double-hummer alignment exceptions
- 1117842981 2005.06.03 R20-M1-NF-C:J14-U11 2005-06-03-16.56.21.340829 R20-M1-NF-C:J14-U11 RAS KERNEL INFO 161 double-hummer alignment exceptions
- 1117842981 2005.06.03 R20-M1-NF-C:J10-U11 2005-06-03-16.56.21.364629 R20-M1-NF-C:J10-U11 RAS KERNEL INFO 161 double-hummer alignment exceptions
- 1117842981 2005.06.03 R20-M1-NF-C:J06-U11 2005-06-03-16.56.21.386736 R20-M1-NF-C:J06-U11 RAS KERNEL INFO 142 double-hummer alignment exceptions
- 1117842981 2005.06.03 R20-M1-NF-C:J12-U11 2005-06-03-16.56.21.410620 R20-M1-NF-C:J12-U11 RAS KERNEL INFO 141 double-hummer alignment exceptions
- 1117842981 2005.06.03 R20-M1-NF-C:J14-U01 2005-06-03-16.56.21.443128 R20-M1-NF-C:J14-U01 RAS KERNEL INFO 201 double-hummer alignment exceptions
- 1117842981 2005.06.03 R20-M1-NF-C:J16-U01 2005-06-03-16.56.21.506130 R20-M1-NF-C:J16-U01 RAS KERNEL INFO 141 double-hummer alignment exceptions
- 1117842981 2005.06.03 R20-M1-NF-C:J10-U01 2005-06-03-16.56.21.533966 R20-M1-NF-C:J10-U01 RAS KERNEL INFO 122 double-hummer alignment exceptions
- 1117842981 2005.06.03 R20-M1-NF-C:J12-U01 2005-06-03-16.56.21.573239 R20-M1-NF-C:J12-U01 RAS KERNEL INFO 201 double-hummer alignment exceptions
- 1117842981 2005.06.03 R20-M1-NF-C:J08-U01 2005-06-03-16.56.21.604924 R20-M1-NF-C:J08-U01 RAS KERNEL INFO 203 double-hummer alignment exceptions
- 1117842981 2005.06.03 R20-M1-NF-C:J04-U01 2005-06-03-16.56.21.635329 R20-M1-NF-C:J04-U01 RAS KERNEL INFO 162 double-hummer alignment exceptions
- 1117842981 2005.06.03 R20-M1-NF-C:J06-U01 2005-06-03-16.56.21.656907 R20-M1-NF-C:J06-U01 RAS KERNEL INFO 221 double-hummer alignment exceptions
- 1117842981 2005.06.03 R20-M1-NF-C:J04-U11 2005-06-03-16.56.21.678165 R20-M1-NF-C:J04-U11 RAS KERNEL INFO 242 double-hummer alignment exceptions
- 1117842981 2005.06.03 R20-M1-NF-C:J02-U01 2005-06-03-16.56.21.704279 R20-M1-NF-C:J02-U01 RAS KERNEL INFO 202 double-hummer alignment exceptions
- 1117842981 2005.06.03 R20-M1-NF-C:J02-U11 2005-06-03-16.56.21.763499 R20-M1-NF-C:J02-U11 RAS KERNEL INFO 142 double-hummer alignment exceptions
- 1117842981 2005.06.03 R20-M1-N9-C:J09-U11 2005-06-03-16.56.21.850522 R20-M1-N9-C:J09-U11 RAS KERNEL INFO 142 double-hummer alignment exceptions
- 1117842981 2005.06.03 R20-M1-N9-C:J15-U11 2005-06-03-16.56.21.874406 R20-M1-N9-C:J15-U11 RAS KERNEL INFO 141 double-hummer alignment exceptions
- 1117842981 2005.06.03 R20-M1-N9-C:J11-U11 2005-06-03-16.56.21.895716 R20-M1-N9-C:J11-U11 RAS KERNEL INFO 182 double-hummer alignment exceptions
- 1117842981 2005.06.03 R20-M1-N9-C:J13-U11 2005-06-03-16.56.21.917626 R20-M1-N9-C:J13-U11 RAS KERNEL INFO 161 double-hummer alignment exceptions
- 1117842981 2005.06.03 R20-M1-N9-C:J17-U11 2005-06-03-16.56.21.939010 R20-M1-N9-C:J17-U11 RAS KERNEL INFO 182 double-hummer alignment exceptions
- 1117842981 2005.06.03 R20-M1-N9-C:J05-U01 2005-06-03-16.56.21.961561 R20-M1-N9-C:J05-U01 RAS KERNEL INFO 121 double-hummer alignment exceptions
- 1117842982 2005.06.03 R20-M1-N9-C:J03-U01 2005-06-03-16.56.22.021245 R20-M1-N9-C:J03-U01 RAS KERNEL INFO 142 double-hummer alignment exceptions
- 1117842982 2005.06.03 R20-M1-N9-C:J05-U11 2005-06-03-16.56.22.042708 R20-M1-N9-C:J05-U11 RAS KERNEL INFO 161 double-hummer alignment exceptions
- 1117842982 2005.06.03 R20-M1-N9-C:J03-U11 2005-06-03-16.56.22.070528 R20-M1-N9-C:J03-U11 RAS KERNEL INFO 101 double-hummer alignment exceptions
- 1117842982 2005.06.03 R20-M1-N9-C:J07-U11 2005-06-03-16.56.22.092360 R20-M1-N9-C:J07-U11 RAS KERNEL INFO 162 double-hummer alignment exceptions
- 1117842982 2005.06.03 R20-M1-N9-C:J15-U01 2005-06-03-16.56.22.114086 R20-M1-N9-C:J15-U01 RAS KERNEL INFO 161 double-hummer alignment exceptions
- 1117842982 2005.06.03 R20-M1-N9-C:J17-U01 2005-06-03-16.56.22.136075 R20-M1-N9-C:J17-U01 RAS KERNEL INFO 182 double-hummer alignment exceptions
- 1117842982 2005.06.03 R20-M1-N9-C:J11-U01 2005-06-03-16.56.22.157573 R20-M1-N9-C:J11-U01 RAS KERNEL INFO 142 double-hummer alignment exceptions
- 1117842982 2005.06.03 R20-M1-N9-C:J07-U01 2005-06-03-16.56.22.180017 R20-M1-N9-C:J07-U01 RAS KERNEL INFO 121 double-hummer alignment exceptions
- 1117842982 2005.06.03 R20-M1-N9-C:J13-U01 2005-06-03-16.56.22.202003 R20-M1-N9-C:J13-U01 RAS KERNEL INFO 142 double-hummer alignment exceptions
- 1117842982 2005.06.03 R20-M1-N9-C:J09-U01 2005-06-03-16.56.22.240490 R20-M1-N9-C:J09-U01 RAS KERNEL INFO 201 double-hummer alignment exceptions
- 1117842982 2005.06.03 R20-M1-N9-C:J16-U11 2005-06-03-16.56.22.358223 R20-M1-N9-C:J16-U11 RAS KERNEL INFO 142 double-hummer alignment exceptions
- 1117842982 2005.06.03 R20-M1-N9-C:J08-U11 2005-06-03-16.56.22.380309 R20-M1-N9-C:J08-U11 RAS KERNEL INFO 201 double-hummer alignment exceptions
- 1117842982 2005.06.03 R20-M1-N9-C:J14-U11 2005-06-03-16.56.22.401716 R20-M1-N9-C:J14-U11 RAS KERNEL INFO 163 double-hummer alignment exceptions
- 1117842982 2005.06.03 R20-M1-N9-C:J10-U11 2005-06-03-16.56.22.422889 R20-M1-N9-C:J10-U11 RAS KERNEL INFO 182 double-hummer alignment exceptions
- 1117842982 2005.06.03 R20-M1-N9-C:J06-U11 2005-06-03-16.56.22.444369 R20-M1-N9-C:J06-U11 RAS KERNEL INFO 162 double-hummer alignment exceptions
- 1117842982 2005.06.03 R20-M1-N9-C:J12-U11 2005-06-03-16.56.22.465789 R20-M1-N9-C:J12-U11 RAS KERNEL INFO 122 double-hummer alignment exceptions
- 1117842982 2005.06.03 R20-M1-N9-C:J14-U01 2005-06-03-16.56.22.527509 R20-M1-N9-C:J14-U01 RAS KERNEL INFO 141 double-hummer alignment exceptions
- 1117842982 2005.06.03 R20-M1-N9-C:J16-U01 2005-06-03-16.56.22.698360 R20-M1-N9-C:J16-U01 RAS KERNEL INFO 202 double-hummer alignment exceptions
- 1117842982 2005.06.03 R20-M1-N9-C:J10-U01 2005-06-03-16.56.22.739691 R20-M1-N9-C:J10-U01 RAS KERNEL INFO 182 double-hummer alignment exceptions
- 1117842982 2005.06.03 R20-M1-N9-C:J12-U01 2005-06-03-16.56.22.870079 R20-M1-N9-C:J12-U01 RAS KERNEL INFO 182 double-hummer alignment exceptions
- 1117842982 2005.06.03 R20-M1-N9-C:J08-U01 2005-06-03-16.56.22.892273 R20-M1-N9-C:J08-U01 RAS KERNEL INFO 142 double-hummer alignment exceptions
- 1117842982 2005.06.03 R20-M1-N9-C:J04-U01 2005-06-03-16.56.22.913769 R20-M1-N9-C:J04-U01 RAS KERNEL INFO 141 double-hummer alignment exceptions
- 1117842982 2005.06.03 R20-M1-N9-C:J06-U01 2005-06-03-16.56.22.934782 R20-M1-N9-C:J06-U01 RAS KERNEL INFO 162 double-hummer alignment exceptions
- 1117842982 2005.06.03 R20-M1-N9-C:J04-U11 2005-06-03-16.56.22.962649 R20-M1-N9-C:J04-U11 RAS KERNEL INFO 161 double-hummer alignment exceptions
- 1117842983 2005.06.03 R20-M1-N9-C:J02-U01 2005-06-03-16.56.23.041906 R20-M1-N9-C:J02-U01 RAS KERNEL INFO 162 double-hummer alignment exceptions
- 1117842983 2005.06.03 R20-M1-N9-C:J02-U11 2005-06-03-16.56.23.063638 R20-M1-N9-C:J02-U11 RAS KERNEL INFO 202 double-hummer alignment exceptions
- 1117842983 2005.06.03 R20-M0-N5-C:J09-U11 2005-06-03-16.56.23.086741 R20-M0-N5-C:J09-U11 RAS KERNEL INFO 182 double-hummer alignment exceptions
- 1117842983 2005.06.03 R20-M0-N5-C:J15-U11 2005-06-03-16.56.23.108215 R20-M0-N5-C:J15-U11 RAS KERNEL INFO 202 double-hummer alignment exceptions
- 1117842983 2005.06.03 R20-M0-N5-C:J11-U11 2005-06-03-16.56.23.129621 R20-M0-N5-C:J11-U11 RAS KERNEL INFO 181 double-hummer alignment exceptions
- 1117842983 2005.06.03 R20-M0-N5-C:J13-U11 2005-06-03-16.56.23.150802 R20-M0-N5-C:J13-U11 RAS KERNEL INFO 142 double-hummer alignment exceptions
- 1117842983 2005.06.03 R20-M0-N5-C:J17-U11 2005-06-03-16.56.23.171498 R20-M0-N5-C:J17-U11 RAS KERNEL INFO 201 double-hummer alignment exceptions
- 1117842983 2005.06.03 R20-M0-N5-C:J05-U01 2005-06-03-16.56.23.192757 R20-M0-N5-C:J05-U01 RAS KERNEL INFO 141 double-hummer alignment exceptions
- 1117842983 2005.06.03 R20-M0-N5-C:J03-U01 2005-06-03-16.56.23.221213 R20-M0-N5-C:J03-U01 RAS KERNEL INFO 161 double-hummer alignment exceptions
- 1117842983 2005.06.03 R20-M0-N5-C:J05-U11 2005-06-03-16.56.23.264516 R20-M0-N5-C:J05-U11 RAS KERNEL INFO 121 double-hummer alignment exceptions
- 1117842983 2005.06.03 R20-M0-N5-C:J03-U11 2005-06-03-16.56.23.378540 R20-M0-N5-C:J03-U11 RAS KERNEL INFO 222 double-hummer alignment exceptions
- 1117842983 2005.06.03 R20-M0-N5-C:J07-U11 2005-06-03-16.56.23.401029 R20-M0-N5-C:J07-U11 RAS KERNEL INFO 202 double-hummer alignment exceptions
- 1117842983 2005.06.03 R20-M0-N5-C:J15-U01 2005-06-03-16.56.23.422240 R20-M0-N5-C:J15-U01 RAS KERNEL INFO 181 double-hummer alignment exceptions
- 1117842983 2005.06.03 R20-M0-N5-C:J17-U01 2005-06-03-16.56.23.443423 R20-M0-N5-C:J17-U01 RAS KERNEL INFO 162 double-hummer alignment exceptions
- 1117842983 2005.06.03 R20-M0-N5-C:J11-U01 2005-06-03-16.56.23.465768 R20-M0-N5-C:J11-U01 RAS KERNEL INFO 201 double-hummer alignment exceptions
- 1117842983 2005.06.03 R20-M0-N5-C:J07-U01 2005-06-03-16.56.23.549560 R20-M0-N5-C:J07-U01 RAS KERNEL INFO 162 double-hummer alignment exceptions
- 1117842983 2005.06.03 R20-M0-N5-C:J13-U01 2005-06-03-16.56.23.571212 R20-M0-N5-C:J13-U01 RAS KERNEL INFO 101 double-hummer alignment exceptions
- 1117842983 2005.06.03 R20-M0-N5-C:J09-U01 2005-06-03-16.56.23.596295 R20-M0-N5-C:J09-U01 RAS KERNEL INFO 182 double-hummer alignment exceptions
- 1117842983 2005.06.03 R20-M0-N5-C:J16-U11 2005-06-03-16.56.23.619310 R20-M0-N5-C:J16-U11 RAS KERNEL INFO 222 double-hummer alignment exceptions
- 1117842983 2005.06.03 R20-M0-N5-C:J08-U11 2005-06-03-16.56.23.641466 R20-M0-N5-C:J08-U11 RAS KERNEL INFO 142 double-hummer alignment exceptions
- 1117842983 2005.06.03 R20-M0-N5-C:J14-U11 2005-06-03-16.56.23.664127 R20-M0-N5-C:J14-U11 RAS KERNEL INFO 242 double-hummer alignment exceptions
- 1117842983 2005.06.03 R20-M0-N5-C:J10-U11 2005-06-03-16.56.23.685977 R20-M0-N5-C:J10-U11 RAS KERNEL INFO 141 double-hummer alignment exceptions
- 1117842983 2005.06.03 R20-M0-N5-C:J06-U11 2005-06-03-16.56.23.708196 R20-M0-N5-C:J06-U11 RAS KERNEL INFO 182 double-hummer alignment exceptions
- 1117842983 2005.06.03 R20-M0-N5-C:J12-U11 2005-06-03-16.56.23.885755 R20-M0-N5-C:J12-U11 RAS KERNEL INFO 201 double-hummer alignment exceptions
- 1117842983 2005.06.03 R20-M0-N5-C:J14-U01 2005-06-03-16.56.23.907591 R20-M0-N5-C:J14-U01 RAS KERNEL INFO 202 double-hummer alignment exceptions
- 1117842983 2005.06.03 R20-M0-N5-C:J16-U01 2005-06-03-16.56.23.929129 R20-M0-N5-C:J16-U01 RAS KERNEL INFO 161 double-hummer alignment exceptions
- 1117842983 2005.06.03 R20-M0-N5-C:J10-U01 2005-06-03-16.56.23.950669 R20-M0-N5-C:J10-U01 RAS KERNEL INFO 162 double-hummer alignment exceptions
- 1117842983 2005.06.03 R20-M0-N5-C:J12-U01 2005-06-03-16.56.23.972576 R20-M0-N5-C:J12-U01 RAS KERNEL INFO 202 double-hummer alignment exceptions
- 1117842983 2005.06.03 R20-M0-N5-C:J08-U01 2005-06-03-16.56.23.994989 R20-M0-N5-C:J08-U01 RAS KERNEL INFO 141 double-hummer alignment exceptions
- 1117842984 2005.06.03 R20-M0-N5-C:J04-U01 2005-06-03-16.56.24.060802 R20-M0-N5-C:J04-U01 RAS KERNEL INFO 142 double-hummer alignment exceptions
- 1117842984 2005.06.03 R20-M0-N5-C:J06-U01 2005-06-03-16.56.24.082037 R20-M0-N5-C:J06-U01 RAS KERNEL INFO 161 double-hummer alignment exceptions
- 1117842984 2005.06.03 R20-M0-N5-C:J04-U11 2005-06-03-16.56.24.107051 R20-M0-N5-C:J04-U11 RAS KERNEL INFO 222 double-hummer alignment exceptions
- 1117842984 2005.06.03 R20-M0-N5-C:J02-U01 2005-06-03-16.56.24.127776 R20-M0-N5-C:J02-U01 RAS KERNEL INFO 121 double-hummer alignment exceptions
- 1117842984 2005.06.03 R20-M0-N5-C:J02-U11 2005-06-03-16.56.24.148468 R20-M0-N5-C:J02-U11 RAS KERNEL INFO 141 double-hummer alignment exceptions
- 1117842984 2005.06.03 R20-M0-N1-C:J09-U11 2005-06-03-16.56.24.171290 R20-M0-N1-C:J09-U11 RAS KERNEL INFO 142 double-hummer alignment exceptions
- 1117842984 2005.06.03 R20-M0-N1-C:J15-U11 2005-06-03-16.56.24.193485 R20-M0-N1-C:J15-U11 RAS KERNEL INFO 182 double-hummer alignment exceptions
- 1117842984 2005.06.03 R20-M0-N1-C:J11-U11 2005-06-03-16.56.24.214281 R20-M0-N1-C:J11-U11 RAS KERNEL INFO 161 double-hummer alignment exceptions
- 1117842984 2005.06.03 R20-M0-N1-C:J13-U11 2005-06-03-16.56.24.235260 R20-M0-N1-C:J13-U11 RAS KERNEL INFO 161 double-hummer alignment exceptions
- 1117842984 2005.06.03 R20-M0-N1-C:J17-U11 2005-06-03-16.56.24.399355 R20-M0-N1-C:J17-U11 RAS KERNEL INFO 162 double-hummer alignment exceptions
- 1117842984 2005.06.03 R20-M0-N1-C:J05-U01 2005-06-03-16.56.24.421243 R20-M0-N1-C:J05-U01 RAS KERNEL INFO 182 double-hummer alignment exceptions
- 1117842984 2005.06.03 R20-M0-N1-C:J03-U01 2005-06-03-16.56.24.442541 R20-M0-N1-C:J03-U01 RAS KERNEL INFO 161 double-hummer alignment exceptions
- 1117842984 2005.06.03 R20-M0-N1-C:J05-U11 2005-06-03-16.56.24.463854 R20-M0-N1-C:J05-U11 RAS KERNEL INFO 142 double-hummer alignment exceptions
- 1117842984 2005.06.03 R20-M0-N1-C:J03-U11 2005-06-03-16.56.24.485412 R20-M0-N1-C:J03-U11 RAS KERNEL INFO 182 double-hummer alignment exceptions
- 1117842984 2005.06.03 R20-M0-N1-C:J07-U11 2005-06-03-16.56.24.506841 R20-M0-N1-C:J07-U11 RAS KERNEL INFO 142 double-hummer alignment exceptions
- 1117842984 2005.06.03 R20-M0-N1-C:J15-U01 2005-06-03-16.56.24.568038 R20-M0-N1-C:J15-U01 RAS KERNEL INFO 162 double-hummer alignment exceptions
- 1117842984 2005.06.03 R20-M0-N1-C:J17-U01 2005-06-03-16.56.24.589823 R20-M0-N1-C:J17-U01 RAS KERNEL INFO 141 double-hummer alignment exceptions
- 1117842984 2005.06.03 R20-M0-N1-C:J11-U01 2005-06-03-16.56.24.614074 R20-M0-N1-C:J11-U01 RAS KERNEL INFO 161 double-hummer alignment exceptions
- 1117842984 2005.06.03 R20-M0-N1-C:J07-U01 2005-06-03-16.56.24.634783 R20-M0-N1-C:J07-U01 RAS KERNEL INFO 141 double-hummer alignment exceptions
- 1117842984 2005.06.03 R20-M0-N1-C:J13-U01 2005-06-03-16.56.24.655272 R20-M0-N1-C:J13-U01 RAS KERNEL INFO 162 double-hummer alignment exceptions
- 1117842984 2005.06.03 R20-M0-N1-C:J09-U01 2005-06-03-16.56.24.676021 R20-M0-N1-C:J09-U01 RAS KERNEL INFO 162 double-hummer alignment exceptions
- 1117842984 2005.06.03 R20-M0-N1-C:J16-U11 2005-06-03-16.56.24.696607 R20-M0-N1-C:J16-U11 RAS KERNEL INFO 141 double-hummer alignment exceptions
- 1117842984 2005.06.03 R20-M0-N1-C:J08-U11 2005-06-03-16.56.24.725432 R20-M0-N1-C:J08-U11 RAS KERNEL INFO 202 double-hummer alignment exceptions
- 1117842984 2005.06.03 R20-M0-N1-C:J14-U11 2005-06-03-16.56.24.746226 R20-M0-N1-C:J14-U11 RAS KERNEL INFO 121 double-hummer alignment exceptions
- 1117842984 2005.06.03 R20-M0-N1-C:J10-U11 2005-06-03-16.56.24.826467 R20-M0-N1-C:J10-U11 RAS KERNEL INFO 182 double-hummer alignment exceptions
- 1117842984 2005.06.03 R20-M0-N1-C:J06-U11 2005-06-03-16.56.24.912261 R20-M0-N1-C:J06-U11 RAS KERNEL INFO 202 double-hummer alignment exceptions
- 1117842984 2005.06.03 R20-M0-N1-C:J12-U11 2005-06-03-16.56.24.934089 R20-M0-N1-C:J12-U11 RAS KERNEL INFO 162 double-hummer alignment exceptions
- 1117842984 2005.06.03 R20-M0-N1-C:J14-U01 2005-06-03-16.56.24.955533 R20-M0-N1-C:J14-U01 RAS KERNEL INFO 121 double-hummer alignment exceptions
- 1117842984 2005.06.03 R20-M0-N1-C:J16-U01 2005-06-03-16.56.24.977178 R20-M0-N1-C:J16-U01 RAS KERNEL INFO 142 double-hummer alignment exceptions
- 1117842984 2005.06.03 R20-M0-N1-C:J10-U01 2005-06-03-16.56.24.997855 R20-M0-N1-C:J10-U01 RAS KERNEL INFO 182 double-hummer alignment exceptions
- 1117842985 2005.06.03 R20-M0-N1-C:J12-U01 2005-06-03-16.56.25.018482 R20-M0-N1-C:J12-U01 RAS KERNEL INFO 202 double-hummer alignment exceptions
- 1117842985 2005.06.03 R20-M0-N1-C:J08-U01 2005-06-03-16.56.25.078994 R20-M0-N1-C:J08-U01 RAS KERNEL INFO 202 double-hummer alignment exceptions
- 1117842985 2005.06.03 R20-M0-N1-C:J04-U01 2005-06-03-16.56.25.100393 R20-M0-N1-C:J04-U01 RAS KERNEL INFO 161 double-hummer alignment exceptions
- 1117842985 2005.06.03 R20-M0-N1-C:J06-U01 2005-06-03-16.56.25.124267 R20-M0-N1-C:J06-U01 RAS KERNEL INFO 202 double-hummer alignment exceptions
- 1117842985 2005.06.03 R20-M0-N1-C:J04-U11 2005-06-03-16.56.25.144554 R20-M0-N1-C:J04-U11 RAS KERNEL INFO 202 double-hummer alignment exceptions
- 1117842985 2005.06.03 R20-M0-N1-C:J02-U01 2005-06-03-16.56.25.164086 R20-M0-N1-C:J02-U01 RAS KERNEL INFO 181 double-hummer alignment exceptions
- 1117842985 2005.06.03 R20-M0-N1-C:J02-U11 2005-06-03-16.56.25.184543 R20-M0-N1-C:J02-U11 RAS KERNEL INFO 141 double-hummer alignment exceptions
- 1117842986 2005.06.03 R20-M1-ND-C:J09-U11 2005-06-03-16.56.26.242258 R20-M1-ND-C:J09-U11 RAS KERNEL INFO 142 double-hummer alignment exceptions
- 1117842986 2005.06.03 R20-M1-ND-C:J15-U11 2005-06-03-16.56.26.263666 R20-M1-ND-C:J15-U11 RAS KERNEL INFO 141 double-hummer alignment exceptions
- 1117842986 2005.06.03 R20-M1-ND-C:J11-U11 2005-06-03-16.56.26.287324 R20-M1-ND-C:J11-U11 RAS KERNEL INFO 122 double-hummer alignment exceptions
- 1117842986 2005.06.03 R20-M1-ND-C:J13-U11 2005-06-03-16.56.26.373792 R20-M1-ND-C:J13-U11 RAS KERNEL INFO 181 double-hummer alignment exceptions
- 1117842986 2005.06.03 R20-M1-ND-C:J17-U11 2005-06-03-16.56.26.438231 R20-M1-ND-C:J17-U11 RAS KERNEL INFO 122 double-hummer alignment exceptions
- 1117842986 2005.06.03 R20-M1-ND-C:J05-U01 2005-06-03-16.56.26.460675 R20-M1-ND-C:J05-U01 RAS KERNEL INFO 121 double-hummer alignment exceptions
- 1117842986 2005.06.03 R20-M1-ND-C:J03-U01 2005-06-03-16.56.26.482412 R20-M1-ND-C:J03-U01 RAS KERNEL INFO 142 double-hummer alignment exceptions
- 1117842986 2005.06.03 R20-M1-ND-C:J05-U11 2005-06-03-16.56.26.515069 R20-M1-ND-C:J05-U11 RAS KERNEL INFO 141 double-hummer alignment exceptions
- 1117842986 2005.06.03 R20-M1-ND-C:J03-U11 2005-06-03-16.56.26.536672 R20-M1-ND-C:J03-U11 RAS KERNEL INFO 181 double-hummer alignment exceptions
- 1117842986 2005.06.03 R20-M1-ND-C:J07-U11 2005-06-03-16.56.26.608590 R20-M1-ND-C:J07-U11 RAS KERNEL INFO 182 double-hummer alignment exceptions
- 1117842986 2005.06.03 R20-M1-ND-C:J15-U01 2005-06-03-16.56.26.630600 R20-M1-ND-C:J15-U01 RAS KERNEL INFO 121 double-hummer alignment exceptions
- 1117842986 2005.06.03 R20-M1-ND-C:J17-U01 2005-06-03-16.56.26.657294 R20-M1-ND-C:J17-U01 RAS KERNEL INFO 102 double-hummer alignment exceptions
- 1117842986 2005.06.03 R20-M1-ND-C:J11-U01 2005-06-03-16.56.26.680788 R20-M1-ND-C:J11-U01 RAS KERNEL INFO 141 double-hummer alignment exceptions
- 1117842986 2005.06.03 R20-M1-ND-C:J07-U01 2005-06-03-16.56.26.702382 R20-M1-ND-C:J07-U01 RAS KERNEL INFO 121 double-hummer alignment exceptions
- 1117842986 2005.06.03 R20-M1-ND-C:J13-U01 2005-06-03-16.56.26.723855 R20-M1-ND-C:J13-U01 RAS KERNEL INFO 182 double-hummer alignment exceptions
- 1117842986 2005.06.03 R20-M1-ND-C:J09-U01 2005-06-03-16.56.26.750634 R20-M1-ND-C:J09-U01 RAS KERNEL INFO 182 double-hummer alignment exceptions
- 1117842986 2005.06.03 R20-M1-ND-C:J16-U11 2005-06-03-16.56.26.773229 R20-M1-ND-C:J16-U11 RAS KERNEL INFO 202 double-hummer alignment exceptions
- 1117842986 2005.06.03 R20-M1-ND-C:J08-U11 2005-06-03-16.56.26.795063 R20-M1-ND-C:J08-U11 RAS KERNEL INFO 141 double-hummer alignment exceptions
- 1117842986 2005.06.03 R20-M1-ND-C:J14-U11 2005-06-03-16.56.26.862135 R20-M1-ND-C:J14-U11 RAS KERNEL INFO 201 double-hummer alignment exceptions
- 1117842986 2005.06.03 R20-M1-ND-C:J10-U11 2005-06-03-16.56.26.946830 R20-M1-ND-C:J10-U11 RAS KERNEL INFO 161 double-hummer alignment exceptions
- 1117842986 2005.06.03 R20-M1-ND-C:J06-U11 2005-06-03-16.56.26.969566 R20-M1-ND-C:J06-U11 RAS KERNEL INFO 161 double-hummer alignment exceptions
- 1117842986 2005.06.03 R20-M1-ND-C:J12-U11 2005-06-03-16.56.26.991159 R20-M1-ND-C:J12-U11 RAS KERNEL INFO 101 double-hummer alignment exceptions
- 1117842987 2005.06.03 R20-M1-ND-C:J14-U01 2005-06-03-16.56.27.012483 R20-M1-ND-C:J14-U01 RAS KERNEL INFO 161 double-hummer alignment exceptions
- 1117842987 2005.06.03 R20-M1-ND-C:J16-U01 2005-06-03-16.56.27.033791 R20-M1-ND-C:J16-U01 RAS KERNEL INFO 182 double-hummer alignment exceptions
- 1117842987 2005.06.03 R20-M1-ND-C:J10-U01 2005-06-03-16.56.27.054715 R20-M1-ND-C:J10-U01 RAS KERNEL INFO 142 double-hummer alignment exceptions
- 1117842987 2005.06.03 R20-M1-ND-C:J12-U01 2005-06-03-16.56.27.118392 R20-M1-ND-C:J12-U01 RAS KERNEL INFO 162 double-hummer alignment exceptions
- 1117842987 2005.06.03 R20-M1-ND-C:J08-U01 2005-06-03-16.56.27.140594 R20-M1-ND-C:J08-U01 RAS KERNEL INFO 141 double-hummer alignment exceptions
- 1117842987 2005.06.03 R20-M1-ND-C:J04-U01 2005-06-03-16.56.27.166597 R20-M1-ND-C:J04-U01 RAS KERNEL INFO 182 double-hummer alignment exceptions
- 1117842987 2005.06.03 R20-M1-ND-C:J06-U01 2005-06-03-16.56.27.188393 R20-M1-ND-C:J06-U01 RAS KERNEL INFO 222 double-hummer alignment exceptions
- 1117842987 2005.06.03 R20-M1-ND-C:J04-U11 2005-06-03-16.56.27.217396 R20-M1-ND-C:J04-U11 RAS KERNEL INFO 161 double-hummer alignment exceptions
- 1117842987 2005.06.03 R20-M1-ND-C:J02-U01 2005-06-03-16.56.27.246946 R20-M1-ND-C:J02-U01 RAS KERNEL INFO 122 double-hummer alignment exceptions
- 1117842987 2005.06.03 R20-M1-ND-C:J02-U11 2005-06-03-16.56.27.273777 R20-M1-ND-C:J02-U11 RAS KERNEL INFO 141 double-hummer alignment exceptions
- 1117842996 2005.06.03 R20-M0-NB-C:J09-U11 2005-06-03-16.56.36.371063 R20-M0-NB-C:J09-U11 RAS KERNEL INFO 122 double-hummer alignment exceptions
- 1117842996 2005.06.03 R20-M0-NB-C:J15-U11 2005-06-03-16.56.36.392906 R20-M0-NB-C:J15-U11 RAS KERNEL INFO 162 double-hummer alignment exceptions
- 1117842996 2005.06.03 R20-M0-NB-C:J11-U11 2005-06-03-16.56.36.415490 R20-M0-NB-C:J11-U11 RAS KERNEL INFO 101 double-hummer alignment exceptions
- 1117842996 2005.06.03 R20-M0-NB-C:J13-U11 2005-06-03-16.56.36.437514 R20-M0-NB-C:J13-U11 RAS KERNEL INFO 141 double-hummer alignment exceptions
- 1117842996 2005.06.03 R20-M0-NB-C:J17-U11 2005-06-03-16.56.36.458342 R20-M0-NB-C:J17-U11 RAS KERNEL INFO 101 double-hummer alignment exceptions
- 1117842996 2005.06.03 R20-M0-NB-C:J05-U01 2005-06-03-16.56.36.482542 R20-M0-NB-C:J05-U01 RAS KERNEL INFO 142 double-hummer alignment exceptions
- 1117842996 2005.06.03 R20-M0-NB-C:J03-U01 2005-06-03-16.56.36.529327 R20-M0-NB-C:J03-U01 RAS KERNEL INFO 142 double-hummer alignment exceptions
- 1117842996 2005.06.03 R20-M0-NB-C:J05-U11 2005-06-03-16.56.36.551622 R20-M0-NB-C:J05-U11 RAS KERNEL INFO 162 double-hummer alignment exceptions
- 1117842996 2005.06.03 R20-M0-NB-C:J03-U11 2005-06-03-16.56.36.573559 R20-M0-NB-C:J03-U11 RAS KERNEL INFO 142 double-hummer alignment exceptions
- 1117842996 2005.06.03 R20-M0-NB-C:J07-U11 2005-06-03-16.56.36.596217 R20-M0-NB-C:J07-U11 RAS KERNEL INFO 182 double-hummer alignment exceptions
- 1117842996 2005.06.03 R20-M0-NB-C:J15-U01 2005-06-03-16.56.36.618349 R20-M0-NB-C:J15-U01 RAS KERNEL INFO 102 double-hummer alignment exceptions
- 1117842996 2005.06.03 R20-M0-NB-C:J17-U01 2005-06-03-16.56.36.653203 R20-M0-NB-C:J17-U01 RAS KERNEL INFO 182 double-hummer alignment exceptions
- 1117842996 2005.06.03 R20-M0-NB-C:J11-U01 2005-06-03-16.56.36.682196 R20-M0-NB-C:J11-U01 RAS KERNEL INFO 141 double-hummer alignment exceptions
- 1117842996 2005.06.03 R20-M0-NB-C:J07-U01 2005-06-03-16.56.36.705765 R20-M0-NB-C:J07-U01 RAS KERNEL INFO 142 double-hummer alignment exceptions
- 1117842996 2005.06.03 R20-M0-NB-C:J13-U01 2005-06-03-16.56.36.727222 R20-M0-NB-C:J13-U01 RAS KERNEL INFO 141 double-hummer alignment exceptions
- 1117842996 2005.06.03 R20-M0-NB-C:J09-U01 2005-06-03-16.56.36.752632 R20-M0-NB-C:J09-U01 RAS KERNEL INFO 162 double-hummer alignment exceptions
- 1117842996 2005.06.03 R20-M0-NB-C:J16-U11 2005-06-03-16.56.36.824065 R20-M0-NB-C:J16-U11 RAS KERNEL INFO 162 double-hummer alignment exceptions
- 1117842996 2005.06.03 R20-M0-NB-C:J08-U11 2005-06-03-16.56.36.960843 R20-M0-NB-C:J08-U11 RAS KERNEL INFO 141 double-hummer alignment exceptions
- 1117842996 2005.06.03 R20-M0-NB-C:J14-U11 2005-06-03-16.56.36.984668 R20-M0-NB-C:J14-U11 RAS KERNEL INFO 201 double-hummer alignment exceptions
- 1117842997 2005.06.03 R20-M0-NB-C:J10-U11 2005-06-03-16.56.37.036663 R20-M0-NB-C:J10-U11 RAS KERNEL INFO 141 double-hummer alignment exceptions
- 1117842997 2005.06.03 R20-M0-NB-C:J06-U11 2005-06-03-16.56.37.064168 R20-M0-NB-C:J06-U11 RAS KERNEL INFO 201 double-hummer alignment exceptions
- 1117842997 2005.06.03 R20-M0-NB-C:J12-U11 2005-06-03-16.56.37.087285 R20-M0-NB-C:J12-U11 RAS KERNEL INFO 162 double-hummer alignment exceptions
- 1117842997 2005.06.03 R20-M0-NB-C:J14-U01 2005-06-03-16.56.37.113021 R20-M0-NB-C:J14-U01 RAS KERNEL INFO 121 double-hummer alignment exceptions
- 1117842997 2005.06.03 R20-M0-NB-C:J16-U01 2005-06-03-16.56.37.136420 R20-M0-NB-C:J16-U01 RAS KERNEL INFO 181 double-hummer alignment exceptions
- 1117842997 2005.06.03 R20-M0-NB-C:J10-U01 2005-06-03-16.56.37.160425 R20-M0-NB-C:J10-U01 RAS KERNEL INFO 182 double-hummer alignment exceptions
- 1117842997 2005.06.03 R20-M0-NB-C:J12-U01 2005-06-03-16.56.37.182645 R20-M0-NB-C:J12-U01 RAS KERNEL INFO 181 double-hummer alignment exceptions
- 1117842997 2005.06.03 R20-M0-NB-C:J08-U01 2005-06-03-16.56.37.206694 R20-M0-NB-C:J08-U01 RAS KERNEL INFO 141 double-hummer alignment exceptions
- 1117842997 2005.06.03 R20-M0-NB-C:J04-U01 2005-06-03-16.56.37.234299 R20-M0-NB-C:J04-U01 RAS KERNEL INFO 162 double-hummer alignment exceptions
- 1117842997 2005.06.03 R20-M0-NB-C:J06-U01 2005-06-03-16.56.37.258354 R20-M0-NB-C:J06-U01 RAS KERNEL INFO 122 double-hummer alignment exceptions
- 1117842997 2005.06.03 R20-M0-NB-C:J04-U11 2005-06-03-16.56.37.328223 R20-M0-NB-C:J04-U11 RAS KERNEL INFO 202 double-hummer alignment exceptions
- 1117842997 2005.06.03 R20-M0-NB-C:J02-U01 2005-06-03-16.56.37.377843 R20-M0-NB-C:J02-U01 RAS KERNEL INFO 182 double-hummer alignment exceptions
- 1117842997 2005.06.03 R20-M0-NB-C:J02-U11 2005-06-03-16.56.37.399930 R20-M0-NB-C:J02-U11 RAS KERNEL INFO 141 double-hummer alignment exceptions
- 1117843035 2005.06.03 R20-M1-N0-C:J09-U11 2005-06-03-16.57.15.244479 R20-M1-N0-C:J09-U11 RAS KERNEL INFO 121 double-hummer alignment exceptions
- 1117843035 2005.06.03 R20-M1-N0-C:J15-U11 2005-06-03-16.57.15.284387 R20-M1-N0-C:J15-U11 RAS KERNEL INFO 182 double-hummer alignment exceptions
- 1117843035 2005.06.03 R20-M1-N0-C:J11-U11 2005-06-03-16.57.15.305702 R20-M1-N0-C:J11-U11 RAS KERNEL INFO 182 double-hummer alignment exceptions
- 1117843035 2005.06.03 R20-M1-N0-C:J13-U11 2005-06-03-16.57.15.328939 R20-M1-N0-C:J13-U11 RAS KERNEL INFO 141 double-hummer alignment exceptions
- 1117843035 2005.06.03 R20-M1-N0-C:J17-U11 2005-06-03-16.57.15.351548 R20-M1-N0-C:J17-U11 RAS KERNEL INFO 181 double-hummer alignment exceptions
- 1117843035 2005.06.03 R20-M1-N0-C:J05-U01 2005-06-03-16.57.15.372220 R20-M1-N0-C:J05-U01 RAS KERNEL INFO 202 double-hummer alignment exceptions
- 1117843035 2005.06.03 R20-M1-N0-C:J03-U01 2005-06-03-16.57.15.392930 R20-M1-N0-C:J03-U01 RAS KERNEL INFO 101 double-hummer alignment exceptions
- 1117843035 2005.06.03 R20-M1-N0-C:J05-U11 2005-06-03-16.57.15.417037 R20-M1-N0-C:J05-U11 RAS KERNEL INFO 122 double-hummer alignment exceptions
- 1117843035 2005.06.03 R20-M1-N0-C:J03-U11 2005-06-03-16.57.15.438740 R20-M1-N0-C:J03-U11 RAS KERNEL INFO 141 double-hummer alignment exceptions
- 1117843035 2005.06.03 R20-M1-N0-C:J07-U11 2005-06-03-16.57.15.465592 R20-M1-N0-C:J07-U11 RAS KERNEL INFO 142 double-hummer alignment exceptions
- 1117843035 2005.06.03 R20-M1-N0-C:J15-U01 2005-06-03-16.57.15.486638 R20-M1-N0-C:J15-U01 RAS KERNEL INFO 141 double-hummer alignment exceptions
- 1117843035 2005.06.03 R20-M1-N0-C:J17-U01 2005-06-03-16.57.15.508795 R20-M1-N0-C:J17-U01 RAS KERNEL INFO 142 double-hummer alignment exceptions
- 1117843035 2005.06.03 R20-M1-N0-C:J11-U01 2005-06-03-16.57.15.577035 R20-M1-N0-C:J11-U01 RAS KERNEL INFO 202 double-hummer alignment exceptions
- 1117843035 2005.06.03 R20-M1-N0-C:J07-U01 2005-06-03-16.57.15.598295 R20-M1-N0-C:J07-U01 RAS KERNEL INFO 161 double-hummer alignment exceptions
- 1117843035 2005.06.03 R20-M1-N0-C:J13-U01 2005-06-03-16.57.15.619842 R20-M1-N0-C:J13-U01 RAS KERNEL INFO 101 double-hummer alignment exceptions
- 1117843035 2005.06.03 R20-M1-N0-C:J09-U01 2005-06-03-16.57.15.640703 R20-M1-N0-C:J09-U01 RAS KERNEL INFO 182 double-hummer alignment exceptions
- 1117843035 2005.06.03 R20-M1-N0-C:J16-U11 2005-06-03-16.57.15.663600 R20-M1-N0-C:J16-U11 RAS KERNEL INFO 102 double-hummer alignment exceptions
- 1117843035 2005.06.03 R20-M1-N0-C:J08-U11 2005-06-03-16.57.15.684794 R20-M1-N0-C:J08-U11 RAS KERNEL INFO 162 double-hummer alignment exceptions
- 1117843035 2005.06.03 R20-M1-N0-C:J14-U11 2005-06-03-16.57.15.705712 R20-M1-N0-C:J14-U11 RAS KERNEL INFO 161 double-hummer alignment exceptions
- 1117843035 2005.06.03 R20-M1-N0-C:J10-U11 2005-06-03-16.57.15.728398 R20-M1-N0-C:J10-U11 RAS KERNEL INFO 141 double-hummer alignment exceptions
- 1117843035 2005.06.03 R20-M1-N0-C:J06-U11 2005-06-03-16.57.15.751080 R20-M1-N0-C:J06-U11 RAS KERNEL INFO 122 double-hummer alignment exceptions
- 1117843035 2005.06.03 R20-M1-N0-C:J12-U11 2005-06-03-16.57.15.794558 R20-M1-N0-C:J12-U11 RAS KERNEL INFO 202 double-hummer alignment exceptions
- 1117843035 2005.06.03 R20-M1-N0-C:J14-U01 2005-06-03-16.57.15.816492 R20-M1-N0-C:J14-U01 RAS KERNEL INFO 141 double-hummer alignment exceptions
- 1117843035 2005.06.03 R20-M1-N0-C:J16-U01 2005-06-03-16.57.15.838473 R20-M1-N0-C:J16-U01 RAS KERNEL INFO 122 double-hummer alignment exceptions
- 1117843035 2005.06.03 R20-M1-N0-C:J10-U01 2005-06-03-16.57.15.864576 R20-M1-N0-C:J10-U01 RAS KERNEL INFO 142 double-hummer alignment exceptions
- 1117843035 2005.06.03 R20-M1-N0-C:J12-U01 2005-06-03-16.57.15.886073 R20-M1-N0-C:J12-U01 RAS KERNEL INFO 202 double-hummer alignment exceptions
- 1117843035 2005.06.03 R20-M1-N0-C:J08-U01 2005-06-03-16.57.15.907693 R20-M1-N0-C:J08-U01 RAS KERNEL INFO 101 double-hummer alignment exceptions
- 1117843035 2005.06.03 R20-M1-N0-C:J04-U01 2005-06-03-16.57.15.947913 R20-M1-N0-C:J04-U01 RAS KERNEL INFO 101 double-hummer alignment exceptions
- 1117843035 2005.06.03 R20-M1-N0-C:J06-U01 2005-06-03-16.57.15.972536 R20-M1-N0-C:J06-U01 RAS KERNEL INFO 182 double-hummer alignment exceptions
- 1117843035 2005.06.03 R20-M1-N0-C:J04-U11 2005-06-03-16.57.15.994141 R20-M1-N0-C:J04-U11 RAS KERNEL INFO 181 double-hummer alignment exceptions
- 1117843036 2005.06.03 R20-M1-N0-C:J02-U01 2005-06-03-16.57.16.016633 R20-M1-N0-C:J02-U01 RAS KERNEL INFO 122 double-hummer alignment exceptions
- 1117843036 2005.06.03 R20-M1-N0-C:J02-U11 2005-06-03-16.57.16.082046 R20-M1-N0-C:J02-U11 RAS KERNEL INFO 182 double-hummer alignment exceptions
- 1117843036 2005.06.03 R20-M0-N8-C:J09-U11 2005-06-03-16.57.16.104269 R20-M0-N8-C:J09-U11 RAS KERNEL INFO 182 double-hummer alignment exceptions
- 1117843036 2005.06.03 R20-M0-N8-C:J15-U11 2005-06-03-16.57.16.127943 R20-M0-N8-C:J15-U11 RAS KERNEL INFO 141 double-hummer alignment exceptions
- 1117843036 2005.06.03 R20-M0-N8-C:J11-U11 2005-06-03-16.57.16.149965 R20-M0-N8-C:J11-U11 RAS KERNEL INFO 182 double-hummer alignment exceptions
- 1117843036 2005.06.03 R20-M0-N8-C:J13-U11 2005-06-03-16.57.16.173983 R20-M0-N8-C:J13-U11 RAS KERNEL INFO 161 double-hummer alignment exceptions
- 1117843036 2005.06.03 R20-M0-N8-C:J17-U11 2005-06-03-16.57.16.195851 R20-M0-N8-C:J17-U11 RAS KERNEL INFO 101 double-hummer alignment exceptions
- 1117843036 2005.06.03 R20-M0-N8-C:J05-U01 2005-06-03-16.57.16.216382 R20-M0-N8-C:J05-U01 RAS KERNEL INFO 142 double-hummer alignment exceptions
- 1117843036 2005.06.03 R20-M0-N8-C:J03-U01 2005-06-03-16.57.16.238559 R20-M0-N8-C:J03-U01 RAS KERNEL INFO 182 double-hummer alignment exceptions
- 1117843036 2005.06.03 R20-M0-N8-C:J05-U11 2005-06-03-16.57.16.267417 R20-M0-N8-C:J05-U11 RAS KERNEL INFO 141 double-hummer alignment exceptions
- 1117843036 2005.06.03 R20-M0-N8-C:J03-U11 2005-06-03-16.57.16.304678 R20-M0-N8-C:J03-U11 RAS KERNEL INFO 142 double-hummer alignment exceptions
- 1117843036 2005.06.03 R20-M0-N8-C:J07-U11 2005-06-03-16.57.16.325461 R20-M0-N8-C:J07-U11 RAS KERNEL INFO 162 double-hummer alignment exceptions
- 1117843036 2005.06.03 R20-M0-N8-C:J15-U01 2005-06-03-16.57.16.345901 R20-M0-N8-C:J15-U01 RAS KERNEL INFO 162 double-hummer alignment exceptions
- 1117843036 2005.06.03 R20-M0-N8-C:J17-U01 2005-06-03-16.57.16.368671 R20-M0-N8-C:J17-U01 RAS KERNEL INFO 122 double-hummer alignment exceptions
- 1117843036 2005.06.03 R20-M0-N8-C:J11-U01 2005-06-03-16.57.16.389290 R20-M0-N8-C:J11-U01 RAS KERNEL INFO 141 double-hummer alignment exceptions
- 1117843036 2005.06.03 R20-M0-N8-C:J07-U01 2005-06-03-16.57.16.410665 R20-M0-N8-C:J07-U01 RAS KERNEL INFO 182 double-hummer alignment exceptions
- 1117843036 2005.06.03 R20-M0-N8-C:J13-U01 2005-06-03-16.57.16.432765 R20-M0-N8-C:J13-U01 RAS KERNEL INFO 182 double-hummer alignment exceptions
- 1117843036 2005.06.03 R20-M0-N8-C:J09-U01 2005-06-03-16.57.16.453829 R20-M0-N8-C:J09-U01 RAS KERNEL INFO 121 double-hummer alignment exceptions
- 1117843036 2005.06.03 R20-M0-N8-C:J16-U11 2005-06-03-16.57.16.475148 R20-M0-N8-C:J16-U11 RAS KERNEL INFO 101 double-hummer alignment exceptions
- 1117843036 2005.06.03 R20-M0-N8-C:J08-U11 2005-06-03-16.57.16.496878 R20-M0-N8-C:J08-U11 RAS KERNEL INFO 181 double-hummer alignment exceptions
- 1117843036 2005.06.03 R20-M0-N8-C:J14-U11 2005-06-03-16.57.16.517871 R20-M0-N8-C:J14-U11 RAS KERNEL INFO 181 double-hummer alignment exceptions
- 1117843036 2005.06.03 R20-M0-N8-C:J10-U11 2005-06-03-16.57.16.596935 R20-M0-N8-C:J10-U11 RAS KERNEL INFO 202 double-hummer alignment exceptions
- 1117843036 2005.06.03 R20-M0-N8-C:J06-U11 2005-06-03-16.57.16.625205 R20-M0-N8-C:J06-U11 RAS KERNEL INFO 161 double-hummer alignment exceptions
- 1117843036 2005.06.03 R20-M0-N8-C:J12-U11 2005-06-03-16.57.16.647725 R20-M0-N8-C:J12-U11 RAS KERNEL INFO 121 double-hummer alignment exceptions
- 1117843036 2005.06.03 R20-M0-N8-C:J14-U01 2005-06-03-16.57.16.678075 R20-M0-N8-C:J14-U01 RAS KERNEL INFO 181 double-hummer alignment exceptions
- 1117843036 2005.06.03 R20-M0-N8-C:J16-U01 2005-06-03-16.57.16.699440 R20-M0-N8-C:J16-U01 RAS KERNEL INFO 161 double-hummer alignment exceptions
- 1117843036 2005.06.03 R20-M0-N8-C:J10-U01 2005-06-03-16.57.16.720097 R20-M0-N8-C:J10-U01 RAS KERNEL INFO 181 double-hummer alignment exceptions
- 1117843036 2005.06.03 R20-M0-N8-C:J12-U01 2005-06-03-16.57.16.742391 R20-M0-N8-C:J12-U01 RAS KERNEL INFO 121 double-hummer alignment exceptions
- 1117843036 2005.06.03 R20-M0-N8-C:J08-U01 2005-06-03-16.57.16.765159 R20-M0-N8-C:J08-U01 RAS KERNEL INFO 162 double-hummer alignment exceptions
- 1117843036 2005.06.03 R20-M0-N8-C:J04-U01 2005-06-03-16.57.16.815558 R20-M0-N8-C:J04-U01 RAS KERNEL INFO 182 double-hummer alignment exceptions
- 1117843036 2005.06.03 R20-M0-N8-C:J06-U01 2005-06-03-16.57.16.837279 R20-M0-N8-C:J06-U01 RAS KERNEL INFO 161 double-hummer alignment exceptions
- 1117843036 2005.06.03 R20-M0-N8-C:J04-U11 2005-06-03-16.57.16.861441 R20-M0-N8-C:J04-U11 RAS KERNEL INFO 121 double-hummer alignment exceptions
- 1117843036 2005.06.03 R20-M0-N8-C:J02-U01 2005-06-03-16.57.16.884487 R20-M0-N8-C:J02-U01 RAS KERNEL INFO 102 double-hummer alignment exceptions
- 1117843036 2005.06.03 R20-M0-N8-C:J02-U11 2005-06-03-16.57.16.922822 R20-M0-N8-C:J02-U11 RAS KERNEL INFO 182 double-hummer alignment exceptions
- 1117843037 2005.06.03 R20-M1-N8-C:J09-U11 2005-06-03-16.57.17.952020 R20-M1-N8-C:J09-U11 RAS KERNEL INFO 182 double-hummer alignment exceptions
- 1117843037 2005.06.03 R20-M1-N8-C:J15-U11 2005-06-03-16.57.17.980032 R20-M1-N8-C:J15-U11 RAS KERNEL INFO 181 double-hummer alignment exceptions
- 1117843038 2005.06.03 R20-M1-N8-C:J11-U11 2005-06-03-16.57.18.002433 R20-M1-N8-C:J11-U11 RAS KERNEL INFO 122 double-hummer alignment exceptions
- 1117843038 2005.06.03 R20-M1-N8-C:J13-U11 2005-06-03-16.57.18.235439 R20-M1-N8-C:J13-U11 RAS KERNEL INFO 121 double-hummer alignment exceptions
- 1117843038 2005.06.03 R20-M1-N8-C:J17-U11 2005-06-03-16.57.18.257084 R20-M1-N8-C:J17-U11 RAS KERNEL INFO 182 double-hummer alignment exceptions
- 1117843038 2005.06.03 R20-M1-N8-C:J05-U01 2005-06-03-16.57.18.278502 R20-M1-N8-C:J05-U01 RAS KERNEL INFO 162 double-hummer alignment exceptions
- 1117843038 2005.06.03 R20-M1-N8-C:J03-U01 2005-06-03-16.57.18.301024 R20-M1-N8-C:J03-U01 RAS KERNEL INFO 122 double-hummer alignment exceptions
- 1117843038 2005.06.03 R20-M1-N8-C:J05-U11 2005-06-03-16.57.18.343928 R20-M1-N8-C:J05-U11 RAS KERNEL INFO 121 double-hummer alignment exceptions
- 1117843038 2005.06.03 R20-M1-N8-C:J03-U11 2005-06-03-16.57.18.370960 R20-M1-N8-C:J03-U11 RAS KERNEL INFO 182 double-hummer alignment exceptions
- 1117843038 2005.06.03 R20-M1-N8-C:J07-U11 2005-06-03-16.57.18.393130 R20-M1-N8-C:J07-U11 RAS KERNEL INFO 162 double-hummer alignment exceptions
- 1117843038 2005.06.03 R20-M1-N8-C:J15-U01 2005-06-03-16.57.18.414100 R20-M1-N8-C:J15-U01 RAS KERNEL INFO 161 double-hummer alignment exceptions
- 1117843038 2005.06.03 R20-M1-N8-C:J17-U01 2005-06-03-16.57.18.435114 R20-M1-N8-C:J17-U01 RAS KERNEL INFO 142 double-hummer alignment exceptions
- 1117843038 2005.06.03 R20-M1-N8-C:J11-U01 2005-06-03-16.57.18.456740 R20-M1-N8-C:J11-U01 RAS KERNEL INFO 182 double-hummer alignment exceptions
- 1117843038 2005.06.03 R20-M1-N8-C:J07-U01 2005-06-03-16.57.18.478562 R20-M1-N8-C:J07-U01 RAS KERNEL INFO 141 double-hummer alignment exceptions
- 1117843038 2005.06.03 R20-M1-N8-C:J13-U01 2005-06-03-16.57.18.503005 R20-M1-N8-C:J13-U01 RAS KERNEL INFO 182 double-hummer alignment exceptions
- 1117843038 2005.06.03 R20-M1-N8-C:J09-U01 2005-06-03-16.57.18.527774 R20-M1-N8-C:J09-U01 RAS KERNEL INFO 162 double-hummer alignment exceptions
- 1117843038 2005.06.03 R20-M1-N8-C:J16-U11 2005-06-03-16.57.18.549950 R20-M1-N8-C:J16-U11 RAS KERNEL INFO 101 double-hummer alignment exceptions
- 1117843038 2005.06.03 R20-M1-N8-C:J08-U11 2005-06-03-16.57.18.622322 R20-M1-N8-C:J08-U11 RAS KERNEL INFO 102 double-hummer alignment exceptions
- 1117843038 2005.06.03 R20-M1-N8-C:J14-U11 2005-06-03-16.57.18.654548 R20-M1-N8-C:J14-U11 RAS KERNEL INFO 102 double-hummer alignment exceptions
- 1117843038 2005.06.03 R20-M1-N8-C:J10-U11 2005-06-03-16.57.18.677684 R20-M1-N8-C:J10-U11 RAS KERNEL INFO 141 double-hummer alignment exceptions
- 1117843038 2005.06.03 R20-M1-N8-C:J06-U11 2005-06-03-16.57.18.699131 R20-M1-N8-C:J06-U11 RAS KERNEL INFO 121 double-hummer alignment exceptions
- 1117843038 2005.06.03 R20-M1-N8-C:J12-U11 2005-06-03-16.57.18.720730 R20-M1-N8-C:J12-U11 RAS KERNEL INFO 202 double-hummer alignment exceptions
- 1117843038 2005.06.03 R20-M1-N8-C:J14-U01 2005-06-03-16.57.18.741762 R20-M1-N8-C:J14-U01 RAS KERNEL INFO 121 double-hummer alignment exceptions
- 1117843038 2005.06.03 R20-M1-N8-C:J16-U01 2005-06-03-16.57.18.762677 R20-M1-N8-C:J16-U01 RAS KERNEL INFO 201 double-hummer alignment exceptions
- 1117843038 2005.06.03 R20-M1-N8-C:J10-U01 2005-06-03-16.57.18.784243 R20-M1-N8-C:J10-U01 RAS KERNEL INFO 141 double-hummer alignment exceptions
- 1117843038 2005.06.03 R20-M1-N8-C:J12-U01 2005-06-03-16.57.18.806775 R20-M1-N8-C:J12-U01 RAS KERNEL INFO 161 double-hummer alignment exceptions
- 1117843038 2005.06.03 R20-M1-N8-C:J08-U01 2005-06-03-16.57.18.854173 R20-M1-N8-C:J08-U01 RAS KERNEL INFO 102 double-hummer alignment exceptions
- 1117843038 2005.06.03 R20-M1-N8-C:J04-U01 2005-06-03-16.57.18.876455 R20-M1-N8-C:J04-U01 RAS KERNEL INFO 162 double-hummer alignment exceptions
- 1117843038 2005.06.03 R20-M1-N8-C:J06-U01 2005-06-03-16.57.18.898267 R20-M1-N8-C:J06-U01 RAS KERNEL INFO 122 double-hummer alignment exceptions
- 1117843038 2005.06.03 R20-M1-N8-C:J04-U11 2005-06-03-16.57.18.920446 R20-M1-N8-C:J04-U11 RAS KERNEL INFO 162 double-hummer alignment exceptions
- 1117843038 2005.06.03 R20-M1-N8-C:J02-U01 2005-06-03-16.57.18.942084 R20-M1-N8-C:J02-U01 RAS KERNEL INFO 122 double-hummer alignment exceptions
- 1117843038 2005.06.03 R20-M1-N8-C:J02-U11 2005-06-03-16.57.18.963906 R20-M1-N8-C:J02-U11 RAS KERNEL INFO 161 double-hummer alignment exceptions
- 1117843038 2005.06.03 R20-M1-NC-C:J09-U11 2005-06-03-16.57.18.986574 R20-M1-NC-C:J09-U11 RAS KERNEL INFO 162 double-hummer alignment exceptions
- 1117843039 2005.06.03 R20-M1-NC-C:J15-U11 2005-06-03-16.57.19.012149 R20-M1-NC-C:J15-U11 RAS KERNEL INFO 102 double-hummer alignment exceptions
- 1117843039 2005.06.03 R20-M1-NC-C:J11-U11 2005-06-03-16.57.19.033459 R20-M1-NC-C:J11-U11 RAS KERNEL INFO 121 double-hummer alignment exceptions
- 1117843039 2005.06.03 R20-M1-NC-C:J13-U11 2005-06-03-16.57.19.057852 R20-M1-NC-C:J13-U11 RAS KERNEL INFO 182 double-hummer alignment exceptions
- 1117843039 2005.06.03 R20-M1-NC-C:J17-U11 2005-06-03-16.57.19.080680 R20-M1-NC-C:J17-U11 RAS KERNEL INFO 142 double-hummer alignment exceptions
- 1117843039 2005.06.03 R20-M1-NC-C:J05-U01 2005-06-03-16.57.19.149173 R20-M1-NC-C:J05-U01 RAS KERNEL INFO 141 double-hummer alignment exceptions
- 1117843039 2005.06.03 R20-M1-NC-C:J03-U01 2005-06-03-16.57.19.177761 R20-M1-NC-C:J03-U01 RAS KERNEL INFO 142 double-hummer alignment exceptions
- 1117843039 2005.06.03 R20-M1-NC-C:J05-U11 2005-06-03-16.57.19.199569 R20-M1-NC-C:J05-U11 RAS KERNEL INFO 121 double-hummer alignment exceptions
- 1117843039 2005.06.03 R20-M1-NC-C:J03-U11 2005-06-03-16.57.19.220715 R20-M1-NC-C:J03-U11 RAS KERNEL INFO 142 double-hummer alignment exceptions
- 1117843039 2005.06.03 R20-M1-NC-C:J07-U11 2005-06-03-16.57.19.242533 R20-M1-NC-C:J07-U11 RAS KERNEL INFO 162 double-hummer alignment exceptions
- 1117843039 2005.06.03 R20-M1-NC-C:J15-U01 2005-06-03-16.57.19.263627 R20-M1-NC-C:J15-U01 RAS KERNEL INFO 181 double-hummer alignment exceptions
- 1117843039 2005.06.03 R20-M1-NC-C:J17-U01 2005-06-03-16.57.19.285859 R20-M1-NC-C:J17-U01 RAS KERNEL INFO 142 double-hummer alignment exceptions
- 1117843039 2005.06.03 R20-M1-NC-C:J11-U01 2005-06-03-16.57.19.308197 R20-M1-NC-C:J11-U01 RAS KERNEL INFO 102 double-hummer alignment exceptions
- 1117843039 2005.06.03 R20-M1-NC-C:J07-U01 2005-06-03-16.57.19.368933 R20-M1-NC-C:J07-U01 RAS KERNEL INFO 122 double-hummer alignment exceptions
- 1117843039 2005.06.03 R20-M1-NC-C:J13-U01 2005-06-03-16.57.19.390546 R20-M1-NC-C:J13-U01 RAS KERNEL INFO 182 double-hummer alignment exceptions
- 1117843039 2005.06.03 R20-M1-NC-C:J09-U01 2005-06-03-16.57.19.412592 R20-M1-NC-C:J09-U01 RAS KERNEL INFO 121 double-hummer alignment exceptions
- 1117843039 2005.06.03 R20-M1-NC-C:J16-U11 2005-06-03-16.57.19.437478 R20-M1-NC-C:J16-U11 RAS KERNEL INFO 141 double-hummer alignment exceptions
- 1117843039 2005.06.03 R20-M1-NC-C:J08-U11 2005-06-03-16.57.19.462063 R20-M1-NC-C:J08-U11 RAS KERNEL INFO 121 double-hummer alignment exceptions
- 1117843039 2005.06.03 R20-M1-NC-C:J14-U11 2005-06-03-16.57.19.485751 R20-M1-NC-C:J14-U11 RAS KERNEL INFO 182 double-hummer alignment exceptions
- 1117843039 2005.06.03 R20-M1-NC-C:J10-U11 2005-06-03-16.57.19.507819 R20-M1-NC-C:J10-U11 RAS KERNEL INFO 222 double-hummer alignment exceptions
- 1117843039 2005.06.03 R20-M1-NC-C:J06-U11 2005-06-03-16.57.19.540946 R20-M1-NC-C:J06-U11 RAS KERNEL INFO 162 double-hummer alignment exceptions
- 1117843039 2005.06.03 R20-M1-NC-C:J12-U11 2005-06-03-16.57.19.755006 R20-M1-NC-C:J12-U11 RAS KERNEL INFO 121 double-hummer alignment exceptions
- 1117843039 2005.06.03 R20-M1-NC-C:J14-U01 2005-06-03-16.57.19.784255 R20-M1-NC-C:J14-U01 RAS KERNEL INFO 202 double-hummer alignment exceptions
- 1117843039 2005.06.03 R20-M1-NC-C:J16-U01 2005-06-03-16.57.19.813479 R20-M1-NC-C:J16-U01 RAS KERNEL INFO 181 double-hummer alignment exceptions
- 1117843039 2005.06.03 R20-M1-NC-C:J10-U01 2005-06-03-16.57.19.840121 R20-M1-NC-C:J10-U01 RAS KERNEL INFO 181 double-hummer alignment exceptions
- 1117843039 2005.06.03 R20-M1-NC-C:J12-U01 2005-06-03-16.57.19.875187 R20-M1-NC-C:J12-U01 RAS KERNEL INFO 162 double-hummer alignment exceptions
- 1117843039 2005.06.03 R20-M1-NC-C:J08-U01 2005-06-03-16.57.19.903211 R20-M1-NC-C:J08-U01 RAS KERNEL INFO 101 double-hummer alignment exceptions
- 1117843039 2005.06.03 R20-M1-NC-C:J04-U01 2005-06-03-16.57.19.926688 R20-M1-NC-C:J04-U01 RAS KERNEL INFO 162 double-hummer alignment exceptions
- 1117843039 2005.06.03 R20-M1-NC-C:J06-U01 2005-06-03-16.57.19.949970 R20-M1-NC-C:J06-U01 RAS KERNEL INFO 161 double-hummer alignment exceptions
- 1117843039 2005.06.03 R20-M1-NC-C:J04-U11 2005-06-03-16.57.19.973897 R20-M1-NC-C:J04-U11 RAS KERNEL INFO 101 double-hummer alignment exceptions
- 1117843039 2005.06.03 R20-M1-NC-C:J02-U01 2005-06-03-16.57.19.996827 R20-M1-NC-C:J02-U01 RAS KERNEL INFO 182 double-hummer alignment exceptions
- 1117843040 2005.06.03 R20-M1-NC-C:J02-U11 2005-06-03-16.57.20.041114 R20-M1-NC-C:J02-U11 RAS KERNEL INFO 162 double-hummer alignment exceptions
- 1117843044 2005.06.03 R20-M0-NC-C:J09-U11 2005-06-03-16.57.24.901456 R20-M0-NC-C:J09-U11 RAS KERNEL INFO 142 double-hummer alignment exceptions
- 1117843044 2005.06.03 R20-M0-NC-C:J15-U11 2005-06-03-16.57.24.925293 R20-M0-NC-C:J15-U11 RAS KERNEL INFO 142 double-hummer alignment exceptions
- 1117843044 2005.06.03 R20-M0-NC-C:J11-U11 2005-06-03-16.57.24.974164 R20-M0-NC-C:J11-U11 RAS KERNEL INFO 162 double-hummer alignment exceptions
- 1117843044 2005.06.03 R20-M0-NC-C:J13-U11 2005-06-03-16.57.24.995021 R20-M0-NC-C:J13-U11 RAS KERNEL INFO 121 double-hummer alignment exceptions
- 1117843045 2005.06.03 R20-M0-NC-C:J17-U11 2005-06-03-16.57.25.018941 R20-M0-NC-C:J17-U11 RAS KERNEL INFO 141 double-hummer alignment exceptions
- 1117843045 2005.06.03 R20-M0-NC-C:J05-U01 2005-06-03-16.57.25.041198 R20-M0-NC-C:J05-U01 RAS KERNEL INFO 182 double-hummer alignment exceptions
- 1117843045 2005.06.03 R20-M0-NC-C:J03-U01 2005-06-03-16.57.25.063138 R20-M0-NC-C:J03-U01 RAS KERNEL INFO 142 double-hummer alignment exceptions
- 1117843045 2005.06.03 R20-M0-NC-C:J05-U11 2005-06-03-16.57.25.084265 R20-M0-NC-C:J05-U11 RAS KERNEL INFO 121 double-hummer alignment exceptions
- 1117843045 2005.06.03 R20-M0-NC-C:J03-U11 2005-06-03-16.57.25.106179 R20-M0-NC-C:J03-U11 RAS KERNEL INFO 182 double-hummer alignment exceptions
- 1117843045 2005.06.03 R20-M0-NC-C:J07-U11 2005-06-03-16.57.25.128280 R20-M0-NC-C:J07-U11 RAS KERNEL INFO 161 double-hummer alignment exceptions
- 1117843045 2005.06.03 R20-M0-NC-C:J15-U01 2005-06-03-16.57.25.149438 R20-M0-NC-C:J15-U01 RAS KERNEL INFO 182 double-hummer alignment exceptions
- 1117843045 2005.06.03 R20-M0-NC-C:J17-U01 2005-06-03-16.57.25.172010 R20-M0-NC-C:J17-U01 RAS KERNEL INFO 181 double-hummer alignment exceptions
- 1117843045 2005.06.03 R20-M0-NC-C:J11-U01 2005-06-03-16.57.25.198260 R20-M0-NC-C:J11-U01 RAS KERNEL INFO 201 double-hummer alignment exceptions
- 1117843045 2005.06.03 R20-M0-NC-C:J07-U01 2005-06-03-16.57.25.257476 R20-M0-NC-C:J07-U01 RAS KERNEL INFO 141 double-hummer alignment exceptions
- 1117843045 2005.06.03 R20-M0-NC-C:J13-U01 2005-06-03-16.57.25.281538 R20-M0-NC-C:J13-U01 RAS KERNEL INFO 161 double-hummer alignment exceptions
- 1117843045 2005.06.03 R20-M0-NC-C:J09-U01 2005-06-03-16.57.25.313351 R20-M0-NC-C:J09-U01 RAS KERNEL INFO 102 double-hummer alignment exceptions
- 1117843045 2005.06.03 R20-M0-NC-C:J16-U11 2005-06-03-16.57.25.337447 R20-M0-NC-C:J16-U11 RAS KERNEL INFO 182 double-hummer alignment exceptions
- 1117843045 2005.06.03 R20-M0-NC-C:J08-U11 2005-06-03-16.57.25.376830 R20-M0-NC-C:J08-U11 RAS KERNEL INFO 121 double-hummer alignment exceptions
- 1117843045 2005.06.03 R20-M0-NC-C:J14-U11 2005-06-03-16.57.25.407123 R20-M0-NC-C:J14-U11 RAS KERNEL INFO 202 double-hummer alignment exceptions
- 1117843045 2005.06.03 R20-M0-NC-C:J10-U11 2005-06-03-16.57.25.436923 R20-M0-NC-C:J10-U11 RAS KERNEL INFO 202 double-hummer alignment exceptions
- 1117843045 2005.06.03 R20-M0-NC-C:J06-U11 2005-06-03-16.57.25.483774 R20-M0-NC-C:J06-U11 RAS KERNEL INFO 201 double-hummer alignment exceptions
- 1117843045 2005.06.03 R20-M0-NC-C:J12-U11 2005-06-03-16.57.25.508183 R20-M0-NC-C:J12-U11 RAS KERNEL INFO 202 double-hummer alignment exceptions
- 1117843045 2005.06.03 R20-M0-NC-C:J14-U01 2005-06-03-16.57.25.534659 R20-M0-NC-C:J14-U01 RAS KERNEL INFO 182 double-hummer alignment exceptions
- 1117843045 2005.06.03 R20-M0-NC-C:J16-U01 2005-06-03-16.57.25.556874 R20-M0-NC-C:J16-U01 RAS KERNEL INFO 141 double-hummer alignment exceptions
- 1117843045 2005.06.03 R20-M0-NC-C:J10-U01 2005-06-03-16.57.25.578147 R20-M0-NC-C:J10-U01 RAS KERNEL INFO 182 double-hummer alignment exceptions
- 1117843045 2005.06.03 R20-M0-NC-C:J12-U01 2005-06-03-16.57.25.600490 R20-M0-NC-C:J12-U01 RAS KERNEL INFO 141 double-hummer alignment exceptions
- 1117843045 2005.06.03 R20-M0-NC-C:J08-U01 2005-06-03-16.57.25.624671 R20-M0-NC-C:J08-U01 RAS KERNEL INFO 202 double-hummer alignment exceptions
- 1117843045 2005.06.03 R20-M0-NC-C:J04-U01 2005-06-03-16.57.25.645651 R20-M0-NC-C:J04-U01 RAS KERNEL INFO 142 double-hummer alignment exceptions
- 1117843045 2005.06.03 R20-M0-NC-C:J06-U01 2005-06-03-16.57.25.666625 R20-M0-NC-C:J06-U01 RAS KERNEL INFO 161 double-hummer alignment exceptions
- 1117843045 2005.06.03 R20-M0-NC-C:J04-U11 2005-06-03-16.57.25.704482 R20-M0-NC-C:J04-U11 RAS KERNEL INFO 162 double-hummer alignment exceptions
- 1117843045 2005.06.03 R20-M0-NC-C:J02-U01 2005-06-03-16.57.25.785897 R20-M0-NC-C:J02-U01 RAS KERNEL INFO 122 double-hummer alignment exceptions
- 1117843045 2005.06.03 R20-M0-NC-C:J02-U11 2005-06-03-16.57.25.819323 R20-M0-NC-C:J02-U11 RAS KERNEL INFO 142 double-hummer alignment exceptions
- 1117843045 2005.06.03 R20-M0-N0-C:J09-U11 2005-06-03-16.57.25.841370 R20-M0-N0-C:J09-U11 RAS KERNEL INFO 121 double-hummer alignment exceptions
- 1117843045 2005.06.03 R20-M0-N0-C:J15-U11 2005-06-03-16.57.25.863131 R20-M0-N0-C:J15-U11 RAS KERNEL INFO 141 double-hummer alignment exceptions
- 1117843045 2005.06.03 R20-M0-N0-C:J11-U11 2005-06-03-16.57.25.890695 R20-M0-N0-C:J11-U11 RAS KERNEL INFO 202 double-hummer alignment exceptions
- 1117843045 2005.06.03 R20-M0-N0-C:J13-U11 2005-06-03-16.57.25.912801 R20-M0-N0-C:J13-U11 RAS KERNEL INFO 142 double-hummer alignment exceptions
- 1117843045 2005.06.03 R20-M0-N0-C:J17-U11 2005-06-03-16.57.25.935469 R20-M0-N0-C:J17-U11 RAS KERNEL INFO 142 double-hummer alignment exceptions
- 1117843045 2005.06.03 R20-M0-N0-C:J05-U01 2005-06-03-16.57.25.964040 R20-M0-N0-C:J05-U01 RAS KERNEL INFO 121 double-hummer alignment exceptions
- 1117843045 2005.06.03 R20-M0-N0-C:J03-U01 2005-06-03-16.57.25.995571 R20-M0-N0-C:J03-U01 RAS KERNEL INFO 162 double-hummer alignment exceptions
- 1117843046 2005.06.03 R20-M0-N0-C:J05-U11 2005-06-03-16.57.26.018448 R20-M0-N0-C:J05-U11 RAS KERNEL INFO 142 double-hummer alignment exceptions
- 1117843046 2005.06.03 R20-M0-N0-C:J03-U11 2005-06-03-16.57.26.042520 R20-M0-N0-C:J03-U11 RAS KERNEL INFO 142 double-hummer alignment exceptions
- 1117843046 2005.06.03 R20-M0-N0-C:J07-U11 2005-06-03-16.57.26.064177 R20-M0-N0-C:J07-U11 RAS KERNEL INFO 142 double-hummer alignment exceptions
- 1117843046 2005.06.03 R20-M0-N0-C:J15-U01 2005-06-03-16.57.26.084972 R20-M0-N0-C:J15-U01 RAS KERNEL INFO 161 double-hummer alignment exceptions
- 1117843046 2005.06.03 R20-M0-N0-C:J17-U01 2005-06-03-16.57.26.106201 R20-M0-N0-C:J17-U01 RAS KERNEL INFO 141 double-hummer alignment exceptions
- 1117843046 2005.06.03 R20-M0-N0-C:J11-U01 2005-06-03-16.57.26.127938 R20-M0-N0-C:J11-U01 RAS KERNEL INFO 202 double-hummer alignment exceptions
- 1117843046 2005.06.03 R20-M0-N0-C:J07-U01 2005-06-03-16.57.26.149085 R20-M0-N0-C:J07-U01 RAS KERNEL INFO 121 double-hummer alignment exceptions
- 1117843046 2005.06.03 R20-M0-N0-C:J13-U01 2005-06-03-16.57.26.171033 R20-M0-N0-C:J13-U01 RAS KERNEL INFO 122 double-hummer alignment exceptions
- 1117843046 2005.06.03 R20-M0-N0-C:J09-U01 2005-06-03-16.57.26.192484 R20-M0-N0-C:J09-U01 RAS KERNEL INFO 161 double-hummer alignment exceptions
- 1117843046 2005.06.03 R20-M0-N0-C:J16-U11 2005-06-03-16.57.26.213659 R20-M0-N0-C:J16-U11 RAS KERNEL INFO 142 double-hummer alignment exceptions
- 1117843046 2005.06.03 R20-M0-N0-C:J08-U11 2005-06-03-16.57.26.293697 R20-M0-N0-C:J08-U11 RAS KERNEL INFO 181 double-hummer alignment exceptions
- 1117843046 2005.06.03 R20-M0-N0-C:J14-U11 2005-06-03-16.57.26.323911 R20-M0-N0-C:J14-U11 RAS KERNEL INFO 182 double-hummer alignment exceptions
- 1117843046 2005.06.03 R20-M0-N0-C:J10-U11 2005-06-03-16.57.26.346511 R20-M0-N0-C:J10-U11 RAS KERNEL INFO 181 double-hummer alignment exceptions
- 1117843046 2005.06.03 R20-M0-N0-C:J06-U11 2005-06-03-16.57.26.369738 R20-M0-N0-C:J06-U11 RAS KERNEL INFO 182 double-hummer alignment exceptions
- 1117843046 2005.06.03 R20-M0-N0-C:J12-U11 2005-06-03-16.57.26.407723 R20-M0-N0-C:J12-U11 RAS KERNEL INFO 182 double-hummer alignment exceptions
- 1117843046 2005.06.03 R20-M0-N0-C:J14-U01 2005-06-03-16.57.26.552126 R20-M0-N0-C:J14-U01 RAS KERNEL INFO 121 double-hummer alignment exceptions
- 1117843046 2005.06.03 R20-M0-N0-C:J16-U01 2005-06-03-16.57.26.580009 R20-M0-N0-C:J16-U01 RAS KERNEL INFO 181 double-hummer alignment exceptions
- 1117843046 2005.06.03 R20-M0-N0-C:J10-U01 2005-06-03-16.57.26.603485 R20-M0-N0-C:J10-U01 RAS KERNEL INFO 162 double-hummer alignment exceptions
- 1117843046 2005.06.03 R20-M0-N0-C:J12-U01 2005-06-03-16.57.26.627292 R20-M0-N0-C:J12-U01 RAS KERNEL INFO 202 double-hummer alignment exceptions
- 1117843046 2005.06.03 R20-M0-N0-C:J08-U01 2005-06-03-16.57.26.651173 R20-M0-N0-C:J08-U01 RAS KERNEL INFO 162 double-hummer alignment exceptions
- 1117843046 2005.06.03 R20-M0-N0-C:J04-U01 2005-06-03-16.57.26.674867 R20-M0-N0-C:J04-U01 RAS KERNEL INFO 101 double-hummer alignment exceptions
- 1117843046 2005.06.03 R20-M0-N0-C:J06-U01 2005-06-03-16.57.26.696901 R20-M0-N0-C:J06-U01 RAS KERNEL INFO 161 double-hummer alignment exceptions
- 1117843046 2005.06.03 R20-M0-N0-C:J04-U11 2005-06-03-16.57.26.732991 R20-M0-N0-C:J04-U11 RAS KERNEL INFO 121 double-hummer alignment exceptions
- 1117843046 2005.06.03 R20-M0-N0-C:J02-U01 2005-06-03-16.57.26.797719 R20-M0-N0-C:J02-U01 RAS KERNEL INFO 141 double-hummer alignment exceptions
- 1117843046 2005.06.03 R20-M0-N0-C:J02-U11 2005-06-03-16.57.26.823217 R20-M0-N0-C:J02-U11 RAS KERNEL INFO 141 double-hummer alignment exceptions
- 1117843046 2005.06.03 R20-M0-N4-C:J09-U11 2005-06-03-16.57.26.849189 R20-M0-N4-C:J09-U11 RAS KERNEL INFO 182 double-hummer alignment exceptions
- 1117843046 2005.06.03 R20-M0-N4-C:J15-U11 2005-06-03-16.57.26.873938 R20-M0-N4-C:J15-U11 RAS KERNEL INFO 161 double-hummer alignment exceptions
- 1117843046 2005.06.03 R20-M0-N4-C:J11-U11 2005-06-03-16.57.26.896457 R20-M0-N4-C:J11-U11 RAS KERNEL INFO 142 double-hummer alignment exceptions
- 1117843046 2005.06.03 R20-M0-N4-C:J13-U11 2005-06-03-16.57.26.917309 R20-M0-N4-C:J13-U11 RAS KERNEL INFO 122 double-hummer alignment exceptions
- 1117843046 2005.06.03 R20-M0-N4-C:J17-U11 2005-06-03-16.57.26.938422 R20-M0-N4-C:J17-U11 RAS KERNEL INFO 182 double-hummer alignment exceptions
- 1117843046 2005.06.03 R20-M0-N4-C:J05-U01 2005-06-03-16.57.26.958933 R20-M0-N4-C:J05-U01 RAS KERNEL INFO 122 double-hummer alignment exceptions
- 1117843046 2005.06.03 R20-M0-N4-C:J03-U01 2005-06-03-16.57.26.998565 R20-M0-N4-C:J03-U01 RAS KERNEL INFO 162 double-hummer alignment exceptions
- 1117843047 2005.06.03 R20-M0-N4-C:J05-U11 2005-06-03-16.57.27.021782 R20-M0-N4-C:J05-U11 RAS KERNEL INFO 141 double-hummer alignment exceptions
- 1117843047 2005.06.03 R20-M0-N4-C:J03-U11 2005-06-03-16.57.27.042634 R20-M0-N4-C:J03-U11 RAS KERNEL INFO 202 double-hummer alignment exceptions
- 1117843047 2005.06.03 R20-M0-N4-C:J07-U11 2005-06-03-16.57.27.063629 R20-M0-N4-C:J07-U11 RAS KERNEL INFO 162 double-hummer alignment exceptions
- 1117843047 2005.06.03 R20-M0-N4-C:J15-U01 2005-06-03-16.57.27.084224 R20-M0-N4-C:J15-U01 RAS KERNEL INFO 202 double-hummer alignment exceptions
- 1117843047 2005.06.03 R20-M0-N4-C:J17-U01 2005-06-03-16.57.27.105921 R20-M0-N4-C:J17-U01 RAS KERNEL INFO 162 double-hummer alignment exceptions
- 1117843047 2005.06.03 R20-M0-N4-C:J11-U01 2005-06-03-16.57.27.126372 R20-M0-N4-C:J11-U01 RAS KERNEL INFO 201 double-hummer alignment exceptions
- 1117843047 2005.06.03 R20-M0-N4-C:J07-U01 2005-06-03-16.57.27.147509 R20-M0-N4-C:J07-U01 RAS KERNEL INFO 162 double-hummer alignment exceptions
- 1117843047 2005.06.03 R20-M0-N4-C:J13-U01 2005-06-03-16.57.27.176383 R20-M0-N4-C:J13-U01 RAS KERNEL INFO 141 double-hummer alignment exceptions
- 1117843047 2005.06.03 R20-M0-N4-C:J09-U01 2005-06-03-16.57.27.202635 R20-M0-N4-C:J09-U01 RAS KERNEL INFO 101 double-hummer alignment exceptions
- 1117843047 2005.06.03 R20-M0-N4-C:J16-U11 2005-06-03-16.57.27.223237 R20-M0-N4-C:J16-U11 RAS KERNEL INFO 121 double-hummer alignment exceptions
- 1117843047 2005.06.03 R20-M0-N4-C:J08-U11 2005-06-03-16.57.27.245606 R20-M0-N4-C:J08-U11 RAS KERNEL INFO 162 double-hummer alignment exceptions
- 1117843047 2005.06.03 R20-M0-N4-C:J14-U11 2005-06-03-16.57.27.311081 R20-M0-N4-C:J14-U11 RAS KERNEL INFO 181 double-hummer alignment exceptions
- 1117843047 2005.06.03 R20-M0-N4-C:J10-U11 2005-06-03-16.57.27.339056 R20-M0-N4-C:J10-U11 RAS KERNEL INFO 222 double-hummer alignment exceptions
- 1117843047 2005.06.03 R20-M0-N4-C:J06-U11 2005-06-03-16.57.27.361486 R20-M0-N4-C:J06-U11 RAS KERNEL INFO 162 double-hummer alignment exceptions
- 1117843047 2005.06.03 R20-M0-N4-C:J12-U11 2005-06-03-16.57.27.384202 R20-M0-N4-C:J12-U11 RAS KERNEL INFO 141 double-hummer alignment exceptions
- 1117843047 2005.06.03 R20-M0-N4-C:J14-U01 2005-06-03-16.57.27.406689 R20-M0-N4-C:J14-U01 RAS KERNEL INFO 221 double-hummer alignment exceptions
- 1117843047 2005.06.03 R20-M0-N4-C:J16-U01 2005-06-03-16.57.27.427668 R20-M0-N4-C:J16-U01 RAS KERNEL INFO 181 double-hummer alignment exceptions
- 1117843047 2005.06.03 R20-M0-N4-C:J10-U01 2005-06-03-16.57.27.449274 R20-M0-N4-C:J10-U01 RAS KERNEL INFO 222 double-hummer alignment exceptions
- 1117843047 2005.06.03 R20-M0-N4-C:J12-U01 2005-06-03-16.57.27.469810 R20-M0-N4-C:J12-U01 RAS KERNEL INFO 181 double-hummer alignment exceptions
- 1117843047 2005.06.03 R20-M0-N4-C:J08-U01 2005-06-03-16.57.27.516083 R20-M0-N4-C:J08-U01 RAS KERNEL INFO 142 double-hummer alignment exceptions
- 1117843047 2005.06.03 R20-M0-N4-C:J04-U01 2005-06-03-16.57.27.539406 R20-M0-N4-C:J04-U01 RAS KERNEL INFO 182 double-hummer alignment exceptions
- 1117843047 2005.06.03 R20-M0-N4-C:J06-U01 2005-06-03-16.57.27.560317 R20-M0-N4-C:J06-U01 RAS KERNEL INFO 202 double-hummer alignment exceptions
- 1117843047 2005.06.03 R20-M0-N4-C:J04-U11 2005-06-03-16.57.27.581818 R20-M0-N4-C:J04-U11 RAS KERNEL INFO 121 double-hummer alignment exceptions
- 1117843047 2005.06.03 R20-M0-N4-C:J02-U01 2005-06-03-16.57.27.608474 R20-M0-N4-C:J02-U01 RAS KERNEL INFO 121 double-hummer alignment exceptions
- 1117843047 2005.06.03 R20-M0-N4-C:J02-U11 2005-06-03-16.57.27.630475 R20-M0-N4-C:J02-U11 RAS KERNEL INFO 201 double-hummer alignment exceptions
- 1117843059 2005.06.03 R20-M1-N4-C:J09-U11 2005-06-03-16.57.39.617652 R20-M1-N4-C:J09-U11 RAS KERNEL INFO 121 double-hummer alignment exceptions
- 1117843059 2005.06.03 R20-M1-N4-C:J15-U11 2005-06-03-16.57.39.638686 R20-M1-N4-C:J15-U11 RAS KERNEL INFO 141 double-hummer alignment exceptions
- 1117843059 2005.06.03 R20-M1-N4-C:J11-U11 2005-06-03-16.57.39.659689 R20-M1-N4-C:J11-U11 RAS KERNEL INFO 202 double-hummer alignment exceptions
- 1117843059 2005.06.03 R20-M1-N4-C:J13-U11 2005-06-03-16.57.39.682505 R20-M1-N4-C:J13-U11 RAS KERNEL INFO 162 double-hummer alignment exceptions
- 1117843059 2005.06.03 R20-M1-N4-C:J17-U11 2005-06-03-16.57.39.704104 R20-M1-N4-C:J17-U11 RAS KERNEL INFO 182 double-hummer alignment exceptions
- 1117843059 2005.06.03 R20-M1-N4-C:J05-U01 2005-06-03-16.57.39.725760 R20-M1-N4-C:J05-U01 RAS KERNEL INFO 141 double-hummer alignment exceptions
- 1117843059 2005.06.03 R20-M1-N4-C:J03-U01 2005-06-03-16.57.39.760574 R20-M1-N4-C:J03-U01 RAS KERNEL INFO 141 double-hummer alignment exceptions
- 1117843059 2005.06.03 R20-M1-N4-C:J05-U11 2005-06-03-16.57.39.782013 R20-M1-N4-C:J05-U11 RAS KERNEL INFO 161 double-hummer alignment exceptions
- 1117843059 2005.06.03 R20-M1-N4-C:J03-U11 2005-06-03-16.57.39.803090 R20-M1-N4-C:J03-U11 RAS KERNEL INFO 162 double-hummer alignment exceptions
- 1117843059 2005.06.03 R20-M1-N4-C:J07-U11 2005-06-03-16.57.39.931113 R20-M1-N4-C:J07-U11 RAS KERNEL INFO 162 double-hummer alignment exceptions
- 1117843059 2005.06.03 R20-M1-N4-C:J15-U01 2005-06-03-16.57.39.953245 R20-M1-N4-C:J15-U01 RAS KERNEL INFO 121 double-hummer alignment exceptions
- 1117843059 2005.06.03 R20-M1-N4-C:J17-U01 2005-06-03-16.57.39.974838 R20-M1-N4-C:J17-U01 RAS KERNEL INFO 101 double-hummer alignment exceptions
- 1117843059 2005.06.03 R20-M1-N4-C:J11-U01 2005-06-03-16.57.39.997368 R20-M1-N4-C:J11-U01 RAS KERNEL INFO 162 double-hummer alignment exceptions
- 1117843060 2005.06.03 R20-M1-N4-C:J07-U01 2005-06-03-16.57.40.061293 R20-M1-N4-C:J07-U01 RAS KERNEL INFO 142 double-hummer alignment exceptions
- 1117843060 2005.06.03 R20-M1-N4-C:J13-U01 2005-06-03-16.57.40.096612 R20-M1-N4-C:J13-U01 RAS KERNEL INFO 162 double-hummer alignment exceptions
- 1117843060 2005.06.03 R20-M1-N4-C:J09-U01 2005-06-03-16.57.40.117592 R20-M1-N4-C:J09-U01 RAS KERNEL INFO 122 double-hummer alignment exceptions
- 1117843060 2005.06.03 R20-M1-N4-C:J16-U11 2005-06-03-16.57.40.139153 R20-M1-N4-C:J16-U11 RAS KERNEL INFO 142 double-hummer alignment exceptions
- 1117843060 2005.06.03 R20-M1-N4-C:J08-U11 2005-06-03-16.57.40.160257 R20-M1-N4-C:J08-U11 RAS KERNEL INFO 181 double-hummer alignment exceptions
- 1117843060 2005.06.03 R20-M1-N4-C:J14-U11 2005-06-03-16.57.40.183796 R20-M1-N4-C:J14-U11 RAS KERNEL INFO 182 double-hummer alignment exceptions
- 1117843060 2005.06.03 R20-M1-N4-C:J10-U11 2005-06-03-16.57.40.204376 R20-M1-N4-C:J10-U11 RAS KERNEL INFO 142 double-hummer alignment exceptions
- 1117843060 2005.06.03 R20-M1-N4-C:J06-U11 2005-06-03-16.57.40.226346 R20-M1-N4-C:J06-U11 RAS KERNEL INFO 162 double-hummer alignment exceptions
- 1117843060 2005.06.03 R20-M1-N4-C:J12-U11 2005-06-03-16.57.40.256651 R20-M1-N4-C:J12-U11 RAS KERNEL INFO 121 double-hummer alignment exceptions
- 1117843060 2005.06.03 R20-M1-N4-C:J14-U01 2005-06-03-16.57.40.277542 R20-M1-N4-C:J14-U01 RAS KERNEL INFO 202 double-hummer alignment exceptions
- 1117843060 2005.06.03 R20-M1-N4-C:J16-U01 2005-06-03-16.57.40.298856 R20-M1-N4-C:J16-U01 RAS KERNEL INFO 121 double-hummer alignment exceptions
- 1117843060 2005.06.03 R20-M1-N4-C:J10-U01 2005-06-03-16.57.40.320219 R20-M1-N4-C:J10-U01 RAS KERNEL INFO 202 double-hummer alignment exceptions
- 1117843060 2005.06.03 R20-M1-N4-C:J12-U01 2005-06-03-16.57.40.443972 R20-M1-N4-C:J12-U01 RAS KERNEL INFO 222 double-hummer alignment exceptions
- 1117843060 2005.06.03 R20-M1-N4-C:J08-U01 2005-06-03-16.57.40.466401 R20-M1-N4-C:J08-U01 RAS KERNEL INFO 142 double-hummer alignment exceptions
- 1117843060 2005.06.03 R20-M1-N4-C:J04-U01 2005-06-03-16.57.40.488383 R20-M1-N4-C:J04-U01 RAS KERNEL INFO 181 double-hummer alignment exceptions
- 1117843060 2005.06.03 R20-M1-N4-C:J06-U01 2005-06-03-16.57.40.510422 R20-M1-N4-C:J06-U01 RAS KERNEL INFO 182 double-hummer alignment exceptions
- 1117843060 2005.06.03 R20-M1-N4-C:J04-U11 2005-06-03-16.57.40.569581 R20-M1-N4-C:J04-U11 RAS KERNEL INFO 101 double-hummer alignment exceptions
- 1117843060 2005.06.03 R20-M1-N4-C:J02-U01 2005-06-03-16.57.40.595731 R20-M1-N4-C:J02-U01 RAS KERNEL INFO 122 double-hummer alignment exceptions
- 1117843060 2005.06.03 R20-M1-N4-C:J02-U11 2005-06-03-16.57.40.617363 R20-M1-N4-C:J02-U11 RAS KERNEL INFO 182 double-hummer alignment exceptions
- 1117843510 2005.06.03 R05-M1-N8-C:J14-U01 2005-06-03-17.05.10.524808 R05-M1-N8-C:J14-U01 RAS KERNEL INFO 1 ddr errors(s) detected and corrected on rank 0, symbol 33, bit 3
- 1117843510 2005.06.03 R05-M1-N8-C:J14-U01 2005-06-03-17.05.10.875595 R05-M1-N8-C:J14-U01 RAS KERNEL INFO CE sym 33, at 0x019ae900, mask 0x10
- 1117843511 2005.06.03 R05-M1-N8-C:J14-U01 2005-06-03-17.05.11.197260 R05-M1-N8-C:J14-U01 RAS KERNEL INFO total of 1 ddr error(s) detected and corrected
- 1117845027 2005.06.03 R20-M0-N7-C:J15-U01 2005-06-03-17.30.27.196107 R20-M0-N7-C:J15-U01 RAS KERNEL INFO 14 ddr errors(s) detected and corrected on rank 0, symbol 1, bit 2
- 1117845027 2005.06.03 R20-M0-N7-C:J15-U01 2005-06-03-17.30.27.886129 R20-M0-N7-C:J15-U01 RAS KERNEL INFO CE sym 1, at 0x0a2694a0, mask 0x20
- 1117845028 2005.06.03 R20-M0-N7-C:J15-U01 2005-06-03-17.30.28.303882 R20-M0-N7-C:J15-U01 RAS KERNEL INFO CE sym 1, at 0x0a2694a0, mask 0x20
- 1117845028 2005.06.03 R20-M0-N7-C:J15-U01 2005-06-03-17.30.28.729089 R20-M0-N7-C:J15-U01 RAS KERNEL INFO CE sym 1, at 0x0a2694a0, mask 0x20
- 1117845029 2005.06.03 R20-M0-N7-C:J15-U01 2005-06-03-17.30.29.197034 R20-M0-N7-C:J15-U01 RAS KERNEL INFO CE sym 1, at 0x0a2694a0, mask 0x20
- 1117845029 2005.06.03 R20-M0-N7-C:J15-U01 2005-06-03-17.30.29.789332 R20-M0-N7-C:J15-U01 RAS KERNEL INFO CE sym 1, at 0x0a2694a0, mask 0x20
- 1117845030 2005.06.03 R20-M0-N7-C:J15-U01 2005-06-03-17.30.30.231262 R20-M0-N7-C:J15-U01 RAS KERNEL INFO CE sym 1, at 0x0a2694a0, mask 0x20
- 1117845030 2005.06.03 R20-M0-N7-C:J15-U01 2005-06-03-17.30.30.765759 R20-M0-N7-C:J15-U01 RAS KERNEL INFO CE sym 1, at 0x0a0e94a0, mask 0x20
- 1117845031 2005.06.03 R20-M0-N7-C:J15-U01 2005-06-03-17.30.31.139397 R20-M0-N7-C:J15-U01 RAS KERNEL INFO CE sym 1, at 0x0a0e94a0, mask 0x20
- 1117845031 2005.06.03 R20-M0-N7-C:J15-U01 2005-06-03-17.30.31.619608 R20-M0-N7-C:J15-U01 RAS KERNEL INFO CE sym 1, at 0x0a2694a0, mask 0x20
- 1117845032 2005.06.03 R20-M0-N7-C:J15-U01 2005-06-03-17.30.32.348088 R20-M0-N7-C:J15-U01 RAS KERNEL INFO CE sym 1, at 0x0a2694a0, mask 0x20
- 1117845032 2005.06.03 R20-M0-N7-C:J15-U01 2005-06-03-17.30.32.780413 R20-M0-N7-C:J15-U01 RAS KERNEL INFO CE sym 1, at 0x0a2694a0, mask 0x20
- 1117845033 2005.06.03 R20-M0-N7-C:J15-U01 2005-06-03-17.30.33.246385 R20-M0-N7-C:J15-U01 RAS KERNEL INFO CE sym 1, at 0x0a2694a0, mask 0x20
- 1117845033 2005.06.03 R20-M0-N7-C:J15-U01 2005-06-03-17.30.33.772346 R20-M0-N7-C:J15-U01 RAS KERNEL INFO CE sym 1, at 0x0a2694a0, mask 0x20
- 1117845034 2005.06.03 R20-M0-N7-C:J15-U01 2005-06-03-17.30.34.326146 R20-M0-N7-C:J15-U01 RAS KERNEL INFO CE sym 1, at 0x0a2694a0, mask 0x20
- 1117845035 2005.06.03 R20-M0-N7-C:J15-U01 2005-06-03-17.30.35.039771 R20-M0-N7-C:J15-U01 RAS KERNEL INFO total of 14 ddr error(s) detected and corrected
- 1117845125 2005.06.03 R20-M1-N5-C:J09-U11 2005-06-03-17.32.05.045750 R20-M1-N5-C:J09-U11 RAS KERNEL INFO generating core.314
- 1117845125 2005.06.03 R20-M1-N5-C:J13-U11 2005-06-03-17.32.05.097219 R20-M1-N5-C:J13-U11 RAS KERNEL INFO generating core.313
- 1117845125 2005.06.03 R20-M1-N5-C:J17-U11 2005-06-03-17.32.05.122017 R20-M1-N5-C:J17-U11 RAS KERNEL INFO generating core.312
- 1117845125 2005.06.03 R20-M1-N5-C:J05-U01 2005-06-03-17.32.05.155679 R20-M1-N5-C:J05-U01 RAS KERNEL INFO generating core.307
- 1117845125 2005.06.03 R20-M1-N5-C:J03-U01 2005-06-03-17.32.05.183178 R20-M1-N5-C:J03-U01 RAS KERNEL INFO generating core.435
- 1117845125 2005.06.03 R20-M1-N5-C:J05-U11 2005-06-03-17.32.05.206197 R20-M1-N5-C:J05-U11 RAS KERNEL INFO generating core.315
- 1117845125 2005.06.03 R20-M1-N5-C:J03-U11 2005-06-03-17.32.05.232095 R20-M1-N5-C:J03-U11 RAS KERNEL INFO generating core.443
- 1117845125 2005.06.03 R20-M1-N5-C:J15-U01 2005-06-03-17.32.05.257881 R20-M1-N5-C:J15-U01 RAS KERNEL INFO generating core.432
- 1117845125 2005.06.03 R20-M1-N5-C:J17-U01 2005-06-03-17.32.05.280176 R20-M1-N5-C:J17-U01 RAS KERNEL INFO generating core.304
- 1117845125 2005.06.03 R20-M1-N5-C:J11-U01 2005-06-03-17.32.05.408174 R20-M1-N5-C:J11-U01 RAS KERNEL INFO generating core.433
- 1117845125 2005.06.03 R20-M1-N5-C:J07-U01 2005-06-03-17.32.05.432055 R20-M1-N5-C:J07-U01 RAS KERNEL INFO generating core.434
- 1117845125 2005.06.03 R20-M1-N5-C:J13-U01 2005-06-03-17.32.05.456600 R20-M1-N5-C:J13-U01 RAS KERNEL INFO generating core.305
- 1117845125 2005.06.03 R20-M1-N5-C:J09-U01 2005-06-03-17.32.05.480935 R20-M1-N5-C:J09-U01 RAS KERNEL INFO generating core.306
- 1117845125 2005.06.03 R20-M1-N5-C:J14-U11 2005-06-03-17.32.05.504837 R20-M1-N5-C:J14-U11 RAS KERNEL INFO generating core.424
- 1117845125 2005.06.03 R20-M1-N5-C:J06-U11 2005-06-03-17.32.05.529129 R20-M1-N5-C:J06-U11 RAS KERNEL INFO generating core.426
- 1117845125 2005.06.03 R20-M1-N5-C:J12-U11 2005-06-03-17.32.05.551051 R20-M1-N5-C:J12-U11 RAS KERNEL INFO generating core.297
- 1117845125 2005.06.03 R20-M1-N5-C:J14-U01 2005-06-03-17.32.05.573615 R20-M1-N5-C:J14-U01 RAS KERNEL INFO generating core.416
- 1117845125 2005.06.03 R20-M1-N5-C:J16-U01 2005-06-03-17.32.05.596891 R20-M1-N5-C:J16-U01 RAS KERNEL INFO generating core.288
- 1117845125 2005.06.03 R20-M1-N5-C:J10-U01 2005-06-03-17.32.05.618122 R20-M1-N5-C:J10-U01 RAS KERNEL INFO generating core.417
- 1117845125 2005.06.03 R20-M1-N5-C:J12-U01 2005-06-03-17.32.05.649749 R20-M1-N5-C:J12-U01 RAS KERNEL INFO generating core.289
- 1117845125 2005.06.03 R20-M1-N5-C:J08-U01 2005-06-03-17.32.05.681870 R20-M1-N5-C:J08-U01 RAS KERNEL INFO generating core.290
- 1117845125 2005.06.03 R20-M1-N5-C:J06-U01 2005-06-03-17.32.05.716228 R20-M1-N5-C:J06-U01 RAS KERNEL INFO generating core.418
- 1117845125 2005.06.03 R20-M1-N5-C:J04-U11 2005-06-03-17.32.05.737599 R20-M1-N5-C:J04-U11 RAS KERNEL INFO generating core.299
- 1117845125 2005.06.03 R20-M1-N5-C:J02-U01 2005-06-03-17.32.05.757802 R20-M1-N5-C:J02-U01 RAS KERNEL INFO generating core.419
- 1117845125 2005.06.03 R20-M1-N5-C:J02-U11 2005-06-03-17.32.05.777603 R20-M1-N5-C:J02-U11 RAS KERNEL INFO generating core.427
