1130156192 2005.10.24 R36-M0-N1-C:J15-U01 2005-10-24-05.16.32.742958 R36-M0-N1-C:J15-U01 RAS KERNEL INFO 1 ddr errors(s) detected and corrected on rank 0, symbol 18, bit 3
1130156194 2005.10.24 R36-M0-N1-C:J15-U01 2005-10-24-05.16.34.303783 R36-M0-N1-C:J15-U01 RAS KERNEL INFO CE sym 18, at 0x02302f00, mask 0x10
1130156195 2005.10.24 R36-M0-N1-C:J15-U01 2005-10-24-05.16.35.196821 R36-M0-N1-C:J15-U01 RAS KERNEL INFO total of 1 ddr error(s) detected and corrected
1130157406 2005.10.24 R54-M1-N0-I:J18-U11 2005-10-24-05.36.46.710955 R54-M1-N0-I:J18-U11 RAS APP FATAL ciod: Error loading /p/gb1/bwallen/brian_12point3.rts: invalid or missing program image, No such file or directory
1130157406 2005.10.24 R54-M1-N0-I:J18-U01 2005-10-24-05.36.46.818443 R54-M1-N0-I:J18-U01 RAS APP FATAL ciod: Error loading /p/gb1/bwallen/brian_12point3.rts: invalid or missing program image, No such file or directory
1130157406 2005.10.24 R54-M1-N8-I:J18-U11 2005-10-24-05.36.46.925781 R54-M1-N8-I:J18-U11 RAS APP FATAL ciod: Error loading /p/gb1/bwallen/brian_12point3.rts: invalid or missing program image, No such file or directory
1130157407 2005.10.24 R54-M1-N8-I:J18-U01 2005-10-24-05.36.47.043884 R54-M1-N8-I:J18-U01 RAS APP FATAL ciod: Error loading /p/gb1/bwallen/brian_12point3.rts: invalid or missing program image, No such file or directory
1130157408 2005.10.24 R51-M1-N0-I:J18-U11 2005-10-24-05.36.48.685898 R51-M1-N0-I:J18-U11 RAS APP FATAL ciod: Error loading /p/gb1/bwallen/brian_12point3.rts: invalid or missing program image, No such file or directory
1130157408 2005.10.24 R51-M1-N0-I:J18-U01 2005-10-24-05.36.48.799217 R51-M1-N0-I:J18-U01 RAS APP FATAL ciod: Error loading /p/gb1/bwallen/brian_12point3.rts: invalid or missing program image, No such file or directory
1130157409 2005.10.24 R51-M1-NC-I:J18-U11 2005-10-24-05.36.49.152403 R51-M1-NC-I:J18-U11 RAS APP FATAL ciod: Error loading /p/gb1/bwallen/brian_12point3.rts: invalid or missing program image, No such file or directory
1130157409 2005.10.24 R51-M1-NC-I:J18-U01 2005-10-24-05.36.49.271928 R51-M1-NC-I:J18-U01 RAS APP FATAL ciod: Error loading /p/gb1/bwallen/brian_12point3.rts: invalid or missing program image, No such file or directory
1130157409 2005.10.24 R54-M1-NC-I:J18-U11 2005-10-24-05.36.49.385644 R54-M1-NC-I:J18-U11 RAS APP FATAL ciod: Error loading /p/gb1/bwallen/brian_12point3.rts: invalid or missing program image, No such file or directory
1130157409 2005.10.24 R54-M1-NC-I:J18-U01 2005-10-24-05.36.49.499406 R54-M1-NC-I:J18-U01 RAS APP FATAL ciod: Error loading /p/gb1/bwallen/brian_12point3.rts: invalid or missing program image, No such file or directory
1130157409 2005.10.24 R54-M1-N4-I:J18-U11 2005-10-24-05.36.49.624836 R54-M1-N4-I:J18-U11 RAS APP FATAL ciod: Error loading /p/gb1/bwallen/brian_12point3.rts: invalid or missing program image, No such file or directory
1130157409 2005.10.24 R54-M1-N4-I:J18-U01 2005-10-24-05.36.49.732691 R54-M1-N4-I:J18-U01 RAS APP FATAL ciod: Error loading /p/gb1/bwallen/brian_12point3.rts: invalid or missing program image, No such file or directory
1130157410 2005.10.24 R51-M1-N4-I:J18-U11 2005-10-24-05.36.50.008773 R51-M1-N4-I:J18-U11 RAS APP FATAL ciod: Error loading /p/gb1/bwallen/brian_12point3.rts: invalid or missing program image, No such file or directory
1130157410 2005.10.24 R51-M1-N4-I:J18-U01 2005-10-24-05.36.50.175277 R51-M1-N4-I:J18-U01 RAS APP FATAL ciod: Error loading /p/gb1/bwallen/brian_12point3.rts: invalid or missing program image, No such file or directory
1130157411 2005.10.24 R45-M1-N8-I:J18-U11 2005-10-24-05.36.51.496516 R45-M1-N8-I:J18-U11 RAS APP FATAL ciod: Error loading /p/gb1/bwallen/brian_12point3.rts: invalid or missing program image, No such file or directory
1130157411 2005.10.24 R45-M1-N8-I:J18-U01 2005-10-24-05.36.51.604190 R45-M1-N8-I:J18-U01 RAS APP FATAL ciod: Error loading /p/gb1/bwallen/brian_12point3.rts: invalid or missing program image, No such file or directory
1130157411 2005.10.24 R45-M0-N8-I:J18-U11 2005-10-24-05.36.51.723601 R45-M0-N8-I:J18-U11 RAS APP FATAL ciod: Error loading /p/gb1/bwallen/brian_12point3.rts: invalid or missing program image, No such file or directory
1130157411 2005.10.24 R45-M0-N8-I:J18-U01 2005-10-24-05.36.51.867460 R45-M0-N8-I:J18-U01 RAS APP FATAL ciod: Error loading /p/gb1/bwallen/brian_12point3.rts: invalid or missing program image, No such file or directory
1130157411 2005.10.24 R45-M1-N4-I:J18-U11 2005-10-24-05.36.51.981271 R45-M1-N4-I:J18-U11 RAS APP FATAL ciod: Error loading /p/gb1/bwallen/brian_12point3.rts: invalid or missing program image, No such file or directory
1130157412 2005.10.24 R45-M1-N4-I:J18-U01 2005-10-24-05.36.52.100825 R45-M1-N4-I:J18-U01 RAS APP FATAL ciod: Error loading /p/gb1/bwallen/brian_12point3.rts: invalid or missing program image, No such file or directory
1130157413 2005.10.24 R51-M1-N8-I:J18-U11 2005-10-24-05.36.53.559614 R51-M1-N8-I:J18-U11 RAS APP FATAL ciod: Error loading /p/gb1/bwallen/brian_12point3.rts: invalid or missing program image, No such file or directory
1130157413 2005.10.24 R51-M1-N8-I:J18-U01 2005-10-24-05.36.53.668313 R51-M1-N8-I:J18-U01 RAS APP FATAL ciod: Error loading /p/gb1/bwallen/brian_12point3.rts: invalid or missing program image, No such file or directory
1130157413 2005.10.24 R36-M0-N8-I:J18-U11 2005-10-24-05.36.53.991446 R36-M0-N8-I:J18-U11 RAS APP FATAL ciod: Error loading /p/gb1/bwallen/brian_12point3.rts: invalid or missing program image, No such file or directory
1130157414 2005.10.24 R36-M0-N8-I:J18-U01 2005-10-24-05.36.54.109992 R36-M0-N8-I:J18-U01 RAS APP FATAL ciod: Error loading /p/gb1/bwallen/brian_12point3.rts: invalid or missing program image, No such file or directory
1130157414 2005.10.24 R42-M0-N4-I:J18-U11 2005-10-24-05.36.54.213014 R42-M0-N4-I:J18-U11 RAS APP FATAL ciod: Error loading /p/gb1/bwallen/brian_12point3.rts: invalid or missing program image, No such file or directory
1130157414 2005.10.24 R42-M0-N4-I:J18-U01 2005-10-24-05.36.54.320641 R42-M0-N4-I:J18-U01 RAS APP FATAL ciod: Error loading /p/gb1/bwallen/brian_12point3.rts: invalid or missing program image, No such file or directory
1130157414 2005.10.24 R36-M0-NC-I:J18-U11 2005-10-24-05.36.54.434146 R36-M0-NC-I:J18-U11 RAS APP FATAL ciod: Error loading /p/gb1/bwallen/brian_12point3.rts: invalid or missing program image, No such file or directory
1130157414 2005.10.24 R36-M0-NC-I:J18-U01 2005-10-24-05.36.54.535953 R36-M0-NC-I:J18-U01 RAS APP FATAL ciod: Error loading /p/gb1/bwallen/brian_12point3.rts: invalid or missing program image, No such file or directory
1130157414 2005.10.24 R36-M0-N0-I:J18-U11 2005-10-24-05.36.54.637875 R36-M0-N0-I:J18-U11 RAS APP FATAL ciod: Error loading /p/gb1/bwallen/brian_12point3.rts: invalid or missing program image, No such file or directory
1130157414 2005.10.24 R36-M0-N0-I:J18-U01 2005-10-24-05.36.54.737879 R36-M0-N0-I:J18-U01 RAS APP FATAL ciod: Error loading /p/gb1/bwallen/brian_12point3.rts: invalid or missing program image, No such file or directory
1130157415 2005.10.24 R36-M0-N4-I:J18-U11 2005-10-24-05.36.55.301624 R36-M0-N4-I:J18-U11 RAS APP FATAL ciod: Error loading /p/gb1/bwallen/brian_12point3.rts: invalid or missing program image, No such file or directory
1130157415 2005.10.24 R36-M0-N4-I:J18-U01 2005-10-24-05.36.55.432249 R36-M0-N4-I:J18-U01 RAS APP FATAL ciod: Error loading /p/gb1/bwallen/brian_12point3.rts: invalid or missing program image, No such file or directory
1130157415 2005.10.24 R45-M1-NC-I:J18-U11 2005-10-24-05.36.55.547238 R45-M1-NC-I:J18-U11 RAS APP FATAL ciod: Error loading /p/gb1/bwallen/brian_12point3.rts: invalid or missing program image, No such file or directory
1130157415 2005.10.24 R45-M1-NC-I:J18-U01 2005-10-24-05.36.55.660746 R45-M1-NC-I:J18-U01 RAS APP FATAL ciod: Error loading /p/gb1/bwallen/brian_12point3.rts: invalid or missing program image, No such file or directory
1130157416 2005.10.24 R33-M0-NC-I:J18-U11 2005-10-24-05.36.56.409136 R33-M0-NC-I:J18-U11 RAS APP FATAL ciod: Error loading /p/gb1/bwallen/brian_12point3.rts: invalid or missing program image, No such file or directory
1130157416 2005.10.24 R33-M0-NC-I:J18-U01 2005-10-24-05.36.56.528538 R33-M0-NC-I:J18-U01 RAS APP FATAL ciod: Error loading /p/gb1/bwallen/brian_12point3.rts: invalid or missing program image, No such file or directory
1130157416 2005.10.24 R42-M0-N0-I:J18-U11 2005-10-24-05.36.56.806173 R42-M0-N0-I:J18-U11 RAS APP FATAL ciod: Error loading /p/gb1/bwallen/brian_12point3.rts: invalid or missing program image, No such file or directory
1130157416 2005.10.24 R42-M0-N0-I:J18-U01 2005-10-24-05.36.56.910908 R42-M0-N0-I:J18-U01 RAS APP FATAL ciod: Error loading /p/gb1/bwallen/brian_12point3.rts: invalid or missing program image, No such file or directory
1130157418 2005.10.24 R51-M0-N4-I:J18-U11 2005-10-24-05.36.58.119044 R51-M0-N4-I:J18-U11 RAS APP FATAL ciod: Error loading /p/gb1/bwallen/brian_12point3.rts: invalid or missing program image, No such file or directory
1130157418 2005.10.24 R51-M0-N4-I:J18-U01 2005-10-24-05.36.58.239588 R51-M0-N4-I:J18-U01 RAS APP FATAL ciod: Error loading /p/gb1/bwallen/brian_12point3.rts: invalid or missing program image, No such file or directory
1130157418 2005.10.24 R51-M0-N0-I:J18-U11 2005-10-24-05.36.58.820992 R51-M0-N0-I:J18-U11 RAS APP FATAL ciod: Error loading /p/gb1/bwallen/brian_12point3.rts: invalid or missing program image, No such file or directory
1130157418 2005.10.24 R51-M0-N0-I:J18-U01 2005-10-24-05.36.58.934252 R51-M0-N0-I:J18-U01 RAS APP FATAL ciod: Error loading /p/gb1/bwallen/brian_12point3.rts: invalid or missing program image, No such file or directory
1130157419 2005.10.24 R30-M0-N0-I:J18-U11 2005-10-24-05.36.59.047624 R30-M0-N0-I:J18-U11 RAS APP FATAL ciod: Error loading /p/gb1/bwallen/brian_12point3.rts: invalid or missing program image, No such file or directory
1130157419 2005.10.24 R30-M0-N0-I:J18-U01 2005-10-24-05.36.59.155218 R30-M0-N0-I:J18-U01 RAS APP FATAL ciod: Error loading /p/gb1/bwallen/brian_12point3.rts: invalid or missing program image, No such file or directory
1130157420 2005.10.24 R24-M1-NC-I:J18-U11 2005-10-24-05.37.00.403285 R24-M1-NC-I:J18-U11 RAS APP FATAL ciod: Error loading /p/gb1/bwallen/brian_12point3.rts: invalid or missing program image, No such file or directory
1130157420 2005.10.24 R24-M1-NC-I:J18-U01 2005-10-24-05.37.00.519537 R24-M1-NC-I:J18-U01 RAS APP FATAL ciod: Error loading /p/gb1/bwallen/brian_12point3.rts: invalid or missing program image, No such file or directory
1130157421 2005.10.24 R27-M1-NC-I:J18-U11 2005-10-24-05.37.01.547007 R27-M1-NC-I:J18-U11 RAS APP FATAL ciod: Error loading /p/gb1/bwallen/brian_12point3.rts: invalid or missing program image, No such file or directory
1130157421 2005.10.24 R27-M1-NC-I:J18-U01 2005-10-24-05.37.01.672513 R27-M1-NC-I:J18-U01 RAS APP FATAL ciod: Error loading /p/gb1/bwallen/brian_12point3.rts: invalid or missing program image, No such file or directory
1130157421 2005.10.24 R27-M1-N8-I:J18-U11 2005-10-24-05.37.01.734923 R27-M1-N8-I:J18-U11 RAS APP FATAL ciod: Error loading /p/gb1/bwallen/brian_12point3.rts: invalid or missing program image, No such file or directory
1130157421 2005.10.24 R27-M1-N8-I:J18-U01 2005-10-24-05.37.01.870012 R27-M1-N8-I:J18-U01 RAS APP FATAL ciod: Error loading /p/gb1/bwallen/brian_12point3.rts: invalid or missing program image, No such file or directory
1130157422 2005.10.24 R63-M1-NC-I:J18-U11 2005-10-24-05.37.02.720596 R63-M1-NC-I:J18-U11 RAS APP FATAL ciod: Error loading /p/gb1/bwallen/brian_12point3.rts: invalid or missing program image, No such file or directory
1130157422 2005.10.24 R63-M1-NC-I:J18-U01 2005-10-24-05.37.02.840009 R63-M1-NC-I:J18-U01 RAS APP FATAL ciod: Error loading /p/gb1/bwallen/brian_12point3.rts: invalid or missing program image, No such file or directory
1130157422 2005.10.24 R21-M1-N4-I:J18-U11 2005-10-24-05.37.02.959498 R21-M1-N4-I:J18-U11 RAS APP FATAL ciod: Error loading /p/gb1/bwallen/brian_12point3.rts: invalid or missing program image, No such file or directory
1130157423 2005.10.24 R21-M1-N4-I:J18-U01 2005-10-24-05.37.03.090756 R21-M1-N4-I:J18-U01 RAS APP FATAL ciod: Error loading /p/gb1/bwallen/brian_12point3.rts: invalid or missing program image, No such file or directory
1130157423 2005.10.24 R27-M1-N4-I:J18-U11 2005-10-24-05.37.03.210918 R27-M1-N4-I:J18-U11 RAS APP FATAL ciod: Error loading /p/gb1/bwallen/brian_12point3.rts: invalid or missing program image, No such file or directory
1130157423 2005.10.24 R27-M1-N4-I:J18-U01 2005-10-24-05.37.03.330431 R27-M1-N4-I:J18-U01 RAS APP FATAL ciod: Error loading /p/gb1/bwallen/brian_12point3.rts: invalid or missing program image, No such file or directory
1130157423 2005.10.24 R45-M0-N4-I:J18-U11 2005-10-24-05.37.03.444192 R45-M0-N4-I:J18-U11 RAS APP FATAL ciod: Error loading /p/gb1/bwallen/brian_12point3.rts: invalid or missing program image, No such file or directory
1130157423 2005.10.24 R45-M0-N4-I:J18-U01 2005-10-24-05.37.03.575512 R45-M0-N4-I:J18-U01 RAS APP FATAL ciod: Error loading /p/gb1/bwallen/brian_12point3.rts: invalid or missing program image, No such file or directory
1130157423 2005.10.24 R45-M1-N0-I:J18-U11 2005-10-24-05.37.03.690629 R45-M1-N0-I:J18-U11 RAS APP FATAL ciod: Error loading /p/gb1/bwallen/brian_12point3.rts: invalid or missing program image, No such file or directory
1130157423 2005.10.24 R45-M1-N0-I:J18-U01 2005-10-24-05.37.03.803380 R45-M1-N0-I:J18-U01 RAS APP FATAL ciod: Error loading /p/gb1/bwallen/brian_12point3.rts: invalid or missing program image, No such file or directory
1130157423 2005.10.24 R45-M0-N0-I:J18-U11 2005-10-24-05.37.03.916941 R45-M0-N0-I:J18-U11 RAS APP FATAL ciod: Error loading /p/gb1/bwallen/brian_12point3.rts: invalid or missing program image, No such file or directory
1130157424 2005.10.24 R45-M0-N0-I:J18-U01 2005-10-24-05.37.04.030862 R45-M0-N0-I:J18-U01 RAS APP FATAL ciod: Error loading /p/gb1/bwallen/brian_12point3.rts: invalid or missing program image, No such file or directory
1130157424 2005.10.24 R51-M0-N8-I:J18-U11 2005-10-24-05.37.04.652833 R51-M0-N8-I:J18-U11 RAS APP FATAL ciod: Error loading /p/gb1/bwallen/brian_12point3.rts: invalid or missing program image, No such file or directory
1130157424 2005.10.24 R51-M0-N8-I:J18-U01 2005-10-24-05.37.04.779049 R51-M0-N8-I:J18-U01 RAS APP FATAL ciod: Error loading /p/gb1/bwallen/brian_12point3.rts: invalid or missing program image, No such file or directory
1130157425 2005.10.24 R27-M1-N0-I:J18-U11 2005-10-24-05.37.05.359019 R27-M1-N0-I:J18-U11 RAS APP FATAL ciod: Error loading /p/gb1/bwallen/brian_12point3.rts: invalid or missing program image, No such file or directory
1130157425 2005.10.24 R27-M1-N0-I:J18-U01 2005-10-24-05.37.05.466857 R27-M1-N0-I:J18-U01 RAS APP FATAL ciod: Error loading /p/gb1/bwallen/brian_12point3.rts: invalid or missing program image, No such file or directory
1130157425 2005.10.24 R63-M1-N4-I:J18-U11 2005-10-24-05.37.05.801338 R63-M1-N4-I:J18-U11 RAS APP FATAL ciod: Error loading /p/gb1/bwallen/brian_12point3.rts: invalid or missing program image, No such file or directory
1130157425 2005.10.24 R63-M1-N4-I:J18-U01 2005-10-24-05.37.05.915976 R63-M1-N4-I:J18-U01 RAS APP FATAL ciod: Error loading /p/gb1/bwallen/brian_12point3.rts: invalid or missing program image, No such file or directory
1130157426 2005.10.24 R63-M1-N0-I:J18-U11 2005-10-24-05.37.06.034952 R63-M1-N0-I:J18-U11 RAS APP FATAL ciod: Error loading /p/gb1/bwallen/brian_12point3.rts: invalid or missing program image, No such file or directory
1130157426 2005.10.24 R63-M1-N0-I:J18-U01 2005-10-24-05.37.06.159930 R63-M1-N0-I:J18-U01 RAS APP FATAL ciod: Error loading /p/gb1/bwallen/brian_12point3.rts: invalid or missing program image, No such file or directory
1130157426 2005.10.24 R51-M0-NC-I:J18-U11 2005-10-24-05.37.06.765481 R51-M0-NC-I:J18-U11 RAS APP FATAL ciod: Error loading /p/gb1/bwallen/brian_12point3.rts: invalid or missing program image, No such file or directory
1130157426 2005.10.24 R51-M0-NC-I:J18-U01 2005-10-24-05.37.06.833040 R51-M0-NC-I:J18-U01 RAS APP FATAL ciod: Error loading /p/gb1/bwallen/brian_12point3.rts: invalid or missing program image, No such file or directory
1130157427 2005.10.24 R24-M1-N0-I:J18-U11 2005-10-24-05.37.07.669081 R24-M1-N0-I:J18-U11 RAS APP FATAL ciod: Error loading /p/gb1/bwallen/brian_12point3.rts: invalid or missing program image, No such file or directory
1130157427 2005.10.24 R24-M1-N0-I:J18-U01 2005-10-24-05.37.07.794527 R24-M1-N0-I:J18-U01 RAS APP FATAL ciod: Error loading /p/gb1/bwallen/brian_12point3.rts: invalid or missing program image, No such file or directory
1130157428 2005.10.24 R66-M1-N4-I:J18-U11 2005-10-24-05.37.08.161418 R66-M1-N4-I:J18-U11 RAS APP FATAL ciod: Error loading /p/gb1/bwallen/brian_12point3.rts: invalid or missing program image, No such file or directory
1130157428 2005.10.24 R66-M1-N4-I:J18-U01 2005-10-24-05.37.08.279376 R66-M1-N4-I:J18-U01 RAS APP FATAL ciod: Error loading /p/gb1/bwallen/brian_12point3.rts: invalid or missing program image, No such file or directory
1130157428 2005.10.24 R24-M1-N4-I:J18-U11 2005-10-24-05.37.08.407125 R24-M1-N4-I:J18-U11 RAS APP FATAL ciod: Error loading /p/gb1/bwallen/brian_12point3.rts: invalid or missing program image, No such file or directory
1130157428 2005.10.24 R24-M1-N4-I:J18-U01 2005-10-24-05.37.08.530594 R24-M1-N4-I:J18-U01 RAS APP FATAL ciod: Error loading /p/gb1/bwallen/brian_12point3.rts: invalid or missing program image, No such file or directory
1130157428 2005.10.24 R66-M1-N8-I:J18-U11 2005-10-24-05.37.08.646541 R66-M1-N8-I:J18-U11 RAS APP FATAL ciod: Error loading /p/gb1/bwallen/brian_12point3.rts: invalid or missing program image, No such file or directory
1130157428 2005.10.24 R66-M1-N8-I:J18-U01 2005-10-24-05.37.08.766311 R66-M1-N8-I:J18-U01 RAS APP FATAL ciod: Error loading /p/gb1/bwallen/brian_12point3.rts: invalid or missing program image, No such file or directory
1130157428 2005.10.24 R24-M1-N8-I:J18-U11 2005-10-24-05.37.08.883844 R24-M1-N8-I:J18-U11 RAS APP FATAL ciod: Error loading /p/gb1/bwallen/brian_12point3.rts: invalid or missing program image, No such file or directory
1130157428 2005.10.24 R24-M1-N8-I:J18-U01 2005-10-24-05.37.08.999341 R24-M1-N8-I:J18-U01 RAS APP FATAL ciod: Error loading /p/gb1/bwallen/brian_12point3.rts: invalid or missing program image, No such file or directory
1130157430 2005.10.24 R63-M1-N8-I:J18-U11 2005-10-24-05.37.10.215641 R63-M1-N8-I:J18-U11 RAS APP FATAL ciod: Error loading /p/gb1/bwallen/brian_12point3.rts: invalid or missing program image, No such file or directory
1130157430 2005.10.24 R63-M1-N8-I:J18-U01 2005-10-24-05.37.10.370361 R63-M1-N8-I:J18-U01 RAS APP FATAL ciod: Error loading /p/gb1/bwallen/brian_12point3.rts: invalid or missing program image, No such file or directory
1130157430 2005.10.24 R21-M1-N0-I:J18-U11 2005-10-24-05.37.10.987006 R21-M1-N0-I:J18-U11 RAS APP FATAL ciod: Error loading /p/gb1/bwallen/brian_12point3.rts: invalid or missing program image, No such file or directory
1130157431 2005.10.24 R21-M1-N0-I:J18-U01 2005-10-24-05.37.11.119151 R21-M1-N0-I:J18-U01 RAS APP FATAL ciod: Error loading /p/gb1/bwallen/brian_12point3.rts: invalid or missing program image, No such file or directory
1130157431 2005.10.24 R66-M1-N0-I:J18-U11 2005-10-24-05.37.11.729163 R66-M1-N0-I:J18-U11 RAS APP FATAL ciod: Error loading /p/gb1/bwallen/brian_12point3.rts: invalid or missing program image, No such file or directory
1130157431 2005.10.24 R66-M1-N0-I:J18-U01 2005-10-24-05.37.11.849077 R66-M1-N0-I:J18-U01 RAS APP FATAL ciod: Error loading /p/gb1/bwallen/brian_12point3.rts: invalid or missing program image, No such file or directory
1130157433 2005.10.24 R66-M1-NC-I:J18-U11 2005-10-24-05.37.13.087625 R66-M1-NC-I:J18-U11 RAS APP FATAL ciod: Error loading /p/gb1/bwallen/brian_12point3.rts: invalid or missing program image, No such file or directory
1130157433 2005.10.24 R66-M1-NC-I:J18-U01 2005-10-24-05.37.13.213644 R66-M1-NC-I:J18-U01 RAS APP FATAL ciod: Error loading /p/gb1/bwallen/brian_12point3.rts: invalid or missing program image, No such file or directory
1130157433 2005.10.24 R33-M0-N4-I:J18-U11 2005-10-24-05.37.13.561331 R33-M0-N4-I:J18-U11 RAS APP FATAL ciod: Error loading /p/gb1/bwallen/brian_12point3.rts: invalid or missing program image, No such file or directory
1130157433 2005.10.24 R33-M0-N4-I:J18-U01 2005-10-24-05.37.13.674441 R33-M0-N4-I:J18-U01 RAS APP FATAL ciod: Error loading /p/gb1/bwallen/brian_12point3.rts: invalid or missing program image, No such file or directory
1130157434 2005.10.24 R33-M0-N8-I:J18-U11 2005-10-24-05.37.14.542341 R33-M0-N8-I:J18-U11 RAS APP FATAL ciod: Error loading /p/gb1/bwallen/brian_12point3.rts: invalid or missing program image, No such file or directory
1130157434 2005.10.24 R33-M0-N8-I:J18-U01 2005-10-24-05.37.14.655495 R33-M0-N8-I:J18-U01 RAS APP FATAL ciod: Error loading /p/gb1/bwallen/brian_12point3.rts: invalid or missing program image, No such file or directory
1130157435 2005.10.24 R57-M1-N4-I:J18-U11 2005-10-24-05.37.15.125639 R57-M1-N4-I:J18-U11 RAS APP FATAL ciod: Error loading /p/gb1/bwallen/brian_12point3.rts: invalid or missing program image, No such file or directory
1130157435 2005.10.24 R57-M1-N4-I:J18-U01 2005-10-24-05.37.15.331430 R57-M1-N4-I:J18-U01 RAS APP FATAL ciod: Error loading /p/gb1/bwallen/brian_12point3.rts: invalid or missing program image, No such file or directory
1130157435 2005.10.24 R57-M1-N0-I:J18-U11 2005-10-24-05.37.15.655008 R57-M1-N0-I:J18-U11 RAS APP FATAL ciod: Error loading /p/gb1/bwallen/brian_12point3.rts: invalid or missing program image, No such file or directory
1130157435 2005.10.24 R57-M1-N0-I:J18-U01 2005-10-24-05.37.15.761510 R57-M1-N0-I:J18-U01 RAS APP FATAL ciod: Error loading /p/gb1/bwallen/brian_12point3.rts: invalid or missing program image, No such file or directory
1130157435 2005.10.24 R42-M0-N8-I:J18-U11 2005-10-24-05.37.15.876321 R42-M0-N8-I:J18-U11 RAS APP FATAL ciod: Error loading /p/gb1/bwallen/brian_12point3.rts: invalid or missing program image, No such file or directory
1130157435 2005.10.24 R42-M0-N8-I:J18-U01 2005-10-24-05.37.15.996107 R42-M0-N8-I:J18-U01 RAS APP FATAL ciod: Error loading /p/gb1/bwallen/brian_12point3.rts: invalid or missing program image, No such file or directory
1130157436 2005.10.24 R57-M1-NC-I:J18-U11 2005-10-24-05.37.16.684899 R57-M1-NC-I:J18-U11 RAS APP FATAL ciod: Error loading /p/gb1/bwallen/brian_12point3.rts: invalid or missing program image, No such file or directory
1130157436 2005.10.24 R57-M1-NC-I:J18-U01 2005-10-24-05.37.16.798058 R57-M1-NC-I:J18-U01 RAS APP FATAL ciod: Error loading /p/gb1/bwallen/brian_12point3.rts: invalid or missing program image, No such file or directory
1130157437 2005.10.24 R21-M0-N0-I:J18-U11 2005-10-24-05.37.17.372225 R21-M0-N0-I:J18-U11 RAS APP FATAL ciod: Error loading /p/gb1/bwallen/brian_12point3.rts: invalid or missing program image, No such file or directory
1130157437 2005.10.24 R21-M0-N0-I:J18-U01 2005-10-24-05.37.17.491113 R21-M0-N0-I:J18-U01 RAS APP FATAL ciod: Error loading /p/gb1/bwallen/brian_12point3.rts: invalid or missing program image, No such file or directory
1130157438 2005.10.24 R21-M1-NC-I:J18-U11 2005-10-24-05.37.18.595678 R21-M1-NC-I:J18-U11 RAS APP FATAL ciod: Error loading /p/gb1/bwallen/brian_12point3.rts: invalid or missing program image, No such file or directory
1130157438 2005.10.24 R21-M1-NC-I:J18-U01 2005-10-24-05.37.18.715534 R21-M1-NC-I:J18-U01 RAS APP FATAL ciod: Error loading /p/gb1/bwallen/brian_12point3.rts: invalid or missing program image, No such file or directory
1130157438 2005.10.24 R21-M0-N8-I:J18-U11 2005-10-24-05.37.18.833321 R21-M0-N8-I:J18-U11 RAS APP FATAL ciod: Error loading /p/gb1/bwallen/brian_12point3.rts: invalid or missing program image, No such file or directory
1130157438 2005.10.24 R21-M0-N8-I:J18-U01 2005-10-24-05.37.18.952720 R21-M0-N8-I:J18-U01 RAS APP FATAL ciod: Error loading /p/gb1/bwallen/brian_12point3.rts: invalid or missing program image, No such file or directory
1130157440 2005.10.24 R60-M1-NC-I:J18-U11 2005-10-24-05.37.20.029012 R60-M1-NC-I:J18-U11 RAS APP FATAL ciod: Error loading /p/gb1/bwallen/brian_12point3.rts: invalid or missing program image, No such file or directory
1130157440 2005.10.24 R60-M1-NC-I:J18-U01 2005-10-24-05.37.20.173674 R60-M1-NC-I:J18-U01 RAS APP FATAL ciod: Error loading /p/gb1/bwallen/brian_12point3.rts: invalid or missing program image, No such file or directory
1130157440 2005.10.24 R45-M0-NC-I:J18-U11 2005-10-24-05.37.20.433821 R45-M0-NC-I:J18-U11 RAS APP FATAL ciod: Error loading /p/gb1/bwallen/brian_12point3.rts: invalid or missing program image, No such file or directory
1130157440 2005.10.24 R45-M0-NC-I:J18-U01 2005-10-24-05.37.20.586131 R45-M0-NC-I:J18-U01 RAS APP FATAL ciod: Error loading /p/gb1/bwallen/brian_12point3.rts: invalid or missing program image, No such file or directory
1130157440 2005.10.24 R21-M0-NC-I:J18-U11 2005-10-24-05.37.20.706164 R21-M0-NC-I:J18-U11 RAS APP FATAL ciod: Error loading /p/gb1/bwallen/brian_12point3.rts: invalid or missing program image, No such file or directory
1130157440 2005.10.24 R21-M0-NC-I:J18-U01 2005-10-24-05.37.20.837026 R21-M0-NC-I:J18-U01 RAS APP FATAL ciod: Error loading /p/gb1/bwallen/brian_12point3.rts: invalid or missing program image, No such file or directory
1130157440 2005.10.24 R21-M0-N4-I:J18-U11 2005-10-24-05.37.20.956871 R21-M0-N4-I:J18-U11 RAS APP FATAL ciod: Error loading /p/gb1/bwallen/brian_12point3.rts: invalid or missing program image, No such file or directory
1130157441 2005.10.24 R21-M0-N4-I:J18-U01 2005-10-24-05.37.21.082245 R21-M0-N4-I:J18-U01 RAS APP FATAL ciod: Error loading /p/gb1/bwallen/brian_12point3.rts: invalid or missing program image, No such file or directory
1130157442 2005.10.24 R21-M1-N8-I:J18-U11 2005-10-24-05.37.22.631088 R21-M1-N8-I:J18-U11 RAS APP FATAL ciod: Error loading /p/gb1/bwallen/brian_12point3.rts: invalid or missing program image, No such file or directory
1130157442 2005.10.24 R21-M1-N8-I:J18-U01 2005-10-24-05.37.22.755448 R21-M1-N8-I:J18-U01 RAS APP FATAL ciod: Error loading /p/gb1/bwallen/brian_12point3.rts: invalid or missing program image, No such file or directory
1130157443 2005.10.24 R30-M0-N4-I:J18-U11 2005-10-24-05.37.23.330075 R30-M0-N4-I:J18-U11 RAS APP FATAL ciod: Error loading /p/gb1/bwallen/brian_12point3.rts: invalid or missing program image, No such file or directory
1130157443 2005.10.24 R30-M0-N4-I:J18-U01 2005-10-24-05.37.23.449816 R30-M0-N4-I:J18-U01 RAS APP FATAL ciod: Error loading /p/gb1/bwallen/brian_12point3.rts: invalid or missing program image, No such file or directory
1130157443 2005.10.24 R30-M0-N8-I:J18-U11 2005-10-24-05.37.23.791020 R30-M0-N8-I:J18-U11 RAS APP FATAL ciod: Error loading /p/gb1/bwallen/brian_12point3.rts: invalid or missing program image, No such file or directory
1130157443 2005.10.24 R30-M0-N8-I:J18-U01 2005-10-24-05.37.23.898312 R30-M0-N8-I:J18-U01 RAS APP FATAL ciod: Error loading /p/gb1/bwallen/brian_12point3.rts: invalid or missing program image, No such file or directory
1130157444 2005.10.24 R60-M1-N8-I:J18-U11 2005-10-24-05.37.24.975072 R60-M1-N8-I:J18-U11 RAS APP FATAL ciod: Error loading /p/gb1/bwallen/brian_12point3.rts: invalid or missing program image, No such file or directory
1130157445 2005.10.24 R60-M1-N8-I:J18-U01 2005-10-24-05.37.25.064992 R60-M1-N8-I:J18-U01 RAS APP FATAL ciod: Error loading /p/gb1/bwallen/brian_12point3.rts: invalid or missing program image, No such file or directory
1130157445 2005.10.24 R60-M1-N0-I:J18-U11 2005-10-24-05.37.25.206680 R60-M1-N0-I:J18-U11 RAS APP FATAL ciod: Error loading /p/gb1/bwallen/brian_12point3.rts: invalid or missing program image, No such file or directory
1130157445 2005.10.24 R60-M1-N0-I:J18-U01 2005-10-24-05.37.25.419551 R60-M1-N0-I:J18-U01 RAS APP FATAL ciod: Error loading /p/gb1/bwallen/brian_12point3.rts: invalid or missing program image, No such file or directory
1130157445 2005.10.24 R30-M0-NC-I:J18-U11 2005-10-24-05.37.25.561579 R30-M0-NC-I:J18-U11 RAS APP FATAL ciod: Error loading /p/gb1/bwallen/brian_12point3.rts: invalid or missing program image, No such file or directory
1130157445 2005.10.24 R30-M0-NC-I:J18-U01 2005-10-24-05.37.25.663763 R30-M0-NC-I:J18-U01 RAS APP FATAL ciod: Error loading /p/gb1/bwallen/brian_12point3.rts: invalid or missing program image, No such file or directory
1130157445 2005.10.24 R57-M1-N8-I:J18-U11 2005-10-24-05.37.25.753332 R57-M1-N8-I:J18-U11 RAS APP FATAL ciod: Error loading /p/gb1/bwallen/brian_12point3.rts: invalid or missing program image, No such file or directory
1130157445 2005.10.24 R57-M1-N8-I:J18-U01 2005-10-24-05.37.25.843197 R57-M1-N8-I:J18-U01 RAS APP FATAL ciod: Error loading /p/gb1/bwallen/brian_12point3.rts: invalid or missing program image, No such file or directory
1130157446 2005.10.24 R60-M1-N4-I:J18-U11 2005-10-24-05.37.26.567657 R60-M1-N4-I:J18-U11 RAS APP FATAL ciod: Error loading /p/gb1/bwallen/brian_12point3.rts: invalid or missing program image, No such file or directory
1130157446 2005.10.24 R60-M1-N4-I:J18-U01 2005-10-24-05.37.26.681601 R60-M1-N4-I:J18-U01 RAS APP FATAL ciod: Error loading /p/gb1/bwallen/brian_12point3.rts: invalid or missing program image, No such file or directory
1130157447 2005.10.24 R72-M0-N4-I:J18-U11 2005-10-24-05.37.27.717496 R72-M0-N4-I:J18-U11 RAS APP FATAL ciod: Error loading /p/gb1/bwallen/brian_12point3.rts: invalid or missing program image, No such file or directory
1130157447 2005.10.24 R72-M0-N4-I:J18-U01 2005-10-24-05.37.27.824958 R72-M0-N4-I:J18-U01 RAS APP FATAL ciod: Error loading /p/gb1/bwallen/brian_12point3.rts: invalid or missing program image, No such file or directory
1130157448 2005.10.24 R42-M0-NC-I:J18-U11 2005-10-24-05.37.28.166605 R42-M0-NC-I:J18-U11 RAS APP FATAL ciod: Error loading /p/gb1/bwallen/brian_12point3.rts: invalid or missing program image, No such file or directory
1130157448 2005.10.24 R42-M0-NC-I:J18-U01 2005-10-24-05.37.28.272750 R42-M0-NC-I:J18-U01 RAS APP FATAL ciod: Error loading /p/gb1/bwallen/brian_12point3.rts: invalid or missing program image, No such file or directory
1130157450 2005.10.24 R72-M0-NC-I:J18-U11 2005-10-24-05.37.30.472393 R72-M0-NC-I:J18-U11 RAS APP FATAL ciod: Error loading /p/gb1/bwallen/brian_12point3.rts: invalid or missing program image, No such file or directory
1130157450 2005.10.24 R72-M0-NC-I:J18-U01 2005-10-24-05.37.30.636347 R72-M0-NC-I:J18-U01 RAS APP FATAL ciod: Error loading /p/gb1/bwallen/brian_12point3.rts: invalid or missing program image, No such file or directory
1130157451 2005.10.24 R72-M0-N8-I:J18-U11 2005-10-24-05.37.31.700074 R72-M0-N8-I:J18-U11 RAS APP FATAL ciod: Error loading /p/gb1/bwallen/brian_12point3.rts: invalid or missing program image, No such file or directory
1130157451 2005.10.24 R72-M0-N8-I:J18-U01 2005-10-24-05.37.31.813631 R72-M0-N8-I:J18-U01 RAS APP FATAL ciod: Error loading /p/gb1/bwallen/brian_12point3.rts: invalid or missing program image, No such file or directory
1130157453 2005.10.24 R72-M0-N0-I:J18-U11 2005-10-24-05.37.33.148962 R72-M0-N0-I:J18-U11 RAS APP FATAL ciod: Error loading /p/gb1/bwallen/brian_12point3.rts: invalid or missing program image, No such file or directory
1130157453 2005.10.24 R72-M0-N0-I:J18-U01 2005-10-24-05.37.33.268859 R72-M0-N0-I:J18-U01 RAS APP FATAL ciod: Error loading /p/gb1/bwallen/brian_12point3.rts: invalid or missing program image, No such file or directory
1130157456 2005.10.24 R75-M0-N4-I:J18-U11 2005-10-24-05.37.36.939338 R75-M0-N4-I:J18-U11 RAS APP FATAL ciod: Error loading /p/gb1/bwallen/brian_12point3.rts: invalid or missing program image, No such file or directory
1130157457 2005.10.24 R75-M0-N4-I:J18-U01 2005-10-24-05.37.37.053412 R75-M0-N4-I:J18-U01 RAS APP FATAL ciod: Error loading /p/gb1/bwallen/brian_12point3.rts: invalid or missing program image, No such file or directory
1130157457 2005.10.24 R75-M0-N0-I:J18-U11 2005-10-24-05.37.37.897079 R75-M0-N0-I:J18-U11 RAS APP FATAL ciod: Error loading /p/gb1/bwallen/brian_12point3.rts: invalid or missing program image, No such file or directory
1130157458 2005.10.24 R75-M0-N0-I:J18-U01 2005-10-24-05.37.38.011299 R75-M0-N0-I:J18-U01 RAS APP FATAL ciod: Error loading /p/gb1/bwallen/brian_12point3.rts: invalid or missing program image, No such file or directory
1130157458 2005.10.24 R75-M0-N8-I:J18-U11 2005-10-24-05.37.38.123876 R75-M0-N8-I:J18-U11 RAS APP FATAL ciod: Error loading /p/gb1/bwallen/brian_12point3.rts: invalid or missing program image, No such file or directory
1130157458 2005.10.24 R75-M0-N8-I:J18-U01 2005-10-24-05.37.38.238551 R75-M0-N8-I:J18-U01 RAS APP FATAL ciod: Error loading /p/gb1/bwallen/brian_12point3.rts: invalid or missing program image, No such file or directory
1130157458 2005.10.24 R33-M0-N0-I:J18-U11 2005-10-24-05.37.38.352620 R33-M0-N0-I:J18-U11 RAS APP FATAL ciod: Error loading /p/gb1/bwallen/brian_12point3.rts: invalid or missing program image, No such file or directory
1130157458 2005.10.24 R33-M0-N0-I:J18-U01 2005-10-24-05.37.38.472020 R33-M0-N0-I:J18-U01 RAS APP FATAL ciod: Error loading /p/gb1/bwallen/brian_12point3.rts: invalid or missing program image, No such file or directory
1130157458 2005.10.24 R75-M1-N8-I:J18-U11 2005-10-24-05.37.38.586129 R75-M1-N8-I:J18-U11 RAS APP FATAL ciod: Error loading /p/gb1/bwallen/brian_12point3.rts: invalid or missing program image, No such file or directory
1130157458 2005.10.24 R75-M1-N8-I:J18-U01 2005-10-24-05.37.38.701297 R75-M1-N8-I:J18-U01 RAS APP FATAL ciod: Error loading /p/gb1/bwallen/brian_12point3.rts: invalid or missing program image, No such file or directory
1130157461 2005.10.24 R12-M1-N4-I:J18-U11 2005-10-24-05.37.41.165441 R12-M1-N4-I:J18-U11 RAS APP FATAL ciod: Error loading /p/gb1/bwallen/brian_12point3.rts: invalid or missing program image, No such file or directory
1130157461 2005.10.24 R12-M1-N4-I:J18-U01 2005-10-24-05.37.41.269041 R12-M1-N4-I:J18-U01 RAS APP FATAL ciod: Error loading /p/gb1/bwallen/brian_12point3.rts: invalid or missing program image, No such file or directory
1130157461 2005.10.24 R15-M1-N0-I:J18-U11 2005-10-24-05.37.41.377292 R15-M1-N0-I:J18-U11 RAS APP FATAL ciod: Error loading /p/gb1/bwallen/brian_12point3.rts: invalid or missing program image, No such file or directory
1130157461 2005.10.24 R15-M1-N0-I:J18-U01 2005-10-24-05.37.41.491041 R15-M1-N0-I:J18-U01 RAS APP FATAL ciod: Error loading /p/gb1/bwallen/brian_12point3.rts: invalid or missing program image, No such file or directory
1130157461 2005.10.24 R75-M1-N0-I:J18-U11 2005-10-24-05.37.41.803993 R75-M1-N0-I:J18-U11 RAS APP FATAL ciod: Error loading /p/gb1/bwallen/brian_12point3.rts: invalid or missing program image, No such file or directory
1130157461 2005.10.24 R75-M1-N0-I:J18-U01 2005-10-24-05.37.41.906664 R75-M1-N0-I:J18-U01 RAS APP FATAL ciod: Error loading /p/gb1/bwallen/brian_12point3.rts: invalid or missing program image, No such file or directory
1130157462 2005.10.24 R75-M0-NC-I:J18-U11 2005-10-24-05.37.42.008805 R75-M0-NC-I:J18-U11 RAS APP FATAL ciod: Error loading /p/gb1/bwallen/brian_12point3.rts: invalid or missing program image, No such file or directory
1130157462 2005.10.24 R75-M0-NC-I:J18-U01 2005-10-24-05.37.42.110411 R75-M0-NC-I:J18-U01 RAS APP FATAL ciod: Error loading /p/gb1/bwallen/brian_12point3.rts: invalid or missing program image, No such file or directory
1130157462 2005.10.24 R15-M0-NC-I:J18-U11 2005-10-24-05.37.42.247979 R15-M0-NC-I:J18-U11 RAS APP FATAL ciod: Error loading /p/gb1/bwallen/brian_12point3.rts: invalid or missing program image, No such file or directory
1130157462 2005.10.24 R15-M0-NC-I:J18-U01 2005-10-24-05.37.42.319912 R15-M0-NC-I:J18-U01 RAS APP FATAL ciod: Error loading /p/gb1/bwallen/brian_12point3.rts: invalid or missing program image, No such file or directory
1130157462 2005.10.24 R15-M1-N4-I:J18-U11 2005-10-24-05.37.42.385410 R15-M1-N4-I:J18-U11 RAS APP FATAL ciod: Error loading /p/gb1/bwallen/brian_12point3.rts: invalid or missing program image, No such file or directory
1130157462 2005.10.24 R15-M1-N4-I:J18-U01 2005-10-24-05.37.42.445342 R15-M1-N4-I:J18-U01 RAS APP FATAL ciod: Error loading /p/gb1/bwallen/brian_12point3.rts: invalid or missing program image, No such file or directory
1130157462 2005.10.24 R15-M1-NC-I:J18-U11 2005-10-24-05.37.42.554604 R15-M1-NC-I:J18-U11 RAS APP FATAL ciod: Error loading /p/gb1/bwallen/brian_12point3.rts: invalid or missing program image, No such file or directory
1130157462 2005.10.24 R15-M1-NC-I:J18-U01 2005-10-24-05.37.42.662579 R15-M1-NC-I:J18-U01 RAS APP FATAL ciod: Error loading /p/gb1/bwallen/brian_12point3.rts: invalid or missing program image, No such file or directory
1130157462 2005.10.24 R15-M1-N8-I:J18-U11 2005-10-24-05.37.42.774834 R15-M1-N8-I:J18-U11 RAS APP FATAL ciod: Error loading /p/gb1/bwallen/brian_12point3.rts: invalid or missing program image, No such file or directory
1130157462 2005.10.24 R15-M1-N8-I:J18-U01 2005-10-24-05.37.42.882521 R15-M1-N8-I:J18-U01 RAS APP FATAL ciod: Error loading /p/gb1/bwallen/brian_12point3.rts: invalid or missing program image, No such file or directory
1130157463 2005.10.24 R00-M0-NC-I:J18-U11 2005-10-24-05.37.43.546148 R00-M0-NC-I:J18-U11 RAS APP FATAL ciod: Error loading /p/gb1/bwallen/brian_12point3.rts: invalid or missing program image, No such file or directory
1130157463 2005.10.24 R00-M0-NC-I:J18-U01 2005-10-24-05.37.43.635889 R00-M0-NC-I:J18-U01 RAS APP FATAL ciod: Error loading /p/gb1/bwallen/brian_12point3.rts: invalid or missing program image, No such file or directory
1130157464 2005.10.24 R12-M1-N8-I:J18-U11 2005-10-24-05.37.44.288611 R12-M1-N8-I:J18-U11 RAS APP FATAL ciod: Error loading /p/gb1/bwallen/brian_12point3.rts: invalid or missing program image, No such file or directory
1130157464 2005.10.24 R12-M1-N8-I:J18-U01 2005-10-24-05.37.44.378071 R12-M1-N8-I:J18-U01 RAS APP FATAL ciod: Error loading /p/gb1/bwallen/brian_12point3.rts: invalid or missing program image, No such file or directory
1130157464 2005.10.24 R00-M0-N4-I:J18-U11 2005-10-24-05.37.44.826732 R00-M0-N4-I:J18-U11 RAS APP FATAL ciod: Error loading /p/gb1/bwallen/brian_12point3.rts: invalid or missing program image, No such file or directory
1130157464 2005.10.24 R00-M0-N4-I:J18-U01 2005-10-24-05.37.44.929206 R00-M0-N4-I:J18-U01 RAS APP FATAL ciod: Error loading /p/gb1/bwallen/brian_12point3.rts: invalid or missing program image, No such file or directory
1130157465 2005.10.24 R03-M0-N4-I:J18-U11 2005-10-24-05.37.45.289028 R03-M0-N4-I:J18-U11 RAS APP FATAL ciod: Error loading /p/gb1/bwallen/brian_12point3.rts: invalid or missing program image, No such file or directory
1130157465 2005.10.24 R03-M0-N4-I:J18-U01 2005-10-24-05.37.45.473884 R03-M0-N4-I:J18-U01 RAS APP FATAL ciod: Error loading /p/gb1/bwallen/brian_12point3.rts: invalid or missing program image, No such file or directory
1130157465 2005.10.24 R00-M0-N0-I:J18-U11 2005-10-24-05.37.45.611123 R00-M0-N0-I:J18-U11 RAS APP FATAL ciod: Error loading /p/gb1/bwallen/brian_12point3.rts: invalid or missing program image, No such file or directory
1130157465 2005.10.24 R00-M0-N0-I:J18-U01 2005-10-24-05.37.45.706695 R00-M0-N0-I:J18-U01 RAS APP FATAL ciod: Error loading /p/gb1/bwallen/brian_12point3.rts: invalid or missing program image, No such file or directory
1130157466 2005.10.24 R15-M0-N8-I:J18-U11 2005-10-24-05.37.46.227545 R15-M0-N8-I:J18-U11 RAS APP FATAL ciod: Error loading /p/gb1/bwallen/brian_12point3.rts: invalid or missing program image, No such file or directory
1130157466 2005.10.24 R15-M0-N8-I:J18-U01 2005-10-24-05.37.46.341117 R15-M0-N8-I:J18-U01 RAS APP FATAL ciod: Error loading /p/gb1/bwallen/brian_12point3.rts: invalid or missing program image, No such file or directory
1130157466 2005.10.24 R03-M0-N0-I:J18-U11 2005-10-24-05.37.46.868572 R03-M0-N0-I:J18-U11 RAS APP FATAL ciod: Error loading /p/gb1/bwallen/brian_12point3.rts: invalid or missing program image, No such file or directory
1130157466 2005.10.24 R03-M0-N0-I:J18-U01 2005-10-24-05.37.46.970284 R03-M0-N0-I:J18-U01 RAS APP FATAL ciod: Error loading /p/gb1/bwallen/brian_12point3.rts: invalid or missing program image, No such file or directory
1130157467 2005.10.24 R15-M0-N4-I:J18-U11 2005-10-24-05.37.47.090341 R15-M0-N4-I:J18-U11 RAS APP FATAL ciod: Error loading /p/gb1/bwallen/brian_12point3.rts: invalid or missing program image, No such file or directory
1130157467 2005.10.24 R15-M0-N4-I:J18-U01 2005-10-24-05.37.47.191564 R15-M0-N4-I:J18-U01 RAS APP FATAL ciod: Error loading /p/gb1/bwallen/brian_12point3.rts: invalid or missing program image, No such file or directory
1130157467 2005.10.24 R15-M0-N0-I:J18-U11 2005-10-24-05.37.47.533206 R15-M0-N0-I:J18-U11 RAS APP FATAL ciod: Error loading /p/gb1/bwallen/brian_12point3.rts: invalid or missing program image, No such file or directory
1130157467 2005.10.24 R15-M0-N0-I:J18-U01 2005-10-24-05.37.47.634580 R15-M0-N0-I:J18-U01 RAS APP FATAL ciod: Error loading /p/gb1/bwallen/brian_12point3.rts: invalid or missing program image, No such file or directory
1130157467 2005.10.24 R12-M1-N0-I:J18-U11 2005-10-24-05.37.47.736510 R12-M1-N0-I:J18-U11 RAS APP FATAL ciod: Error loading /p/gb1/bwallen/brian_12point3.rts: invalid or missing program image, No such file or directory
1130157467 2005.10.24 R12-M1-N0-I:J18-U01 2005-10-24-05.37.47.796112 R12-M1-N0-I:J18-U01 RAS APP FATAL ciod: Error loading /p/gb1/bwallen/brian_12point3.rts: invalid or missing program image, No such file or directory
1130157467 2005.10.24 R03-M0-NC-I:J18-U11 2005-10-24-05.37.47.855752 R03-M0-NC-I:J18-U11 RAS APP FATAL ciod: Error loading /p/gb1/bwallen/brian_12point3.rts: invalid or missing program image, No such file or directory
1130157467 2005.10.24 R03-M0-NC-I:J18-U01 2005-10-24-05.37.47.916078 R03-M0-NC-I:J18-U01 RAS APP FATAL ciod: Error loading /p/gb1/bwallen/brian_12point3.rts: invalid or missing program image, No such file or directory
1130157467 2005.10.24 R06-M0-N4-I:J18-U11 2005-10-24-05.37.47.980663 R06-M0-N4-I:J18-U11 RAS APP FATAL ciod: Error loading /p/gb1/bwallen/brian_12point3.rts: invalid or missing program image, No such file or directory
1130157468 2005.10.24 R06-M0-N4-I:J18-U01 2005-10-24-05.37.48.040789 R06-M0-N4-I:J18-U01 RAS APP FATAL ciod: Error loading /p/gb1/bwallen/brian_12point3.rts: invalid or missing program image, No such file or directory
1130157470 2005.10.24 R00-M0-N8-I:J18-U11 2005-10-24-05.37.50.656281 R00-M0-N8-I:J18-U11 RAS APP FATAL ciod: Error loading /p/gb1/bwallen/brian_12point3.rts: invalid or missing program image, No such file or directory
1130157470 2005.10.24 R00-M0-N8-I:J18-U01 2005-10-24-05.37.50.721299 R00-M0-N8-I:J18-U01 RAS APP FATAL ciod: Error loading /p/gb1/bwallen/brian_12point3.rts: invalid or missing program image, No such file or directory
1130157472 2005.10.24 R03-M0-N8-I:J18-U11 2005-10-24-05.37.52.025913 R03-M0-N8-I:J18-U11 RAS APP FATAL ciod: Error loading /p/gb1/bwallen/brian_12point3.rts: invalid or missing program image, No such file or directory
1130157472 2005.10.24 R03-M0-N8-I:J18-U01 2005-10-24-05.37.52.133924 R03-M0-N8-I:J18-U01 RAS APP FATAL ciod: Error loading /p/gb1/bwallen/brian_12point3.rts: invalid or missing program image, No such file or directory
1130157478 2005.10.24 R12-M1-NC-I:J18-U11 2005-10-24-05.37.58.142523 R12-M1-NC-I:J18-U11 RAS APP FATAL ciod: Error loading /p/gb1/bwallen/brian_12point3.rts: invalid or missing program image, No such file or directory
1130157478 2005.10.24 R12-M1-NC-I:J18-U01 2005-10-24-05.37.58.256404 R12-M1-NC-I:J18-U01 RAS APP FATAL ciod: Error loading /p/gb1/bwallen/brian_12point3.rts: invalid or missing program image, No such file or directory
1130157478 2005.10.24 R06-M0-N0-I:J18-U11 2005-10-24-05.37.58.370148 R06-M0-N0-I:J18-U11 RAS APP FATAL ciod: Error loading /p/gb1/bwallen/brian_12point3.rts: invalid or missing program image, No such file or directory
1130157478 2005.10.24 R06-M0-N0-I:J18-U01 2005-10-24-05.37.58.495967 R06-M0-N0-I:J18-U01 RAS APP FATAL ciod: Error loading /p/gb1/bwallen/brian_12point3.rts: invalid or missing program image, No such file or directory
1130157478 2005.10.24 R06-M0-N8-I:J18-U11 2005-10-24-05.37.58.843647 R06-M0-N8-I:J18-U11 RAS APP FATAL ciod: Error loading /p/gb1/bwallen/brian_12point3.rts: invalid or missing program image, No such file or directory
1130157478 2005.10.24 R06-M0-N8-I:J18-U01 2005-10-24-05.37.58.909078 R06-M0-N8-I:J18-U01 RAS APP FATAL ciod: Error loading /p/gb1/bwallen/brian_12point3.rts: invalid or missing program image, No such file or directory
1130157478 2005.10.24 R75-M1-NC-I:J18-U11 2005-10-24-05.37.58.981356 R75-M1-NC-I:J18-U11 RAS APP FATAL ciod: Error loading /p/gb1/bwallen/brian_12point3.rts: invalid or missing program image, No such file or directory
1130157479 2005.10.24 R75-M1-NC-I:J18-U01 2005-10-24-05.37.59.041788 R75-M1-NC-I:J18-U01 RAS APP FATAL ciod: Error loading /p/gb1/bwallen/brian_12point3.rts: invalid or missing program image, No such file or directory
1130157479 2005.10.24 R06-M0-NC-I:J18-U11 2005-10-24-05.37.59.383159 R06-M0-NC-I:J18-U11 RAS APP FATAL ciod: Error loading /p/gb1/bwallen/brian_12point3.rts: invalid or missing program image, No such file or directory
1130157479 2005.10.24 R06-M0-NC-I:J18-U01 2005-10-24-05.37.59.496602 R06-M0-NC-I:J18-U01 RAS APP FATAL ciod: Error loading /p/gb1/bwallen/brian_12point3.rts: invalid or missing program image, No such file or directory
1130157479 2005.10.24 R75-M1-N4-I:J18-U11 2005-10-24-05.37.59.616076 R75-M1-N4-I:J18-U11 RAS APP FATAL ciod: Error loading /p/gb1/bwallen/brian_12point3.rts: invalid or missing program image, No such file or directory
1130157479 2005.10.24 R75-M1-N4-I:J18-U01 2005-10-24-05.37.59.729983 R75-M1-N4-I:J18-U01 RAS APP FATAL ciod: Error loading /p/gb1/bwallen/brian_12point3.rts: invalid or missing program image, No such file or directory
1130157482 2005.10.24 R54-M0-N4-I:J18-U11 2005-10-24-05.38.02.242694 R54-M0-N4-I:J18-U11 RAS APP FATAL ciod: Error loading /p/gb1/bwallen/brian_12point3.rts: invalid or missing program image, No such file or directory
1130157482 2005.10.24 R54-M0-N4-I:J18-U01 2005-10-24-05.38.02.350407 R54-M0-N4-I:J18-U01 RAS APP FATAL ciod: Error loading /p/gb1/bwallen/brian_12point3.rts: invalid or missing program image, No such file or directory
1130157482 2005.10.24 R54-M0-N0-I:J18-U11 2005-10-24-05.38.02.488440 R54-M0-N0-I:J18-U11 RAS APP FATAL ciod: Error loading /p/gb1/bwallen/brian_12point3.rts: invalid or missing program image, No such file or directory
1130157482 2005.10.24 R54-M0-N0-I:J18-U01 2005-10-24-05.38.02.591241 R54-M0-N0-I:J18-U01 RAS APP FATAL ciod: Error loading /p/gb1/bwallen/brian_12point3.rts: invalid or missing program image, No such file or directory
1130157485 2005.10.24 R42-M1-N8-I:J18-U11 2005-10-24-05.38.05.261893 R42-M1-N8-I:J18-U11 RAS APP FATAL ciod: Error loading /p/gb1/bwallen/brian_12point3.rts: invalid or missing program image, No such file or directory
1130157485 2005.10.24 R42-M1-N8-I:J18-U01 2005-10-24-05.38.05.452183 R42-M1-N8-I:J18-U01 RAS APP FATAL ciod: Error loading /p/gb1/bwallen/brian_12point3.rts: invalid or missing program image, No such file or directory
1130157485 2005.10.24 R36-M1-NC-I:J18-U11 2005-10-24-05.38.05.639097 R36-M1-NC-I:J18-U11 RAS APP FATAL ciod: Error loading /p/gb1/bwallen/brian_12point3.rts: invalid or missing program image, No such file or directory
1130157485 2005.10.24 R36-M1-NC-I:J18-U01 2005-10-24-05.38.05.776348 R36-M1-NC-I:J18-U01 RAS APP FATAL ciod: Error loading /p/gb1/bwallen/brian_12point3.rts: invalid or missing program image, No such file or directory
1130157486 2005.10.24 R33-M1-N0-I:J18-U11 2005-10-24-05.38.06.111567 R33-M1-N0-I:J18-U11 RAS APP FATAL ciod: Error loading /p/gb1/bwallen/brian_12point3.rts: invalid or missing program image, No such file or directory
1130157486 2005.10.24 R33-M1-N0-I:J18-U01 2005-10-24-05.38.06.231454 R33-M1-N0-I:J18-U01 RAS APP FATAL ciod: Error loading /p/gb1/bwallen/brian_12point3.rts: invalid or missing program image, No such file or directory
1130157486 2005.10.24 R36-M1-N8-I:J18-U11 2005-10-24-05.38.06.572454 R36-M1-N8-I:J18-U11 RAS APP FATAL ciod: Error loading /p/gb1/bwallen/brian_12point3.rts: invalid or missing program image, No such file or directory
1130157486 2005.10.24 R36-M1-N8-I:J18-U01 2005-10-24-05.38.06.685934 R36-M1-N8-I:J18-U01 RAS APP FATAL ciod: Error loading /p/gb1/bwallen/brian_12point3.rts: invalid or missing program image, No such file or directory
1130157488 2005.10.24 R33-M1-NC-I:J18-U11 2005-10-24-05.38.08.165147 R33-M1-NC-I:J18-U11 RAS APP FATAL ciod: Error loading /p/gb1/bwallen/brian_12point3.rts: invalid or missing program image, No such file or directory
1130157488 2005.10.24 R33-M1-NC-I:J18-U01 2005-10-24-05.38.08.279048 R33-M1-NC-I:J18-U01 RAS APP FATAL ciod: Error loading /p/gb1/bwallen/brian_12point3.rts: invalid or missing program image, No such file or directory
1130157488 2005.10.24 R27-M0-N0-I:J18-U11 2005-10-24-05.38.08.859673 R27-M0-N0-I:J18-U11 RAS APP FATAL ciod: Error loading /p/gb1/bwallen/brian_12point3.rts: invalid or missing program image, No such file or directory
1130157488 2005.10.24 R27-M0-N0-I:J18-U01 2005-10-24-05.38.08.973525 R27-M0-N0-I:J18-U01 RAS APP FATAL ciod: Error loading /p/gb1/bwallen/brian_12point3.rts: invalid or missing program image, No such file or directory
1130157489 2005.10.24 R33-M1-N8-I:J18-U11 2005-10-24-05.38.09.099311 R33-M1-N8-I:J18-U11 RAS APP FATAL ciod: Error loading /p/gb1/bwallen/brian_12point3.rts: invalid or missing program image, No such file or directory
1130157489 2005.10.24 R33-M1-N8-I:J18-U01 2005-10-24-05.38.09.212940 R33-M1-N8-I:J18-U01 RAS APP FATAL ciod: Error loading /p/gb1/bwallen/brian_12point3.rts: invalid or missing program image, No such file or directory
1130157489 2005.10.24 R24-M0-N8-I:J18-U11 2005-10-24-05.38.09.782253 R24-M0-N8-I:J18-U11 RAS APP FATAL ciod: Error loading /p/gb1/bwallen/brian_12point3.rts: invalid or missing program image, No such file or directory
1130157489 2005.10.24 R24-M0-N8-I:J18-U01 2005-10-24-05.38.09.909342 R24-M0-N8-I:J18-U01 RAS APP FATAL ciod: Error loading /p/gb1/bwallen/brian_12point3.rts: invalid or missing program image, No such file or directory
1130157490 2005.10.24 R24-M0-N4-I:J18-U11 2005-10-24-05.38.10.022416 R24-M0-N4-I:J18-U11 RAS APP FATAL ciod: Error loading /p/gb1/bwallen/brian_12point3.rts: invalid or missing program image, No such file or directory
1130157490 2005.10.24 R24-M0-N4-I:J18-U01 2005-10-24-05.38.10.129166 R24-M0-N4-I:J18-U01 RAS APP FATAL ciod: Error loading /p/gb1/bwallen/brian_12point3.rts: invalid or missing program image, No such file or directory
1130157490 2005.10.24 R66-M0-N8-I:J18-U11 2005-10-24-05.38.10.248907 R66-M0-N8-I:J18-U11 RAS APP FATAL ciod: Error loading /p/gb1/bwallen/brian_12point3.rts: invalid or missing program image, No such file or directory
1130157490 2005.10.24 R66-M0-N8-I:J18-U01 2005-10-24-05.38.10.462306 R66-M0-N8-I:J18-U01 RAS APP FATAL ciod: Error loading /p/gb1/bwallen/brian_12point3.rts: invalid or missing program image, No such file or directory
1130157490 2005.10.24 R24-M0-N0-I:J18-U11 2005-10-24-05.38.10.608489 R24-M0-N0-I:J18-U11 RAS APP FATAL ciod: Error loading /p/gb1/bwallen/brian_12point3.rts: invalid or missing program image, No such file or directory
1130157490 2005.10.24 R24-M0-N0-I:J18-U01 2005-10-24-05.38.10.764058 R24-M0-N0-I:J18-U01 RAS APP FATAL ciod: Error loading /p/gb1/bwallen/brian_12point3.rts: invalid or missing program image, No such file or directory
1130157490 2005.10.24 R42-M1-N0-I:J18-U11 2005-10-24-05.38.10.883627 R42-M1-N0-I:J18-U11 RAS APP FATAL ciod: Error loading /p/gb1/bwallen/brian_12point3.rts: invalid or missing program image, No such file or directory
1130157491 2005.10.24 R42-M1-N0-I:J18-U01 2005-10-24-05.38.11.010071 R42-M1-N0-I:J18-U01 RAS APP FATAL ciod: Error loading /p/gb1/bwallen/brian_12point3.rts: invalid or missing program image, No such file or directory
1130157491 2005.10.24 R27-M0-NC-I:J18-U11 2005-10-24-05.38.11.374883 R27-M0-NC-I:J18-U11 RAS APP FATAL ciod: Error loading /p/gb1/bwallen/brian_12point3.rts: invalid or missing program image, No such file or directory
1130157491 2005.10.24 R27-M0-NC-I:J18-U01 2005-10-24-05.38.11.482243 R27-M0-NC-I:J18-U01 RAS APP FATAL ciod: Error loading /p/gb1/bwallen/brian_12point3.rts: invalid or missing program image, No such file or directory
1130157491 2005.10.24 R27-M0-N8-I:J18-U11 2005-10-24-05.38.11.598546 R27-M0-N8-I:J18-U11 RAS APP FATAL ciod: Error loading /p/gb1/bwallen/brian_12point3.rts: invalid or missing program image, No such file or directory
1130157491 2005.10.24 R27-M0-N8-I:J18-U01 2005-10-24-05.38.11.700177 R27-M0-N8-I:J18-U01 RAS APP FATAL ciod: Error loading /p/gb1/bwallen/brian_12point3.rts: invalid or missing program image, No such file or directory
1130157492 2005.10.24 R72-M1-NC-I:J18-U11 2005-10-24-05.38.12.342084 R72-M1-NC-I:J18-U11 RAS APP FATAL ciod: Error loading /p/gb1/bwallen/brian_12point3.rts: invalid or missing program image, No such file or directory
1130157492 2005.10.24 R72-M1-NC-I:J18-U01 2005-10-24-05.38.12.476914 R72-M1-NC-I:J18-U01 RAS APP FATAL ciod: Error loading /p/gb1/bwallen/brian_12point3.rts: invalid or missing program image, No such file or directory
1130157492 2005.10.24 R63-M0-N0-I:J18-U11 2005-10-24-05.38.12.604249 R63-M0-N0-I:J18-U11 RAS APP FATAL ciod: Error loading /p/gb1/bwallen/brian_12point3.rts: invalid or missing program image, No such file or directory
1130157492 2005.10.24 R63-M0-N0-I:J18-U01 2005-10-24-05.38.12.705348 R63-M0-N0-I:J18-U01 RAS APP FATAL ciod: Error loading /p/gb1/bwallen/brian_12point3.rts: invalid or missing program image, No such file or directory
1130157492 2005.10.24 R27-M0-N4-I:J18-U11 2005-10-24-05.38.12.938698 R27-M0-N4-I:J18-U11 RAS APP FATAL ciod: Error loading /p/gb1/bwallen/brian_12point3.rts: invalid or missing program image, No such file or directory
1130157493 2005.10.24 R27-M0-N4-I:J18-U01 2005-10-24-05.38.13.006990 R27-M0-N4-I:J18-U01 RAS APP FATAL ciod: Error loading /p/gb1/bwallen/brian_12point3.rts: invalid or missing program image, No such file or directory
1130157493 2005.10.24 R63-M0-NC-I:J18-U11 2005-10-24-05.38.13.106552 R63-M0-NC-I:J18-U11 RAS APP FATAL ciod: Error loading /p/gb1/bwallen/brian_12point3.rts: invalid or missing program image, No such file or directory
1130157493 2005.10.24 R63-M0-NC-I:J18-U01 2005-10-24-05.38.13.206079 R63-M0-NC-I:J18-U01 RAS APP FATAL ciod: Error loading /p/gb1/bwallen/brian_12point3.rts: invalid or missing program image, No such file or directory
1130157494 2005.10.24 R63-M0-N8-I:J18-U11 2005-10-24-05.38.14.552669 R63-M0-N8-I:J18-U11 RAS APP FATAL ciod: Error loading /p/gb1/bwallen/brian_12point3.rts: invalid or missing program image, No such file or directory
1130157494 2005.10.24 R63-M0-N8-I:J18-U01 2005-10-24-05.38.14.654203 R63-M0-N8-I:J18-U01 RAS APP FATAL ciod: Error loading /p/gb1/bwallen/brian_12point3.rts: invalid or missing program image, No such file or directory
1130157494 2005.10.24 R66-M0-N0-I:J18-U11 2005-10-24-05.38.14.756043 R66-M0-N0-I:J18-U11 RAS APP FATAL ciod: Error loading /p/gb1/bwallen/brian_12point3.rts: invalid or missing program image, No such file or directory
1130157494 2005.10.24 R66-M0-N0-I:J18-U01 2005-10-24-05.38.14.857570 R66-M0-N0-I:J18-U01 RAS APP FATAL ciod: Error loading /p/gb1/bwallen/brian_12point3.rts: invalid or missing program image, No such file or directory
1130157494 2005.10.24 R33-M1-N4-I:J18-U11 2005-10-24-05.38.14.959566 R33-M1-N4-I:J18-U11 RAS APP FATAL ciod: Error loading /p/gb1/bwallen/brian_12point3.rts: invalid or missing program image, No such file or directory
1130157495 2005.10.24 R33-M1-N4-I:J18-U01 2005-10-24-05.38.15.067777 R33-M1-N4-I:J18-U01 RAS APP FATAL ciod: Error loading /p/gb1/bwallen/brian_12point3.rts: invalid or missing program image, No such file or directory
1130157495 2005.10.24 R36-M1-N0-I:J18-U11 2005-10-24-05.38.15.175784 R36-M1-N0-I:J18-U11 RAS APP FATAL ciod: Error loading /p/gb1/bwallen/brian_12point3.rts: invalid or missing program image, No such file or directory
1130157495 2005.10.24 R36-M1-N0-I:J18-U01 2005-10-24-05.38.15.282974 R36-M1-N0-I:J18-U01 RAS APP FATAL ciod: Error loading /p/gb1/bwallen/brian_12point3.rts: invalid or missing program image, No such file or directory
1130157495 2005.10.24 R36-M1-N4-I:J18-U11 2005-10-24-05.38.15.579000 R36-M1-N4-I:J18-U11 RAS APP FATAL ciod: Error loading /p/gb1/bwallen/brian_12point3.rts: invalid or missing program image, No such file or directory
1130157495 2005.10.24 R36-M1-N4-I:J18-U01 2005-10-24-05.38.15.756620 R36-M1-N4-I:J18-U01 RAS APP FATAL ciod: Error loading /p/gb1/bwallen/brian_12point3.rts: invalid or missing program image, No such file or directory
1130157495 2005.10.24 R63-M0-N4-I:J18-U11 2005-10-24-05.38.15.905881 R63-M0-N4-I:J18-U11 RAS APP FATAL ciod: Error loading /p/gb1/bwallen/brian_12point3.rts: invalid or missing program image, No such file or directory
1130157496 2005.10.24 R63-M0-N4-I:J18-U01 2005-10-24-05.38.16.019669 R63-M0-N4-I:J18-U01 RAS APP FATAL ciod: Error loading /p/gb1/bwallen/brian_12point3.rts: invalid or missing program image, No such file or directory
1130157496 2005.10.24 R66-M0-NC-I:J18-U11 2005-10-24-05.38.16.133410 R66-M0-NC-I:J18-U11 RAS APP FATAL ciod: Error loading /p/gb1/bwallen/brian_12point3.rts: invalid or missing program image, No such file or directory
1130157496 2005.10.24 R66-M0-NC-I:J18-U01 2005-10-24-05.38.16.247128 R66-M0-NC-I:J18-U01 RAS APP FATAL ciod: Error loading /p/gb1/bwallen/brian_12point3.rts: invalid or missing program image, No such file or directory
1130157496 2005.10.24 R66-M0-N4-I:J18-U11 2005-10-24-05.38.16.355038 R66-M0-N4-I:J18-U11 RAS APP FATAL ciod: Error loading /p/gb1/bwallen/brian_12point3.rts: invalid or missing program image, No such file or directory
1130157496 2005.10.24 R66-M0-N4-I:J18-U01 2005-10-24-05.38.16.456463 R66-M0-N4-I:J18-U01 RAS APP FATAL ciod: Error loading /p/gb1/bwallen/brian_12point3.rts: invalid or missing program image, No such file or directory
1130157496 2005.10.24 R57-M0-N4-I:J18-U11 2005-10-24-05.38.16.780137 R57-M0-N4-I:J18-U11 RAS APP FATAL ciod: Error loading /p/gb1/bwallen/brian_12point3.rts: invalid or missing program image, No such file or directory
1130157496 2005.10.24 R57-M0-N4-I:J18-U01 2005-10-24-05.38.16.887709 R57-M0-N4-I:J18-U01 RAS APP FATAL ciod: Error loading /p/gb1/bwallen/brian_12point3.rts: invalid or missing program image, No such file or directory
1130157497 2005.10.24 R30-M1-NC-I:J18-U11 2005-10-24-05.38.17.217236 R30-M1-NC-I:J18-U11 RAS APP FATAL ciod: Error loading /p/gb1/bwallen/brian_12point3.rts: invalid or missing program image, No such file or directory
1130157497 2005.10.24 R30-M1-NC-I:J18-U01 2005-10-24-05.38.17.337106 R30-M1-NC-I:J18-U01 RAS APP FATAL ciod: Error loading /p/gb1/bwallen/brian_12point3.rts: invalid or missing program image, No such file or directory
1130157497 2005.10.24 R57-M0-N0-I:J18-U11 2005-10-24-05.38.17.731999 R57-M0-N0-I:J18-U11 RAS APP FATAL ciod: Error loading /p/gb1/bwallen/brian_12point3.rts: invalid or missing program image, No such file or directory
1130157497 2005.10.24 R57-M0-N0-I:J18-U01 2005-10-24-05.38.17.852076 R57-M0-N0-I:J18-U01 RAS APP FATAL ciod: Error loading /p/gb1/bwallen/brian_12point3.rts: invalid or missing program image, No such file or directory
1130157498 2005.10.24 R30-M1-N8-I:J18-U11 2005-10-24-05.38.18.193164 R30-M1-N8-I:J18-U11 RAS APP FATAL ciod: Error loading /p/gb1/bwallen/brian_12point3.rts: invalid or missing program image, No such file or directory
1130157498 2005.10.24 R30-M1-N8-I:J18-U01 2005-10-24-05.38.18.307040 R30-M1-N8-I:J18-U01 RAS APP FATAL ciod: Error loading /p/gb1/bwallen/brian_12point3.rts: invalid or missing program image, No such file or directory
1130157498 2005.10.24 R57-M0-NC-I:J18-U11 2005-10-24-05.38.18.426662 R57-M0-NC-I:J18-U11 RAS APP FATAL ciod: Error loading /p/gb1/bwallen/brian_12point3.rts: invalid or missing program image, No such file or directory
1130157498 2005.10.24 R57-M0-NC-I:J18-U01 2005-10-24-05.38.18.546415 R57-M0-NC-I:J18-U01 RAS APP FATAL ciod: Error loading /p/gb1/bwallen/brian_12point3.rts: invalid or missing program image, No such file or directory
1130157498 2005.10.24 R42-M1-NC-I:J18-U11 2005-10-24-05.38.18.660246 R42-M1-NC-I:J18-U11 RAS APP FATAL ciod: Error loading /p/gb1/bwallen/brian_12point3.rts: invalid or missing program image, No such file or directory
1130157498 2005.10.24 R42-M1-NC-I:J18-U01 2005-10-24-05.38.18.787631 R42-M1-NC-I:J18-U01 RAS APP FATAL ciod: Error loading /p/gb1/bwallen/brian_12point3.rts: invalid or missing program image, No such file or directory
1130157499 2005.10.24 R42-M1-N4-I:J18-U11 2005-10-24-05.38.19.594439 R42-M1-N4-I:J18-U11 RAS APP FATAL ciod: Error loading /p/gb1/bwallen/brian_12point3.rts: invalid or missing program image, No such file or directory
1130157499 2005.10.24 R42-M1-N4-I:J18-U01 2005-10-24-05.38.19.702107 R42-M1-N4-I:J18-U01 RAS APP FATAL ciod: Error loading /p/gb1/bwallen/brian_12point3.rts: invalid or missing program image, No such file or directory
1130157502 2005.10.24 R30-M1-N4-I:J18-U11 2005-10-24-05.38.22.427178 R30-M1-N4-I:J18-U11 RAS APP FATAL ciod: Error loading /p/gb1/bwallen/brian_12point3.rts: invalid or missing program image, No such file or directory
1130157502 2005.10.24 R30-M1-N4-I:J18-U01 2005-10-24-05.38.22.522687 R30-M1-N4-I:J18-U01 RAS APP FATAL ciod: Error loading /p/gb1/bwallen/brian_12point3.rts: invalid or missing program image, No such file or directory
1130157502 2005.10.24 R30-M1-N0-I:J18-U11 2005-10-24-05.38.22.638383 R30-M1-N0-I:J18-U11 RAS APP FATAL ciod: Error loading /p/gb1/bwallen/brian_12point3.rts: invalid or missing program image, No such file or directory
1130157502 2005.10.24 R30-M1-N0-I:J18-U01 2005-10-24-05.38.22.727144 R30-M1-N0-I:J18-U01 RAS APP FATAL ciod: Error loading /p/gb1/bwallen/brian_12point3.rts: invalid or missing program image, No such file or directory
1130157505 2005.10.24 R72-M1-N8-I:J18-U11 2005-10-24-05.38.25.600949 R72-M1-N8-I:J18-U11 RAS APP FATAL ciod: Error loading /p/gb1/bwallen/brian_12point3.rts: invalid or missing program image, No such file or directory
1130157505 2005.10.24 R72-M1-N8-I:J18-U01 2005-10-24-05.38.25.764575 R72-M1-N8-I:J18-U01 RAS APP FATAL ciod: Error loading /p/gb1/bwallen/brian_12point3.rts: invalid or missing program image, No such file or directory
1130157505 2005.10.24 R72-M1-N4-I:J18-U11 2005-10-24-05.38.25.912302 R72-M1-N4-I:J18-U11 RAS APP FATAL ciod: Error loading /p/gb1/bwallen/brian_12point3.rts: invalid or missing program image, No such file or directory
1130157506 2005.10.24 R72-M1-N4-I:J18-U01 2005-10-24-05.38.26.031837 R72-M1-N4-I:J18-U01 RAS APP FATAL ciod: Error loading /p/gb1/bwallen/brian_12point3.rts: invalid or missing program image, No such file or directory
1130157506 2005.10.24 R72-M1-N0-I:J18-U11 2005-10-24-05.38.26.775617 R72-M1-N0-I:J18-U11 RAS APP FATAL ciod: Error loading /p/gb1/bwallen/brian_12point3.rts: invalid or missing program image, No such file or directory
1130157506 2005.10.24 R72-M1-N0-I:J18-U01 2005-10-24-05.38.26.906079 R72-M1-N0-I:J18-U01 RAS APP FATAL ciod: Error loading /p/gb1/bwallen/brian_12point3.rts: invalid or missing program image, No such file or directory
1130157507 2005.10.24 R24-M0-NC-I:J18-U11 2005-10-24-05.38.27.858551 R24-M0-NC-I:J18-U11 RAS APP FATAL ciod: Error loading /p/gb1/bwallen/brian_12point3.rts: invalid or missing program image, No such file or directory
1130157507 2005.10.24 R24-M0-NC-I:J18-U01 2005-10-24-05.38.27.978481 R24-M0-NC-I:J18-U01 RAS APP FATAL ciod: Error loading /p/gb1/bwallen/brian_12point3.rts: invalid or missing program image, No such file or directory
1130157509 2005.10.24 R60-M0-NC-I:J18-U11 2005-10-24-05.38.29.086073 R60-M0-NC-I:J18-U11 RAS APP FATAL ciod: Error loading /p/gb1/bwallen/brian_12point3.rts: invalid or missing program image, No such file or directory
1130157509 2005.10.24 R60-M0-NC-I:J18-U01 2005-10-24-05.38.29.199666 R60-M0-NC-I:J18-U01 RAS APP FATAL ciod: Error loading /p/gb1/bwallen/brian_12point3.rts: invalid or missing program image, No such file or directory
1130157509 2005.10.24 R60-M0-N0-I:J18-U11 2005-10-24-05.38.29.541129 R60-M0-N0-I:J18-U11 RAS APP FATAL ciod: Error loading /p/gb1/bwallen/brian_12point3.rts: invalid or missing program image, No such file or directory
1130157509 2005.10.24 R60-M0-N0-I:J18-U01 2005-10-24-05.38.29.677824 R60-M0-N0-I:J18-U01 RAS APP FATAL ciod: Error loading /p/gb1/bwallen/brian_12point3.rts: invalid or missing program image, No such file or directory
1130157512 2005.10.24 R60-M0-N8-I:J18-U11 2005-10-24-05.38.32.263837 R60-M0-N8-I:J18-U11 RAS APP FATAL ciod: Error loading /p/gb1/bwallen/brian_12point3.rts: invalid or missing program image, No such file or directory
1130157512 2005.10.24 R60-M0-N8-I:J18-U01 2005-10-24-05.38.32.366533 R60-M0-N8-I:J18-U01 RAS APP FATAL ciod: Error loading /p/gb1/bwallen/brian_12point3.rts: invalid or missing program image, No such file or directory
1130157512 2005.10.24 R60-M0-N4-I:J18-U11 2005-10-24-05.38.32.706353 R60-M0-N4-I:J18-U11 RAS APP FATAL ciod: Error loading /p/gb1/bwallen/brian_12point3.rts: invalid or missing program image, No such file or directory
1130157512 2005.10.24 R60-M0-N4-I:J18-U01 2005-10-24-05.38.32.814243 R60-M0-N4-I:J18-U01 RAS APP FATAL ciod: Error loading /p/gb1/bwallen/brian_12point3.rts: invalid or missing program image, No such file or directory
1130157514 2005.10.24 R57-M0-N8-I:J18-U11 2005-10-24-05.38.34.545140 R57-M0-N8-I:J18-U11 RAS APP FATAL ciod: Error loading /p/gb1/bwallen/brian_12point3.rts: invalid or missing program image, No such file or directory
1130157514 2005.10.24 R57-M0-N8-I:J18-U01 2005-10-24-05.38.34.658912 R57-M0-N8-I:J18-U01 RAS APP FATAL ciod: Error loading /p/gb1/bwallen/brian_12point3.rts: invalid or missing program image, No such file or directory
1130157515 2005.10.24 R12-M0-N4-I:J18-U11 2005-10-24-05.38.35.221290 R12-M0-N4-I:J18-U11 RAS APP FATAL ciod: Error loading /p/gb1/bwallen/brian_12point3.rts: invalid or missing program image, No such file or directory
1130157515 2005.10.24 R12-M0-N4-I:J18-U01 2005-10-24-05.38.35.328875 R12-M0-N4-I:J18-U01 RAS APP FATAL ciod: Error loading /p/gb1/bwallen/brian_12point3.rts: invalid or missing program image, No such file or directory
1130157515 2005.10.24 R00-M1-N8-I:J18-U11 2005-10-24-05.38.35.898147 R00-M1-N8-I:J18-U11 RAS APP FATAL ciod: Error loading /p/gb1/bwallen/brian_12point3.rts: invalid or missing program image, No such file or directory
1130157516 2005.10.24 R00-M1-N8-I:J18-U01 2005-10-24-05.38.36.029735 R00-M1-N8-I:J18-U01 RAS APP FATAL ciod: Error loading /p/gb1/bwallen/brian_12point3.rts: invalid or missing program image, No such file or directory
1130157516 2005.10.24 R00-M1-N0-I:J18-U11 2005-10-24-05.38.36.520734 R00-M1-N0-I:J18-U11 RAS APP FATAL ciod: Error loading /p/gb1/bwallen/brian_12point3.rts: invalid or missing program image, No such file or directory
1130157516 2005.10.24 R00-M1-N0-I:J18-U01 2005-10-24-05.38.36.652509 R00-M1-N0-I:J18-U01 RAS APP FATAL ciod: Error loading /p/gb1/bwallen/brian_12point3.rts: invalid or missing program image, No such file or directory
1130157516 2005.10.24 R00-M1-N4-I:J18-U11 2005-10-24-05.38.36.779795 R00-M1-N4-I:J18-U11 RAS APP FATAL ciod: Error loading /p/gb1/bwallen/brian_12point3.rts: invalid or missing program image, No such file or directory
1130157516 2005.10.24 R00-M1-N4-I:J18-U01 2005-10-24-05.38.36.905647 R00-M1-N4-I:J18-U01 RAS APP FATAL ciod: Error loading /p/gb1/bwallen/brian_12point3.rts: invalid or missing program image, No such file or directory
1130157517 2005.10.24 R12-M0-NC-I:J18-U11 2005-10-24-05.38.37.288228 R12-M0-NC-I:J18-U11 RAS APP FATAL ciod: Error loading /p/gb1/bwallen/brian_12point3.rts: invalid or missing program image, No such file or directory
1130157517 2005.10.24 R12-M0-NC-I:J18-U01 2005-10-24-05.38.37.419851 R12-M0-NC-I:J18-U01 RAS APP FATAL ciod: Error loading /p/gb1/bwallen/brian_12point3.rts: invalid or missing program image, No such file or directory
1130157517 2005.10.24 R12-M0-N0-I:J18-U11 2005-10-24-05.38.37.540112 R12-M0-N0-I:J18-U11 RAS APP FATAL ciod: Error loading /p/gb1/bwallen/brian_12point3.rts: invalid or missing program image, No such file or directory
1130157517 2005.10.24 R12-M0-N0-I:J18-U01 2005-10-24-05.38.37.665746 R12-M0-N0-I:J18-U01 RAS APP FATAL ciod: Error loading /p/gb1/bwallen/brian_12point3.rts: invalid or missing program image, No such file or directory
1130157517 2005.10.24 R12-M0-N8-I:J18-U11 2005-10-24-05.38.37.809741 R12-M0-N8-I:J18-U11 RAS APP FATAL ciod: Error loading /p/gb1/bwallen/brian_12point3.rts: invalid or missing program image, No such file or directory
1130157517 2005.10.24 R12-M0-N8-I:J18-U01 2005-10-24-05.38.37.934785 R12-M0-N8-I:J18-U01 RAS APP FATAL ciod: Error loading /p/gb1/bwallen/brian_12point3.rts: invalid or missing program image, No such file or directory
1130157518 2005.10.24 R54-M0-NC-I:J18-U11 2005-10-24-05.38.38.048290 R54-M0-NC-I:J18-U11 RAS APP FATAL ciod: Error loading /p/gb1/bwallen/brian_12point3.rts: invalid or missing program image, No such file or directory
1130157518 2005.10.24 R54-M0-NC-I:J18-U01 2005-10-24-05.38.38.161418 R54-M0-NC-I:J18-U01 RAS APP FATAL ciod: Error loading /p/gb1/bwallen/brian_12point3.rts: invalid or missing program image, No such file or directory
1130157518 2005.10.24 R03-M1-N8-I:J18-U11 2005-10-24-05.38.38.274956 R03-M1-N8-I:J18-U11 RAS APP FATAL ciod: Error loading /p/gb1/bwallen/brian_12point3.rts: invalid or missing program image, No such file or directory
1130157518 2005.10.24 R03-M1-N8-I:J18-U01 2005-10-24-05.38.38.335109 R03-M1-N8-I:J18-U01 RAS APP FATAL ciod: Error loading /p/gb1/bwallen/brian_12point3.rts: invalid or missing program image, No such file or directory
1130157519 2005.10.24 R54-M0-N8-I:J18-U11 2005-10-24-05.38.39.030304 R54-M0-N8-I:J18-U11 RAS APP FATAL ciod: Error loading /p/gb1/bwallen/brian_12point3.rts: invalid or missing program image, No such file or directory
1130157519 2005.10.24 R54-M0-N8-I:J18-U01 2005-10-24-05.38.39.150128 R54-M0-N8-I:J18-U01 RAS APP FATAL ciod: Error loading /p/gb1/bwallen/brian_12point3.rts: invalid or missing program image, No such file or directory
1130157519 2005.10.24 R03-M1-N4-I:J18-U11 2005-10-24-05.38.39.281718 R03-M1-N4-I:J18-U11 RAS APP FATAL ciod: Error loading /p/gb1/bwallen/brian_12point3.rts: invalid or missing program image, No such file or directory
1130157519 2005.10.24 R03-M1-N4-I:J18-U01 2005-10-24-05.38.39.413649 R03-M1-N4-I:J18-U01 RAS APP FATAL ciod: Error loading /p/gb1/bwallen/brian_12point3.rts: invalid or missing program image, No such file or directory
1130157520 2005.10.24 R03-M1-NC-I:J18-U11 2005-10-24-05.38.40.263934 R03-M1-NC-I:J18-U11 RAS APP FATAL ciod: Error loading /p/gb1/bwallen/brian_12point3.rts: invalid or missing program image, No such file or directory
1130157520 2005.10.24 R03-M1-NC-I:J18-U01 2005-10-24-05.38.40.377485 R03-M1-NC-I:J18-U01 RAS APP FATAL ciod: Error loading /p/gb1/bwallen/brian_12point3.rts: invalid or missing program image, No such file or directory
1130157520 2005.10.24 R00-M1-NC-I:J18-U11 2005-10-24-05.38.40.910751 R00-M1-NC-I:J18-U11 RAS APP FATAL ciod: Error loading /p/gb1/bwallen/brian_12point3.rts: invalid or missing program image, No such file or directory
1130157521 2005.10.24 R00-M1-NC-I:J18-U01 2005-10-24-05.38.41.024652 R00-M1-NC-I:J18-U01 RAS APP FATAL ciod: Error loading /p/gb1/bwallen/brian_12point3.rts: invalid or missing program image, No such file or directory
1130157521 2005.10.24 R03-M1-N0-I:J18-U11 2005-10-24-05.38.41.359560 R03-M1-N0-I:J18-U11 RAS APP FATAL ciod: Error loading /p/gb1/bwallen/brian_12point3.rts: invalid or missing program image, No such file or directory
1130157521 2005.10.24 R03-M1-N0-I:J18-U01 2005-10-24-05.38.41.467154 R03-M1-N0-I:J18-U01 RAS APP FATAL ciod: Error loading /p/gb1/bwallen/brian_12point3.rts: invalid or missing program image, No such file or directory
1130157522 2005.10.24 R06-M1-NC-I:J18-U11 2005-10-24-05.38.42.707319 R06-M1-NC-I:J18-U11 RAS APP FATAL ciod: Error loading /p/gb1/bwallen/brian_12point3.rts: invalid or missing program image, No such file or directory
1130157522 2005.10.24 R06-M1-NC-I:J18-U01 2005-10-24-05.38.42.857092 R06-M1-NC-I:J18-U01 RAS APP FATAL ciod: Error loading /p/gb1/bwallen/brian_12point3.rts: invalid or missing program image, No such file or directory
1130157523 2005.10.24 R06-M1-N4-I:J18-U11 2005-10-24-05.38.43.445302 R06-M1-N4-I:J18-U11 RAS APP FATAL ciod: Error loading /p/gb1/bwallen/brian_12point3.rts: invalid or missing program image, No such file or directory
1130157523 2005.10.24 R06-M1-N4-I:J18-U01 2005-10-24-05.38.43.559156 R06-M1-N4-I:J18-U01 RAS APP FATAL ciod: Error loading /p/gb1/bwallen/brian_12point3.rts: invalid or missing program image, No such file or directory
1130157523 2005.10.24 R06-M1-N0-I:J18-U11 2005-10-24-05.38.43.672882 R06-M1-N0-I:J18-U11 RAS APP FATAL ciod: Error loading /p/gb1/bwallen/brian_12point3.rts: invalid or missing program image, No such file or directory
1130157523 2005.10.24 R06-M1-N0-I:J18-U01 2005-10-24-05.38.43.786634 R06-M1-N0-I:J18-U01 RAS APP FATAL ciod: Error loading /p/gb1/bwallen/brian_12point3.rts: invalid or missing program image, No such file or directory
1130157524 2005.10.24 R06-M1-N8-I:J18-U11 2005-10-24-05.38.44.139127 R06-M1-N8-I:J18-U11 RAS APP FATAL ciod: Error loading /p/gb1/bwallen/brian_12point3.rts: invalid or missing program image, No such file or directory
1130157524 2005.10.24 R06-M1-N8-I:J18-U01 2005-10-24-05.38.44.259410 R06-M1-N8-I:J18-U01 RAS APP FATAL ciod: Error loading /p/gb1/bwallen/brian_12point3.rts: invalid or missing program image, No such file or directory
1130158694 2005.10.24 R66-M1-N1-C:J15-U01 2005-10-24-05.58.14.608061 R66-M1-N1-C:J15-U01 RAS KERNEL INFO 1 ddr errors(s) detected and corrected on rank 0, symbol 9, bit 6
1130158694 2005.10.24 R60-M1-N7-C:J17-U01 2005-10-24-05.58.14.812595 R60-M1-N7-C:J17-U01 RAS KERNEL INFO 1 ddr errors(s) detected and corrected on rank 0, symbol 11, bit 3
1130158694 2005.10.24 R12-M1-N7-C:J13-U11 2005-10-24-05.58.14.913304 R12-M1-N7-C:J13-U11 RAS KERNEL INFO 1 ddr errors(s) detected and corrected on rank 0, symbol 30, bit 0
1130158695 2005.10.24 R06-M1-N6-C:J15-U01 2005-10-24-05.58.15.116424 R06-M1-N6-C:J15-U01 RAS KERNEL INFO 1 torus receiver z- input pipe error(s) (dcr 0x02f1) detected and corrected
1130158695 2005.10.24 R06-M1-N6-C:J15-U01 2005-10-24-05.58.15.203513 R06-M1-N6-C:J15-U01 RAS KERNEL INFO 1 torus receiver x+ input pipe error(s) (dcr 0x02ec) detected and corrected
1130158695 2005.10.24 R57-M0-NB-C:J07-U11 2005-10-24-05.58.15.560471 R57-M0-NB-C:J07-U11 RAS KERNEL INFO 1 ddr errors(s) detected and corrected on rank 0, symbol 35, bit 1
1130158696 2005.10.24 R72-M1-N5-C:J12-U01 2005-10-24-05.58.16.517170 R72-M1-N5-C:J12-U01 RAS KERNEL INFO 18 L3 EDRAM error(s) (dcr 0x0157) detected and corrected
1130158696 2005.10.24 R72-M1-N5-C:J12-U01 2005-10-24-05.58.16.615729 R72-M1-N5-C:J12-U01 RAS KERNEL INFO 18 L3 EDRAM error(s) (dcr 0x0157) detected and corrected
1130158697 2005.10.24 R45-M0-N4-C:J08-U01 2005-10-24-05.58.17.605194 R45-M0-N4-C:J08-U01 RAS KERNEL INFO 6 L3 EDRAM error(s) (dcr 0x0157) detected and corrected
1130158697 2005.10.24 R45-M0-N4-C:J08-U01 2005-10-24-05.58.17.710774 R45-M0-N4-C:J08-U01 RAS KERNEL INFO 6 L3 EDRAM error(s) (dcr 0x0157) detected and corrected
1130158698 2005.10.24 R12-M0-N0-C:J08-U11 2005-10-24-05.58.18.030443 R12-M0-N0-C:J08-U11 RAS KERNEL INFO 1 ddr errors(s) detected and corrected on rank 0, symbol 15, bit 6
1130158698 2005.10.24 R66-M1-N1-C:J15-U01 2005-10-24-05.58.18.545255 R66-M1-N1-C:J15-U01 RAS KERNEL INFO CE sym 9, at 0x05ae8720, mask 0x02
1130158698 2005.10.24 R60-M1-N7-C:J17-U01 2005-10-24-05.58.18.752535 R60-M1-N7-C:J17-U01 RAS KERNEL INFO CE sym 11, at 0x197f3fe0, mask 0x10
1130158698 2005.10.24 R12-M1-N7-C:J13-U11 2005-10-24-05.58.18.866228 R12-M1-N7-C:J13-U11 RAS KERNEL INFO CE sym 30, at 0x163f80e0, mask 0x80
1130158699 2005.10.24 R57-M0-NB-C:J07-U11 2005-10-24-05.58.19.333299 R57-M0-NB-C:J07-U11 RAS KERNEL INFO CE sym 35, at 0x0475dd60, mask 0x40
1130158700 2005.10.24 R12-M0-N0-C:J08-U11 2005-10-24-05.58.20.642850 R12-M0-N0-C:J08-U11 RAS KERNEL INFO CE sym 15, at 0x12d7e780, mask 0x02
1130158701 2005.10.24 R66-M1-N1-C:J15-U01 2005-10-24-05.58.21.162626 R66-M1-N1-C:J15-U01 RAS KERNEL INFO total of 1 ddr error(s) detected and corrected
1130158701 2005.10.24 R60-M1-N7-C:J17-U01 2005-10-24-05.58.21.348961 R60-M1-N7-C:J17-U01 RAS KERNEL INFO total of 1 ddr error(s) detected and corrected
1130158701 2005.10.24 R12-M1-N7-C:J13-U11 2005-10-24-05.58.21.463011 R12-M1-N7-C:J13-U11 RAS KERNEL INFO total of 1 ddr error(s) detected and corrected
1130158701 2005.10.24 R57-M0-NB-C:J07-U11 2005-10-24-05.58.21.911813 R57-M0-NB-C:J07-U11 RAS KERNEL INFO total of 1 ddr error(s) detected and corrected
1130158703 2005.10.24 R12-M0-N0-C:J08-U11 2005-10-24-05.58.23.150251 R12-M0-N0-C:J08-U11 RAS KERNEL INFO total of 1 ddr error(s) detected and corrected
1130159849 2005.10.24 R66-M1-N1-C:J15-U01 2005-10-24-06.17.29.816418 R66-M1-N1-C:J15-U01 RAS KERNEL INFO 1 ddr errors(s) detected and corrected on rank 0, symbol 9, bit 6
1130159850 2005.10.24 R12-M1-N7-C:J13-U11 2005-10-24-06.17.30.018356 R12-M1-N7-C:J13-U11 RAS KERNEL INFO 1 ddr errors(s) detected and corrected on rank 0, symbol 30, bit 0
1130159850 2005.10.24 R12-M1-NA-C:J15-U01 2005-10-24-06.17.30.115583 R12-M1-NA-C:J15-U01 RAS KERNEL INFO 1 ddr errors(s) detected and corrected on rank 0, symbol 34, bit 4
1130159850 2005.10.24 R00-M1-NE-C:J15-U01 2005-10-24-06.17.30.208455 R00-M1-NE-C:J15-U01 RAS KERNEL INFO 2 ddr errors(s) detected and corrected on rank 0, symbol 3, bit 6
1130159850 2005.10.24 R06-M1-N6-C:J15-U01 2005-10-24-06.17.30.387825 R06-M1-N6-C:J15-U01 RAS KERNEL INFO 1 tree receiver 2 in re-synch state event(s) (dcr 0x019a) detected
1130159850 2005.10.24 R06-M1-N6-C:J15-U01 2005-10-24-06.17.30.458351 R06-M1-N6-C:J15-U01 RAS KERNEL INFO 1 torus receiver x+ input pipe error(s) (dcr 0x02ec) detected and corrected
1130159850 2005.10.24 R57-M0-NB-C:J07-U11 2005-10-24-06.17.30.629039 R57-M0-NB-C:J07-U11 RAS KERNEL INFO 1 ddr errors(s) detected and corrected on rank 0, symbol 35, bit 1
1130159852 2005.10.24 R45-M0-N4-C:J08-U01 2005-10-24-06.17.32.105111 R45-M0-N4-C:J08-U01 RAS KERNEL INFO 16 L3 EDRAM error(s) (dcr 0x0157) detected and corrected
1130159852 2005.10.24 R45-M0-N4-C:J08-U01 2005-10-24-06.17.32.186106 R45-M0-N4-C:J08-U01 RAS KERNEL INFO 16 L3 EDRAM error(s) (dcr 0x0157) detected and corrected
1130159852 2005.10.24 R63-M1-N3-C:J06-U01 2005-10-24-06.17.32.286360 R63-M1-N3-C:J06-U01 RAS KERNEL INFO 1 ddr errors(s) detected and corrected on rank 0, symbol 9, bit 1
1130159852 2005.10.24 R12-M0-N0-C:J08-U11 2005-10-24-06.17.32.589873 R12-M0-N0-C:J08-U11 RAS KERNEL INFO 1 ddr errors(s) detected and corrected on rank 0, symbol 15, bit 6
1130159853 2005.10.24 R66-M1-N1-C:J15-U01 2005-10-24-06.17.33.066862 R66-M1-N1-C:J15-U01 RAS KERNEL INFO CE sym 9, at 0x05ae8720, mask 0x02
1130159853 2005.10.24 R12-M1-N7-C:J13-U11 2005-10-24-06.17.33.246303 R12-M1-N7-C:J13-U11 RAS KERNEL INFO CE sym 30, at 0x163f80e0, mask 0x80
1130159853 2005.10.24 R12-M1-NA-C:J15-U01 2005-10-24-06.17.33.335527 R12-M1-NA-C:J15-U01 RAS KERNEL INFO CE sym 34, at 0x039e6960, mask 0x08
1130159853 2005.10.24 R00-M1-NE-C:J15-U01 2005-10-24-06.17.33.419360 R00-M1-NE-C:J15-U01 RAS KERNEL INFO CE sym 3, at 0x11b33d00, mask 0x02
1130159853 2005.10.24 R06-M1-N6-C:J15-U01 2005-10-24-06.17.33.587221 R06-M1-N6-C:J15-U01 RAS KERNEL INFO 1 tree receiver 2 in re-synch state event(s) (dcr 0x019a) detected
1130159853 2005.10.24 R57-M0-NB-C:J07-U11 2005-10-24-06.17.33.760116 R57-M0-NB-C:J07-U11 RAS KERNEL INFO CE sym 35, at 0x0475dd60, mask 0x40
1130159854 2005.10.24 R63-M1-N3-C:J06-U01 2005-10-24-06.17.34.879009 R63-M1-N3-C:J06-U01 RAS KERNEL INFO CE sym 9, at 0x039bfda0, mask 0x40
1130159855 2005.10.24 R12-M0-N0-C:J08-U11 2005-10-24-06.17.35.082659 R12-M0-N0-C:J08-U11 RAS KERNEL INFO CE sym 15, at 0x12d7e780, mask 0x02
1130159855 2005.10.24 R66-M1-N1-C:J15-U01 2005-10-24-06.17.35.617014 R66-M1-N1-C:J15-U01 RAS KERNEL INFO total of 1 ddr error(s) detected and corrected
1130159855 2005.10.24 R12-M1-N7-C:J13-U11 2005-10-24-06.17.35.824780 R12-M1-N7-C:J13-U11 RAS KERNEL INFO total of 1 ddr error(s) detected and corrected
1130159855 2005.10.24 R12-M1-NA-C:J15-U01 2005-10-24-06.17.35.944373 R12-M1-NA-C:J15-U01 RAS KERNEL INFO total of 1 ddr error(s) detected and corrected
1130159856 2005.10.24 R00-M1-NE-C:J15-U01 2005-10-24-06.17.36.058589 R00-M1-NE-C:J15-U01 RAS KERNEL INFO CE sym 3, at 0x11b33d00, mask 0x02
1130159856 2005.10.24 R57-M0-NB-C:J07-U11 2005-10-24-06.17.36.393638 R57-M0-NB-C:J07-U11 RAS KERNEL INFO total of 1 ddr error(s) detected and corrected
1130159857 2005.10.24 R63-M1-N3-C:J06-U01 2005-10-24-06.17.37.595713 R63-M1-N3-C:J06-U01 RAS KERNEL INFO total of 1 ddr error(s) detected and corrected
1130159857 2005.10.24 R12-M0-N0-C:J08-U11 2005-10-24-06.17.37.817241 R12-M0-N0-C:J08-U11 RAS KERNEL INFO total of 1 ddr error(s) detected and corrected
1130159858 2005.10.24 R00-M1-NE-C:J15-U01 2005-10-24-06.17.38.315786 R00-M1-NE-C:J15-U01 RAS KERNEL INFO total of 2 ddr error(s) detected and corrected
1130161443 2005.10.24 R24-M0-N7-C:J07-U11 2005-10-24-06.44.03.876849 R24-M0-N7-C:J07-U11 RAS KERNEL INFO 1 ddr errors(s) detected and corrected on rank 0, symbol 9, bit 3
1130161444 2005.10.24 R21-M0-N7-C:J14-U11 2005-10-24-06.44.04.175206 R21-M0-N7-C:J14-U11 RAS KERNEL INFO 2 ddr errors(s) detected and corrected on rank 0, symbol 3, bit 1
1130161445 2005.10.24 R66-M1-N1-C:J15-U01 2005-10-24-06.44.05.358208 R66-M1-N1-C:J15-U01 RAS KERNEL INFO 1 ddr errors(s) detected and corrected on rank 0, symbol 9, bit 6
1130161445 2005.10.24 R12-M1-NA-C:J15-U01 2005-10-24-06.44.05.573248 R12-M1-NA-C:J15-U01 RAS KERNEL INFO 1 ddr errors(s) detected and corrected on rank 0, symbol 34, bit 4
1130161445 2005.10.24 R75-M0-NC-C:J15-U11 2005-10-24-06.44.05.789168 R75-M0-NC-C:J15-U11 RAS KERNEL INFO 6 ddr errors(s) detected and corrected on rank 0, symbol 13, bit 0
1130161445 2005.10.24 R00-M1-NE-C:J15-U01 2005-10-24-06.44.05.896474 R00-M1-NE-C:J15-U01 RAS KERNEL INFO 1 ddr errors(s) detected and corrected on rank 0, symbol 3, bit 6
1130161446 2005.10.24 R06-M1-N6-C:J15-U01 2005-10-24-06.44.06.111952 R06-M1-N6-C:J15-U01 RAS KERNEL INFO 1 tree receiver 2 in re-synch state event(s) (dcr 0x019a) detected
1130161446 2005.10.24 R06-M1-N6-C:J15-U01 2005-10-24-06.44.06.216235 R06-M1-N6-C:J15-U01 RAS KERNEL INFO 1 torus receiver x+ input pipe error(s) (dcr 0x02ec) detected and corrected
1130161446 2005.10.24 R24-M0-N7-C:J07-U11 2005-10-24-06.44.06.422599 R24-M0-N7-C:J07-U11 RAS KERNEL INFO CE sym 9, at 0x1289a060, mask 0x10
1130161446 2005.10.24 R66-M0-N1-C:J03-U01 2005-10-24-06.44.06.530555 R66-M0-N1-C:J03-U01 RAS KERNEL INFO 1 ddr errors(s) detected and corrected on rank 0, symbol 15, bit 5
1130161447 2005.10.24 R51-M0-ND-C:J16-U11 2005-10-24-06.44.07.422462 R51-M0-ND-C:J16-U11 RAS KERNEL INFO 1 torus receiver z+ input pipe error(s) (dcr 0x02f0) detected and corrected
1130161447 2005.10.24 R21-M0-N7-C:J14-U11 2005-10-24-06.44.07.659169 R21-M0-N7-C:J14-U11 RAS KERNEL INFO CE sym 3, at 0x1387cd40, mask 0x40
1130161448 2005.10.24 R72-M1-N5-C:J12-U01 2005-10-24-06.44.08.122041 R72-M1-N5-C:J12-U01 RAS KERNEL INFO 1 L3 EDRAM error(s) (dcr 0x0157) detected and corrected
1130161448 2005.10.24 R72-M1-N5-C:J12-U01 2005-10-24-06.44.08.226984 R72-M1-N5-C:J12-U01 RAS KERNEL INFO 1 L3 EDRAM error(s) (dcr 0x0157) detected and corrected
1130161448 2005.10.24 R45-M0-N4-C:J08-U01 2005-10-24-06.44.08.924098 R45-M0-N4-C:J08-U01 RAS KERNEL INFO 1 L3 EDRAM error(s) (dcr 0x0157) detected and corrected
1130161449 2005.10.24 R45-M0-N4-C:J08-U01 2005-10-24-06.44.09.022823 R45-M0-N4-C:J08-U01 RAS KERNEL INFO 1 L3 EDRAM error(s) (dcr 0x0157) detected and corrected
1130161449 2005.10.24 R66-M1-N1-C:J15-U01 2005-10-24-06.44.09.671217 R66-M1-N1-C:J15-U01 RAS KERNEL INFO CE sym 9, at 0x05ae8720, mask 0x02
1130161449 2005.10.24 R12-M1-NA-C:J15-U01 2005-10-24-06.44.09.860922 R12-M1-NA-C:J15-U01 RAS KERNEL INFO CE sym 34, at 0x039e6960, mask 0x08
1130161450 2005.10.24 R75-M0-NC-C:J15-U11 2005-10-24-06.44.10.070638 R75-M0-NC-C:J15-U11 RAS KERNEL INFO CE sym 13, at 0x05f46140, mask 0x80
1130161450 2005.10.24 R00-M1-NE-C:J15-U01 2005-10-24-06.44.10.173226 R00-M1-NE-C:J15-U01 RAS KERNEL INFO CE sym 3, at 0x11b33d00, mask 0x02
1130161450 2005.10.24 R06-M1-N6-C:J15-U01 2005-10-24-06.44.10.387919 R06-M1-N6-C:J15-U01 RAS KERNEL INFO 1 tree receiver 2 in re-synch state event(s) (dcr 0x019a) detected
1130161450 2005.10.24 R24-M0-N7-C:J07-U11 2005-10-24-06.44.10.614644 R24-M0-N7-C:J07-U11 RAS KERNEL INFO total of 1 ddr error(s) detected and corrected
1130161450 2005.10.24 R66-M0-N1-C:J03-U01 2005-10-24-06.44.10.728221 R66-M0-N1-C:J03-U01 RAS KERNEL INFO CE sym 15, at 0x06a72120, mask 0x04
1130161451 2005.10.24 R21-M0-N7-C:J14-U11 2005-10-24-06.44.11.350508 R21-M0-N7-C:J14-U11 RAS KERNEL INFO CE sym 3, at 0x1387cd40, mask 0x40
1130161452 2005.10.24 R66-M1-N1-C:J15-U01 2005-10-24-06.44.12.747591 R66-M1-N1-C:J15-U01 RAS KERNEL INFO total of 1 ddr error(s) detected and corrected
1130161452 2005.10.24 R12-M1-NA-C:J15-U01 2005-10-24-06.44.12.924234 R12-M1-NA-C:J15-U01 RAS KERNEL INFO total of 1 ddr error(s) detected and corrected
1130161453 2005.10.24 R75-M0-NC-C:J15-U11 2005-10-24-06.44.13.104164 R75-M0-NC-C:J15-U11 RAS KERNEL INFO CE sym 13, at 0x05f46140, mask 0x80
1130161453 2005.10.24 R00-M1-NE-C:J15-U01 2005-10-24-06.44.13.194732 R00-M1-NE-C:J15-U01 RAS KERNEL INFO total of 1 ddr error(s) detected and corrected
1130161453 2005.10.24 R66-M0-N1-C:J03-U01 2005-10-24-06.44.13.468806 R66-M0-N1-C:J03-U01 RAS KERNEL INFO total of 1 ddr error(s) detected and corrected
1130161454 2005.10.24 R21-M0-N7-C:J14-U11 2005-10-24-06.44.14.001418 R21-M0-N7-C:J14-U11 RAS KERNEL INFO total of 2 ddr error(s) detected and corrected
1130161455 2005.10.24 R75-M0-NC-C:J15-U11 2005-10-24-06.44.15.323963 R75-M0-NC-C:J15-U11 RAS KERNEL INFO CE sym 13, at 0x05f46140, mask 0x80
1130161456 2005.10.24 R75-M0-NC-C:J15-U11 2005-10-24-06.44.16.962975 R75-M0-NC-C:J15-U11 RAS KERNEL INFO CE sym 13, at 0x05f46140, mask 0x80
1130161458 2005.10.24 R75-M0-NC-C:J15-U11 2005-10-24-06.44.18.298585 R75-M0-NC-C:J15-U11 RAS KERNEL INFO CE sym 13, at 0x05f46140, mask 0x80
1130161459 2005.10.24 R75-M0-NC-C:J15-U11 2005-10-24-06.44.19.500045 R75-M0-NC-C:J15-U11 RAS KERNEL INFO CE sym 13, at 0x05f46140, mask 0x80
1130161460 2005.10.24 R75-M0-NC-C:J15-U11 2005-10-24-06.44.20.159116 R75-M0-NC-C:J15-U11 RAS KERNEL INFO total of 6 ddr error(s) detected and corrected
1130162678 2005.10.24 R24-M0-N7-C:J07-U11 2005-10-24-07.04.38.643636 R24-M0-N7-C:J07-U11 RAS KERNEL INFO 1 ddr errors(s) detected and corrected on rank 0, symbol 9, bit 3
1130162678 2005.10.24 R66-M0-N1-C:J05-U01 2005-10-24-07.04.38.756726 R66-M0-N1-C:J05-U01 RAS KERNEL INFO 1 ddr errors(s) detected and corrected on rank 0, symbol 33, bit 3
1130162679 2005.10.24 R51-M0-ND-C:J16-U11 2005-10-24-07.04.39.631061 R51-M0-ND-C:J16-U11 RAS KERNEL INFO 1 torus receiver z+ input pipe error(s) (dcr 0x02f0) detected and corrected
1130162680 2005.10.24 R72-M1-N5-C:J12-U01 2005-10-24-07.04.40.087894 R72-M1-N5-C:J12-U01 RAS KERNEL INFO 1 L3 EDRAM error(s) (dcr 0x0157) detected and corrected
1130162680 2005.10.24 R72-M1-N5-C:J12-U01 2005-10-24-07.04.40.144043 R72-M1-N5-C:J12-U01 RAS KERNEL INFO 1 L3 EDRAM error(s) (dcr 0x0157) detected and corrected
1130162680 2005.10.24 R45-M0-N4-C:J08-U01 2005-10-24-07.04.40.894611 R45-M0-N4-C:J08-U01 RAS KERNEL INFO 1 L3 EDRAM error(s) (dcr 0x0157) detected and corrected
1130162681 2005.10.24 R45-M0-N4-C:J08-U01 2005-10-24-07.04.41.000436 R45-M0-N4-C:J08-U01 RAS KERNEL INFO 1 L3 EDRAM error(s) (dcr 0x0157) detected and corrected
1130162682 2005.10.24 R24-M0-N7-C:J07-U11 2005-10-24-07.04.42.497941 R24-M0-N7-C:J07-U11 RAS KERNEL INFO CE sym 9, at 0x1289a060, mask 0x10
1130162682 2005.10.24 R66-M0-N1-C:J05-U01 2005-10-24-07.04.42.593449 R66-M0-N1-C:J05-U01 RAS KERNEL INFO CE sym 33, at 0x0378ba20, mask 0x10
1130162685 2005.10.24 R24-M0-N7-C:J07-U11 2005-10-24-07.04.45.359963 R24-M0-N7-C:J07-U11 RAS KERNEL INFO total of 1 ddr error(s) detected and corrected
1130162685 2005.10.24 R66-M0-N1-C:J05-U01 2005-10-24-07.04.45.474121 R66-M0-N1-C:J05-U01 RAS KERNEL INFO total of 1 ddr error(s) detected and corrected
1130162829 2005.10.24 R30-M0-N7-C:J09-U01 2005-10-24-07.07.09.259101 R30-M0-N7-C:J09-U01 RAS KERNEL INFO 1 ddr errors(s) detected and corrected on rank 0, symbol 26, bit 3
1130162829 2005.10.24 R30-M0-N7-C:J09-U01 2005-10-24-07.07.09.680874 R30-M0-N7-C:J09-U01 RAS KERNEL INFO CE sym 26, at 0x07a95e80, mask 0x10
1130162830 2005.10.24 R30-M0-N7-C:J09-U01 2005-10-24-07.07.10.031499 R30-M0-N7-C:J09-U01 RAS KERNEL INFO total of 1 ddr error(s) detected and corrected
1130179369 2005.10.24 R30-M0-N7-C:J09-U01 2005-10-24-11.42.49.475005 R30-M0-N7-C:J09-U01 RAS KERNEL INFO 1 ddr errors(s) detected and corrected on rank 0, symbol 26, bit 3
1130179369 2005.10.24 R30-M0-N7-C:J09-U01 2005-10-24-11.42.49.870790 R30-M0-N7-C:J09-U01 RAS KERNEL INFO CE sym 26, at 0x07a95e80, mask 0x10
1130179370 2005.10.24 R30-M0-N7-C:J09-U01 2005-10-24-11.42.50.287549 R30-M0-N7-C:J09-U01 RAS KERNEL INFO total of 1 ddr error(s) detected and corrected
1130187875 2005.10.24 R06-M1-N6-C:J15-U01 2005-10-24-14.04.35.975046 R06-M1-N6-C:J15-U01 RAS KERNEL INFO 2 torus receiver x+ input pipe error(s) (dcr 0x02ec) detected and corrected
1130187876 2005.10.24 R30-M0-N7-C:J09-U01 2005-10-24-14.04.36.076594 R30-M0-N7-C:J09-U01 RAS KERNEL INFO 1 ddr errors(s) detected and corrected on rank 0, symbol 26, bit 3
1130187876 2005.10.24 R06-M1-N6-C:J15-U01 2005-10-24-14.04.36.354367 R06-M1-N6-C:J15-U01 RAS KERNEL INFO 1 torus receiver z- input pipe error(s) (dcr 0x02f1) detected and corrected
1130187876 2005.10.24 R30-M0-N7-C:J09-U01 2005-10-24-14.04.36.444426 R30-M0-N7-C:J09-U01 RAS KERNEL INFO CE sym 26, at 0x07a95e80, mask 0x10
1130187876 2005.10.24 R06-M1-N6-C:J15-U01 2005-10-24-14.04.36.830891 R06-M1-N6-C:J15-U01 RAS KERNEL INFO 2 tree receiver 2 in re-synch state event(s) (dcr 0x019a) detected
1130187876 2005.10.24 R30-M0-N7-C:J09-U01 2005-10-24-14.04.36.916933 R30-M0-N7-C:J09-U01 RAS KERNEL INFO total of 1 ddr error(s) detected and corrected
1130190118 2005.10.24 R06-M1-N6-C:J15-U01 2005-10-24-14.41.58.317083 R06-M1-N6-C:J15-U01 RAS KERNEL INFO 1 tree receiver 2 in re-synch state event(s) (dcr 0x019a) detected
1130192396 2005.10.24 R45-M0-N2-C:J17-U01 2005-10-24-15.19.56.193346 R45-M0-N2-C:J17-U01 RAS KERNEL INFO critical input interrupt (unit=0x0b bit=0x03): warning for torus x- wire
1130192396 2005.10.24 R45-M0-N2-C:J17-U01 2005-10-24-15.19.56.351875 R45-M0-N2-C:J17-U01 RAS KERNEL INFO suppressing further interrupts of same type
1130192456 2005.10.24 R03-M1-N9-C:J13-U01 2005-10-24-15.20.56.995392 R03-M1-N9-C:J13-U01 RAS KERNEL INFO critical input interrupt (unit=0x0b bit=0x17): warning for tree C1 wire
1130192457 2005.10.24 R03-M1-N9-C:J13-U01 2005-10-24-15.20.57.356685 R03-M1-N9-C:J13-U01 RAS KERNEL INFO suppressing further interrupts of same type
1130192462 2005.10.24 R06-M1-NA-C:J08-U11 2005-10-24-15.21.02.176939 R06-M1-NA-C:J08-U11 RAS KERNEL INFO critical input interrupt (unit=0x0b bit=0x0b): warning for torus z- wire
1130192462 2005.10.24 R06-M1-NA-C:J08-U11 2005-10-24-15.21.02.372115 R06-M1-NA-C:J08-U11 RAS KERNEL INFO suppressing further interrupts of same type
1130192474 2005.10.24 R15-M0-N2-C:J15-U01 2005-10-24-15.21.14.570734 R15-M0-N2-C:J15-U01 RAS KERNEL INFO critical input interrupt (unit=0x0b bit=0x17): warning for tree C1 wire
1130192474 2005.10.24 R15-M0-N2-C:J15-U01 2005-10-24-15.21.14.707574 R15-M0-N2-C:J15-U01 RAS KERNEL INFO suppressing further interrupts of same type
1130192490 2005.10.24 R36-M1-NC-C:J05-U01 2005-10-24-15.21.30.173908 R36-M1-NC-C:J05-U01 RAS KERNEL INFO critical input interrupt (unit=0x0b bit=0x03): warning for torus x- wire
1130192490 2005.10.24 R36-M1-NC-C:J05-U01 2005-10-24-15.21.30.386818 R36-M1-NC-C:J05-U01 RAS KERNEL INFO suppressing further interrupts of same type
1130192495 2005.10.24 R36-M0-N4-C:J14-U01 2005-10-24-15.21.35.569415 R36-M0-N4-C:J14-U01 RAS KERNEL INFO critical input interrupt (unit=0x0b bit=0x0a): warning for torus z+ wire
1130192495 2005.10.24 R36-M0-N4-C:J14-U01 2005-10-24-15.21.35.716325 R36-M0-N4-C:J14-U01 RAS KERNEL INFO suppressing further interrupts of same type
1130192508 2005.10.24 R06-M1-NB-C:J08-U11 2005-10-24-15.21.48.180449 R06-M1-NB-C:J08-U11 RAS KERNEL INFO critical input interrupt (unit=0x0b bit=0x0b): warning for torus z- wire
1130192508 2005.10.24 R06-M1-NB-C:J08-U11 2005-10-24-15.21.48.335973 R06-M1-NB-C:J08-U11 RAS KERNEL INFO suppressing further interrupts of same type
1130192513 2005.10.24 R36-M1-NC-C:J15-U01 2005-10-24-15.21.53.374030 R36-M1-NC-C:J15-U01 RAS KERNEL INFO critical input interrupt (unit=0x0b bit=0x17): warning for tree C1 wire
1130192513 2005.10.24 R36-M1-NC-C:J15-U01 2005-10-24-15.21.53.631293 R36-M1-NC-C:J15-U01 RAS KERNEL INFO suppressing further interrupts of same type
1130192514 2005.10.24 R36-M1-N8-C:J02-U11 2005-10-24-15.21.54.387469 R36-M1-N8-C:J02-U11 RAS KERNEL INFO critical input interrupt (unit=0x0b bit=0x03): warning for torus x- wire
1130192514 2005.10.24 R36-M1-N8-C:J02-U11 2005-10-24-15.21.54.538805 R36-M1-N8-C:J02-U11 RAS KERNEL INFO suppressing further interrupts of same type
1130192516 2005.10.24 R06-M1-ND-C:J10-U11 2005-10-24-15.21.56.037692 R06-M1-ND-C:J10-U11 RAS KERNEL INFO critical input interrupt (unit=0x0b bit=0x0a): warning for torus z+ wire
1130192516 2005.10.24 R06-M1-ND-C:J10-U11 2005-10-24-15.21.56.196218 R06-M1-ND-C:J10-U11 RAS KERNEL INFO suppressing further interrupts of same type
1130192518 2005.10.24 R33-M1-N1-C:J12-U01 2005-10-24-15.21.58.184032 R33-M1-N1-C:J12-U01 RAS KERNEL INFO critical input interrupt (unit=0x0b bit=0x02): warning for torus x+ wire
1130192518 2005.10.24 R33-M1-N1-C:J12-U01 2005-10-24-15.21.58.381914 R33-M1-N1-C:J12-U01 RAS KERNEL INFO suppressing further interrupts of same type
1130192557 2005.10.24 R36-M1-NC-C:J11-U01 2005-10-24-15.22.37.414093 R36-M1-NC-C:J11-U01 RAS KERNEL INFO critical input interrupt (unit=0x0b bit=0x0a): warning for torus z+ wire
1130192557 2005.10.24 R36-M1-NC-C:J11-U01 2005-10-24-15.22.37.620804 R36-M1-NC-C:J11-U01 RAS KERNEL INFO suppressing further interrupts of same type
1130192563 2005.10.24 R33-M1-NA-C:J11-U11 2005-10-24-15.22.43.364441 R33-M1-NA-C:J11-U11 RAS KERNEL INFO critical input interrupt (unit=0x0b bit=0x0a): warning for torus z+ wire
1130192563 2005.10.24 R33-M1-NA-C:J11-U11 2005-10-24-15.22.43.520517 R33-M1-NA-C:J11-U11 RAS KERNEL INFO suppressing further interrupts of same type
1130192564 2005.10.24 R03-M1-N2-C:J14-U01 2005-10-24-15.22.44.689041 R03-M1-N2-C:J14-U01 RAS KERNEL INFO critical input interrupt (unit=0x0b bit=0x07): warning for torus y- wire
1130192564 2005.10.24 R03-M1-N2-C:J14-U01 2005-10-24-15.22.44.880508 R03-M1-N2-C:J14-U01 RAS KERNEL INFO suppressing further interrupts of same type
1130192600 2005.10.24 R03-M1-ND-C:J08-U01 2005-10-24-15.23.20.215270 R03-M1-ND-C:J08-U01 RAS KERNEL INFO critical input interrupt (unit=0x0b bit=0x0b): warning for torus z- wire
1130192600 2005.10.24 R03-M1-ND-C:J08-U01 2005-10-24-15.23.20.384827 R03-M1-ND-C:J08-U01 RAS KERNEL INFO suppressing further interrupts of same type
1130192602 2005.10.24 R51-M0-ND-C:J16-U11 2005-10-24-15.23.22.581645 R51-M0-ND-C:J16-U11 RAS KERNEL INFO critical input interrupt (unit=0x0b bit=0x0a): warning for torus z+ wire
1130192602 2005.10.24 R51-M0-ND-C:J16-U11 2005-10-24-15.23.22.657958 R51-M0-ND-C:J16-U11 RAS KERNEL INFO suppressing further interrupts of same type
1130192631 2005.10.24 R12-M0-N8-C:J17-U01 2005-10-24-15.23.51.153384 R12-M0-N8-C:J17-U01 RAS KERNEL INFO critical input interrupt (unit=0x0b bit=0x17): warning for tree C1 wire
1130192631 2005.10.24 R12-M0-N8-C:J17-U01 2005-10-24-15.23.51.368358 R12-M0-N8-C:J17-U01 RAS KERNEL INFO suppressing further interrupts of same type
1130192636 2005.10.24 R06-M1-N0-C:J17-U01 2005-10-24-15.23.56.542870 R06-M1-N0-C:J17-U01 RAS KERNEL INFO critical input interrupt (unit=0x0b bit=0x03): warning for torus x- wire
1130192636 2005.10.24 R06-M1-N0-C:J17-U01 2005-10-24-15.23.56.701229 R06-M1-N0-C:J17-U01 RAS KERNEL INFO suppressing further interrupts of same type
1130192638 2005.10.24 R12-M0-N8-C:J05-U01 2005-10-24-15.23.58.375730 R12-M0-N8-C:J05-U01 RAS KERNEL INFO critical input interrupt (unit=0x0b bit=0x0b): warning for torus z- wire
1130192638 2005.10.24 R12-M0-N8-C:J05-U01 2005-10-24-15.23.58.702956 R12-M0-N8-C:J05-U01 RAS KERNEL INFO suppressing further interrupts of same type
1130192639 2005.10.24 R03-M1-NB-C:J16-U11 2005-10-24-15.23.59.099870 R03-M1-NB-C:J16-U11 RAS KERNEL INFO critical input interrupt (unit=0x0b bit=0x0b): warning for torus z- wire
1130192639 2005.10.24 R03-M1-NB-C:J16-U11 2005-10-24-15.23.59.257025 R03-M1-NB-C:J16-U11 RAS KERNEL INFO suppressing further interrupts of same type
1130192651 2005.10.24 R12-M1-NF-C:J02-U11 2005-10-24-15.24.11.481082 R12-M1-NF-C:J02-U11 RAS KERNEL INFO critical input interrupt (unit=0x0b bit=0x0e): warning for tree A0 wire
1130192651 2005.10.24 R12-M1-NF-C:J02-U11 2005-10-24-15.24.11.688654 R12-M1-NF-C:J02-U11 RAS KERNEL INFO suppressing further interrupts of same type
1130192669 2005.10.24 R15-M1-NC-C:J14-U11 2005-10-24-15.24.29.411168 R15-M1-NC-C:J14-U11 RAS KERNEL INFO critical input interrupt (unit=0x0b bit=0x0a): warning for torus z+ wire
1130192669 2005.10.24 R15-M1-NC-C:J14-U11 2005-10-24-15.24.29.536415 R15-M1-NC-C:J14-U11 RAS KERNEL INFO suppressing further interrupts of same type
1130192689 2005.10.24 R06-M0-NB-C:J15-U11 2005-10-24-15.24.49.616991 R06-M0-NB-C:J15-U11 RAS KERNEL INFO critical input interrupt (unit=0x0b bit=0x0a): warning for torus z+ wire
1130192689 2005.10.24 R06-M0-NB-C:J15-U11 2005-10-24-15.24.49.776538 R06-M0-NB-C:J15-U11 RAS KERNEL INFO suppressing further interrupts of same type
1130192903 2005.10.24 R30-M0-N9-C:J02-U11 2005-10-24-15.28.23.850527 R30-M0-N9-C:J02-U11 RAS KERNEL INFO critical input interrupt (unit=0x0b bit=0x12): warning for tree B0 wire
1130192904 2005.10.24 R30-M0-N9-C:J02-U11 2005-10-24-15.28.24.048647 R30-M0-N9-C:J02-U11 RAS KERNEL INFO suppressing further interrupts of same type
1130192906 2005.10.24 R00-M0-N8-C:J08-U01 2005-10-24-15.28.26.220874 R00-M0-N8-C:J08-U01 RAS KERNEL INFO critical input interrupt (unit=0x0b bit=0x0b): warning for torus z- wire
1130192906 2005.10.24 R00-M0-N8-C:J08-U01 2005-10-24-15.28.26.445907 R00-M0-N8-C:J08-U01 RAS KERNEL INFO suppressing further interrupts of same type
1130193077 2005.10.24 R24-M1-N7-C:J03-U01 2005-10-24-15.31.17.428946 R24-M1-N7-C:J03-U01 RAS KERNEL INFO critical input interrupt (unit=0x0b bit=0x0e): warning for tree A0 wire
1130193077 2005.10.24 R24-M1-N7-C:J03-U01 2005-10-24-15.31.17.601767 R24-M1-N7-C:J03-U01 RAS KERNEL INFO suppressing further interrupts of same type
1130193140 2005.10.24 R30-M0-N7-C:J09-U01 2005-10-24-15.32.20.617868 R30-M0-N7-C:J09-U01 RAS KERNEL INFO 1 ddr errors(s) detected and corrected on rank 0, symbol 26, bit 3
1130193141 2005.10.24 R15-M0-NC-C:J04-U11 2005-10-24-15.32.21.096688 R15-M0-NC-C:J04-U11 RAS KERNEL INFO 5 torus receiver x+ input pipe error(s) (dcr 0x02ec) detected and corrected
1130193141 2005.10.24 R15-M1-N6-C:J04-U11 2005-10-24-15.32.21.186713 R15-M1-N6-C:J04-U11 RAS KERNEL INFO 1 ddr errors(s) detected and corrected on rank 0, symbol 14, bit 2
1130193141 2005.10.24 R06-M1-N5-C:J08-U11 2005-10-24-15.32.21.366044 R06-M1-N5-C:J08-U11 RAS KERNEL INFO 2 ddr errors(s) detected and corrected on rank 0, symbol 8, bit 1
1130193141 2005.10.24 R30-M0-N7-C:J09-U01 2005-10-24-15.32.21.675460 R30-M0-N7-C:J09-U01 RAS KERNEL INFO CE sym 26, at 0x07a95e80, mask 0x10
1130193141 2005.10.24 R15-M1-N6-C:J04-U11 2005-10-24-15.32.21.919637 R15-M1-N6-C:J04-U11 RAS KERNEL INFO CE sym 14, at 0x06047860, mask 0x20
1130193142 2005.10.24 R06-M1-N5-C:J08-U11 2005-10-24-15.32.22.003183 R06-M1-N5-C:J08-U11 RAS KERNEL INFO CE sym 8, at 0x08067940, mask 0x40
1130193142 2005.10.24 R30-M0-N7-C:J09-U01 2005-10-24-15.32.22.213106 R30-M0-N7-C:J09-U01 RAS KERNEL INFO total of 1 ddr error(s) detected and corrected
1130193142 2005.10.24 R15-M1-N6-C:J04-U11 2005-10-24-15.32.22.620391 R15-M1-N6-C:J04-U11 RAS KERNEL INFO total of 1 ddr error(s) detected and corrected
1130193142 2005.10.24 R06-M1-N5-C:J08-U11 2005-10-24-15.32.22.757362 R06-M1-N5-C:J08-U11 RAS KERNEL INFO CE sym 8, at 0x08067940, mask 0x40
1130193143 2005.10.24 R06-M1-N5-C:J08-U11 2005-10-24-15.32.23.117184 R06-M1-N5-C:J08-U11 RAS KERNEL INFO total of 2 ddr error(s) detected and corrected
1130193236 2005.10.24 R42-M0-N6-C:J11-U01 2005-10-24-15.33.56.257920 R42-M0-N6-C:J11-U01 RAS KERNEL INFO 10 ddr errors(s) detected and corrected on rank 0, symbol 14, bit 5
1130193236 2005.10.24 R42-M1-ND-C:J07-U11 2005-10-24-15.33.56.353470 R42-M1-ND-C:J07-U11 RAS KERNEL INFO 6 ddr errors(s) detected and corrected on rank 0, symbol 20, bit 6
1130193236 2005.10.24 R42-M1-N6-C:J10-U11 2005-10-24-15.33.56.455719 R42-M1-N6-C:J10-U11 RAS KERNEL INFO 2 ddr errors(s) detected and corrected on rank 0, symbol 6, bit 6
1130193237 2005.10.24 R42-M0-N6-C:J11-U01 2005-10-24-15.33.57.081119 R42-M0-N6-C:J11-U01 RAS KERNEL INFO CE sym 14, at 0x1bbb2c60, mask 0x04
1130193237 2005.10.24 R42-M1-ND-C:J07-U11 2005-10-24-15.33.57.117186 R42-M1-ND-C:J07-U11 RAS KERNEL INFO CE sym 20, at 0x0a508740, mask 0x02
1130193237 2005.10.24 R42-M1-N6-C:J10-U11 2005-10-24-15.33.57.141366 R42-M1-N6-C:J10-U11 RAS KERNEL INFO CE sym 6, at 0x04a44600, mask 0x02
1130193237 2005.10.24 R42-M0-N6-C:J11-U01 2005-10-24-15.33.57.523559 R42-M0-N6-C:J11-U01 RAS KERNEL INFO CE sym 14, at 0x1bbb2c60, mask 0x04
1130193237 2005.10.24 R42-M1-ND-C:J07-U11 2005-10-24-15.33.57.547567 R42-M1-ND-C:J07-U11 RAS KERNEL INFO CE sym 20, at 0x0a508740, mask 0x02
1130193237 2005.10.24 R42-M1-N6-C:J10-U11 2005-10-24-15.33.57.571250 R42-M1-N6-C:J10-U11 RAS KERNEL INFO CE sym 6, at 0x04a44600, mask 0x02
1130193237 2005.10.24 R42-M0-N6-C:J11-U01 2005-10-24-15.33.57.937515 R42-M0-N6-C:J11-U01 RAS KERNEL INFO CE sym 14, at 0x1bbb2c60, mask 0x04
1130193237 2005.10.24 R42-M1-ND-C:J07-U11 2005-10-24-15.33.57.961124 R42-M1-ND-C:J07-U11 RAS KERNEL INFO CE sym 20, at 0x0a508740, mask 0x02
1130193237 2005.10.24 R42-M1-N6-C:J10-U11 2005-10-24-15.33.57.996967 R42-M1-N6-C:J10-U11 RAS KERNEL INFO total of 2 ddr error(s) detected and corrected
1130193238 2005.10.24 R42-M0-N6-C:J11-U01 2005-10-24-15.33.58.267611 R42-M0-N6-C:J11-U01 RAS KERNEL INFO CE sym 14, at 0x1bbb2c60, mask 0x04
1130193238 2005.10.24 R42-M1-ND-C:J07-U11 2005-10-24-15.33.58.297041 R42-M1-ND-C:J07-U11 RAS KERNEL INFO CE sym 20, at 0x0a508740, mask 0x02
1130193238 2005.10.24 R42-M0-N6-C:J11-U01 2005-10-24-15.33.58.515722 R42-M0-N6-C:J11-U01 RAS KERNEL INFO CE sym 14, at 0x1bbb2c60, mask 0x04
1130193238 2005.10.24 R42-M1-ND-C:J07-U11 2005-10-24-15.33.58.572856 R42-M1-ND-C:J07-U11 RAS KERNEL INFO CE sym 20, at 0x0a508740, mask 0x02
1130193238 2005.10.24 R42-M0-N6-C:J11-U01 2005-10-24-15.33.58.860038 R42-M0-N6-C:J11-U01 RAS KERNEL INFO CE sym 14, at 0x1bbb2c60, mask 0x04
1130193238 2005.10.24 R42-M1-ND-C:J07-U11 2005-10-24-15.33.58.920553 R42-M1-ND-C:J07-U11 RAS KERNEL INFO CE sym 20, at 0x0a508740, mask 0x02
1130193239 2005.10.24 R42-M0-N6-C:J11-U01 2005-10-24-15.33.59.108341 R42-M0-N6-C:J11-U01 RAS KERNEL INFO CE sym 14, at 0x1bbb2c60, mask 0x04
1130193239 2005.10.24 R42-M1-ND-C:J07-U11 2005-10-24-15.33.59.189833 R42-M1-ND-C:J07-U11 RAS KERNEL INFO total of 6 ddr error(s) detected and corrected
1130193239 2005.10.24 R42-M0-N6-C:J11-U01 2005-10-24-15.33.59.317047 R42-M0-N6-C:J11-U01 RAS KERNEL INFO CE sym 14, at 0x1bbb2c60, mask 0x04
1130193239 2005.10.24 R42-M0-N6-C:J11-U01 2005-10-24-15.33.59.524281 R42-M0-N6-C:J11-U01 RAS KERNEL INFO CE sym 14, at 0x1bbb2c60, mask 0x04
1130193239 2005.10.24 R42-M0-N6-C:J11-U01 2005-10-24-15.33.59.712491 R42-M0-N6-C:J11-U01 RAS KERNEL INFO CE sym 14, at 0x1bbb2c60, mask 0x04
1130193239 2005.10.24 R42-M0-N6-C:J11-U01 2005-10-24-15.33.59.911945 R42-M0-N6-C:J11-U01 RAS KERNEL INFO total of 10 ddr error(s) detected and corrected
1130193690 2005.10.24 R15-M0-N2-C:J15-U01 2005-10-24-15.41.30.950218 R15-M0-N2-C:J15-U01 RAS KERNEL INFO critical input interrupt (unit=0x0b bit=0x17): warning for tree C1 wire
1130193691 2005.10.24 R15-M0-N2-C:J15-U01 2005-10-24-15.41.31.376934 R15-M0-N2-C:J15-U01 RAS KERNEL INFO suppressing further interrupts of same type
1130193708 2005.10.24 R06-M1-NB-C:J08-U11 2005-10-24-15.41.48.287048 R06-M1-NB-C:J08-U11 RAS KERNEL INFO critical input interrupt (unit=0x0b bit=0x0b): warning for torus z- wire
1130193708 2005.10.24 R06-M1-NB-C:J08-U11 2005-10-24-15.41.48.493530 R06-M1-NB-C:J08-U11 RAS KERNEL INFO suppressing further interrupts of same type
1130193715 2005.10.24 R36-M0-N4-C:J14-U01 2005-10-24-15.41.55.126091 R36-M0-N4-C:J14-U01 RAS KERNEL INFO critical input interrupt (unit=0x0b bit=0x0a): warning for torus z+ wire
1130193715 2005.10.24 R36-M0-N4-C:J14-U01 2005-10-24-15.41.55.303532 R36-M0-N4-C:J14-U01 RAS KERNEL INFO suppressing further interrupts of same type
1130193722 2005.10.24 R24-M1-N7-C:J03-U01 2005-10-24-15.42.02.823391 R24-M1-N7-C:J03-U01 RAS KERNEL INFO critical input interrupt (unit=0x0b bit=0x0e): warning for tree A0 wire
1130193723 2005.10.24 R24-M1-N7-C:J03-U01 2005-10-24-15.42.03.023192 R24-M1-N7-C:J03-U01 RAS KERNEL INFO suppressing further interrupts of same type
1130193745 2005.10.24 R03-M1-N2-C:J14-U01 2005-10-24-15.42.25.140922 R03-M1-N2-C:J14-U01 RAS KERNEL INFO critical input interrupt (unit=0x0b bit=0x07): warning for torus y- wire
1130193745 2005.10.24 R03-M1-N2-C:J14-U01 2005-10-24-15.42.25.351269 R03-M1-N2-C:J14-U01 RAS KERNEL INFO suppressing further interrupts of same type
1130193765 2005.10.24 R03-M1-N9-C:J13-U01 2005-10-24-15.42.45.103451 R03-M1-N9-C:J13-U01 RAS KERNEL INFO critical input interrupt (unit=0x0b bit=0x17): warning for tree C1 wire
1130193765 2005.10.24 R03-M1-N9-C:J13-U01 2005-10-24-15.42.45.317242 R03-M1-N9-C:J13-U01 RAS KERNEL INFO suppressing further interrupts of same type
1130193765 2005.10.24 R06-M1-ND-C:J10-U11 2005-10-24-15.42.45.980525 R06-M1-ND-C:J10-U11 RAS KERNEL INFO critical input interrupt (unit=0x0b bit=0x0a): warning for torus z+ wire
1130193766 2005.10.24 R06-M1-ND-C:J10-U11 2005-10-24-15.42.46.201390 R06-M1-ND-C:J10-U11 RAS KERNEL INFO suppressing further interrupts of same type
1130195913 2005.10.24 R06-M1-N6-C:J15-U01 2005-10-24-16.18.33.677426 R06-M1-N6-C:J15-U01 RAS KERNEL INFO 1 torus receiver x+ input pipe error(s) (dcr 0x02ec) detected and corrected
1130195913 2005.10.24 R15-M0-NC-C:J04-U11 2005-10-24-16.18.33.871273 R15-M0-NC-C:J04-U11 RAS KERNEL INFO 3 tree receiver 2 in re-synch state event(s) (dcr 0x019a) detected
1130195914 2005.10.24 R06-M1-N6-C:J15-U01 2005-10-24-16.18.34.073131 R06-M1-N6-C:J15-U01 RAS KERNEL INFO 1 torus receiver z- input pipe error(s) (dcr 0x02f1) detected and corrected
1130195914 2005.10.24 R06-M1-N6-C:J15-U01 2005-10-24-16.18.34.353645 R06-M1-N6-C:J15-U01 RAS KERNEL INFO 4 tree receiver 2 in re-synch state event(s) (dcr 0x019a) detected
1130196568 2005.10.24 R33-M1-N1-C:J12-U01 2005-10-24-16.29.28.487006 R33-M1-N1-C:J12-U01 RAS KERNEL INFO critical input interrupt (unit=0x0b bit=0x02): warning for torus x+ wire
1130196568 2005.10.24 R24-M1-NB-C:J17-U11 2005-10-24-16.29.28.682660 R24-M1-NB-C:J17-U11 RAS KERNEL INFO critical input interrupt (unit=0x0b bit=0x0b): warning for torus z- wire
1130196568 2005.10.24 R33-M1-N1-C:J12-U01 2005-10-24-16.29.28.758783 R33-M1-N1-C:J12-U01 RAS KERNEL INFO suppressing further interrupts of same type
1130196569 2005.10.24 R24-M1-NB-C:J17-U11 2005-10-24-16.29.29.207432 R24-M1-NB-C:J17-U11 RAS KERNEL INFO suppressing further interrupts of same type
1130196569 2005.10.24 R03-M1-N9-C:J13-U01 2005-10-24-16.29.29.289030 R03-M1-N9-C:J13-U01 RAS KERNEL INFO critical input interrupt (unit=0x0b bit=0x17): warning for tree C1 wire
1130196569 2005.10.24 R03-M1-N9-C:J13-U01 2005-10-24-16.29.29.715456 R03-M1-N9-C:J13-U01 RAS KERNEL INFO suppressing further interrupts of same type
1130196579 2005.10.24 R27-M0-ND-C:J08-U11 2005-10-24-16.29.39.769124 R27-M0-ND-C:J08-U11 RAS KERNEL INFO critical input interrupt (unit=0x0b bit=0x0b): warning for torus z- wire
1130196580 2005.10.24 R27-M0-ND-C:J08-U11 2005-10-24-16.29.40.095492 R27-M0-ND-C:J08-U11 RAS KERNEL INFO suppressing further interrupts of same type
1130196581 2005.10.24 R15-M0-N2-C:J15-U01 2005-10-24-16.29.41.888932 R15-M0-N2-C:J15-U01 RAS KERNEL INFO critical input interrupt (unit=0x0b bit=0x17): warning for tree C1 wire
1130196582 2005.10.24 R15-M0-N2-C:J15-U01 2005-10-24-16.29.42.049858 R15-M0-N2-C:J15-U01 RAS KERNEL INFO suppressing further interrupts of same type
1130196622 2005.10.24 R36-M1-NC-C:J05-U01 2005-10-24-16.30.22.989062 R36-M1-NC-C:J05-U01 RAS KERNEL INFO critical input interrupt (unit=0x0b bit=0x03): warning for torus x- wire
1130196623 2005.10.24 R36-M1-NC-C:J05-U01 2005-10-24-16.30.23.150731 R36-M1-NC-C:J05-U01 RAS KERNEL INFO suppressing further interrupts of same type
1130196644 2005.10.24 R06-M1-NB-C:J08-U11 2005-10-24-16.30.44.895320 R06-M1-NB-C:J08-U11 RAS KERNEL INFO critical input interrupt (unit=0x0b bit=0x0b): warning for torus z- wire
1130196645 2005.10.24 R06-M1-NB-C:J08-U11 2005-10-24-16.30.45.110373 R06-M1-NB-C:J08-U11 RAS KERNEL INFO suppressing further interrupts of same type
1130196647 2005.10.24 R03-M1-ND-C:J08-U01 2005-10-24-16.30.47.102692 R03-M1-ND-C:J08-U01 RAS KERNEL INFO critical input interrupt (unit=0x0b bit=0x0b): warning for torus z- wire
1130196647 2005.10.24 R03-M1-ND-C:J08-U01 2005-10-24-16.30.47.270657 R03-M1-ND-C:J08-U01 RAS KERNEL INFO suppressing further interrupts of same type
1130196650 2005.10.24 R06-M1-ND-C:J10-U11 2005-10-24-16.30.50.129290 R06-M1-ND-C:J10-U11 RAS KERNEL INFO critical input interrupt (unit=0x0b bit=0x0a): warning for torus z+ wire
1130196650 2005.10.24 R06-M1-ND-C:J10-U11 2005-10-24-16.30.50.288102 R06-M1-ND-C:J10-U11 RAS KERNEL INFO suppressing further interrupts of same type
1130197490 2005.10.24 R21-M0-ND-C:J04-U01 2005-10-24-16.44.50.034760 R21-M0-ND-C:J04-U01 RAS KERNEL INFO 1 ddr errors(s) detected and corrected on rank 0, symbol 23, bit 2
1130197490 2005.10.24 R00-M1-NF-C:J13-U11 2005-10-24-16.44.50.205591 R00-M1-NF-C:J13-U11 RAS KERNEL INFO 1 ddr errors(s) detected and corrected on rank 0, symbol 6, bit 0
1130197490 2005.10.24 R06-M1-N6-C:J15-U01 2005-10-24-16.44.50.286539 R06-M1-N6-C:J15-U01 RAS KERNEL INFO 1 torus receiver x+ input pipe error(s) (dcr 0x02ec) detected and corrected
1130197490 2005.10.24 R21-M0-ND-C:J04-U01 2005-10-24-16.44.50.463554 R21-M0-ND-C:J04-U01 RAS KERNEL INFO CE sym 23, at 0x08d29260, mask 0x20
1130197490 2005.10.24 R15-M0-NC-C:J04-U11 2005-10-24-16.44.50.562037 R15-M0-NC-C:J04-U11 RAS KERNEL INFO 3 tree receiver 2 in re-synch state event(s) (dcr 0x019a) detected
1130197490 2005.10.24 R00-M1-NF-C:J13-U11 2005-10-24-16.44.50.836923 R00-M1-NF-C:J13-U11 RAS KERNEL INFO CE sym 6, at 0x0795ad60, mask 0x80
1130197490 2005.10.24 R06-M1-N6-C:J15-U01 2005-10-24-16.44.50.912402 R06-M1-N6-C:J15-U01 RAS KERNEL INFO 1 tree receiver 2 in re-synch state event(s) (dcr 0x019a) detected
1130197491 2005.10.24 R21-M0-ND-C:J04-U01 2005-10-24-16.44.51.110136 R21-M0-ND-C:J04-U01 RAS KERNEL INFO total of 1 ddr error(s) detected and corrected
1130197491 2005.10.24 R00-M1-NF-C:J13-U11 2005-10-24-16.44.51.384034 R00-M1-NF-C:J13-U11 RAS KERNEL INFO total of 1 ddr error(s) detected and corrected
1130198136 2005.10.24 R00-M0-NC-I:J18-U11 2005-10-24-16.55.36.076635 R00-M0-NC-I:J18-U11 RAS KERNEL FATAL MailboxMonitor::serviceMailboxes() lib_ido_error: -1033 BGLERR_IDO_PKT_TIMEOUT connection lost to node/link/service card
1130208789 2005.10.24 R21-M1-N3-C:J03-U11 2005-10-24-19.53.09.003829 R21-M1-N3-C:J03-U11 RAS KERNEL INFO ddr: activating redundant bit steering: rank=0 symbol=15
1130211639 2005.10.24 R30-M0-N7-C:J09-U01 2005-10-24-20.40.39.713707 R30-M0-N7-C:J09-U01 RAS KERNEL INFO 1 ddr errors(s) detected and corrected on rank 0, symbol 26, bit 3
1130211640 2005.10.24 R51-M0-N6-C:J17-U01 2005-10-24-20.40.40.145464 R51-M0-N6-C:J17-U01 RAS KERNEL INFO 1 ddr errors(s) detected and corrected on rank 0, symbol 27, bit 3
1130211640 2005.10.24 R60-M1-N7-C:J17-U01 2005-10-24-20.40.40.416641 R60-M1-N7-C:J17-U01 RAS KERNEL INFO 24 ddr errors(s) detected and corrected on rank 0, symbol 11, bit 3
1130211640 2005.10.24 R00-M1-N7-C:J11-U01 2005-10-24-20.40.40.512674 R00-M1-N7-C:J11-U01 RAS KERNEL INFO 2 ddr errors(s) detected and corrected on rank 0, symbol 22, bit 2
1130211640 2005.10.24 R21-M1-N3-C:J03-U11 2005-10-24-20.40.40.791766 R21-M1-N3-C:J03-U11 RAS KERNEL INFO 30 ddr errors(s) detected and corrected on rank 0, symbol 15, bit 6
1130211640 2005.10.24 R24-M0-N7-C:J09-U11 2005-10-24-20.40.40.896002 R24-M0-N7-C:J09-U11 RAS KERNEL INFO 1 ddr errors(s) detected and corrected on rank 0, symbol 12, bit 6
1130211640 2005.10.24 R66-M1-NA-C:J03-U11 2005-10-24-20.40.40.991388 R66-M1-NA-C:J03-U11 RAS KERNEL INFO 20 ddr errors(s) detected and corrected on rank 0, symbol 17, bit 3
1130211641 2005.10.24 R30-M0-N7-C:J09-U01 2005-10-24-20.40.41.085047 R30-M0-N7-C:J09-U01 RAS KERNEL INFO CE sym 26, at 0x07a95e80, mask 0x10
1130211641 2005.10.24 R60-M1-N9-C:J05-U01 2005-10-24-20.40.41.188566 R60-M1-N9-C:J05-U01 RAS KERNEL INFO 1 ddr errors(s) detected and corrected on rank 0, symbol 35, bit 2
1130211641 2005.10.24 R03-M0-N3-C:J09-U01 2005-10-24-20.40.41.721512 R03-M0-N3-C:J09-U01 RAS KERNEL INFO 2 ddr errors(s) detected and corrected on rank 0, symbol 26, bit 6
1130211642 2005.10.24 R51-M1-N4-C:J03-U01 2005-10-24-20.40.42.092812 R51-M1-N4-C:J03-U01 RAS KERNEL INFO 1 torus sender x- retransmission error(s) (dcr 0x02f5) detected and corrected
1130211642 2005.10.24 R51-M1-N4-C:J11-U01 2005-10-24-20.40.42.182000 R51-M1-N4-C:J11-U01 RAS KERNEL INFO 1 torus sender x+ retransmission error(s) (dcr 0x02f4) detected and corrected
1130211642 2005.10.24 R51-M1-N4-C:J07-U01 2005-10-24-20.40.42.278409 R51-M1-N4-C:J07-U01 RAS KERNEL INFO 1 torus receiver x+ input pipe error(s) (dcr 0x02ec) detected and corrected
1130211642 2005.10.24 R27-M0-N1-C:J16-U01 2005-10-24-20.40.42.367747 R27-M0-N1-C:J16-U01 RAS KERNEL INFO 8 ddr errors(s) detected and corrected on rank 0, symbol 31, bit 6
1130211642 2005.10.24 R75-M1-N6-C:J12-U01 2005-10-24-20.40.42.738888 R75-M1-N6-C:J12-U01 RAS KERNEL INFO 1 ddr errors(s) detected and corrected on rank 0, symbol 35, bit 4
1130211642 2005.10.24 R60-M0-NC-C:J12-U01 2005-10-24-20.40.42.852945 R60-M0-NC-C:J12-U01 RAS KERNEL INFO 1 ddr errors(s) detected and corrected on rank 0, symbol 34, bit 1
1130211642 2005.10.24 R60-M0-N4-C:J10-U11 2005-10-24-20.40.42.954489 R60-M0-N4-C:J10-U11 RAS KERNEL INFO 2 ddr errors(s) detected and corrected on rank 0, symbol 35, bit 4
1130211643 2005.10.24 R00-M1-N4-C:J02-U11 2005-10-24-20.40.43.445344 R00-M1-N4-C:J02-U11 RAS KERNEL INFO 1 ddr errors(s) detected and corrected on rank 0, symbol 9, bit 3
1130211643 2005.10.24 R51-M0-N6-C:J17-U01 2005-10-24-20.40.43.860531 R51-M0-N6-C:J17-U01 RAS KERNEL INFO CE sym 27, at 0x1b8a3b60, mask 0x10
1130211644 2005.10.24 R60-M1-N7-C:J17-U01 2005-10-24-20.40.44.161483 R60-M1-N7-C:J17-U01 RAS KERNEL INFO CE sym 11, at 0x197f3fe0, mask 0x10
1130211644 2005.10.24 R00-M1-N7-C:J11-U01 2005-10-24-20.40.44.269066 R00-M1-N7-C:J11-U01 RAS KERNEL INFO CE sym 22, at 0x1c223b20, mask 0x20
1130211644 2005.10.24 R51-M1-N4-C:J07-U01 2005-10-24-20.40.44.490512 R51-M1-N4-C:J07-U01 RAS KERNEL INFO 1 torus receiver x- input pipe error(s) (dcr 0x02ed) detected and corrected
1130211644 2005.10.24 R21-M1-N3-C:J03-U11 2005-10-24-20.40.44.706147 R21-M1-N3-C:J03-U11 RAS KERNEL INFO CE sym 15, at 0x1bb2fe80, mask 0x02
1130211644 2005.10.24 R24-M0-N7-C:J09-U11 2005-10-24-20.40.44.819540 R24-M0-N7-C:J09-U11 RAS KERNEL INFO CE sym 12, at 0x1c521900, mask 0x02
1130211644 2005.10.24 R66-M1-NA-C:J03-U11 2005-10-24-20.40.44.945384 R66-M1-NA-C:J03-U11 RAS KERNEL INFO CE sym 17, at 0x1c6d25a0, mask 0x10
1130211645 2005.10.24 R30-M0-N7-C:J09-U01 2005-10-24-20.40.45.046786 R30-M0-N7-C:J09-U01 RAS KERNEL INFO total of 1 ddr error(s) detected and corrected
1130211645 2005.10.24 R60-M1-N9-C:J05-U01 2005-10-24-20.40.45.154615 R60-M1-N9-C:J05-U01 RAS KERNEL INFO CE sym 35, at 0x04877e60, mask 0x20
1130211645 2005.10.24 R03-M0-N3-C:J09-U01 2005-10-24-20.40.45.459364 R03-M0-N3-C:J09-U01 RAS KERNEL INFO CE sym 26, at 0x1affaa20, mask 0x02
1130211645 2005.10.24 R27-M0-N1-C:J16-U01 2005-10-24-20.40.45.878732 R27-M0-N1-C:J16-U01 RAS KERNEL INFO CE sym 31, at 0x1ebba9c0, mask 0x02
1130211646 2005.10.24 R75-M1-N6-C:J12-U01 2005-10-24-20.40.46.279512 R75-M1-N6-C:J12-U01 RAS KERNEL INFO CE sym 35, at 0x1ff9e8e0, mask 0x08
1130211646 2005.10.24 R60-M0-NC-C:J12-U01 2005-10-24-20.40.46.375049 R60-M0-NC-C:J12-U01 RAS KERNEL INFO CE sym 34, at 0x19165940, mask 0x40
1130211646 2005.10.24 R60-M0-N4-C:J10-U11 2005-10-24-20.40.46.471171 R60-M0-N4-C:J10-U11 RAS KERNEL INFO CE sym 35, at 0x1f32ee60, mask 0x08
1130211647 2005.10.24 R00-M1-N4-C:J02-U11 2005-10-24-20.40.47.075487 R00-M1-N4-C:J02-U11 RAS KERNEL INFO CE sym 9, at 0x1c381760, mask 0x10
1130211647 2005.10.24 R51-M0-N6-C:J17-U01 2005-10-24-20.40.47.474954 R51-M0-N6-C:J17-U01 RAS KERNEL INFO total of 1 ddr error(s) detected and corrected
1130211647 2005.10.24 R60-M1-N7-C:J17-U01 2005-10-24-20.40.47.757831 R60-M1-N7-C:J17-U01 RAS KERNEL INFO CE sym 11, at 0x197f3fe0, mask 0x10
1130211647 2005.10.24 R00-M1-N7-C:J11-U01 2005-10-24-20.40.47.853215 R00-M1-N7-C:J11-U01 RAS KERNEL INFO CE sym 22, at 0x1c223b20, mask 0x20
1130211648 2005.10.24 R51-M1-N4-C:J07-U01 2005-10-24-20.40.48.056890 R51-M1-N4-C:J07-U01 RAS KERNEL INFO 1 torus receiver y+ input pipe error(s) (dcr 0x02ee) detected and corrected
1130211648 2005.10.24 R21-M1-N3-C:J03-U11 2005-10-24-20.40.48.242487 R21-M1-N3-C:J03-U11 RAS KERNEL INFO CE sym 15, at 0x1bb2fe80, mask 0x02
1130211648 2005.10.24 R24-M0-N7-C:J09-U11 2005-10-24-20.40.48.331978 R24-M0-N7-C:J09-U11 RAS KERNEL INFO total of 1 ddr error(s) detected and corrected
1130211648 2005.10.24 R66-M1-NA-C:J03-U11 2005-10-24-20.40.48.428029 R66-M1-NA-C:J03-U11 RAS KERNEL INFO CE sym 17, at 0x1c6d25a0, mask 0x10
1130211648 2005.10.24 R60-M1-N9-C:J05-U01 2005-10-24-20.40.48.517545 R60-M1-N9-C:J05-U01 RAS KERNEL INFO total of 1 ddr error(s) detected and corrected
1130211648 2005.10.24 R03-M0-N3-C:J09-U01 2005-10-24-20.40.48.697570 R03-M0-N3-C:J09-U01 RAS KERNEL INFO CE sym 26, at 0x1affaa20, mask 0x02
1130211649 2005.10.24 R27-M0-N1-C:J16-U01 2005-10-24-20.40.49.050002 R27-M0-N1-C:J16-U01 RAS KERNEL INFO CE sym 31, at 0x1ebba9c0, mask 0x02
1130211649 2005.10.24 R75-M1-N6-C:J12-U01 2005-10-24-20.40.49.393548 R75-M1-N6-C:J12-U01 RAS KERNEL INFO total of 1 ddr error(s) detected and corrected
1130211649 2005.10.24 R60-M0-NC-C:J12-U01 2005-10-24-20.40.49.475465 R60-M0-NC-C:J12-U01 RAS KERNEL INFO total of 1 ddr error(s) detected and corrected
1130211649 2005.10.24 R60-M0-N4-C:J10-U11 2005-10-24-20.40.49.556744 R60-M0-N4-C:J10-U11 RAS KERNEL INFO CE sym 35, at 0x1f32ee60, mask 0x08
1130211649 2005.10.24 R00-M1-N4-C:J02-U11 2005-10-24-20.40.49.801885 R00-M1-N4-C:J02-U11 RAS KERNEL INFO total of 1 ddr error(s) detected and corrected
1130211650 2005.10.24 R60-M1-N7-C:J17-U01 2005-10-24-20.40.50.226483 R60-M1-N7-C:J17-U01 RAS KERNEL INFO CE sym 11, at 0x197f3fe0, mask 0x10
1130211650 2005.10.24 R00-M1-N7-C:J11-U01 2005-10-24-20.40.50.313197 R00-M1-N7-C:J11-U01 RAS KERNEL INFO total of 2 ddr error(s) detected and corrected
1130211650 2005.10.24 R51-M1-N4-C:J07-U01 2005-10-24-20.40.50.520048 R51-M1-N4-C:J07-U01 RAS KERNEL INFO 1 torus receiver y- input pipe error(s) (dcr 0x02ef) detected and corrected
1130211650 2005.10.24 R21-M1-N3-C:J03-U11 2005-10-24-20.40.50.711460 R21-M1-N3-C:J03-U11 RAS KERNEL INFO CE sym 15, at 0x1bb2fe80, mask 0x02
1130211650 2005.10.24 R66-M1-NA-C:J03-U11 2005-10-24-20.40.50.801988 R66-M1-NA-C:J03-U11 RAS KERNEL INFO CE sym 17, at 0x1c6d25a0, mask 0x10
1130211650 2005.10.24 R03-M0-N3-C:J09-U01 2005-10-24-20.40.50.993233 R03-M0-N3-C:J09-U01 RAS KERNEL INFO total of 2 ddr error(s) detected and corrected
1130211651 2005.10.24 R27-M0-N1-C:J16-U01 2005-10-24-20.40.51.172847 R27-M0-N1-C:J16-U01 RAS KERNEL INFO CE sym 31, at 0x1ebba9c0, mask 0x02
1130211651 2005.10.24 R60-M0-N4-C:J10-U11 2005-10-24-20.40.51.442463 R60-M0-N4-C:J10-U11 RAS KERNEL INFO total of 2 ddr error(s) detected and corrected
1130211652 2005.10.24 R60-M1-N7-C:J17-U01 2005-10-24-20.40.52.136372 R60-M1-N7-C:J17-U01 RAS KERNEL INFO CE sym 11, at 0x197f3fe0, mask 0x10
1130211652 2005.10.24 R51-M1-N4-C:J07-U01 2005-10-24-20.40.52.406303 R51-M1-N4-C:J07-U01 RAS KERNEL INFO 1 torus receiver z+ input pipe error(s) (dcr 0x02f0) detected and corrected
1130211652 2005.10.24 R21-M1-N3-C:J03-U11 2005-10-24-20.40.52.633669 R21-M1-N3-C:J03-U11 RAS KERNEL INFO CE sym 15, at 0x1bb2fe80, mask 0x02
1130211652 2005.10.24 R66-M1-NA-C:J03-U11 2005-10-24-20.40.52.715820 R66-M1-NA-C:J03-U11 RAS KERNEL INFO CE sym 17, at 0x1c6d25a0, mask 0x10
1130211653 2005.10.24 R27-M0-N1-C:J16-U01 2005-10-24-20.40.53.014929 R27-M0-N1-C:J16-U01 RAS KERNEL INFO CE sym 31, at 0x1ebba9c0, mask 0x02
1130211653 2005.10.24 R60-M1-N7-C:J17-U01 2005-10-24-20.40.53.619015 R60-M1-N7-C:J17-U01 RAS KERNEL INFO CE sym 11, at 0x197f3fe0, mask 0x10
1130211653 2005.10.24 R51-M1-N4-C:J07-U01 2005-10-24-20.40.53.828851 R51-M1-N4-C:J07-U01 RAS KERNEL INFO 1 torus receiver z- input pipe error(s) (dcr 0x02f1) detected and corrected
1130211654 2005.10.24 R21-M1-N3-C:J03-U11 2005-10-24-20.40.54.032256 R21-M1-N3-C:J03-U11 RAS KERNEL INFO CE sym 15, at 0x1bb2fe80, mask 0x02
1130211654 2005.10.24 R66-M1-NA-C:J03-U11 2005-10-24-20.40.54.133860 R66-M1-NA-C:J03-U11 RAS KERNEL INFO CE sym 17, at 0x1c6d25a0, mask 0x10
1130211654 2005.10.24 R27-M0-N1-C:J16-U01 2005-10-24-20.40.54.445405 R27-M0-N1-C:J16-U01 RAS KERNEL INFO CE sym 31, at 0x1ebba9c0, mask 0x02
1130211655 2005.10.24 R60-M1-N7-C:J17-U01 2005-10-24-20.40.55.139520 R60-M1-N7-C:J17-U01 RAS KERNEL INFO CE sym 11, at 0x197f3fe0, mask 0x10
1130211655 2005.10.24 R51-M1-N4-C:J07-U01 2005-10-24-20.40.55.366205 R51-M1-N4-C:J07-U01 RAS KERNEL INFO 1 torus sender x+ retransmission error(s) (dcr 0x02f4) detected and corrected
1130211655 2005.10.24 R21-M1-N3-C:J03-U11 2005-10-24-20.40.55.594113 R21-M1-N3-C:J03-U11 RAS KERNEL INFO CE sym 15, at 0x1bb2fe80, mask 0x02
1130211655 2005.10.24 R66-M1-NA-C:J03-U11 2005-10-24-20.40.55.701415 R66-M1-NA-C:J03-U11 RAS KERNEL INFO CE sym 17, at 0x1c6d25a0, mask 0x10
1130211656 2005.10.24 R27-M0-N1-C:J16-U01 2005-10-24-20.40.56.036699 R27-M0-N1-C:J16-U01 RAS KERNEL INFO CE sym 31, at 0x1ebba9c0, mask 0x02
1130211656 2005.10.24 R60-M1-N7-C:J17-U01 2005-10-24-20.40.56.508314 R60-M1-N7-C:J17-U01 RAS KERNEL INFO CE sym 11, at 0x197f3fe0, mask 0x10
1130211656 2005.10.24 R51-M1-N4-C:J07-U01 2005-10-24-20.40.56.719166 R51-M1-N4-C:J07-U01 RAS KERNEL INFO 1 tree receiver 0 in re-synch state event(s) (dcr 0x01bc) detected
1130211656 2005.10.24 R21-M1-N3-C:J03-U11 2005-10-24-20.40.56.942320 R21-M1-N3-C:J03-U11 RAS KERNEL INFO CE sym 15, at 0x1bb2fe80, mask 0x02
1130211657 2005.10.24 R66-M1-NA-C:J03-U11 2005-10-24-20.40.57.042303 R66-M1-NA-C:J03-U11 RAS KERNEL INFO CE sym 17, at 0x1c6d25a0, mask 0x10
1130211657 2005.10.24 R27-M0-N1-C:J16-U01 2005-10-24-20.40.57.245316 R27-M0-N1-C:J16-U01 RAS KERNEL INFO CE sym 31, at 0x1ebba9c0, mask 0x02
1130211657 2005.10.24 R60-M1-N7-C:J17-U01 2005-10-24-20.40.57.729617 R60-M1-N7-C:J17-U01 RAS KERNEL INFO CE sym 11, at 0x197f3fe0, mask 0x10
1130211657 2005.10.24 R51-M1-N4-C:J07-U01 2005-10-24-20.40.57.932781 R51-M1-N4-C:J07-U01 RAS KERNEL INFO 1 tree receiver 1 in re-synch state event(s) (dcr 0x0185) detected
1130211658 2005.10.24 R21-M1-N3-C:J03-U11 2005-10-24-20.40.58.143031 R21-M1-N3-C:J03-U11 RAS KERNEL INFO CE sym 15, at 0x1bb2fe80, mask 0x02
1130211658 2005.10.24 R66-M1-NA-C:J03-U11 2005-10-24-20.40.58.244460 R66-M1-NA-C:J03-U11 RAS KERNEL INFO CE sym 17, at 0x1c6d25a0, mask 0x10
1130211658 2005.10.24 R27-M0-N1-C:J16-U01 2005-10-24-20.40.58.448276 R27-M0-N1-C:J16-U01 RAS KERNEL INFO CE sym 31, at 0x1ebba9c0, mask 0x02
1130211659 2005.10.24 R60-M1-N7-C:J17-U01 2005-10-24-20.40.59.028681 R60-M1-N7-C:J17-U01 RAS KERNEL INFO CE sym 11, at 0x197f3fe0, mask 0x10
1130211659 2005.10.24 R51-M1-N4-C:J07-U01 2005-10-24-20.40.59.220395 R51-M1-N4-C:J07-U01 RAS KERNEL INFO 1 tree receiver 2 in re-synch state event(s) (dcr 0x019a) detected
1130211659 2005.10.24 R21-M1-N3-C:J03-U11 2005-10-24-20.40.59.429972 R21-M1-N3-C:J03-U11 RAS KERNEL INFO CE sym 15, at 0x1bb2fe80, mask 0x02
1130211659 2005.10.24 R66-M1-NA-C:J03-U11 2005-10-24-20.40.59.537875 R66-M1-NA-C:J03-U11 RAS KERNEL INFO CE sym 17, at 0x1c6d25a0, mask 0x10
1130211659 2005.10.24 R27-M0-N1-C:J16-U01 2005-10-24-20.40.59.765728 R27-M0-N1-C:J16-U01 RAS KERNEL INFO total of 8 ddr error(s) detected and corrected
1130211660 2005.10.24 R60-M1-N7-C:J17-U01 2005-10-24-20.41.00.248438 R60-M1-N7-C:J17-U01 RAS KERNEL INFO CE sym 11, at 0x197f3fe0, mask 0x10
1130211660 2005.10.24 R21-M1-N3-C:J03-U11 2005-10-24-20.41.00.559502 R21-M1-N3-C:J03-U11 RAS KERNEL INFO CE sym 15, at 0x1bb2fe80, mask 0x02
1130211660 2005.10.24 R66-M1-NA-C:J03-U11 2005-10-24-20.41.00.660962 R66-M1-NA-C:J03-U11 RAS KERNEL INFO CE sym 17, at 0x1c6d25a0, mask 0x10
1130211661 2005.10.24 R60-M1-N7-C:J17-U01 2005-10-24-20.41.01.235437 R60-M1-N7-C:J17-U01 RAS KERNEL INFO CE sym 11, at 0x197f3fe0, mask 0x10
1130211661 2005.10.24 R21-M1-N3-C:J03-U11 2005-10-24-20.41.01.540810 R21-M1-N3-C:J03-U11 RAS KERNEL INFO CE sym 15, at 0x1bb2fe80, mask 0x02
1130211661 2005.10.24 R66-M1-NA-C:J03-U11 2005-10-24-20.41.01.705711 R66-M1-NA-C:J03-U11 RAS KERNEL INFO CE sym 17, at 0x1c6d25a0, mask 0x10
1130211662 2005.10.24 R60-M1-N7-C:J17-U01 2005-10-24-20.41.02.211045 R60-M1-N7-C:J17-U01 RAS KERNEL INFO CE sym 11, at 0x197f3fe0, mask 0x10
1130211662 2005.10.24 R21-M1-N3-C:J03-U11 2005-10-24-20.41.02.515779 R21-M1-N3-C:J03-U11 RAS KERNEL INFO CE sym 15, at 0x1bb2fe80, mask 0x02
1130211662 2005.10.24 R66-M1-NA-C:J03-U11 2005-10-24-20.41.02.623511 R66-M1-NA-C:J03-U11 RAS KERNEL INFO CE sym 17, at 0x1c6d25a0, mask 0x10
1130211663 2005.10.24 R60-M1-N7-C:J17-U01 2005-10-24-20.41.03.150062 R60-M1-N7-C:J17-U01 RAS KERNEL INFO CE sym 11, at 0x197f3fe0, mask 0x10
1130211663 2005.10.24 R21-M1-N3-C:J03-U11 2005-10-24-20.41.03.479623 R21-M1-N3-C:J03-U11 RAS KERNEL INFO CE sym 15, at 0x1bb2fe80, mask 0x02
1130211663 2005.10.24 R66-M1-NA-C:J03-U11 2005-10-24-20.41.03.593800 R66-M1-NA-C:J03-U11 RAS KERNEL INFO CE sym 17, at 0x1c6d25a0, mask 0x10
1130211664 2005.10.24 R60-M1-N7-C:J17-U01 2005-10-24-20.41.04.108711 R60-M1-N7-C:J17-U01 RAS KERNEL INFO CE sym 11, at 0x197f3fe0, mask 0x10
1130211664 2005.10.24 R21-M1-N3-C:J03-U11 2005-10-24-20.41.04.424449 R21-M1-N3-C:J03-U11 RAS KERNEL INFO CE sym 15, at 0x1bb2fe80, mask 0x02
1130211664 2005.10.24 R66-M1-NA-C:J03-U11 2005-10-24-20.41.04.535989 R66-M1-NA-C:J03-U11 RAS KERNEL INFO CE sym 17, at 0x1c6d25a0, mask 0x10
1130211665 2005.10.24 R60-M1-N7-C:J17-U01 2005-10-24-20.41.05.153952 R60-M1-N7-C:J17-U01 RAS KERNEL INFO CE sym 11, at 0x197f3fe0, mask 0x10
1130211665 2005.10.24 R21-M1-N3-C:J03-U11 2005-10-24-20.41.05.370190 R21-M1-N3-C:J03-U11 RAS KERNEL INFO CE sym 15, at 0x1bb2fe80, mask 0x02
1130211665 2005.10.24 R66-M1-NA-C:J03-U11 2005-10-24-20.41.05.477813 R66-M1-NA-C:J03-U11 RAS KERNEL INFO CE sym 17, at 0x1c6d25a0, mask 0x10
1130211665 2005.10.24 R60-M1-N7-C:J17-U01 2005-10-24-20.41.05.961813 R60-M1-N7-C:J17-U01 RAS KERNEL INFO CE sym 11, at 0x197f3fe0, mask 0x10
1130211666 2005.10.24 R21-M1-N3-C:J03-U11 2005-10-24-20.41.06.166505 R21-M1-N3-C:J03-U11 RAS KERNEL INFO CE sym 15, at 0x1bb2fe80, mask 0x02
1130211666 2005.10.24 R66-M1-NA-C:J03-U11 2005-10-24-20.41.06.285338 R66-M1-NA-C:J03-U11 RAS KERNEL INFO CE sym 17, at 0x1c6d25a0, mask 0x10
1130211666 2005.10.24 R60-M1-N7-C:J17-U01 2005-10-24-20.41.06.776840 R60-M1-N7-C:J17-U01 RAS KERNEL INFO CE sym 11, at 0x197f3fe0, mask 0x10
1130211666 2005.10.24 R21-M1-N3-C:J03-U11 2005-10-24-20.41.06.963338 R21-M1-N3-C:J03-U11 RAS KERNEL INFO CE sym 15, at 0x1bb2fe80, mask 0x02
1130211667 2005.10.24 R66-M1-NA-C:J03-U11 2005-10-24-20.41.07.062976 R66-M1-NA-C:J03-U11 RAS KERNEL INFO CE sym 17, at 0x1c6d25a0, mask 0x10
1130211667 2005.10.24 R60-M1-N7-C:J17-U01 2005-10-24-20.41.07.436598 R60-M1-N7-C:J17-U01 RAS KERNEL INFO CE sym 11, at 0x197f3fe0, mask 0x10
1130211667 2005.10.24 R21-M1-N3-C:J03-U11 2005-10-24-20.41.07.639078 R21-M1-N3-C:J03-U11 RAS KERNEL INFO CE sym 15, at 0x1bb2fe80, mask 0x02
1130211667 2005.10.24 R66-M1-NA-C:J03-U11 2005-10-24-20.41.07.739243 R66-M1-NA-C:J03-U11 RAS KERNEL INFO CE sym 17, at 0x1c6d25a0, mask 0x10
1130211668 2005.10.24 R60-M1-N7-C:J17-U01 2005-10-24-20.41.08.108349 R60-M1-N7-C:J17-U01 RAS KERNEL INFO CE sym 11, at 0x197f3fe0, mask 0x10
1130211668 2005.10.24 R21-M1-N3-C:J03-U11 2005-10-24-20.41.08.283453 R21-M1-N3-C:J03-U11 RAS KERNEL INFO CE sym 15, at 0x1bb2fe80, mask 0x02
1130211668 2005.10.24 R66-M1-NA-C:J03-U11 2005-10-24-20.41.08.379352 R66-M1-NA-C:J03-U11 RAS KERNEL INFO CE sym 17, at 0x1c6d25a0, mask 0x10
1130211668 2005.10.24 R60-M1-N7-C:J17-U01 2005-10-24-20.41.08.759569 R60-M1-N7-C:J17-U01 RAS KERNEL INFO CE sym 11, at 0x197f3fe0, mask 0x10
1130211668 2005.10.24 R21-M1-N3-C:J03-U11 2005-10-24-20.41.08.947622 R21-M1-N3-C:J03-U11 RAS KERNEL INFO CE sym 15, at 0x1bb2fe80, mask 0x02
1130211669 2005.10.24 R66-M1-NA-C:J03-U11 2005-10-24-20.41.09.055038 R66-M1-NA-C:J03-U11 RAS KERNEL INFO CE sym 17, at 0x1c6d25a0, mask 0x10
1130211669 2005.10.24 R60-M1-N7-C:J17-U01 2005-10-24-20.41.09.434329 R60-M1-N7-C:J17-U01 RAS KERNEL INFO CE sym 11, at 0x197f3fe0, mask 0x10
1130211669 2005.10.24 R21-M1-N3-C:J03-U11 2005-10-24-20.41.09.623455 R21-M1-N3-C:J03-U11 RAS KERNEL INFO CE sym 15, at 0x1bb2fe80, mask 0x02
1130211669 2005.10.24 R66-M1-NA-C:J03-U11 2005-10-24-20.41.09.731126 R66-M1-NA-C:J03-U11 RAS KERNEL INFO total of 20 ddr error(s) detected and corrected
1130211670 2005.10.24 R60-M1-N7-C:J17-U01 2005-10-24-20.41.10.102320 R60-M1-N7-C:J17-U01 RAS KERNEL INFO CE sym 11, at 0x197f3fe0, mask 0x10
1130211670 2005.10.24 R21-M1-N3-C:J03-U11 2005-10-24-20.41.10.407309 R21-M1-N3-C:J03-U11 RAS KERNEL INFO CE sym 15, at 0x1bb2fe80, mask 0x02
1130211670 2005.10.24 R60-M1-N7-C:J17-U01 2005-10-24-20.41.10.795094 R60-M1-N7-C:J17-U01 RAS KERNEL INFO CE sym 11, at 0x197f3fe0, mask 0x10
1130211670 2005.10.24 R21-M1-N3-C:J03-U11 2005-10-24-20.41.10.981846 R21-M1-N3-C:J03-U11 RAS KERNEL INFO CE sym 15, at 0x1bb2fe80, mask 0x02
1130211671 2005.10.24 R60-M1-N7-C:J17-U01 2005-10-24-20.41.11.346988 R60-M1-N7-C:J17-U01 RAS KERNEL INFO CE sym 11, at 0x197f3fe0, mask 0x10
1130211671 2005.10.24 R21-M1-N3-C:J03-U11 2005-10-24-20.41.11.532040 R21-M1-N3-C:J03-U11 RAS KERNEL INFO CE sym 15, at 0x1bb2fe80, mask 0x02
1130211671 2005.10.24 R60-M1-N7-C:J17-U01 2005-10-24-20.41.11.889913 R60-M1-N7-C:J17-U01 RAS KERNEL INFO total of 24 ddr error(s) detected and corrected
1130211672 2005.10.24 R21-M1-N3-C:J03-U11 2005-10-24-20.41.12.082704 R21-M1-N3-C:J03-U11 RAS KERNEL INFO CE sym 15, at 0x1bb2fe80, mask 0x02
1130211672 2005.10.24 R21-M1-N3-C:J03-U11 2005-10-24-20.41.12.549386 R21-M1-N3-C:J03-U11 RAS KERNEL INFO CE sym 15, at 0x1bb2fe80, mask 0x02
1130211673 2005.10.24 R21-M1-N3-C:J03-U11 2005-10-24-20.41.13.028758 R21-M1-N3-C:J03-U11 RAS KERNEL INFO CE sym 15, at 0x1bb2fe80, mask 0x02
1130211673 2005.10.24 R21-M1-N3-C:J03-U11 2005-10-24-20.41.13.513783 R21-M1-N3-C:J03-U11 RAS KERNEL INFO CE sym 15, at 0x1bb2fe80, mask 0x02
1130211674 2005.10.24 R21-M1-N3-C:J03-U11 2005-10-24-20.41.14.004200 R21-M1-N3-C:J03-U11 RAS KERNEL INFO CE sym 15, at 0x1bb2fe80, mask 0x02
1130211674 2005.10.24 R21-M1-N3-C:J03-U11 2005-10-24-20.41.14.481391 R21-M1-N3-C:J03-U11 RAS KERNEL INFO CE sym 15, at 0x1bb2fe80, mask 0x02
1130219439 2005.10.24 R72-M0-N1-C:J11-U11 2005-10-24-22.50.39.249674 R72-M0-N1-C:J11-U11 RAS KERNEL INFO 1 ddr errors(s) detected and corrected on rank 0, symbol 25, bit 7
1130219439 2005.10.24 R60-M1-N7-C:J17-U01 2005-10-24-22.50.39.369828 R60-M1-N7-C:J17-U01 RAS KERNEL INFO 20 ddr errors(s) detected and corrected on rank 0, symbol 11, bit 3
1130219439 2005.10.24 R00-M1-N7-C:J11-U01 2005-10-24-22.50.39.590438 R00-M1-N7-C:J11-U01 RAS KERNEL INFO 2 ddr errors(s) detected and corrected on rank 0, symbol 22, bit 2
1130219439 2005.10.24 R06-M1-N6-C:J15-U01 2005-10-24-22.50.39.793389 R06-M1-N6-C:J15-U01 RAS KERNEL INFO 1 torus receiver x+ input pipe error(s) (dcr 0x02ec) detected and corrected
1130219439 2005.10.24 R24-M0-N7-C:J09-U11 2005-10-24-22.50.39.996853 R24-M0-N7-C:J09-U11 RAS KERNEL INFO 2 ddr errors(s) detected and corrected on rank 0, symbol 12, bit 5
1130219440 2005.10.24 R57-M0-NB-C:J07-U11 2005-10-24-22.50.40.098711 R57-M0-NB-C:J07-U11 RAS KERNEL INFO 2 ddr errors(s) detected and corrected on rank 0, symbol 35, bit 1
1130219440 2005.10.24 R30-M0-N7-C:J09-U01 2005-10-24-22.50.40.303377 R30-M0-N7-C:J09-U01 RAS KERNEL INFO 1 ddr errors(s) detected and corrected on rank 0, symbol 26, bit 3
1130219440 2005.10.24 R75-M1-NE-C:J09-U01 2005-10-24-22.50.40.720378 R75-M1-NE-C:J09-U01 RAS KERNEL INFO 1 tree receiver 2 in re-synch state event(s) (dcr 0x019a) detected
1130219441 2005.10.24 R27-M0-N1-C:J16-U01 2005-10-24-22.50.41.003633 R27-M0-N1-C:J16-U01 RAS KERNEL INFO 5 ddr errors(s) detected and corrected on rank 0, symbol 31, bit 6
1130219441 2005.10.24 R60-M0-NC-C:J12-U01 2005-10-24-22.50.41.384688 R60-M0-NC-C:J12-U01 RAS KERNEL INFO 1 ddr errors(s) detected and corrected on rank 0, symbol 34, bit 1
1130219441 2005.10.24 R60-M0-N4-C:J10-U11 2005-10-24-22.50.41.493707 R60-M0-N4-C:J10-U11 RAS KERNEL INFO 2 ddr errors(s) detected and corrected on rank 0, symbol 35, bit 4
1130219441 2005.10.24 R60-M0-NA-C:J04-U01 2005-10-24-22.50.41.775353 R60-M0-NA-C:J04-U01 RAS KERNEL INFO 3 ddr errors(s) detected and corrected on rank 0, symbol 29, bit 4
1130219442 2005.10.24 R72-M0-N1-C:J11-U11 2005-10-24-22.50.42.264943 R72-M0-N1-C:J11-U11 RAS KERNEL INFO CE sym 25, at 0x1f91c6a0, mask 0x01
1130219442 2005.10.24 R60-M1-N7-C:J17-U01 2005-10-24-22.50.42.378596 R60-M1-N7-C:J17-U01 RAS KERNEL INFO CE sym 11, at 0x197f3fe0, mask 0x10
1130219442 2005.10.24 R00-M1-N7-C:J11-U01 2005-10-24-22.50.42.582073 R00-M1-N7-C:J11-U01 RAS KERNEL INFO CE sym 22, at 0x1c223b20, mask 0x20
1130219442 2005.10.24 R06-M1-N6-C:J15-U01 2005-10-24-22.50.42.785661 R06-M1-N6-C:J15-U01 RAS KERNEL INFO 1 tree receiver 2 in re-synch state event(s) (dcr 0x019a) detected
1130219443 2005.10.24 R24-M0-N7-C:J09-U11 2005-10-24-22.50.43.061226 R24-M0-N7-C:J09-U11 RAS KERNEL INFO 2 ddr errors(s) detected and corrected on rank 0, symbol 12, bit 7
1130219443 2005.10.24 R57-M0-NB-C:J07-U11 2005-10-24-22.50.43.204977 R57-M0-NB-C:J07-U11 RAS KERNEL INFO CE sym 35, at 0x0475dd60, mask 0x40
1130219443 2005.10.24 R30-M0-N7-C:J09-U01 2005-10-24-22.50.43.426363 R30-M0-N7-C:J09-U01 RAS KERNEL INFO CE sym 26, at 0x07a95e80, mask 0x10
1130219443 2005.10.24 R27-M0-N1-C:J16-U01 2005-10-24-22.50.43.990526 R27-M0-N1-C:J16-U01 RAS KERNEL INFO CE sym 31, at 0x1ebba9c0, mask 0x02
1130219444 2005.10.24 R60-M0-NC-C:J12-U01 2005-10-24-22.50.44.349775 R60-M0-NC-C:J12-U01 RAS KERNEL INFO CE sym 34, at 0x19165940, mask 0x40
1130219444 2005.10.24 R60-M0-N4-C:J10-U11 2005-10-24-22.50.44.457581 R60-M0-N4-C:J10-U11 RAS KERNEL INFO CE sym 35, at 0x1f32ee60, mask 0x08
1130219444 2005.10.24 R60-M0-NA-C:J04-U01 2005-10-24-22.50.44.792738 R60-M0-NA-C:J04-U01 RAS KERNEL INFO CE sym 29, at 0x1af06960, mask 0x08
1130219445 2005.10.24 R72-M0-N1-C:J11-U11 2005-10-24-22.50.45.295171 R72-M0-N1-C:J11-U11 RAS KERNEL INFO total of 1 ddr error(s) detected and corrected
1130219445 2005.10.24 R60-M1-N7-C:J17-U01 2005-10-24-22.50.45.397538 R60-M1-N7-C:J17-U01 RAS KERNEL INFO CE sym 11, at 0x197f3fe0, mask 0x10
1130219445 2005.10.24 R00-M1-N7-C:J11-U01 2005-10-24-22.50.45.601303 R00-M1-N7-C:J11-U01 RAS KERNEL INFO CE sym 22, at 0x1c223b20, mask 0x20
1130219445 2005.10.24 R24-M0-N7-C:J09-U11 2005-10-24-22.50.45.924119 R24-M0-N7-C:J09-U11 RAS KERNEL INFO CE sym 12, at 0x1c521d00, mask 0x04
1130219446 2005.10.24 R57-M0-NB-C:J07-U11 2005-10-24-22.50.46.026570 R57-M0-NB-C:J07-U11 RAS KERNEL INFO CE sym 35, at 0x0475dd60, mask 0x40
1130219446 2005.10.24 R30-M0-N7-C:J09-U01 2005-10-24-22.50.46.230102 R30-M0-N7-C:J09-U01 RAS KERNEL INFO total of 1 ddr error(s) detected and corrected
1130219446 2005.10.24 R27-M0-N1-C:J16-U01 2005-10-24-22.50.46.775311 R27-M0-N1-C:J16-U01 RAS KERNEL INFO CE sym 31, at 0x1ebba9c0, mask 0x02
1130219447 2005.10.24 R60-M0-NC-C:J12-U01 2005-10-24-22.50.47.104317 R60-M0-NC-C:J12-U01 RAS KERNEL INFO total of 1 ddr error(s) detected and corrected
1130219447 2005.10.24 R60-M0-N4-C:J10-U11 2005-10-24-22.50.47.206803 R60-M0-N4-C:J10-U11 RAS KERNEL INFO CE sym 35, at 0x1f32ee60, mask 0x08
1130219447 2005.10.24 R60-M0-NA-C:J04-U01 2005-10-24-22.50.47.409571 R60-M0-NA-C:J04-U01 RAS KERNEL INFO CE sym 29, at 0x1af06960, mask 0x08
1130219447 2005.10.24 R60-M1-N7-C:J17-U01 2005-10-24-22.50.47.895876 R60-M1-N7-C:J17-U01 RAS KERNEL INFO CE sym 11, at 0x197f3fe0, mask 0x10
1130219448 2005.10.24 R00-M1-N7-C:J11-U01 2005-10-24-22.50.48.099176 R00-M1-N7-C:J11-U01 RAS KERNEL INFO total of 2 ddr error(s) detected and corrected
1130219448 2005.10.24 R24-M0-N7-C:J09-U11 2005-10-24-22.50.48.308246 R24-M0-N7-C:J09-U11 RAS KERNEL INFO CE sym 12, at 0x1c521940, mask 0x01
1130219448 2005.10.24 R57-M0-NB-C:J07-U11 2005-10-24-22.50.48.409716 R57-M0-NB-C:J07-U11 RAS KERNEL INFO total of 2 ddr error(s) detected and corrected
1130219448 2005.10.24 R27-M0-N1-C:J16-U01 2005-10-24-22.50.48.936305 R27-M0-N1-C:J16-U01 RAS KERNEL INFO CE sym 31, at 0x1ebba9c0, mask 0x02
1130219449 2005.10.24 R60-M0-N4-C:J10-U11 2005-10-24-22.50.49.193418 R60-M0-N4-C:J10-U11 RAS KERNEL INFO total of 2 ddr error(s) detected and corrected
1130219449 2005.10.24 R60-M0-NA-C:J04-U01 2005-10-24-22.50.49.391013 R60-M0-NA-C:J04-U01 RAS KERNEL INFO CE sym 29, at 0x1af06960, mask 0x08
1130219449 2005.10.24 R60-M1-N7-C:J17-U01 2005-10-24-22.50.49.756159 R60-M1-N7-C:J17-U01 RAS KERNEL INFO CE sym 11, at 0x197f3fe0, mask 0x10
1130219450 2005.10.24 R24-M0-N7-C:J09-U11 2005-10-24-22.50.50.079472 R24-M0-N7-C:J09-U11 RAS KERNEL INFO CE sym 12, at 0x1c521740, mask 0x01
1130219450 2005.10.24 R27-M0-N1-C:J16-U01 2005-10-24-22.50.50.366690 R27-M0-N1-C:J16-U01 RAS KERNEL INFO CE sym 31, at 0x1ebba9c0, mask 0x02
1130219450 2005.10.24 R60-M0-NA-C:J04-U01 2005-10-24-22.50.50.647610 R60-M0-NA-C:J04-U01 RAS KERNEL INFO total of 3 ddr error(s) detected and corrected
1130219451 2005.10.24 R60-M1-N7-C:J17-U01 2005-10-24-22.50.51.007183 R60-M1-N7-C:J17-U01 RAS KERNEL INFO CE sym 11, at 0x197f3fe0, mask 0x10
1130219451 2005.10.24 R24-M0-N7-C:J09-U11 2005-10-24-22.50.51.192784 R24-M0-N7-C:J09-U11 RAS KERNEL INFO CE sym 12, at 0x1c521d00, mask 0x04
1130219451 2005.10.24 R27-M0-N1-C:J16-U01 2005-10-24-22.50.51.462298 R27-M0-N1-C:J16-U01 RAS KERNEL INFO CE sym 31, at 0x1ebba9c0, mask 0x02
1130219451 2005.10.24 R60-M1-N7-C:J17-U01 2005-10-24-22.50.51.900021 R60-M1-N7-C:J17-U01 RAS KERNEL INFO CE sym 11, at 0x197f3fe0, mask 0x10
1130219452 2005.10.24 R24-M0-N7-C:J09-U11 2005-10-24-22.50.52.114868 R24-M0-N7-C:J09-U11 RAS KERNEL INFO total of 4 ddr error(s) detected and corrected
1130219452 2005.10.24 R27-M0-N1-C:J16-U01 2005-10-24-22.50.52.420559 R27-M0-N1-C:J16-U01 RAS KERNEL INFO total of 5 ddr error(s) detected and corrected
1130219452 2005.10.24 R60-M1-N7-C:J17-U01 2005-10-24-22.50.52.888341 R60-M1-N7-C:J17-U01 RAS KERNEL INFO CE sym 11, at 0x197f3fe0, mask 0x10
1130219453 2005.10.24 R60-M1-N7-C:J17-U01 2005-10-24-22.50.53.611826 R60-M1-N7-C:J17-U01 RAS KERNEL INFO CE sym 11, at 0x197f3fe0, mask 0x10
1130219454 2005.10.24 R60-M1-N7-C:J17-U01 2005-10-24-22.50.54.323752 R60-M1-N7-C:J17-U01 RAS KERNEL INFO CE sym 11, at 0x197f3fe0, mask 0x10
1130219455 2005.10.24 R60-M1-N7-C:J17-U01 2005-10-24-22.50.55.076732 R60-M1-N7-C:J17-U01 RAS KERNEL INFO CE sym 11, at 0x197f3fe0, mask 0x10
1130219455 2005.10.24 R60-M1-N7-C:J17-U01 2005-10-24-22.50.55.889818 R60-M1-N7-C:J17-U01 RAS KERNEL INFO CE sym 11, at 0x197f3fe0, mask 0x10
1130219456 2005.10.24 R60-M1-N7-C:J17-U01 2005-10-24-22.50.56.656818 R60-M1-N7-C:J17-U01 RAS KERNEL INFO CE sym 11, at 0x197f3fe0, mask 0x10
1130219457 2005.10.24 R60-M1-N7-C:J17-U01 2005-10-24-22.50.57.302296 R60-M1-N7-C:J17-U01 RAS KERNEL INFO CE sym 11, at 0x197f3fe0, mask 0x10
1130219457 2005.10.24 R60-M1-N7-C:J17-U01 2005-10-24-22.50.57.907304 R60-M1-N7-C:J17-U01 RAS KERNEL INFO CE sym 11, at 0x197f3fe0, mask 0x10
1130219458 2005.10.24 R60-M1-N7-C:J17-U01 2005-10-24-22.50.58.516834 R60-M1-N7-C:J17-U01 RAS KERNEL INFO CE sym 11, at 0x197f3fe0, mask 0x10
1130219459 2005.10.24 R60-M1-N7-C:J17-U01 2005-10-24-22.50.59.127205 R60-M1-N7-C:J17-U01 RAS KERNEL INFO CE sym 11, at 0x197f3fe0, mask 0x10
1130219459 2005.10.24 R60-M1-N7-C:J17-U01 2005-10-24-22.50.59.738154 R60-M1-N7-C:J17-U01 RAS KERNEL INFO CE sym 11, at 0x197f3fe0, mask 0x10
1130219460 2005.10.24 R60-M1-N7-C:J17-U01 2005-10-24-22.51.00.290407 R60-M1-N7-C:J17-U01 RAS KERNEL INFO CE sym 11, at 0x197f3fe0, mask 0x10
1130219460 2005.10.24 R60-M1-N7-C:J17-U01 2005-10-24-22.51.00.722136 R60-M1-N7-C:J17-U01 RAS KERNEL INFO CE sym 11, at 0x197f3fe0, mask 0x10
1130219461 2005.10.24 R60-M1-N7-C:J17-U01 2005-10-24-22.51.01.259606 R60-M1-N7-C:J17-U01 RAS KERNEL INFO CE sym 11, at 0x197f3fe0, mask 0x10
1130219461 2005.10.24 R60-M1-N7-C:J17-U01 2005-10-24-22.51.01.952875 R60-M1-N7-C:J17-U01 RAS KERNEL INFO total of 20 ddr error(s) detected and corrected
1130220885 2005.10.24 R06-M1-N6-C:J15-U01 2005-10-24-23.14.45.148838 R06-M1-N6-C:J15-U01 RAS KERNEL INFO 1 torus receiver x+ input pipe error(s) (dcr 0x02ec) detected and corrected
1130220885 2005.10.24 R06-M1-N6-C:J15-U01 2005-10-24-23.14.45.260263 R06-M1-N6-C:J15-U01 RAS KERNEL INFO 1 torus receiver z- input pipe error(s) (dcr 0x02f1) detected and corrected
1130220885 2005.10.24 R06-M1-N6-C:J15-U01 2005-10-24-23.14.45.576845 R06-M1-N6-C:J15-U01 RAS KERNEL INFO 1 tree receiver 2 in re-synch state event(s) (dcr 0x019a) detected
1130220885 2005.10.24 R06-M1-N6-C:J15-U01 2005-10-24-23.14.45.649109 R06-M1-N6-C:J15-U01 RAS KERNEL INFO 1 tree receiver 2 in re-synch state event(s) (dcr 0x019a) detected
1130228485 2005.10.25 R45-M0-N4-C:J08-U01 2005-10-25-01.21.25.014964 R45-M0-N4-C:J08-U01 RAS KERNEL INFO 12 L3 EDRAM error(s) (dcr 0x0157) detected and corrected
1130228485 2005.10.25 R45-M0-N4-C:J08-U01 2005-10-25-01.21.25.100453 R45-M0-N4-C:J08-U01 RAS KERNEL INFO 12 L3 EDRAM error(s) (dcr 0x0157) detected and corrected
1130228485 2005.10.25 R45-M0-N9-C:J08-U11 2005-10-25-01.21.25.132933 R45-M0-N9-C:J08-U11 RAS KERNEL INFO 1 ddr errors(s) detected and corrected on rank 0, symbol 35, bit 0
1130228485 2005.10.25 R45-M0-N9-C:J08-U11 2005-10-25-01.21.25.704209 R45-M0-N9-C:J08-U11 RAS KERNEL INFO CE sym 35, at 0x090075e0, mask 0x80
1130228486 2005.10.25 R45-M0-N9-C:J08-U11 2005-10-25-01.21.26.129729 R45-M0-N9-C:J08-U11 RAS KERNEL INFO total of 1 ddr error(s) detected and corrected
1130238016 2005.10.25 R03-M1-N9-C:J13-U01 2005-10-25-04.00.16.526257 R03-M1-N9-C:J13-U01 RAS KERNEL INFO 2 ddr errors(s) detected and corrected on rank 0, symbol 7, bit 0
1130238016 2005.10.25 R36-M0-ND-C:J03-U01 2005-10-25-04.00.16.655562 R36-M0-ND-C:J03-U01 RAS KERNEL INFO 3 ddr errors(s) detected and corrected on rank 0, symbol 35, bit 4
1130238016 2005.10.25 R30-M0-NE-C:J09-U01 2005-10-25-04.00.16.762940 R30-M0-NE-C:J09-U01 RAS KERNEL INFO 3 ddr errors(s) detected and corrected on rank 0, symbol 4, bit 0
1130238017 2005.10.25 R03-M1-N9-C:J13-U01 2005-10-25-04.00.17.070524 R03-M1-N9-C:J13-U01 RAS KERNEL INFO CE sym 7, at 0x0105e920, mask 0x80
1130238017 2005.10.25 R36-M0-ND-C:J03-U01 2005-10-25-04.00.17.107275 R36-M0-ND-C:J03-U01 RAS KERNEL INFO CE sym 35, at 0x010ab140, mask 0x08
1130238017 2005.10.25 R30-M0-NE-C:J09-U01 2005-10-25-04.00.17.148092 R30-M0-NE-C:J09-U01 RAS KERNEL INFO CE sym 4, at 0x0195f280, mask 0x80
1130238017 2005.10.25 R21-M0-ND-C:J04-U01 2005-10-25-04.00.17.226875 R21-M0-ND-C:J04-U01 RAS KERNEL INFO 1 ddr errors(s) detected and corrected on rank 0, symbol 25, bit 2
1130238017 2005.10.25 R00-M1-ND-C:J17-U11 2005-10-25-04.00.17.461732 R00-M1-ND-C:J17-U11 RAS KERNEL INFO 1 ddr errors(s) detected and corrected on rank 0, symbol 12, bit 0
1130238017 2005.10.25 R03-M1-N9-C:J13-U01 2005-10-25-04.00.17.574408 R03-M1-N9-C:J13-U01 RAS KERNEL INFO CE sym 7, at 0x0105e920, mask 0x80
1130238017 2005.10.25 R36-M0-ND-C:J03-U01 2005-10-25-04.00.17.913894 R36-M0-ND-C:J03-U01 RAS KERNEL INFO CE sym 35, at 0x010ab140, mask 0x08
1130238018 2005.10.25 R30-M0-NE-C:J09-U01 2005-10-25-04.00.18.022163 R30-M0-NE-C:J09-U01 RAS KERNEL INFO CE sym 4, at 0x0195f280, mask 0x80
1130238018 2005.10.25 R21-M0-ND-C:J04-U01 2005-10-25-04.00.18.824488 R21-M0-ND-C:J04-U01 RAS KERNEL INFO CE sym 25, at 0x18d24c20, mask 0x20
1130238019 2005.10.25 R30-M0-NB-C:J15-U01 2005-10-25-04.00.19.061202 R30-M0-NB-C:J15-U01 RAS KERNEL INFO 1 ddr errors(s) detected and corrected on rank 0, symbol 12, bit 6
1130238019 2005.10.25 R00-M1-ND-C:J17-U11 2005-10-25-04.00.19.237056 R00-M1-ND-C:J17-U11 RAS KERNEL INFO CE sym 12, at 0x010dea00, mask 0x80
1130238019 2005.10.25 R03-M1-N9-C:J13-U01 2005-10-25-04.00.19.344355 R03-M1-N9-C:J13-U01 RAS KERNEL INFO total of 2 ddr error(s) detected and corrected
1130238019 2005.10.25 R06-M1-N6-C:J15-U01 2005-10-25-04.00.19.502370 R06-M1-N6-C:J15-U01 RAS KERNEL INFO 7 torus receiver x+ input pipe error(s) (dcr 0x02ec) detected and corrected
1130238019 2005.10.25 R06-M1-N6-C:J15-U01 2005-10-25-04.00.19.535098 R06-M1-N6-C:J15-U01 RAS KERNEL INFO 1 torus receiver x- input pipe error(s) (dcr 0x02ed) detected and corrected
1130238019 2005.10.25 R36-M0-ND-C:J03-U01 2005-10-25-04.00.19.637427 R36-M0-ND-C:J03-U01 RAS KERNEL INFO CE sym 35, at 0x010ab140, mask 0x08
1130238019 2005.10.25 R30-M0-NE-C:J09-U01 2005-10-25-04.00.19.746344 R30-M0-NE-C:J09-U01 RAS KERNEL INFO CE sym 4, at 0x0195f280, mask 0x80
1130238019 2005.10.25 R30-M0-N7-C:J09-U01 2005-10-25-04.00.19.957464 R30-M0-N7-C:J09-U01 RAS KERNEL INFO 1 ddr errors(s) detected and corrected on rank 0, symbol 26, bit 3
1130238020 2005.10.25 R21-M0-ND-C:J04-U01 2005-10-25-04.00.20.726763 R21-M0-ND-C:J04-U01 RAS KERNEL INFO total of 1 ddr error(s) detected and corrected
1130238021 2005.10.25 R00-M0-N4-C:J06-U11 2005-10-25-04.00.21.004452 R00-M0-N4-C:J06-U11 RAS KERNEL INFO 1 ddr errors(s) detected and corrected on rank 0, symbol 18, bit 0
1130238021 2005.10.25 R30-M0-NB-C:J15-U01 2005-10-25-04.00.21.219212 R30-M0-NB-C:J15-U01 RAS KERNEL INFO CE sym 12, at 0x1100df00, mask 0x02
1130238021 2005.10.25 R00-M1-ND-C:J17-U11 2005-10-25-04.00.21.421710 R00-M1-ND-C:J17-U11 RAS KERNEL INFO total of 1 ddr error(s) detected and corrected
1130238021 2005.10.25 R06-M1-N6-C:J15-U01 2005-10-25-04.00.21.606775 R06-M1-N6-C:J15-U01 RAS KERNEL INFO 3 torus receiver y+ input pipe error(s) (dcr 0x02ee) detected and corrected
1130238021 2005.10.25 R06-M1-N6-C:J15-U01 2005-10-25-04.00.21.701382 R06-M1-N6-C:J15-U01 RAS KERNEL INFO 1 torus receiver z+ input pipe error(s) (dcr 0x02f0) detected and corrected
1130238021 2005.10.25 R36-M0-ND-C:J03-U01 2005-10-25-04.00.21.989336 R36-M0-ND-C:J03-U01 RAS KERNEL INFO total of 3 ddr error(s) detected and corrected
1130238022 2005.10.25 R30-M0-NE-C:J09-U01 2005-10-25-04.00.22.085921 R30-M0-NE-C:J09-U01 RAS KERNEL INFO total of 3 ddr error(s) detected and corrected
1130238022 2005.10.25 R30-M0-N7-C:J09-U01 2005-10-25-04.00.22.288513 R30-M0-N7-C:J09-U01 RAS KERNEL INFO CE sym 26, at 0x07a95e80, mask 0x10
1130238023 2005.10.25 R00-M0-N4-C:J06-U11 2005-10-25-04.00.23.024429 R00-M0-N4-C:J06-U11 RAS KERNEL INFO CE sym 18, at 0x014a4f20, mask 0x80
1130238023 2005.10.25 R30-M0-NB-C:J15-U01 2005-10-25-04.00.23.179791 R30-M0-NB-C:J15-U01 RAS KERNEL INFO total of 1 ddr error(s) detected and corrected
1130238023 2005.10.25 R06-M1-N6-C:J15-U01 2005-10-25-04.00.23.425765 R06-M1-N6-C:J15-U01 RAS KERNEL INFO 5 torus receiver z- input pipe error(s) (dcr 0x02f1) detected and corrected
1130238023 2005.10.25 R06-M1-N6-C:J15-U01 2005-10-25-04.00.23.524707 R06-M1-N6-C:J15-U01 RAS KERNEL INFO 1 tree receiver 0 in re-synch state event(s) (dcr 0x01bc) detected
1130238023 2005.10.25 R30-M0-N7-C:J09-U01 2005-10-25-04.00.23.707384 R30-M0-N7-C:J09-U01 RAS KERNEL INFO total of 1 ddr error(s) detected and corrected
1130238024 2005.10.25 R00-M0-N4-C:J06-U11 2005-10-25-04.00.24.410989 R00-M0-N4-C:J06-U11 RAS KERNEL INFO total of 1 ddr error(s) detected and corrected
1130238024 2005.10.25 R06-M1-N6-C:J15-U01 2005-10-25-04.00.24.668485 R06-M1-N6-C:J15-U01 RAS KERNEL INFO 1 tree receiver 0 in re-synch state event(s) (dcr 0x01bc) detected
1130238024 2005.10.25 R06-M1-N6-C:J15-U01 2005-10-25-04.00.24.769549 R06-M1-N6-C:J15-U01 RAS KERNEL INFO 8 tree receiver 2 in re-synch state event(s) (dcr 0x019a) detected
1130238025 2005.10.25 R06-M1-N6-C:J15-U01 2005-10-25-04.00.25.602097 R06-M1-N6-C:J15-U01 RAS KERNEL INFO 8 tree receiver 2 in re-synch state event(s) (dcr 0x019a) detected
1130240773 2005.10.25 R63-M0-N3-C:J02-U11 2005-10-25-04.46.13.053164 R63-M0-N3-C:J02-U11 RAS KERNEL INFO instruction cache parity error corrected
1130240817 2005.10.25 R63-M0-N3-C:J02-U11 2005-10-25-04.46.57.988463 R63-M0-N3-C:J02-U11 RAS KERNEL INFO instruction cache parity error corrected
1130240874 2005.10.25 R63-M0-N3-C:J02-U11 2005-10-25-04.47.54.395882 R63-M0-N3-C:J02-U11 RAS KERNEL INFO instruction cache parity error corrected
1130241085 2005.10.25 R51-M1-N7-C:J17-U11 2005-10-25-04.51.25.137599 R51-M1-N7-C:J17-U11 RAS KERNEL INFO 5 ddr errors(s) detected and corrected on rank 0, symbol 4, bit 6
1130241085 2005.10.25 R24-M0-N8-C:J17-U01 2005-10-25-04.51.25.390373 R24-M0-N8-C:J17-U01 RAS KERNEL INFO 2 ddr errors(s) detected and corrected on rank 0, symbol 26, bit 0
1130241085 2005.10.25 R66-M1-N1-C:J15-U01 2005-10-25-04.51.25.498636 R66-M1-N1-C:J15-U01 RAS KERNEL INFO 2 ddr errors(s) detected and corrected on rank 0, symbol 9, bit 6
1130241086 2005.10.25 R00-M1-NE-C:J15-U01 2005-10-25-04.51.26.012795 R00-M1-NE-C:J15-U01 RAS KERNEL INFO 2 ddr errors(s) detected and corrected on rank 0, symbol 3, bit 6
1130241086 2005.10.25 R60-M1-N5-C:J09-U11 2005-10-25-04.51.26.617829 R60-M1-N5-C:J09-U11 RAS KERNEL INFO 1 ddr errors(s) detected and corrected on rank 0, symbol 8, bit 7
1130241087 2005.10.25 R51-M0-N3-C:J16-U01 2005-10-25-04.51.27.942056 R51-M0-N3-C:J16-U01 RAS KERNEL INFO 1 ddr errors(s) detected and corrected on rank 0, symbol 26, bit 3
1130241088 2005.10.25 R51-M0-ND-C:J16-U11 2005-10-25-04.51.28.055962 R51-M0-ND-C:J16-U11 RAS KERNEL INFO 1 torus receiver z+ input pipe error(s) (dcr 0x02f0) detected and corrected
1130241090 2005.10.25 R72-M0-NF-C:J08-U01 2005-10-25-04.51.30.113965 R72-M0-NF-C:J08-U01 RAS KERNEL INFO 1 ddr errors(s) detected and corrected on rank 0, symbol 34, bit 7
1130241090 2005.10.25 R51-M1-N7-C:J17-U11 2005-10-25-04.51.30.718120 R51-M1-N7-C:J17-U11 RAS KERNEL INFO CE sym 4, at 0x13fb8580, mask 0x02
1130241090 2005.10.25 R24-M0-N8-C:J17-U01 2005-10-25-04.51.30.907933 R24-M0-N8-C:J17-U01 RAS KERNEL INFO CE sym 26, at 0x19bd1c60, mask 0x80
1130241091 2005.10.25 R66-M1-N1-C:J15-U01 2005-10-25-04.51.31.009161 R66-M1-N1-C:J15-U01 RAS KERNEL INFO CE sym 9, at 0x05ae8720, mask 0x02
1130241091 2005.10.25 R00-M1-NE-C:J15-U01 2005-10-25-04.51.31.529836 R00-M1-NE-C:J15-U01 RAS KERNEL INFO CE sym 3, at 0x11b33d00, mask 0x02
1130241092 2005.10.25 R60-M1-N5-C:J09-U11 2005-10-25-04.51.32.151491 R60-M1-N5-C:J09-U11 RAS KERNEL INFO CE sym 8, at 0x06272860, mask 0x01
1130241092 2005.10.25 R51-M0-N3-C:J16-U01 2005-10-25-04.51.32.864116 R51-M0-N3-C:J16-U01 RAS KERNEL INFO CE sym 26, at 0x11f87d00, mask 0x10
1130241094 2005.10.25 R72-M0-NF-C:J08-U01 2005-10-25-04.51.34.365921 R72-M0-NF-C:J08-U01 RAS KERNEL INFO CE sym 34, at 0x1518d340, mask 0x01
1130241095 2005.10.25 R51-M1-N7-C:J17-U11 2005-10-25-04.51.35.055068 R51-M1-N7-C:J17-U11 RAS KERNEL INFO CE sym 4, at 0x13fb8580, mask 0x02
1130241095 2005.10.25 R24-M0-N8-C:J17-U01 2005-10-25-04.51.35.259065 R24-M0-N8-C:J17-U01 RAS KERNEL INFO CE sym 26, at 0x19bd1c60, mask 0x80
1130241095 2005.10.25 R66-M1-N1-C:J15-U01 2005-10-25-04.51.35.371417 R66-M1-N1-C:J15-U01 RAS KERNEL INFO CE sym 9, at 0x05ae8720, mask 0x02
1130241095 2005.10.25 R00-M1-NE-C:J15-U01 2005-10-25-04.51.35.921651 R00-M1-NE-C:J15-U01 RAS KERNEL INFO CE sym 3, at 0x11b33d00, mask 0x02
1130241096 2005.10.25 R60-M1-N5-C:J09-U11 2005-10-25-04.51.36.562031 R60-M1-N5-C:J09-U11 RAS KERNEL INFO total of 1 ddr error(s) detected and corrected
1130241097 2005.10.25 R51-M0-N3-C:J16-U01 2005-10-25-04.51.37.143195 R51-M0-N3-C:J16-U01 RAS KERNEL INFO total of 1 ddr error(s) detected and corrected
1130241098 2005.10.25 R72-M0-NF-C:J08-U01 2005-10-25-04.51.38.655540 R72-M0-NF-C:J08-U01 RAS KERNEL INFO total of 1 ddr error(s) detected and corrected
1130241099 2005.10.25 R51-M1-N7-C:J17-U11 2005-10-25-04.51.39.408744 R51-M1-N7-C:J17-U11 RAS KERNEL INFO CE sym 4, at 0x13fb8580, mask 0x02
1130241099 2005.10.25 R24-M0-N8-C:J17-U01 2005-10-25-04.51.39.500335 R24-M0-N8-C:J17-U01 RAS KERNEL INFO total of 2 ddr error(s) detected and corrected
1130241099 2005.10.25 R66-M1-N1-C:J15-U01 2005-10-25-04.51.39.608393 R66-M1-N1-C:J15-U01 RAS KERNEL INFO total of 2 ddr error(s) detected and corrected
1130241099 2005.10.25 R00-M1-NE-C:J15-U01 2005-10-25-04.51.39.937069 R00-M1-NE-C:J15-U01 RAS KERNEL INFO total of 2 ddr error(s) detected and corrected
1130241101 2005.10.25 R51-M1-N7-C:J17-U11 2005-10-25-04.51.41.986088 R51-M1-N7-C:J17-U11 RAS KERNEL INFO CE sym 4, at 0x13fb8580, mask 0x02
1130241103 2005.10.25 R51-M1-N7-C:J17-U11 2005-10-25-04.51.43.536350 R51-M1-N7-C:J17-U11 RAS KERNEL INFO CE sym 4, at 0x13fb8580, mask 0x02
1130241104 2005.10.25 R51-M1-N7-C:J17-U11 2005-10-25-04.51.44.800769 R51-M1-N7-C:J17-U11 RAS KERNEL INFO total of 5 ddr error(s) detected and corrected
1130241590 2005.10.25 R63-M0-N3-C:J02-U11 2005-10-25-04.59.50.130144 R63-M0-N3-C:J02-U11 RAS KERNEL INFO instruction cache parity error corrected
1130241656 2005.10.25 R63-M0-N3-C:J02-U11 2005-10-25-05.00.56.619238 R63-M0-N3-C:J02-U11 RAS KERNEL INFO instruction cache parity error corrected
1130241827 2005.10.25 R63-M0-N3-C:J02-U11 2005-10-25-05.03.47.840159 R63-M0-N3-C:J02-U11 RAS KERNEL INFO instruction cache parity error corrected
1130242206 2005.10.25 R66-M1-N1-C:J15-U01 2005-10-25-05.10.06.083050 R66-M1-N1-C:J15-U01 RAS KERNEL INFO 2 ddr errors(s) detected and corrected on rank 0, symbol 9, bit 6
1130242206 2005.10.25 R00-M1-NE-C:J15-U01 2005-10-25-05.10.06.818554 R00-M1-NE-C:J15-U01 RAS KERNEL INFO 3 ddr errors(s) detected and corrected on rank 0, symbol 3, bit 6
1130242207 2005.10.25 R06-M1-N6-C:J15-U01 2005-10-25-05.10.07.276537 R06-M1-N6-C:J15-U01 RAS KERNEL INFO 1 torus receiver x- input pipe error(s) (dcr 0x02ed) detected and corrected
1130242207 2005.10.25 R06-M1-N6-C:J15-U01 2005-10-25-05.10.07.384958 R06-M1-N6-C:J15-U01 RAS KERNEL INFO 1 torus receiver x+ input pipe error(s) (dcr 0x02ec) detected and corrected
1130242207 2005.10.25 R42-M1-N3-C:J07-U01 2005-10-25-05.10.07.743491 R42-M1-N3-C:J07-U01 RAS KERNEL INFO 1 tree receiver 2 in re-synch state event(s) (dcr 0x019a) detected
1130242207 2005.10.25 R42-M1-N3-C:J07-U01 2005-10-25-05.10.07.847300 R42-M1-N3-C:J07-U01 RAS KERNEL INFO 1 tree receiver 1 in re-synch state event(s) (dcr 0x0185) detected
1130242208 2005.10.25 R60-M1-N5-C:J09-U11 2005-10-25-05.10.08.094746 R60-M1-N5-C:J09-U11 RAS KERNEL INFO 1 ddr errors(s) detected and corrected on rank 0, symbol 8, bit 7
1130242208 2005.10.25 R30-M0-N7-C:J09-U01 2005-10-25-05.10.08.210160 R30-M0-N7-C:J09-U01 RAS KERNEL INFO 1 ddr errors(s) detected and corrected on rank 0, symbol 26, bit 3
1130242209 2005.10.25 R51-M0-ND-C:J16-U11 2005-10-25-05.10.09.491416 R51-M0-ND-C:J16-U11 RAS KERNEL INFO 4 torus receiver z+ input pipe error(s) (dcr 0x02f0) detected and corrected
1130242209 2005.10.25 R21-M0-N7-C:J14-U11 2005-10-25-05.10.09.831614 R21-M0-N7-C:J14-U11 RAS KERNEL INFO 2 ddr errors(s) detected and corrected on rank 0, symbol 3, bit 1
1130242211 2005.10.25 R15-M0-NC-C:J04-U11 2005-10-25-05.10.11.567731 R15-M0-NC-C:J04-U11 RAS KERNEL INFO 3 tree receiver 2 in re-synch state event(s) (dcr 0x019a) detected
1130242211 2005.10.25 R15-M0-NC-C:J04-U11 2005-10-25-05.10.11.666229 R15-M0-NC-C:J04-U11 RAS KERNEL INFO 3 tree receiver 2 in re-synch state event(s) (dcr 0x019a) detected
1130242212 2005.10.25 R66-M1-N1-C:J15-U01 2005-10-25-05.10.12.190023 R66-M1-N1-C:J15-U01 RAS KERNEL INFO CE sym 9, at 0x05ae8720, mask 0x02
1130242212 2005.10.25 R00-M1-NE-C:J15-U01 2005-10-25-05.10.12.910265 R00-M1-NE-C:J15-U01 RAS KERNEL INFO CE sym 3, at 0x11b33d00, mask 0x02
1130242213 2005.10.25 R06-M1-N6-C:J15-U01 2005-10-25-05.10.13.223535 R06-M1-N6-C:J15-U01 RAS KERNEL INFO 1 torus receiver y+ input pipe error(s) (dcr 0x02ee) detected and corrected
1130242213 2005.10.25 R06-M1-N6-C:J15-U01 2005-10-25-05.10.13.325429 R06-M1-N6-C:J15-U01 RAS KERNEL INFO 1 torus receiver y- input pipe error(s) (dcr 0x02ef) detected and corrected
1130242213 2005.10.25 R42-M1-N3-C:J07-U01 2005-10-25-05.10.13.631149 R42-M1-N3-C:J07-U01 RAS KERNEL INFO 1 tree receiver 2 in re-synch state event(s) (dcr 0x019a) detected
1130242213 2005.10.25 R60-M1-N5-C:J09-U11 2005-10-25-05.10.13.840831 R60-M1-N5-C:J09-U11 RAS KERNEL INFO CE sym 8, at 0x06272860, mask 0x01
1130242213 2005.10.25 R30-M0-N7-C:J09-U01 2005-10-25-05.10.13.943026 R30-M0-N7-C:J09-U01 RAS KERNEL INFO CE sym 26, at 0x07a95e80, mask 0x10
1130242214 2005.10.25 R21-M0-N7-C:J14-U11 2005-10-25-05.10.14.972622 R21-M0-N7-C:J14-U11 RAS KERNEL INFO CE sym 3, at 0x1387cd40, mask 0x40
1130242217 2005.10.25 R66-M1-N1-C:J15-U01 2005-10-25-05.10.17.038561 R66-M1-N1-C:J15-U01 RAS KERNEL INFO CE sym 9, at 0x05ae8720, mask 0x02
1130242217 2005.10.25 R00-M1-NE-C:J15-U01 2005-10-25-05.10.17.750750 R00-M1-NE-C:J15-U01 RAS KERNEL INFO CE sym 3, at 0x11b33d00, mask 0x02
1130242218 2005.10.25 R06-M1-N6-C:J15-U01 2005-10-25-05.10.18.037322 R06-M1-N6-C:J15-U01 RAS KERNEL INFO 1 torus receiver z+ input pipe error(s) (dcr 0x02f0) detected and corrected
1130242218 2005.10.25 R06-M1-N6-C:J15-U01 2005-10-25-05.10.18.139022 R06-M1-N6-C:J15-U01 RAS KERNEL INFO 1 torus receiver z- input pipe error(s) (dcr 0x02f1) detected and corrected
1130242218 2005.10.25 R60-M1-N5-C:J09-U11 2005-10-25-05.10.18.582824 R60-M1-N5-C:J09-U11 RAS KERNEL INFO total of 1 ddr error(s) detected and corrected
1130242218 2005.10.25 R30-M0-N7-C:J09-U01 2005-10-25-05.10.18.693331 R30-M0-N7-C:J09-U01 RAS KERNEL INFO total of 1 ddr error(s) detected and corrected
1130242219 2005.10.25 R21-M0-N7-C:J14-U11 2005-10-25-05.10.19.537440 R21-M0-N7-C:J14-U11 RAS KERNEL INFO CE sym 3, at 0x1387cd40, mask 0x40
1130242221 2005.10.25 R66-M1-N1-C:J15-U01 2005-10-25-05.10.21.353856 R66-M1-N1-C:J15-U01 RAS KERNEL INFO total of 2 ddr error(s) detected and corrected
1130242221 2005.10.25 R00-M1-NE-C:J15-U01 2005-10-25-05.10.21.823557 R00-M1-NE-C:J15-U01 RAS KERNEL INFO CE sym 3, at 0x11b33d00, mask 0x02
1130242222 2005.10.25 R06-M1-N6-C:J15-U01 2005-10-25-05.10.22.040382 R06-M1-N6-C:J15-U01 RAS KERNEL INFO 1 tree receiver 0 in re-synch state event(s) (dcr 0x01bc) detected
1130242222 2005.10.25 R06-M1-N6-C:J15-U01 2005-10-25-05.10.22.145393 R06-M1-N6-C:J15-U01 RAS KERNEL INFO 1 tree receiver 0 in re-synch state event(s) (dcr 0x01bc) detected
1130242222 2005.10.25 R21-M0-N7-C:J14-U11 2005-10-25-05.10.22.906664 R21-M0-N7-C:J14-U11 RAS KERNEL INFO total of 2 ddr error(s) detected and corrected
1130242224 2005.10.25 R00-M1-NE-C:J15-U01 2005-10-25-05.10.24.040737 R00-M1-NE-C:J15-U01 RAS KERNEL INFO total of 3 ddr error(s) detected and corrected
1130242224 2005.10.25 R06-M1-N6-C:J15-U01 2005-10-25-05.10.24.240805 R06-M1-N6-C:J15-U01 RAS KERNEL INFO 1 tree receiver 2 in re-synch state event(s) (dcr 0x019a) detected
1130242224 2005.10.25 R06-M1-N6-C:J15-U01 2005-10-25-05.10.24.341796 R06-M1-N6-C:J15-U01 RAS KERNEL INFO 1 tree receiver 2 in re-synch state event(s) (dcr 0x019a) detected
1130242536 2005.10.25 R06-M0-N0-C:J11-U01 2005-10-25-05.15.36.303533 R06-M0-N0-C:J11-U01 RAS KERNEL INFO 1 ddr errors(s) detected and corrected on rank 0, symbol 4, bit 0
1130242536 2005.10.25 R06-M0-N0-C:J11-U01 2005-10-25-05.15.36.827716 R06-M0-N0-C:J11-U01 RAS KERNEL INFO CE sym 4, at 0x00a17fe0, mask 0x80
1130242537 2005.10.25 R06-M0-N0-C:J11-U01 2005-10-25-05.15.37.485576 R06-M0-N0-C:J11-U01 RAS KERNEL INFO total of 1 ddr error(s) detected and corrected
1130247630 2005.10.25 R45-M0-N2-C:J17-U01 2005-10-25-06.40.30.518298 R45-M0-N2-C:J17-U01 RAS KERNEL INFO critical input interrupt (unit=0x0b bit=0x03): warning for torus x- wire
1130247630 2005.10.25 R45-M0-N2-C:J17-U01 2005-10-25-06.40.30.811841 R45-M0-N2-C:J17-U01 RAS KERNEL INFO suppressing further interrupts of same type
1130249683 2005.10.25 R51-M1-N7-C:J17-U11 2005-10-25-07.14.43.216827 R51-M1-N7-C:J17-U11 RAS KERNEL INFO 5 ddr errors(s) detected and corrected on rank 0, symbol 4, bit 6
1130249683 2005.10.25 R66-M1-N1-C:J15-U01 2005-10-25-07.14.43.401176 R66-M1-N1-C:J15-U01 RAS KERNEL INFO 3 ddr errors(s) detected and corrected on rank 0, symbol 9, bit 6
1130249683 2005.10.25 R66-M0-N0-C:J13-U11 2005-10-25-07.14.43.497446 R66-M0-N0-C:J13-U11 RAS KERNEL INFO 2 ddr errors(s) detected and corrected on rank 0, symbol 4, bit 6
1130249684 2005.10.25 R60-M1-N7-C:J17-U01 2005-10-25-07.14.44.054173 R60-M1-N7-C:J17-U01 RAS KERNEL INFO 1 ddr errors(s) detected and corrected on rank 0, symbol 11, bit 3
1130249684 2005.10.25 R12-M1-N7-C:J13-U11 2005-10-25-07.14.44.261786 R12-M1-N7-C:J13-U11 RAS KERNEL INFO 3 ddr errors(s) detected and corrected on rank 0, symbol 30, bit 0
1130249684 2005.10.25 R12-M1-NA-C:J15-U01 2005-10-25-07.14.44.364563 R12-M1-NA-C:J15-U01 RAS KERNEL INFO 2 ddr errors(s) detected and corrected on rank 0, symbol 34, bit 4
1130249684 2005.10.25 R00-M1-NE-C:J15-U01 2005-10-25-07.14.44.565093 R00-M1-NE-C:J15-U01 RAS KERNEL INFO 1 ddr errors(s) detected and corrected on rank 0, symbol 3, bit 6
1130249684 2005.10.25 R06-M1-N6-C:J15-U01 2005-10-25-07.14.44.768424 R06-M1-N6-C:J15-U01 RAS KERNEL INFO 2 tree receiver 2 in re-synch state event(s) (dcr 0x019a) detected
1130249684 2005.10.25 R06-M1-N6-C:J15-U01 2005-10-25-07.14.44.872743 R06-M1-N6-C:J15-U01 RAS KERNEL INFO 2 torus receiver x+ input pipe error(s) (dcr 0x02ec) detected and corrected
1130249685 2005.10.25 R12-M1-NC-C:J13-U01 2005-10-25-07.14.45.187261 R12-M1-NC-C:J13-U01 RAS KERNEL INFO 1 ddr errors(s) detected and corrected on rank 0, symbol 11, bit 4
1130249685 2005.10.25 R24-M0-N7-C:J07-U11 2005-10-25-07.14.45.575960 R24-M0-N7-C:J07-U11 RAS KERNEL INFO 1 ddr errors(s) detected and corrected on rank 0, symbol 9, bit 3
1130249685 2005.10.25 R63-M1-NE-C:J09-U01 2005-10-25-07.14.45.828157 R63-M1-NE-C:J09-U01 RAS KERNEL INFO 1 ddr errors(s) detected and corrected on rank 0, symbol 15, bit 5
1130249686 2005.10.25 R60-M1-N5-C:J09-U11 2005-10-25-07.14.46.025534 R60-M1-N5-C:J09-U11 RAS KERNEL INFO 2 ddr errors(s) detected and corrected on rank 0, symbol 8, bit 6
1130249686 2005.10.25 R75-M1-NE-C:J09-U01 2005-10-25-07.14.46.965578 R75-M1-NE-C:J09-U01 RAS KERNEL INFO 1 tree receiver 2 in re-synch state event(s) (dcr 0x019a) detected
1130249687 2005.10.25 R75-M1-NE-C:J09-U01 2005-10-25-07.14.47.057588 R75-M1-NE-C:J09-U01 RAS KERNEL INFO 1 tree receiver 2 in re-synch state event(s) (dcr 0x019a) detected
1130249688 2005.10.25 R72-M1-N5-C:J12-U01 2005-10-25-07.14.48.262896 R72-M1-N5-C:J12-U01 RAS KERNEL INFO 212 L3 EDRAM error(s) (dcr 0x0157) detected and corrected
1130249688 2005.10.25 R72-M1-N5-C:J12-U01 2005-10-25-07.14.48.366740 R72-M1-N5-C:J12-U01 RAS KERNEL INFO 212 L3 EDRAM error(s) (dcr 0x0157) detected and corrected
1130249689 2005.10.25 R45-M0-N4-C:J08-U01 2005-10-25-07.14.49.730662 R45-M0-N4-C:J08-U01 RAS KERNEL INFO 23 L3 EDRAM error(s) (dcr 0x0157) detected and corrected
1130249689 2005.10.25 R45-M0-N4-C:J08-U01 2005-10-25-07.14.49.835418 R45-M0-N4-C:J08-U01 RAS KERNEL INFO 23 L3 EDRAM error(s) (dcr 0x0157) detected and corrected
1130249690 2005.10.25 R51-M0-ND-C:J04-U01 2005-10-25-07.14.50.096117 R51-M0-ND-C:J04-U01 RAS KERNEL INFO 1 ddr errors(s) detected and corrected on rank 0, symbol 12, bit 6
1130249690 2005.10.25 R12-M0-N0-C:J08-U11 2005-10-25-07.14.50.688517 R12-M0-N0-C:J08-U11 RAS KERNEL INFO 1 ddr errors(s) detected and corrected on rank 0, symbol 15, bit 6
1130249691 2005.10.25 R06-M0-N0-C:J02-U01 2005-10-25-07.14.51.155331 R06-M0-N0-C:J02-U01 RAS KERNEL INFO 1 ddr errors(s) detected and corrected on rank 0, symbol 2, bit 0
1130249691 2005.10.25 R51-M1-N7-C:J17-U11 2005-10-25-07.14.51.743229 R51-M1-N7-C:J17-U11 RAS KERNEL INFO CE sym 4, at 0x13fb8580, mask 0x02
1130249691 2005.10.25 R66-M1-N1-C:J15-U01 2005-10-25-07.14.51.932250 R66-M1-N1-C:J15-U01 RAS KERNEL INFO CE sym 9, at 0x05ae8720, mask 0x02
1130249692 2005.10.25 R66-M0-N0-C:J13-U11 2005-10-25-07.14.52.033765 R66-M0-N0-C:J13-U11 RAS KERNEL INFO CE sym 4, at 0x03bfeb60, mask 0x02
1130249692 2005.10.25 R60-M1-N7-C:J17-U01 2005-10-25-07.14.52.566430 R60-M1-N7-C:J17-U01 RAS KERNEL INFO CE sym 11, at 0x197f3fe0, mask 0x10
1130249692 2005.10.25 R12-M1-N7-C:J13-U11 2005-10-25-07.14.52.769930 R12-M1-N7-C:J13-U11 RAS KERNEL INFO CE sym 30, at 0x163f80e0, mask 0x80
1130249692 2005.10.25 R12-M1-NA-C:J15-U01 2005-10-25-07.14.52.871827 R12-M1-NA-C:J15-U01 RAS KERNEL INFO CE sym 34, at 0x039e6960, mask 0x08
1130249693 2005.10.25 R00-M1-NE-C:J15-U01 2005-10-25-07.14.53.086741 R00-M1-NE-C:J15-U01 RAS KERNEL INFO CE sym 3, at 0x11b33d00, mask 0x02
1130249693 2005.10.25 R06-M1-N6-C:J15-U01 2005-10-25-07.14.53.435246 R06-M1-N6-C:J15-U01 RAS KERNEL INFO 2 tree receiver 2 in re-synch state event(s) (dcr 0x019a) detected
1130249693 2005.10.25 R12-M1-NC-C:J13-U01 2005-10-25-07.14.53.775715 R12-M1-NC-C:J13-U01 RAS KERNEL INFO CE sym 11, at 0x15feaf60, mask 0x08
1130249694 2005.10.25 R24-M0-N7-C:J07-U11 2005-10-25-07.14.54.230258 R24-M0-N7-C:J07-U11 RAS KERNEL INFO CE sym 9, at 0x1289a060, mask 0x10
1130249694 2005.10.25 R63-M1-NE-C:J09-U01 2005-10-25-07.14.54.577292 R63-M1-NE-C:J09-U01 RAS KERNEL INFO CE sym 15, at 0x020be860, mask 0x04
1130249694 2005.10.25 R60-M1-N5-C:J09-U11 2005-10-25-07.14.54.786409 R60-M1-N5-C:J09-U11 RAS KERNEL INFO 2 ddr errors(s) detected and corrected on rank 0, symbol 8, bit 7
1130249697 2005.10.25 R51-M0-ND-C:J04-U01 2005-10-25-07.14.57.556373 R51-M0-ND-C:J04-U01 RAS KERNEL INFO CE sym 12, at 0x02cdd540, mask 0x02
1130249698 2005.10.25 R12-M0-N0-C:J08-U11 2005-10-25-07.14.58.040593 R12-M0-N0-C:J08-U11 RAS KERNEL INFO CE sym 15, at 0x12d7e780, mask 0x02
1130249698 2005.10.25 R06-M0-N0-C:J02-U01 2005-10-25-07.14.58.585728 R06-M0-N0-C:J02-U01 RAS KERNEL INFO CE sym 2, at 0x038405e0, mask 0x80
1130249699 2005.10.25 R51-M1-N7-C:J17-U11 2005-10-25-07.14.59.160424 R51-M1-N7-C:J17-U11 RAS KERNEL INFO CE sym 4, at 0x13fb8580, mask 0x02
1130249699 2005.10.25 R66-M1-N1-C:J15-U01 2005-10-25-07.14.59.357817 R66-M1-N1-C:J15-U01 RAS KERNEL INFO CE sym 9, at 0x05ae8720, mask 0x02
1130249699 2005.10.25 R66-M0-N0-C:J13-U11 2005-10-25-07.14.59.471004 R66-M0-N0-C:J13-U11 RAS KERNEL INFO CE sym 4, at 0x03bfeb60, mask 0x02
1130249700 2005.10.25 R60-M1-N7-C:J17-U01 2005-10-25-07.15.00.039271 R60-M1-N7-C:J17-U01 RAS KERNEL INFO total of 1 ddr error(s) detected and corrected
1130249700 2005.10.25 R12-M1-N7-C:J13-U11 2005-10-25-07.15.00.278908 R12-M1-N7-C:J13-U11 RAS KERNEL INFO CE sym 30, at 0x163f80e0, mask 0x80
1130249700 2005.10.25 R12-M1-NA-C:J15-U01 2005-10-25-07.15.00.392457 R12-M1-NA-C:J15-U01 RAS KERNEL INFO CE sym 34, at 0x039e6960, mask 0x08
1130249700 2005.10.25 R00-M1-NE-C:J15-U01 2005-10-25-07.15.00.619795 R00-M1-NE-C:J15-U01 RAS KERNEL INFO total of 1 ddr error(s) detected and corrected
1130249701 2005.10.25 R12-M1-NC-C:J13-U01 2005-10-25-07.15.01.051231 R12-M1-NC-C:J13-U01 RAS KERNEL INFO total of 1 ddr error(s) detected and corrected
1130249701 2005.10.25 R24-M0-N7-C:J07-U11 2005-10-25-07.15.01.457208 R24-M0-N7-C:J07-U11 RAS KERNEL INFO total of 1 ddr error(s) detected and corrected
1130249701 2005.10.25 R63-M1-NE-C:J09-U01 2005-10-25-07.15.01.774595 R63-M1-NE-C:J09-U01 RAS KERNEL INFO total of 1 ddr error(s) detected and corrected
1130249701 2005.10.25 R60-M1-N5-C:J09-U11 2005-10-25-07.15.01.978592 R60-M1-N5-C:J09-U11 RAS KERNEL INFO CE sym 8, at 0x0626a860, mask 0x02
1130249704 2005.10.25 R51-M0-ND-C:J04-U01 2005-10-25-07.15.04.503600 R51-M0-ND-C:J04-U01 RAS KERNEL INFO total of 1 ddr error(s) detected and corrected
1130249705 2005.10.25 R12-M0-N0-C:J08-U11 2005-10-25-07.15.05.025447 R12-M0-N0-C:J08-U11 RAS KERNEL INFO total of 1 ddr error(s) detected and corrected
1130249705 2005.10.25 R06-M0-N0-C:J02-U01 2005-10-25-07.15.05.431286 R06-M0-N0-C:J02-U01 RAS KERNEL INFO total of 1 ddr error(s) detected and corrected
1130249705 2005.10.25 R51-M1-N7-C:J17-U11 2005-10-25-07.15.05.998014 R51-M1-N7-C:J17-U11 RAS KERNEL INFO CE sym 4, at 0x13fb8580, mask 0x02
1130249706 2005.10.25 R66-M1-N1-C:J15-U01 2005-10-25-07.15.06.210267 R66-M1-N1-C:J15-U01 RAS KERNEL INFO CE sym 9, at 0x05ae8720, mask 0x02
1130249706 2005.10.25 R66-M0-N0-C:J13-U11 2005-10-25-07.15.06.323088 R66-M0-N0-C:J13-U11 RAS KERNEL INFO total of 2 ddr error(s) detected and corrected
1130249706 2005.10.25 R12-M1-N7-C:J13-U11 2005-10-25-07.15.06.772278 R12-M1-N7-C:J13-U11 RAS KERNEL INFO CE sym 30, at 0x163f80e0, mask 0x80
1130249706 2005.10.25 R12-M1-NA-C:J15-U01 2005-10-25-07.15.06.875187 R12-M1-NA-C:J15-U01 RAS KERNEL INFO total of 2 ddr error(s) detected and corrected
1130249707 2005.10.25 R60-M1-N5-C:J09-U11 2005-10-25-07.15.07.735827 R60-M1-N5-C:J09-U11 RAS KERNEL INFO CE sym 8, at 0x0626a860, mask 0x02
1130249710 2005.10.25 R51-M1-N7-C:J17-U11 2005-10-25-07.15.10.167609 R51-M1-N7-C:J17-U11 RAS KERNEL INFO CE sym 4, at 0x13fb8580, mask 0x02
1130249710 2005.10.25 R66-M1-N1-C:J15-U01 2005-10-25-07.15.10.254165 R66-M1-N1-C:J15-U01 RAS KERNEL INFO total of 3 ddr error(s) detected and corrected
1130249710 2005.10.25 R12-M1-N7-C:J13-U11 2005-10-25-07.15.10.588996 R12-M1-N7-C:J13-U11 RAS KERNEL INFO total of 3 ddr error(s) detected and corrected
1130249711 2005.10.25 R60-M1-N5-C:J09-U11 2005-10-25-07.15.11.342924 R60-M1-N5-C:J09-U11 RAS KERNEL INFO CE sym 8, at 0x06272860, mask 0x01
1130249713 2005.10.25 R51-M1-N7-C:J17-U11 2005-10-25-07.15.13.081157 R51-M1-N7-C:J17-U11 RAS KERNEL INFO CE sym 4, at 0x13fb8580, mask 0x02
1130249713 2005.10.25 R60-M1-N5-C:J09-U11 2005-10-25-07.15.13.759740 R60-M1-N5-C:J09-U11 RAS KERNEL INFO CE sym 8, at 0x06272860, mask 0x01
1130249715 2005.10.25 R51-M1-N7-C:J17-U11 2005-10-25-07.15.15.171516 R51-M1-N7-C:J17-U11 RAS KERNEL INFO total of 5 ddr error(s) detected and corrected
1130249715 2005.10.25 R60-M1-N5-C:J09-U11 2005-10-25-07.15.15.721767 R60-M1-N5-C:J09-U11 RAS KERNEL INFO total of 4 ddr error(s) detected and corrected
1130251361 2005.10.25 R54-M1-N0-I:J18-U11 2005-10-25-07.42.41.759634 R54-M1-N0-I:J18-U11 RAS APP FATAL ciod: Error loading allreduce_double_V1R1.rts: invalid or missing program image, No such file or directory
1130251361 2005.10.25 R54-M1-N0-I:J18-U01 2005-10-25-07.42.41.873113 R54-M1-N0-I:J18-U01 RAS APP FATAL ciod: Error loading allreduce_double_V1R1.rts: invalid or missing program image, No such file or directory
1130251361 2005.10.25 R54-M1-N8-I:J18-U11 2005-10-25-07.42.41.986889 R54-M1-N8-I:J18-U11 RAS APP FATAL ciod: Error loading allreduce_double_V1R1.rts: invalid or missing program image, No such file or directory
1130251362 2005.10.25 R54-M1-N8-I:J18-U01 2005-10-25-07.42.42.100725 R54-M1-N8-I:J18-U01 RAS APP FATAL ciod: Error loading allreduce_double_V1R1.rts: invalid or missing program image, No such file or directory
1130251364 2005.10.25 R51-M1-N0-I:J18-U11 2005-10-25-07.42.44.820763 R51-M1-N0-I:J18-U11 RAS APP FATAL ciod: Error loading allreduce_double_V1R1.rts: invalid or missing program image, No such file or directory
1130251364 2005.10.25 R51-M1-N0-I:J18-U01 2005-10-25-07.42.44.961354 R51-M1-N0-I:J18-U01 RAS APP FATAL ciod: Error loading allreduce_double_V1R1.rts: invalid or missing program image, No such file or directory
1130251365 2005.10.25 R51-M1-NC-I:J18-U11 2005-10-25-07.42.45.228875 R51-M1-NC-I:J18-U11 RAS APP FATAL ciod: Error loading allreduce_double_V1R1.rts: invalid or missing program image, No such file or directory
1130251365 2005.10.25 R51-M1-NC-I:J18-U01 2005-10-25-07.42.45.324752 R51-M1-NC-I:J18-U01 RAS APP FATAL ciod: Error loading allreduce_double_V1R1.rts: invalid or missing program image, No such file or directory
1130251365 2005.10.25 R54-M1-NC-I:J18-U11 2005-10-25-07.42.45.414271 R54-M1-NC-I:J18-U11 RAS APP FATAL ciod: Error loading allreduce_double_V1R1.rts: invalid or missing program image, No such file or directory
1130251365 2005.10.25 R54-M1-NC-I:J18-U01 2005-10-25-07.42.45.503733 R54-M1-NC-I:J18-U01 RAS APP FATAL ciod: Error loading allreduce_double_V1R1.rts: invalid or missing program image, No such file or directory
1130251365 2005.10.25 R54-M1-N4-I:J18-U11 2005-10-25-07.42.45.593537 R54-M1-N4-I:J18-U11 RAS APP FATAL ciod: Error loading allreduce_double_V1R1.rts: invalid or missing program image, No such file or directory
1130251365 2005.10.25 R54-M1-N4-I:J18-U01 2005-10-25-07.42.45.683239 R54-M1-N4-I:J18-U01 RAS APP FATAL ciod: Error loading allreduce_double_V1R1.rts: invalid or missing program image, No such file or directory
1130251366 2005.10.25 R51-M1-N4-I:J18-U11 2005-10-25-07.42.46.318497 R51-M1-N4-I:J18-U11 RAS APP FATAL ciod: Error loading allreduce_double_V1R1.rts: invalid or missing program image, No such file or directory
1130251366 2005.10.25 R51-M1-N4-I:J18-U01 2005-10-25-07.42.46.420608 R51-M1-N4-I:J18-U01 RAS APP FATAL ciod: Error loading allreduce_double_V1R1.rts: invalid or missing program image, No such file or directory
1130251367 2005.10.25 R45-M1-N8-I:J18-U11 2005-10-25-07.42.47.629081 R45-M1-N8-I:J18-U11 RAS APP FATAL ciod: Error loading allreduce_double_V1R1.rts: invalid or missing program image, No such file or directory
1130251367 2005.10.25 R45-M1-N8-I:J18-U01 2005-10-25-07.42.47.730951 R45-M1-N8-I:J18-U01 RAS APP FATAL ciod: Error loading allreduce_double_V1R1.rts: invalid or missing program image, No such file or directory
1130251367 2005.10.25 R45-M0-N8-I:J18-U11 2005-10-25-07.42.47.832306 R45-M0-N8-I:J18-U11 RAS APP FATAL ciod: Error loading allreduce_double_V1R1.rts: invalid or missing program image, No such file or directory
1130251367 2005.10.25 R45-M0-N8-I:J18-U01 2005-10-25-07.42.47.940528 R45-M0-N8-I:J18-U01 RAS APP FATAL ciod: Error loading allreduce_double_V1R1.rts: invalid or missing program image, No such file or directory
1130251368 2005.10.25 R45-M1-N4-I:J18-U11 2005-10-25-07.42.48.042173 R45-M1-N4-I:J18-U11 RAS APP FATAL ciod: Error loading allreduce_double_V1R1.rts: invalid or missing program image, No such file or directory
1130251368 2005.10.25 R45-M1-N4-I:J18-U01 2005-10-25-07.42.48.155434 R45-M1-N4-I:J18-U01 RAS APP FATAL ciod: Error loading allreduce_double_V1R1.rts: invalid or missing program image, No such file or directory
1130251369 2005.10.25 R51-M1-N8-I:J18-U11 2005-10-25-07.42.49.677908 R51-M1-N8-I:J18-U11 RAS APP FATAL ciod: Error loading allreduce_double_V1R1.rts: invalid or missing program image, No such file or directory
1130251369 2005.10.25 R51-M1-N8-I:J18-U01 2005-10-25-07.42.49.848980 R51-M1-N8-I:J18-U01 RAS APP FATAL ciod: Error loading allreduce_double_V1R1.rts: invalid or missing program image, No such file or directory
1130251370 2005.10.25 R36-M0-N8-I:J18-U11 2005-10-25-07.42.50.447150 R36-M0-N8-I:J18-U11 RAS APP FATAL ciod: Error loading allreduce_double_V1R1.rts: invalid or missing program image, No such file or directory
1130251370 2005.10.25 R36-M0-N8-I:J18-U01 2005-10-25-07.42.50.555158 R36-M0-N8-I:J18-U01 RAS APP FATAL ciod: Error loading allreduce_double_V1R1.rts: invalid or missing program image, No such file or directory
1130251370 2005.10.25 R42-M0-N4-I:J18-U11 2005-10-25-07.42.50.662712 R42-M0-N4-I:J18-U11 RAS APP FATAL ciod: Error loading allreduce_double_V1R1.rts: invalid or missing program image, No such file or directory
1130251370 2005.10.25 R42-M0-N4-I:J18-U01 2005-10-25-07.42.50.770105 R42-M0-N4-I:J18-U01 RAS APP FATAL ciod: Error loading allreduce_double_V1R1.rts: invalid or missing program image, No such file or directory
1130251370 2005.10.25 R36-M0-NC-I:J18-U11 2005-10-25-07.42.50.878403 R36-M0-NC-I:J18-U11 RAS APP FATAL ciod: Error loading allreduce_double_V1R1.rts: invalid or missing program image, No such file or directory
1130251370 2005.10.25 R36-M0-NC-I:J18-U01 2005-10-25-07.42.50.979973 R36-M0-NC-I:J18-U01 RAS APP FATAL ciod: Error loading allreduce_double_V1R1.rts: invalid or missing program image, No such file or directory
1130251371 2005.10.25 R36-M0-N0-I:J18-U11 2005-10-25-07.42.51.099690 R36-M0-N0-I:J18-U11 RAS APP FATAL ciod: Error loading allreduce_double_V1R1.rts: invalid or missing program image, No such file or directory
1130251371 2005.10.25 R36-M0-N0-I:J18-U01 2005-10-25-07.42.51.213232 R36-M0-N0-I:J18-U01 RAS APP FATAL ciod: Error loading allreduce_double_V1R1.rts: invalid or missing program image, No such file or directory
1130251371 2005.10.25 R36-M0-N4-I:J18-U11 2005-10-25-07.42.51.739793 R36-M0-N4-I:J18-U11 RAS APP FATAL ciod: Error loading allreduce_double_V1R1.rts: invalid or missing program image, No such file or directory
1130251371 2005.10.25 R36-M0-N4-I:J18-U01 2005-10-25-07.42.51.841637 R36-M0-N4-I:J18-U01 RAS APP FATAL ciod: Error loading allreduce_double_V1R1.rts: invalid or missing program image, No such file or directory
1130251371 2005.10.25 R45-M1-NC-I:J18-U11 2005-10-25-07.42.51.943377 R45-M1-NC-I:J18-U11 RAS APP FATAL ciod: Error loading allreduce_double_V1R1.rts: invalid or missing program image, No such file or directory
1130251372 2005.10.25 R45-M1-NC-I:J18-U01 2005-10-25-07.42.52.045298 R45-M1-NC-I:J18-U01 RAS APP FATAL ciod: Error loading allreduce_double_V1R1.rts: invalid or missing program image, No such file or directory
1130251372 2005.10.25 R36-M1-NC-I:J18-U11 2005-10-25-07.42.52.152791 R36-M1-NC-I:J18-U11 RAS APP FATAL ciod: Error loading allreduce_double_V1R1.rts: invalid or missing program image, No such file or directory
1130251372 2005.10.25 R36-M1-NC-I:J18-U01 2005-10-25-07.42.52.248604 R36-M1-NC-I:J18-U01 RAS APP FATAL ciod: Error loading allreduce_double_V1R1.rts: invalid or missing program image, No such file or directory
1130251373 2005.10.25 R33-M0-NC-I:J18-U11 2005-10-25-07.42.53.157807 R33-M0-NC-I:J18-U11 RAS APP FATAL ciod: Error loading allreduce_double_V1R1.rts: invalid or missing program image, No such file or directory
1130251373 2005.10.25 R33-M0-NC-I:J18-U01 2005-10-25-07.42.53.282303 R33-M0-NC-I:J18-U01 RAS APP FATAL ciod: Error loading allreduce_double_V1R1.rts: invalid or missing program image, No such file or directory
1130251373 2005.10.25 R42-M0-N0-I:J18-U11 2005-10-25-07.42.53.605787 R42-M0-N0-I:J18-U11 RAS APP FATAL ciod: Error loading allreduce_double_V1R1.rts: invalid or missing program image, No such file or directory
1130251373 2005.10.25 R42-M0-N0-I:J18-U01 2005-10-25-07.42.53.712879 R42-M0-N0-I:J18-U01 RAS APP FATAL ciod: Error loading allreduce_double_V1R1.rts: invalid or missing program image, No such file or directory
1130251375 2005.10.25 R51-M0-N4-I:J18-U11 2005-10-25-07.42.55.679537 R51-M0-N4-I:J18-U11 RAS APP FATAL ciod: Error loading allreduce_double_V1R1.rts: invalid or missing program image, No such file or directory
1130251375 2005.10.25 R51-M0-N4-I:J18-U01 2005-10-25-07.42.55.764990 R51-M0-N4-I:J18-U01 RAS APP FATAL ciod: Error loading allreduce_double_V1R1.rts: invalid or missing program image, No such file or directory
1130251376 2005.10.25 R30-M0-N0-I:J18-U11 2005-10-25-07.42.56.471728 R30-M0-N0-I:J18-U11 RAS APP FATAL ciod: Error loading allreduce_double_V1R1.rts: invalid or missing program image, No such file or directory
1130251376 2005.10.25 R30-M0-N0-I:J18-U01 2005-10-25-07.42.56.585602 R30-M0-N0-I:J18-U01 RAS APP FATAL ciod: Error loading allreduce_double_V1R1.rts: invalid or missing program image, No such file or directory
1130251377 2005.10.25 R33-M1-NC-I:J18-U11 2005-10-25-07.42.57.895049 R33-M1-NC-I:J18-U11 RAS APP FATAL ciod: Error loading allreduce_double_V1R1.rts: invalid or missing program image, No such file or directory
1130251377 2005.10.25 R33-M1-NC-I:J18-U01 2005-10-25-07.42.57.997864 R33-M1-NC-I:J18-U01 RAS APP FATAL ciod: Error loading allreduce_double_V1R1.rts: invalid or missing program image, No such file or directory
1130251378 2005.10.25 R24-M1-NC-I:J18-U11 2005-10-25-07.42.58.303243 R24-M1-NC-I:J18-U11 RAS APP FATAL ciod: Error loading allreduce_double_V1R1.rts: invalid or missing program image, No such file or directory
1130251378 2005.10.25 R24-M1-NC-I:J18-U01 2005-10-25-07.42.58.404628 R24-M1-NC-I:J18-U01 RAS APP FATAL ciod: Error loading allreduce_double_V1R1.rts: invalid or missing program image, No such file or directory
1130251379 2005.10.25 R27-M1-NC-I:J18-U11 2005-10-25-07.42.59.415778 R27-M1-NC-I:J18-U11 RAS APP FATAL ciod: Error loading allreduce_double_V1R1.rts: invalid or missing program image, No such file or directory
1130251379 2005.10.25 R27-M1-NC-I:J18-U01 2005-10-25-07.42.59.535295 R27-M1-NC-I:J18-U01 RAS APP FATAL ciod: Error loading allreduce_double_V1R1.rts: invalid or missing program image, No such file or directory
1130251379 2005.10.25 R27-M1-N8-I:J18-U11 2005-10-25-07.42.59.655078 R27-M1-N8-I:J18-U11 RAS APP FATAL ciod: Error loading allreduce_double_V1R1.rts: invalid or missing program image, No such file or directory
1130251379 2005.10.25 R27-M1-N8-I:J18-U01 2005-10-25-07.42.59.942197 R27-M1-N8-I:J18-U01 RAS APP FATAL ciod: Error loading allreduce_double_V1R1.rts: invalid or missing program image, No such file or directory
1130251380 2005.10.25 R27-M0-N0-I:J18-U11 2005-10-25-07.43.00.546106 R27-M0-N0-I:J18-U11 RAS APP FATAL ciod: Error loading allreduce_double_V1R1.rts: invalid or missing program image, No such file or directory
1130251380 2005.10.25 R27-M0-N0-I:J18-U01 2005-10-25-07.43.00.667587 R27-M0-N0-I:J18-U01 RAS APP FATAL ciod: Error loading allreduce_double_V1R1.rts: invalid or missing program image, No such file or directory
1130251381 2005.10.25 R63-M1-NC-I:J18-U11 2005-10-25-07.43.01.007410 R63-M1-NC-I:J18-U11 RAS APP FATAL ciod: Error loading allreduce_double_V1R1.rts: invalid or missing program image, No such file or directory
1130251381 2005.10.25 R63-M1-NC-I:J18-U01 2005-10-25-07.43.01.132820 R63-M1-NC-I:J18-U01 RAS APP FATAL ciod: Error loading allreduce_double_V1R1.rts: invalid or missing program image, No such file or directory
1130251381 2005.10.25 R21-M1-N4-I:J18-U11 2005-10-25-07.43.01.473907 R21-M1-N4-I:J18-U11 RAS APP FATAL ciod: Error loading allreduce_double_V1R1.rts: invalid or missing program image, No such file or directory
1130251381 2005.10.25 R21-M1-N4-I:J18-U01 2005-10-25-07.43.01.581196 R21-M1-N4-I:J18-U01 RAS APP FATAL ciod: Error loading allreduce_double_V1R1.rts: invalid or missing program image, No such file or directory
1130251381 2005.10.25 R27-M1-N4-I:J18-U11 2005-10-25-07.43.01.916926 R27-M1-N4-I:J18-U11 RAS APP FATAL ciod: Error loading allreduce_double_V1R1.rts: invalid or missing program image, No such file or directory
1130251382 2005.10.25 R27-M1-N4-I:J18-U01 2005-10-25-07.43.02.026854 R27-M1-N4-I:J18-U01 RAS APP FATAL ciod: Error loading allreduce_double_V1R1.rts: invalid or missing program image, No such file or directory
1130251382 2005.10.25 R45-M0-N4-I:J18-U11 2005-10-25-07.43.02.138128 R45-M0-N4-I:J18-U11 RAS APP FATAL ciod: Error loading allreduce_double_V1R1.rts: invalid or missing program image, No such file or directory
1130251382 2005.10.25 R45-M0-N4-I:J18-U01 2005-10-25-07.43.02.269760 R45-M0-N4-I:J18-U01 RAS APP FATAL ciod: Error loading allreduce_double_V1R1.rts: invalid or missing program image, No such file or directory
1130251382 2005.10.25 R66-M0-N8-I:J18-U11 2005-10-25-07.43.02.389331 R66-M0-N8-I:J18-U11 RAS APP FATAL ciod: Error loading allreduce_double_V1R1.rts: invalid or missing program image, No such file or directory
1130251382 2005.10.25 R66-M0-N8-I:J18-U01 2005-10-25-07.43.02.513246 R66-M0-N8-I:J18-U01 RAS APP FATAL ciod: Error loading allreduce_double_V1R1.rts: invalid or missing program image, No such file or directory
1130251382 2005.10.25 R45-M1-N0-I:J18-U11 2005-10-25-07.43.02.629092 R45-M1-N0-I:J18-U11 RAS APP FATAL ciod: Error loading allreduce_double_V1R1.rts: invalid or missing program image, No such file or directory
1130251382 2005.10.25 R45-M1-N0-I:J18-U01 2005-10-25-07.43.02.745616 R45-M1-N0-I:J18-U01 RAS APP FATAL ciod: Error loading allreduce_double_V1R1.rts: invalid or missing program image, No such file or directory
1130251382 2005.10.25 R45-M0-N0-I:J18-U11 2005-10-25-07.43.02.859094 R45-M0-N0-I:J18-U11 RAS APP FATAL ciod: Error loading allreduce_double_V1R1.rts: invalid or missing program image, No such file or directory
1130251382 2005.10.25 R45-M0-N0-I:J18-U01 2005-10-25-07.43.02.975092 R45-M0-N0-I:J18-U01 RAS APP FATAL ciod: Error loading allreduce_double_V1R1.rts: invalid or missing program image, No such file or directory
1130251383 2005.10.25 R27-M0-NC-I:J18-U11 2005-10-25-07.43.03.548136 R27-M0-NC-I:J18-U11 RAS APP FATAL ciod: Error loading allreduce_double_V1R1.rts: invalid or missing program image, No such file or directory
1130251383 2005.10.25 R27-M0-NC-I:J18-U01 2005-10-25-07.43.03.656062 R27-M0-NC-I:J18-U01 RAS APP FATAL ciod: Error loading allreduce_double_V1R1.rts: invalid or missing program image, No such file or directory
1130251383 2005.10.25 R27-M0-N8-I:J18-U11 2005-10-25-07.43.03.966916 R27-M0-N8-I:J18-U11 RAS APP FATAL ciod: Error loading allreduce_double_V1R1.rts: invalid or missing program image, No such file or directory
1130251384 2005.10.25 R27-M0-N8-I:J18-U01 2005-10-25-07.43.04.068767 R27-M0-N8-I:J18-U01 RAS APP FATAL ciod: Error loading allreduce_double_V1R1.rts: invalid or missing program image, No such file or directory
1130251384 2005.10.25 R63-M0-N0-I:J18-U11 2005-10-25-07.43.04.398370 R63-M0-N0-I:J18-U11 RAS APP FATAL ciod: Error loading allreduce_double_V1R1.rts: invalid or missing program image, No such file or directory
1130251384 2005.10.25 R63-M0-N0-I:J18-U01 2005-10-25-07.43.04.500145 R63-M0-N0-I:J18-U01 RAS APP FATAL ciod: Error loading allreduce_double_V1R1.rts: invalid or missing program image, No such file or directory
1130251384 2005.10.25 R51-M0-N8-I:J18-U11 2005-10-25-07.43.04.972376 R51-M0-N8-I:J18-U11 RAS APP FATAL ciod: Error loading allreduce_double_V1R1.rts: invalid or missing program image, No such file or directory
1130251385 2005.10.25 R51-M0-N8-I:J18-U01 2005-10-25-07.43.05.080947 R51-M0-N8-I:J18-U01 RAS APP FATAL ciod: Error loading allreduce_double_V1R1.rts: invalid or missing program image, No such file or directory
1130251385 2005.10.25 R27-M1-N0-I:J18-U11 2005-10-25-07.43.05.383030 R27-M1-N0-I:J18-U11 RAS APP FATAL ciod: Error loading allreduce_double_V1R1.rts: invalid or missing program image, No such file or directory
1130251385 2005.10.25 R27-M1-N0-I:J18-U01 2005-10-25-07.43.05.494853 R27-M1-N0-I:J18-U01 RAS APP FATAL ciod: Error loading allreduce_double_V1R1.rts: invalid or missing program image, No such file or directory
1130251385 2005.10.25 R27-M0-N4-I:J18-U11 2005-10-25-07.43.05.608745 R27-M0-N4-I:J18-U11 RAS APP FATAL ciod: Error loading allreduce_double_V1R1.rts: invalid or missing program image, No such file or directory
1130251385 2005.10.25 R27-M0-N4-I:J18-U01 2005-10-25-07.43.05.715576 R27-M0-N4-I:J18-U01 RAS APP FATAL ciod: Error loading allreduce_double_V1R1.rts: invalid or missing program image, No such file or directory
1130251386 2005.10.25 R63-M0-NC-I:J18-U11 2005-10-25-07.43.06.039103 R63-M0-NC-I:J18-U11 RAS APP FATAL ciod: Error loading allreduce_double_V1R1.rts: invalid or missing program image, No such file or directory
1130251386 2005.10.25 R63-M0-NC-I:J18-U01 2005-10-25-07.43.06.146712 R63-M0-NC-I:J18-U01 RAS APP FATAL ciod: Error loading allreduce_double_V1R1.rts: invalid or missing program image, No such file or directory
1130251386 2005.10.25 R63-M1-N4-I:J18-U11 2005-10-25-07.43.06.493763 R63-M1-N4-I:J18-U11 RAS APP FATAL ciod: Error loading allreduce_double_V1R1.rts: invalid or missing program image, No such file or directory
1130251386 2005.10.25 R63-M1-N4-I:J18-U01 2005-10-25-07.43.06.619574 R63-M1-N4-I:J18-U01 RAS APP FATAL ciod: Error loading allreduce_double_V1R1.rts: invalid or missing program image, No such file or directory
1130251386 2005.10.25 R63-M1-N0-I:J18-U11 2005-10-25-07.43.06.961535 R63-M1-N0-I:J18-U11 RAS APP FATAL ciod: Error loading allreduce_double_V1R1.rts: invalid or missing program image, No such file or directory
1130251387 2005.10.25 R63-M1-N0-I:J18-U01 2005-10-25-07.43.07.074855 R63-M1-N0-I:J18-U01 RAS APP FATAL ciod: Error loading allreduce_double_V1R1.rts: invalid or missing program image, No such file or directory
1130251387 2005.10.25 R51-M0-NC-I:J18-U01 2005-10-25-07.43.07.925691 R51-M0-NC-I:J18-U01 RAS APP FATAL ciod: Error loading allreduce_double_V1R1.rts: invalid or missing program image, No such file or directory
1130251388 2005.10.25 R63-M0-N8-I:J18-U11 2005-10-25-07.43.08.453212 R63-M0-N8-I:J18-U11 RAS APP FATAL ciod: Error loading allreduce_double_V1R1.rts: invalid or missing program image, No such file or directory
1130251388 2005.10.25 R63-M0-N8-I:J18-U01 2005-10-25-07.43.08.566521 R63-M0-N8-I:J18-U01 RAS APP FATAL ciod: Error loading allreduce_double_V1R1.rts: invalid or missing program image, No such file or directory
1130251389 2005.10.25 R24-M1-N0-I:J18-U11 2005-10-25-07.43.09.140687 R24-M1-N0-I:J18-U11 RAS APP FATAL ciod: Error loading allreduce_double_V1R1.rts: invalid or missing program image, No such file or directory
1130251389 2005.10.25 R24-M1-N0-I:J18-U01 2005-10-25-07.43.09.260840 R24-M1-N0-I:J18-U01 RAS APP FATAL ciod: Error loading allreduce_double_V1R1.rts: invalid or missing program image, No such file or directory
1130251389 2005.10.25 R66-M1-N4-I:J18-U11 2005-10-25-07.43.09.643751 R66-M1-N4-I:J18-U11 RAS APP FATAL ciod: Error loading allreduce_double_V1R1.rts: invalid or missing program image, No such file or directory
1130251389 2005.10.25 R66-M1-N4-I:J18-U01 2005-10-25-07.43.09.764114 R66-M1-N4-I:J18-U01 RAS APP FATAL ciod: Error loading allreduce_double_V1R1.rts: invalid or missing program image, No such file or directory
1130251390 2005.10.25 R24-M1-N4-I:J18-U11 2005-10-25-07.43.10.015572 R24-M1-N4-I:J18-U11 RAS APP FATAL ciod: Error loading allreduce_double_V1R1.rts: invalid or missing program image, No such file or directory
1130251390 2005.10.25 R24-M1-N4-I:J18-U01 2005-10-25-07.43.10.165031 R24-M1-N4-I:J18-U01 RAS APP FATAL ciod: Error loading allreduce_double_V1R1.rts: invalid or missing program image, No such file or directory
1130251390 2005.10.25 R66-M1-N8-I:J18-U11 2005-10-25-07.43.10.278590 R66-M1-N8-I:J18-U11 RAS APP FATAL ciod: Error loading allreduce_double_V1R1.rts: invalid or missing program image, No such file or directory
1130251390 2005.10.25 R66-M1-N8-I:J18-U01 2005-10-25-07.43.10.392491 R66-M1-N8-I:J18-U01 RAS APP FATAL ciod: Error loading allreduce_double_V1R1.rts: invalid or missing program image, No such file or directory
1130251390 2005.10.25 R24-M1-N8-I:J18-U11 2005-10-25-07.43.10.506557 R24-M1-N8-I:J18-U11 RAS APP FATAL ciod: Error loading allreduce_double_V1R1.rts: invalid or missing program image, No such file or directory
1130251390 2005.10.25 R24-M1-N8-I:J18-U01 2005-10-25-07.43.10.620308 R24-M1-N8-I:J18-U01 RAS APP FATAL ciod: Error loading allreduce_double_V1R1.rts: invalid or missing program image, No such file or directory
1130251391 2005.10.25 R63-M1-N8-I:J18-U11 2005-10-25-07.43.11.562291 R63-M1-N8-I:J18-U11 RAS APP FATAL ciod: Error loading allreduce_double_V1R1.rts: invalid or missing program image, No such file or directory
1130251391 2005.10.25 R63-M1-N8-I:J18-U01 2005-10-25-07.43.11.631841 R63-M1-N8-I:J18-U01 RAS APP FATAL ciod: Error loading allreduce_double_V1R1.rts: invalid or missing program image, No such file or directory
1130251392 2005.10.25 R33-M1-N4-I:J18-U11 2005-10-25-07.43.12.302392 R33-M1-N4-I:J18-U11 RAS APP FATAL ciod: Error loading allreduce_double_V1R1.rts: invalid or missing program image, No such file or directory
1130251392 2005.10.25 R33-M1-N4-I:J18-U01 2005-10-25-07.43.12.421784 R33-M1-N4-I:J18-U01 RAS APP FATAL ciod: Error loading allreduce_double_V1R1.rts: invalid or missing program image, No such file or directory
1130251392 2005.10.25 R21-M1-N0-I:J18-U11 2005-10-25-07.43.12.535883 R21-M1-N0-I:J18-U11 RAS APP FATAL ciod: Error loading allreduce_double_V1R1.rts: invalid or missing program image, No such file or directory
1130251392 2005.10.25 R21-M1-N0-I:J18-U01 2005-10-25-07.43.12.649295 R21-M1-N0-I:J18-U01 RAS APP FATAL ciod: Error loading allreduce_double_V1R1.rts: invalid or missing program image, No such file or directory
1130251392 2005.10.25 R36-M1-N0-I:J18-U11 2005-10-25-07.43.12.894885 R36-M1-N0-I:J18-U11 RAS APP FATAL ciod: Error loading allreduce_double_V1R1.rts: invalid or missing program image, No such file or directory
1130251392 2005.10.25 R36-M1-N0-I:J18-U01 2005-10-25-07.43.12.954337 R36-M1-N0-I:J18-U01 RAS APP FATAL ciod: Error loading allreduce_double_V1R1.rts: invalid or missing program image, No such file or directory
1130251393 2005.10.25 R36-M1-N4-I:J18-U11 2005-10-25-07.43.13.056738 R36-M1-N4-I:J18-U11 RAS APP FATAL ciod: Error loading allreduce_double_V1R1.rts: invalid or missing program image, No such file or directory
1130251393 2005.10.25 R36-M1-N4-I:J18-U01 2005-10-25-07.43.13.157851 R36-M1-N4-I:J18-U01 RAS APP FATAL ciod: Error loading allreduce_double_V1R1.rts: invalid or missing program image, No such file or directory
1130251393 2005.10.25 R63-M0-N4-I:J18-U11 2005-10-25-07.43.13.462963 R63-M0-N4-I:J18-U11 RAS APP FATAL ciod: Error loading allreduce_double_V1R1.rts: invalid or missing program image, No such file or directory
1130251393 2005.10.25 R63-M0-N4-I:J18-U01 2005-10-25-07.43.13.570909 R63-M0-N4-I:J18-U01 RAS APP FATAL ciod: Error loading allreduce_double_V1R1.rts: invalid or missing program image, No such file or directory
1130251393 2005.10.25 R66-M0-NC-I:J18-U11 2005-10-25-07.43.13.685018 R66-M0-NC-I:J18-U11 RAS APP FATAL ciod: Error loading allreduce_double_V1R1.rts: invalid or missing program image, No such file or directory
1130251393 2005.10.25 R66-M0-NC-I:J18-U01 2005-10-25-07.43.13.781581 R66-M0-NC-I:J18-U01 RAS APP FATAL ciod: Error loading allreduce_double_V1R1.rts: invalid or missing program image, No such file or directory
1130251393 2005.10.25 R66-M1-N0-I:J18-U11 2005-10-25-07.43.13.887820 R66-M1-N0-I:J18-U11 RAS APP FATAL ciod: Error loading allreduce_double_V1R1.rts: invalid or missing program image, No such file or directory
1130251393 2005.10.25 R66-M1-N0-I:J18-U01 2005-10-25-07.43.13.984472 R66-M1-N0-I:J18-U01 RAS APP FATAL ciod: Error loading allreduce_double_V1R1.rts: invalid or missing program image, No such file or directory
1130251395 2005.10.25 R66-M1-NC-I:J18-U11 2005-10-25-07.43.15.557483 R66-M1-NC-I:J18-U11 RAS APP FATAL ciod: Error loading allreduce_double_V1R1.rts: invalid or missing program image, No such file or directory
1130251395 2005.10.25 R66-M1-NC-I:J18-U01 2005-10-25-07.43.15.618169 R66-M1-NC-I:J18-U01 RAS APP FATAL ciod: Error loading allreduce_double_V1R1.rts: invalid or missing program image, No such file or directory
1130251395 2005.10.25 R57-M0-N4-I:J18-U11 2005-10-25-07.43.15.678415 R57-M0-N4-I:J18-U11 RAS APP FATAL ciod: Error loading allreduce_double_V1R1.rts: invalid or missing program image, No such file or directory
1130251395 2005.10.25 R57-M0-N4-I:J18-U01 2005-10-25-07.43.15.814994 R57-M0-N4-I:J18-U01 RAS APP FATAL ciod: Error loading allreduce_double_V1R1.rts: invalid or missing program image, No such file or directory
1130251395 2005.10.25 R33-M0-N4-I:J18-U11 2005-10-25-07.43.15.922605 R33-M0-N4-I:J18-U11 RAS APP FATAL ciod: Error loading allreduce_double_V1R1.rts: invalid or missing program image, No such file or directory
1130251396 2005.10.25 R33-M0-N8-I:J18-U11 2005-10-25-07.43.16.700466 R33-M0-N8-I:J18-U11 RAS APP FATAL ciod: Error loading allreduce_double_V1R1.rts: invalid or missing program image, No such file or directory
1130251396 2005.10.25 R33-M0-N8-I:J18-U01 2005-10-25-07.43.16.820017 R33-M0-N8-I:J18-U01 RAS APP FATAL ciod: Error loading allreduce_double_V1R1.rts: invalid or missing program image, No such file or directory
1130251396 2005.10.25 R30-M1-NC-I:J18-U11 2005-10-25-07.43.16.933953 R30-M1-NC-I:J18-U11 RAS APP FATAL ciod: Error loading allreduce_double_V1R1.rts: invalid or missing program image, No such file or directory
1130251397 2005.10.25 R30-M1-NC-I:J18-U01 2005-10-25-07.43.17.041339 R30-M1-NC-I:J18-U01 RAS APP FATAL ciod: Error loading allreduce_double_V1R1.rts: invalid or missing program image, No such file or directory
1130251397 2005.10.25 R57-M1-N4-I:J18-U11 2005-10-25-07.43.17.591556 R57-M1-N4-I:J18-U11 RAS APP FATAL ciod: Error loading allreduce_double_V1R1.rts: invalid or missing program image, No such file or directory
1130251397 2005.10.25 R57-M1-N4-I:J18-U01 2005-10-25-07.43.17.699823 R57-M1-N4-I:J18-U01 RAS APP FATAL ciod: Error loading allreduce_double_V1R1.rts: invalid or missing program image, No such file or directory
1130251397 2005.10.25 R57-M0-N0-I:J18-U11 2005-10-25-07.43.17.807317 R57-M0-N0-I:J18-U11 RAS APP FATAL ciod: Error loading allreduce_double_V1R1.rts: invalid or missing program image, No such file or directory
1130251397 2005.10.25 R57-M0-N0-I:J18-U01 2005-10-25-07.43.17.927049 R57-M0-N0-I:J18-U01 RAS APP FATAL ciod: Error loading allreduce_double_V1R1.rts: invalid or missing program image, No such file or directory
1130251398 2005.10.25 R30-M1-N8-I:J18-U11 2005-10-25-07.43.18.298211 R30-M1-N8-I:J18-U11 RAS APP FATAL ciod: Error loading allreduce_double_V1R1.rts: invalid or missing program image, No such file or directory
1130251398 2005.10.25 R30-M1-N8-I:J18-U01 2005-10-25-07.43.18.417716 R30-M1-N8-I:J18-U01 RAS APP FATAL ciod: Error loading allreduce_double_V1R1.rts: invalid or missing program image, No such file or directory
1130251398 2005.10.25 R57-M0-NC-I:J18-U11 2005-10-25-07.43.18.537054 R57-M0-NC-I:J18-U11 RAS APP FATAL ciod: Error loading allreduce_double_V1R1.rts: invalid or missing program image, No such file or directory
1130251398 2005.10.25 R57-M0-NC-I:J18-U01 2005-10-25-07.43.18.658272 R57-M0-NC-I:J18-U01 RAS APP FATAL ciod: Error loading allreduce_double_V1R1.rts: invalid or missing program image, No such file or directory
1130251398 2005.10.25 R57-M1-N0-I:J18-U11 2005-10-25-07.43.18.777028 R57-M1-N0-I:J18-U11 RAS APP FATAL ciod: Error loading allreduce_double_V1R1.rts: invalid or missing program image, No such file or directory
1130251398 2005.10.25 R57-M1-N0-I:J18-U01 2005-10-25-07.43.18.890060 R57-M1-N0-I:J18-U01 RAS APP FATAL ciod: Error loading allreduce_double_V1R1.rts: invalid or missing program image, No such file or directory
1130251399 2005.10.25 R42-M0-N8-I:J18-U11 2005-10-25-07.43.19.009591 R42-M0-N8-I:J18-U11 RAS APP FATAL ciod: Error loading allreduce_double_V1R1.rts: invalid or missing program image, No such file or directory
1130251399 2005.10.25 R42-M0-N8-I:J18-U01 2005-10-25-07.43.19.123388 R42-M0-N8-I:J18-U01 RAS APP FATAL ciod: Error loading allreduce_double_V1R1.rts: invalid or missing program image, No such file or directory
1130251400 2005.10.25 R57-M1-NC-I:J18-U11 2005-10-25-07.43.20.030121 R57-M1-NC-I:J18-U11 RAS APP FATAL ciod: Error loading allreduce_double_V1R1.rts: invalid or missing program image, No such file or directory
1130251400 2005.10.25 R57-M1-NC-I:J18-U01 2005-10-25-07.43.20.086832 R57-M1-NC-I:J18-U01 RAS APP FATAL ciod: Error loading allreduce_double_V1R1.rts: invalid or missing program image, No such file or directory
1130251401 2005.10.25 R21-M0-N0-I:J18-U11 2005-10-25-07.43.21.454330 R21-M0-N0-I:J18-U11 RAS APP FATAL ciod: Error loading allreduce_double_V1R1.rts: invalid or missing program image, No such file or directory
1130251401 2005.10.25 R21-M0-N0-I:J18-U01 2005-10-25-07.43.21.579447 R21-M0-N0-I:J18-U01 RAS APP FATAL ciod: Error loading allreduce_double_V1R1.rts: invalid or missing program image, No such file or directory
1130251402 2005.10.25 R21-M1-NC-I:J18-U11 2005-10-25-07.43.22.599381 R21-M1-NC-I:J18-U11 RAS APP FATAL ciod: Error loading allreduce_double_V1R1.rts: invalid or missing program image, No such file or directory
1130251402 2005.10.25 R21-M1-NC-I:J18-U01 2005-10-25-07.43.22.718361 R21-M1-NC-I:J18-U01 RAS APP FATAL ciod: Error loading allreduce_double_V1R1.rts: invalid or missing program image, No such file or directory
1130251402 2005.10.25 R21-M0-N8-I:J18-U11 2005-10-25-07.43.22.820383 R21-M0-N8-I:J18-U11 RAS APP FATAL ciod: Error loading allreduce_double_V1R1.rts: invalid or missing program image, No such file or directory
1130251402 2005.10.25 R21-M0-N8-I:J18-U01 2005-10-25-07.43.22.923690 R21-M0-N8-I:J18-U01 RAS APP FATAL ciod: Error loading allreduce_double_V1R1.rts: invalid or missing program image, No such file or directory
1130251403 2005.10.25 R60-M1-NC-I:J18-U11 2005-10-25-07.43.23.797615 R60-M1-NC-I:J18-U11 RAS APP FATAL ciod: Error loading allreduce_double_V1R1.rts: invalid or missing program image, No such file or directory
1130251403 2005.10.25 R60-M1-NC-I:J18-U01 2005-10-25-07.43.23.886192 R60-M1-NC-I:J18-U01 RAS APP FATAL ciod: Error loading allreduce_double_V1R1.rts: invalid or missing program image, No such file or directory
1130251403 2005.10.25 R45-M0-NC-I:J18-U11 2005-10-25-07.43.23.976247 R45-M0-NC-I:J18-U11 RAS APP FATAL ciod: Error loading allreduce_double_V1R1.rts: invalid or missing program image, No such file or directory
1130251404 2005.10.25 R45-M0-NC-I:J18-U01 2005-10-25-07.43.24.065663 R45-M0-NC-I:J18-U01 RAS APP FATAL ciod: Error loading allreduce_double_V1R1.rts: invalid or missing program image, No such file or directory
1130251404 2005.10.25 R21-M0-N4-I:J18-U11 2005-10-25-07.43.24.347609 R21-M0-N4-I:J18-U11 RAS APP FATAL ciod: Error loading allreduce_double_V1R1.rts: invalid or missing program image, No such file or directory
1130251404 2005.10.25 R21-M0-N4-I:J18-U01 2005-10-25-07.43.24.473403 R21-M0-N4-I:J18-U01 RAS APP FATAL ciod: Error loading allreduce_double_V1R1.rts: invalid or missing program image, No such file or directory
1130251406 2005.10.25 R21-M1-N8-I:J18-U11 2005-10-25-07.43.26.503391 R21-M1-N8-I:J18-U11 RAS APP FATAL ciod: Error loading allreduce_double_V1R1.rts: invalid or missing program image, No such file or directory
1130251406 2005.10.25 R21-M1-N8-I:J18-U01 2005-10-25-07.43.26.623254 R21-M1-N8-I:J18-U01 RAS APP FATAL ciod: Error loading allreduce_double_V1R1.rts: invalid or missing program image, No such file or directory
1130251407 2005.10.25 R30-M0-N4-I:J18-U11 2005-10-25-07.43.27.204464 R30-M0-N4-I:J18-U11 RAS APP FATAL ciod: Error loading allreduce_double_V1R1.rts: invalid or missing program image, No such file or directory
1130251407 2005.10.25 R30-M0-N4-I:J18-U01 2005-10-25-07.43.27.320714 R30-M0-N4-I:J18-U01 RAS APP FATAL ciod: Error loading allreduce_double_V1R1.rts: invalid or missing program image, No such file or directory
1130251407 2005.10.25 R30-M1-N0-I:J18-U11 2005-10-25-07.43.27.694896 R30-M1-N0-I:J18-U11 RAS APP FATAL ciod: Error loading allreduce_double_V1R1.rts: invalid or missing program image, No such file or directory
1130251407 2005.10.25 R30-M1-N0-I:J18-U01 2005-10-25-07.43.27.820699 R30-M1-N0-I:J18-U01 RAS APP FATAL ciod: Error loading allreduce_double_V1R1.rts: invalid or missing program image, No such file or directory
1130251408 2005.10.25 R30-M0-N8-I:J18-U11 2005-10-25-07.43.28.198633 R30-M0-N8-I:J18-U11 RAS APP FATAL ciod: Error loading allreduce_double_V1R1.rts: invalid or missing program image, No such file or directory
1130251408 2005.10.25 R30-M0-N8-I:J18-U01 2005-10-25-07.43.28.334819 R30-M0-N8-I:J18-U01 RAS APP FATAL ciod: Error loading allreduce_double_V1R1.rts: invalid or missing program image, No such file or directory
1130251409 2005.10.25 R60-M1-N8-I:J18-U11 2005-10-25-07.43.29.742818 R60-M1-N8-I:J18-U11 RAS APP FATAL ciod: Error loading allreduce_double_V1R1.rts: invalid or missing program image, No such file or directory
1130251409 2005.10.25 R60-M1-N8-I:J18-U01 2005-10-25-07.43.29.868563 R60-M1-N8-I:J18-U01 RAS APP FATAL ciod: Error loading allreduce_double_V1R1.rts: invalid or missing program image, No such file or directory
1130251410 2005.10.25 R60-M1-N0-I:J18-U11 2005-10-25-07.43.30.157468 R60-M1-N0-I:J18-U11 RAS APP FATAL ciod: Error loading allreduce_double_V1R1.rts: invalid or missing program image, No such file or directory
1130251410 2005.10.25 R60-M1-N0-I:J18-U01 2005-10-25-07.43.30.274315 R60-M1-N0-I:J18-U01 RAS APP FATAL ciod: Error loading allreduce_double_V1R1.rts: invalid or missing program image, No such file or directory
1130251410 2005.10.25 R30-M0-NC-I:J18-U11 2005-10-25-07.43.30.395853 R30-M0-NC-I:J18-U11 RAS APP FATAL ciod: Error loading allreduce_double_V1R1.rts: invalid or missing program image, No such file or directory
1130251410 2005.10.25 R30-M0-NC-I:J18-U01 2005-10-25-07.43.30.522093 R30-M0-NC-I:J18-U01 RAS APP FATAL ciod: Error loading allreduce_double_V1R1.rts: invalid or missing program image, No such file or directory
1130251410 2005.10.25 R57-M1-N8-I:J18-U11 2005-10-25-07.43.30.912072 R57-M1-N8-I:J18-U11 RAS APP FATAL ciod: Error loading allreduce_double_V1R1.rts: invalid or missing program image, No such file or directory
1130251411 2005.10.25 R57-M1-N8-I:J18-U01 2005-10-25-07.43.31.036727 R57-M1-N8-I:J18-U01 RAS APP FATAL ciod: Error loading allreduce_double_V1R1.rts: invalid or missing program image, No such file or directory
1130251411 2005.10.25 R60-M1-N4-I:J18-U11 2005-10-25-07.43.31.678802 R60-M1-N4-I:J18-U11 RAS APP FATAL ciod: Error loading allreduce_double_V1R1.rts: invalid or missing program image, No such file or directory
1130251411 2005.10.25 R60-M1-N4-I:J18-U01 2005-10-25-07.43.31.814802 R60-M1-N4-I:J18-U01 RAS APP FATAL ciod: Error loading allreduce_double_V1R1.rts: invalid or missing program image, No such file or directory
1130251413 2005.10.25 R72-M0-N4-I:J18-U11 2005-10-25-07.43.33.408039 R72-M0-N4-I:J18-U11 RAS APP FATAL ciod: Error loading allreduce_double_V1R1.rts: invalid or missing program image, No such file or directory
1130251413 2005.10.25 R72-M0-N4-I:J18-U01 2005-10-25-07.43.33.509800 R72-M0-N4-I:J18-U01 RAS APP FATAL ciod: Error loading allreduce_double_V1R1.rts: invalid or missing program image, No such file or directory
1130251413 2005.10.25 R42-M0-NC-I:J18-U11 2005-10-25-07.43.33.827642 R42-M0-NC-I:J18-U11 RAS APP FATAL ciod: Error loading allreduce_double_V1R1.rts: invalid or missing program image, No such file or directory
1130251413 2005.10.25 R42-M0-NC-I:J18-U01 2005-10-25-07.43.33.946825 R42-M0-NC-I:J18-U01 RAS APP FATAL ciod: Error loading allreduce_double_V1R1.rts: invalid or missing program image, No such file or directory
1130251416 2005.10.25 R72-M0-NC-I:J18-U11 2005-10-25-07.43.36.611105 R72-M0-NC-I:J18-U11 RAS APP FATAL ciod: Error loading allreduce_double_V1R1.rts: invalid or missing program image, No such file or directory
1130251416 2005.10.25 R72-M0-NC-I:J18-U01 2005-10-25-07.43.36.728466 R72-M0-NC-I:J18-U01 RAS APP FATAL ciod: Error loading allreduce_double_V1R1.rts: invalid or missing program image, No such file or directory
1130251418 2005.10.25 R60-M0-NC-I:J18-U11 2005-10-25-07.43.38.400360 R60-M0-NC-I:J18-U11 RAS APP FATAL ciod: Error loading allreduce_double_V1R1.rts: invalid or missing program image, No such file or directory
1130251418 2005.10.25 R60-M0-NC-I:J18-U01 2005-10-25-07.43.38.524413 R60-M0-NC-I:J18-U01 RAS APP FATAL ciod: Error loading allreduce_double_V1R1.rts: invalid or missing program image, No such file or directory
1130251418 2005.10.25 R72-M0-N8-I:J18-U11 2005-10-25-07.43.38.651439 R72-M0-N8-I:J18-U11 RAS APP FATAL ciod: Error loading allreduce_double_V1R1.rts: invalid or missing program image, No such file or directory
1130251418 2005.10.25 R72-M0-N8-I:J18-U01 2005-10-25-07.43.38.770102 R72-M0-N8-I:J18-U01 RAS APP FATAL ciod: Error loading allreduce_double_V1R1.rts: invalid or missing program image, No such file or directory
1130251419 2005.10.25 R60-M0-N0-I:J18-U11 2005-10-25-07.43.39.144270 R60-M0-N0-I:J18-U11 RAS APP FATAL ciod: Error loading allreduce_double_V1R1.rts: invalid or missing program image, No such file or directory
1130251419 2005.10.25 R60-M0-N0-I:J18-U01 2005-10-25-07.43.39.262201 R60-M0-N0-I:J18-U01 RAS APP FATAL ciod: Error loading allreduce_double_V1R1.rts: invalid or missing program image, No such file or directory
1130251421 2005.10.25 R72-M0-N0-I:J18-U11 2005-10-25-07.43.41.150173 R72-M0-N0-I:J18-U11 RAS APP FATAL ciod: Error loading allreduce_double_V1R1.rts: invalid or missing program image, No such file or directory
1130251421 2005.10.25 R72-M0-N0-I:J18-U01 2005-10-25-07.43.41.293787 R72-M0-N0-I:J18-U01 RAS APP FATAL ciod: Error loading allreduce_double_V1R1.rts: invalid or missing program image, No such file or directory
1130251424 2005.10.25 R60-M0-N4-I:J18-U11 2005-10-25-07.43.44.774230 R60-M0-N4-I:J18-U11 RAS APP FATAL ciod: Error loading allreduce_double_V1R1.rts: invalid or missing program image, No such file or directory
1130251424 2005.10.25 R60-M0-N4-I:J18-U01 2005-10-25-07.43.44.879427 R60-M0-N4-I:J18-U01 RAS APP FATAL ciod: Error loading allreduce_double_V1R1.rts: invalid or missing program image, No such file or directory
1130251425 2005.10.25 R75-M0-N4-I:J18-U11 2005-10-25-07.43.45.943049 R75-M0-N4-I:J18-U11 RAS APP FATAL ciod: Error loading allreduce_double_V1R1.rts: invalid or missing program image, No such file or directory
1130251426 2005.10.25 R75-M0-N4-I:J18-U01 2005-10-25-07.43.46.051536 R75-M0-N4-I:J18-U01 RAS APP FATAL ciod: Error loading allreduce_double_V1R1.rts: invalid or missing program image, No such file or directory
1130251426 2005.10.25 R75-M0-N0-I:J18-U11 2005-10-25-07.43.46.925913 R75-M0-N0-I:J18-U11 RAS APP FATAL ciod: Error loading allreduce_double_V1R1.rts: invalid or missing program image, No such file or directory
1130251427 2005.10.25 R75-M0-N0-I:J18-U01 2005-10-25-07.43.47.111433 R75-M0-N0-I:J18-U01 RAS APP FATAL ciod: Error loading allreduce_double_V1R1.rts: invalid or missing program image, No such file or directory
1130251427 2005.10.25 R75-M0-N8-I:J18-U11 2005-10-25-07.43.47.273071 R75-M0-N8-I:J18-U11 RAS APP FATAL ciod: Error loading allreduce_double_V1R1.rts: invalid or missing program image, No such file or directory
1130251427 2005.10.25 R75-M0-N8-I:J18-U01 2005-10-25-07.43.47.406729 R75-M0-N8-I:J18-U01 RAS APP FATAL ciod: Error loading allreduce_double_V1R1.rts: invalid or missing program image, No such file or directory
1130251427 2005.10.25 R33-M0-N0-I:J18-U11 2005-10-25-07.43.47.530969 R33-M0-N0-I:J18-U11 RAS APP FATAL ciod: Error loading allreduce_double_V1R1.rts: invalid or missing program image, No such file or directory
1130251427 2005.10.25 R33-M0-N0-I:J18-U01 2005-10-25-07.43.47.656004 R33-M0-N0-I:J18-U01 RAS APP FATAL ciod: Error loading allreduce_double_V1R1.rts: invalid or missing program image, No such file or directory
1130251427 2005.10.25 R75-M1-N8-I:J18-U11 2005-10-25-07.43.47.793309 R75-M1-N8-I:J18-U11 RAS APP FATAL ciod: Error loading allreduce_double_V1R1.rts: invalid or missing program image, No such file or directory
1130251427 2005.10.25 R75-M1-N8-I:J18-U01 2005-10-25-07.43.47.932474 R75-M1-N8-I:J18-U01 RAS APP FATAL ciod: Error loading allreduce_double_V1R1.rts: invalid or missing program image, No such file or directory
1130251430 2005.10.25 R12-M1-N4-I:J18-U11 2005-10-25-07.43.50.999641 R12-M1-N4-I:J18-U11 RAS APP FATAL ciod: Error loading allreduce_double_V1R1.rts: invalid or missing program image, No such file or directory
1130251431 2005.10.25 R12-M1-N4-I:J18-U01 2005-10-25-07.43.51.118995 R12-M1-N4-I:J18-U01 RAS APP FATAL ciod: Error loading allreduce_double_V1R1.rts: invalid or missing program image, No such file or directory
1130251431 2005.10.25 R57-M0-N8-I:J18-U11 2005-10-25-07.43.51.227795 R57-M0-N8-I:J18-U11 RAS APP FATAL ciod: Error loading allreduce_double_V1R1.rts: invalid or missing program image, No such file or directory
1130251431 2005.10.25 R57-M0-N8-I:J18-U01 2005-10-25-07.43.51.334401 R57-M0-N8-I:J18-U01 RAS APP FATAL ciod: Error loading allreduce_double_V1R1.rts: invalid or missing program image, No such file or directory
1130251431 2005.10.25 R15-M1-N0-I:J18-U11 2005-10-25-07.43.51.454442 R15-M1-N0-I:J18-U11 RAS APP FATAL ciod: Error loading allreduce_double_V1R1.rts: invalid or missing program image, No such file or directory
1130251431 2005.10.25 R15-M1-N0-I:J18-U01 2005-10-25-07.43.51.562252 R15-M1-N0-I:J18-U01 RAS APP FATAL ciod: Error loading allreduce_double_V1R1.rts: invalid or missing program image, No such file or directory
1130251432 2005.10.25 R12-M0-N4-I:J18-U11 2005-10-25-07.43.52.256875 R12-M0-N4-I:J18-U11 RAS APP FATAL ciod: Error loading allreduce_double_V1R1.rts: invalid or missing program image, No such file or directory
1130251432 2005.10.25 R12-M0-N4-I:J18-U01 2005-10-25-07.43.52.352202 R12-M0-N4-I:J18-U01 RAS APP FATAL ciod: Error loading allreduce_double_V1R1.rts: invalid or missing program image, No such file or directory
1130251432 2005.10.25 R75-M1-N0-I:J18-U11 2005-10-25-07.43.52.460666 R75-M1-N0-I:J18-U11 RAS APP FATAL ciod: Error loading allreduce_double_V1R1.rts: invalid or missing program image, No such file or directory
1130251432 2005.10.25 R75-M1-N0-I:J18-U01 2005-10-25-07.43.52.550471 R75-M1-N0-I:J18-U01 RAS APP FATAL ciod: Error loading allreduce_double_V1R1.rts: invalid or missing program image, No such file or directory
1130251432 2005.10.25 R75-M0-NC-I:J18-U11 2005-10-25-07.43.52.646332 R75-M0-NC-I:J18-U11 RAS APP FATAL ciod: Error loading allreduce_double_V1R1.rts: invalid or missing program image, No such file or directory
1130251432 2005.10.25 R75-M0-NC-I:J18-U01 2005-10-25-07.43.52.742619 R75-M0-NC-I:J18-U01 RAS APP FATAL ciod: Error loading allreduce_double_V1R1.rts: invalid or missing program image, No such file or directory
1130251432 2005.10.25 R15-M0-NC-I:J18-U11 2005-10-25-07.43.52.846945 R15-M0-NC-I:J18-U11 RAS APP FATAL ciod: Error loading allreduce_double_V1R1.rts: invalid or missing program image, No such file or directory
1130251432 2005.10.25 R15-M0-NC-I:J18-U01 2005-10-25-07.43.52.947943 R15-M0-NC-I:J18-U01 RAS APP FATAL ciod: Error loading allreduce_double_V1R1.rts: invalid or missing program image, No such file or directory
1130251433 2005.10.25 R15-M1-N4-I:J18-U11 2005-10-25-07.43.53.055181 R15-M1-N4-I:J18-U11 RAS APP FATAL ciod: Error loading allreduce_double_V1R1.rts: invalid or missing program image, No such file or directory
1130251433 2005.10.25 R15-M1-N4-I:J18-U01 2005-10-25-07.43.53.168452 R15-M1-N4-I:J18-U01 RAS APP FATAL ciod: Error loading allreduce_double_V1R1.rts: invalid or missing program image, No such file or directory
1130251433 2005.10.25 R15-M1-NC-I:J18-U11 2005-10-25-07.43.53.270702 R15-M1-NC-I:J18-U11 RAS APP FATAL ciod: Error loading allreduce_double_V1R1.rts: invalid or missing program image, No such file or directory
1130251433 2005.10.25 R15-M1-NC-I:J18-U01 2005-10-25-07.43.53.370499 R15-M1-NC-I:J18-U01 RAS APP FATAL ciod: Error loading allreduce_double_V1R1.rts: invalid or missing program image, No such file or directory
1130251433 2005.10.25 R15-M1-N8-I:J18-U11 2005-10-25-07.43.53.473688 R15-M1-N8-I:J18-U11 RAS APP FATAL ciod: Error loading allreduce_double_V1R1.rts: invalid or missing program image, No such file or directory
1130251433 2005.10.25 R15-M1-N8-I:J18-U01 2005-10-25-07.43.53.574272 R15-M1-N8-I:J18-U01 RAS APP FATAL ciod: Error loading allreduce_double_V1R1.rts: invalid or missing program image, No such file or directory
1130251434 2005.10.25 R00-M0-NC-I:J18-U11 2005-10-25-07.43.54.549949 R00-M0-NC-I:J18-U11 RAS APP FATAL ciod: Error loading allreduce_double_V1R1.rts: invalid or missing program image, No such file or directory
1130251434 2005.10.25 R00-M0-NC-I:J18-U01 2005-10-25-07.43.54.645815 R00-M0-NC-I:J18-U01 RAS APP FATAL ciod: Error loading allreduce_double_V1R1.rts: invalid or missing program image, No such file or directory
1130251435 2005.10.25 R00-M1-N8-I:J18-U11 2005-10-25-07.43.55.000982 R00-M1-N8-I:J18-U11 RAS APP FATAL ciod: Error loading allreduce_double_V1R1.rts: invalid or missing program image, No such file or directory
1130251435 2005.10.25 R00-M1-N8-I:J18-U01 2005-10-25-07.43.55.107157 R00-M1-N8-I:J18-U01 RAS APP FATAL ciod: Error loading allreduce_double_V1R1.rts: invalid or missing program image, No such file or directory
1130251436 2005.10.25 R00-M1-N0-I:J18-U11 2005-10-25-07.43.56.107698 R00-M1-N0-I:J18-U11 RAS APP FATAL ciod: Error loading allreduce_double_V1R1.rts: invalid or missing program image, No such file or directory
1130251436 2005.10.25 R00-M1-N0-I:J18-U01 2005-10-25-07.43.56.220672 R00-M1-N0-I:J18-U01 RAS APP FATAL ciod: Error loading allreduce_double_V1R1.rts: invalid or missing program image, No such file or directory
1130251436 2005.10.25 R12-M1-N8-I:J18-U11 2005-10-25-07.43.56.616235 R12-M1-N8-I:J18-U11 RAS APP FATAL ciod: Error loading allreduce_double_V1R1.rts: invalid or missing program image, No such file or directory
1130251436 2005.10.25 R12-M1-N8-I:J18-U01 2005-10-25-07.43.56.741411 R12-M1-N8-I:J18-U01 RAS APP FATAL ciod: Error loading allreduce_double_V1R1.rts: invalid or missing program image, No such file or directory
1130251437 2005.10.25 R00-M0-N4-I:J18-U11 2005-10-25-07.43.57.389352 R00-M0-N4-I:J18-U11 RAS APP FATAL ciod: Error loading allreduce_double_V1R1.rts: invalid or missing program image, No such file or directory
1130251437 2005.10.25 R00-M0-N4-I:J18-U01 2005-10-25-07.43.57.507785 R00-M0-N4-I:J18-U01 RAS APP FATAL ciod: Error loading allreduce_double_V1R1.rts: invalid or missing program image, No such file or directory
1130251437 2005.10.25 R03-M0-N4-I:J18-U11 2005-10-25-07.43.57.868268 R03-M0-N4-I:J18-U11 RAS APP FATAL ciod: Error loading allreduce_double_V1R1.rts: invalid or missing program image, No such file or directory
1130251437 2005.10.25 R03-M0-N4-I:J18-U01 2005-10-25-07.43.57.999485 R03-M0-N4-I:J18-U01 RAS APP FATAL ciod: Error loading allreduce_double_V1R1.rts: invalid or missing program image, No such file or directory
1130251438 2005.10.25 R00-M0-N0-I:J18-U11 2005-10-25-07.43.58.125581 R00-M0-N0-I:J18-U11 RAS APP FATAL ciod: Error loading allreduce_double_V1R1.rts: invalid or missing program image, No such file or directory
1130251438 2005.10.25 R00-M0-N0-I:J18-U01 2005-10-25-07.43.58.244531 R00-M0-N0-I:J18-U01 RAS APP FATAL ciod: Error loading allreduce_double_V1R1.rts: invalid or missing program image, No such file or directory
1130251438 2005.10.25 R15-M0-N8-I:J18-U11 2005-10-25-07.43.58.856102 R15-M0-N8-I:J18-U11 RAS APP FATAL ciod: Error loading allreduce_double_V1R1.rts: invalid or missing program image, No such file or directory
1130251438 2005.10.25 R15-M0-N8-I:J18-U01 2005-10-25-07.43.58.981186 R15-M0-N8-I:J18-U01 RAS APP FATAL ciod: Error loading allreduce_double_V1R1.rts: invalid or missing program image, No such file or directory
1130251440 2005.10.25 R03-M0-N0-I:J18-U11 2005-10-25-07.44.00.121418 R03-M0-N0-I:J18-U11 RAS APP FATAL ciod: Error loading allreduce_double_V1R1.rts: invalid or missing program image, No such file or directory
1130251440 2005.10.25 R03-M0-N0-I:J18-U01 2005-10-25-07.44.00.247176 R03-M0-N0-I:J18-U01 RAS APP FATAL ciod: Error loading allreduce_double_V1R1.rts: invalid or missing program image, No such file or directory
1130251440 2005.10.25 R15-M0-N4-I:J18-U11 2005-10-25-07.44.00.540952 R15-M0-N4-I:J18-U11 RAS APP FATAL ciod: Error loading allreduce_double_V1R1.rts: invalid or missing program image, No such file or directory
1130251440 2005.10.25 R15-M0-N4-I:J18-U01 2005-10-25-07.44.00.641903 R15-M0-N4-I:J18-U01 RAS APP FATAL ciod: Error loading allreduce_double_V1R1.rts: invalid or missing program image, No such file or directory
1130251440 2005.10.25 R03-M1-N4-I:J18-U11 2005-10-25-07.44.00.750701 R03-M1-N4-I:J18-U11 RAS APP FATAL ciod: Error loading allreduce_double_V1R1.rts: invalid or missing program image, No such file or directory
1130251440 2005.10.25 R03-M1-N4-I:J18-U01 2005-10-25-07.44.00.851588 R03-M1-N4-I:J18-U01 RAS APP FATAL ciod: Error loading allreduce_double_V1R1.rts: invalid or missing program image, No such file or directory
1130251441 2005.10.25 R15-M0-N0-I:J18-U11 2005-10-25-07.44.01.175317 R15-M0-N0-I:J18-U11 RAS APP FATAL ciod: Error loading allreduce_double_V1R1.rts: invalid or missing program image, No such file or directory
1130251441 2005.10.25 R15-M0-N0-I:J18-U01 2005-10-25-07.44.01.263715 R15-M0-N0-I:J18-U01 RAS APP FATAL ciod: Error loading allreduce_double_V1R1.rts: invalid or missing program image, No such file or directory
1130251441 2005.10.25 R12-M1-N0-I:J18-U11 2005-10-25-07.44.01.354090 R12-M1-N0-I:J18-U11 RAS APP FATAL ciod: Error loading allreduce_double_V1R1.rts: invalid or missing program image, No such file or directory
1130251441 2005.10.25 R12-M1-N0-I:J18-U01 2005-10-25-07.44.01.456039 R12-M1-N0-I:J18-U01 RAS APP FATAL ciod: Error loading allreduce_double_V1R1.rts: invalid or missing program image, No such file or directory
1130251441 2005.10.25 R03-M0-NC-I:J18-U11 2005-10-25-07.44.01.552497 R03-M0-NC-I:J18-U11 RAS APP FATAL ciod: Error loading allreduce_double_V1R1.rts: invalid or missing program image, No such file or directory
1130251441 2005.10.25 R03-M0-NC-I:J18-U01 2005-10-25-07.44.01.640857 R03-M0-NC-I:J18-U01 RAS APP FATAL ciod: Error loading allreduce_double_V1R1.rts: invalid or missing program image, No such file or directory
1130251441 2005.10.25 R06-M0-N4-I:J18-U11 2005-10-25-07.44.01.743659 R06-M0-N4-I:J18-U11 RAS APP FATAL ciod: Error loading allreduce_double_V1R1.rts: invalid or missing program image, No such file or directory
1130251441 2005.10.25 R06-M0-N4-I:J18-U01 2005-10-25-07.44.01.839111 R06-M0-N4-I:J18-U01 RAS APP FATAL ciod: Error loading allreduce_double_V1R1.rts: invalid or missing program image, No such file or directory
1130251444 2005.10.25 R03-M1-NC-I:J18-U11 2005-10-25-07.44.04.562670 R03-M1-NC-I:J18-U11 RAS APP FATAL ciod: Error loading allreduce_double_V1R1.rts: invalid or missing program image, No such file or directory
1130251444 2005.10.25 R03-M1-NC-I:J18-U01 2005-10-25-07.44.04.672024 R03-M1-NC-I:J18-U01 RAS APP FATAL ciod: Error loading allreduce_double_V1R1.rts: invalid or missing program image, No such file or directory
1130251444 2005.10.25 R00-M0-N8-I:J18-U11 2005-10-25-07.44.04.952112 R00-M0-N8-I:J18-U11 RAS APP FATAL ciod: Error loading allreduce_double_V1R1.rts: invalid or missing program image, No such file or directory
1130251445 2005.10.25 R00-M0-N8-I:J18-U01 2005-10-25-07.44.05.077274 R00-M0-N8-I:J18-U01 RAS APP FATAL ciod: Error loading allreduce_double_V1R1.rts: invalid or missing program image, No such file or directory
1130251445 2005.10.25 R00-M1-NC-I:J18-U11 2005-10-25-07.44.05.166888 R00-M1-NC-I:J18-U11 RAS APP FATAL ciod: Error loading allreduce_double_V1R1.rts: invalid or missing program image, No such file or directory
1130251445 2005.10.25 R00-M1-NC-I:J18-U01 2005-10-25-07.44.05.281146 R00-M1-NC-I:J18-U01 RAS APP FATAL ciod: Error loading allreduce_double_V1R1.rts: invalid or missing program image, No such file or directory
1130251446 2005.10.25 R03-M0-N8-I:J18-U11 2005-10-25-07.44.06.860964 R03-M0-N8-I:J18-U11 RAS APP FATAL ciod: Error loading allreduce_double_V1R1.rts: invalid or missing program image, No such file or directory
1130251446 2005.10.25 R03-M0-N8-I:J18-U01 2005-10-25-07.44.06.967927 R03-M0-N8-I:J18-U01 RAS APP FATAL ciod: Error loading allreduce_double_V1R1.rts: invalid or missing program image, No such file or directory
1130251447 2005.10.25 R03-M1-N0-I:J18-U11 2005-10-25-07.44.07.488891 R03-M1-N0-I:J18-U11 RAS APP FATAL ciod: Error loading allreduce_double_V1R1.rts: invalid or missing program image, No such file or directory
1130251447 2005.10.25 R03-M1-N0-I:J18-U01 2005-10-25-07.44.07.596009 R03-M1-N0-I:J18-U01 RAS APP FATAL ciod: Error loading allreduce_double_V1R1.rts: invalid or missing program image, No such file or directory
1130251454 2005.10.25 R06-M1-N4-I:J18-U11 2005-10-25-07.44.14.410857 R06-M1-N4-I:J18-U11 RAS APP FATAL ciod: Error loading allreduce_double_V1R1.rts: invalid or missing program image, No such file or directory
1130251454 2005.10.25 R06-M1-N4-I:J18-U01 2005-10-25-07.44.14.506421 R06-M1-N4-I:J18-U01 RAS APP FATAL ciod: Error loading allreduce_double_V1R1.rts: invalid or missing program image, No such file or directory
1130251454 2005.10.25 R12-M1-NC-I:J18-U11 2005-10-25-07.44.14.608662 R12-M1-NC-I:J18-U11 RAS APP FATAL ciod: Error loading allreduce_double_V1R1.rts: invalid or missing program image, No such file or directory
1130251454 2005.10.25 R12-M1-NC-I:J18-U01 2005-10-25-07.44.14.703732 R12-M1-NC-I:J18-U01 RAS APP FATAL ciod: Error loading allreduce_double_V1R1.rts: invalid or missing program image, No such file or directory
1130251454 2005.10.25 R06-M0-N0-I:J18-U11 2005-10-25-07.44.14.794123 R06-M0-N0-I:J18-U11 RAS APP FATAL ciod: Error loading allreduce_double_V1R1.rts: invalid or missing program image, No such file or directory
1130251454 2005.10.25 R06-M0-N0-I:J18-U01 2005-10-25-07.44.14.883158 R06-M0-N0-I:J18-U01 RAS APP FATAL ciod: Error loading allreduce_double_V1R1.rts: invalid or missing program image, No such file or directory
1130251454 2005.10.25 R06-M1-N0-I:J18-U11 2005-10-25-07.44.14.986010 R06-M1-N0-I:J18-U11 RAS APP FATAL ciod: Error loading allreduce_double_V1R1.rts: invalid or missing program image, No such file or directory
1130251455 2005.10.25 R06-M1-N0-I:J18-U01 2005-10-25-07.44.15.086871 R06-M1-N0-I:J18-U01 RAS APP FATAL ciod: Error loading allreduce_double_V1R1.rts: invalid or missing program image, No such file or directory
1130251455 2005.10.25 R06-M1-N8-I:J18-U11 2005-10-25-07.44.15.589221 R06-M1-N8-I:J18-U11 RAS APP FATAL ciod: Error loading allreduce_double_V1R1.rts: invalid or missing program image, No such file or directory
1130251455 2005.10.25 R06-M1-N8-I:J18-U01 2005-10-25-07.44.15.739252 R06-M1-N8-I:J18-U01 RAS APP FATAL ciod: Error loading allreduce_double_V1R1.rts: invalid or missing program image, No such file or directory
1130251455 2005.10.25 R06-M0-N8-I:J18-U11 2005-10-25-07.44.15.835923 R06-M0-N8-I:J18-U11 RAS APP FATAL ciod: Error loading allreduce_double_V1R1.rts: invalid or missing program image, No such file or directory
1130251455 2005.10.25 R06-M0-N8-I:J18-U01 2005-10-25-07.44.15.930771 R06-M0-N8-I:J18-U01 RAS APP FATAL ciod: Error loading allreduce_double_V1R1.rts: invalid or missing program image, No such file or directory
1130251456 2005.10.25 R75-M1-NC-I:J18-U11 2005-10-25-07.44.16.027814 R75-M1-NC-I:J18-U11 RAS APP FATAL ciod: Error loading allreduce_double_V1R1.rts: invalid or missing program image, No such file or directory
1130251456 2005.10.25 R75-M1-NC-I:J18-U01 2005-10-25-07.44.16.128407 R75-M1-NC-I:J18-U01 RAS APP FATAL ciod: Error loading allreduce_double_V1R1.rts: invalid or missing program image, No such file or directory
1130251456 2005.10.25 R06-M0-NC-I:J18-U11 2005-10-25-07.44.16.553106 R06-M0-NC-I:J18-U11 RAS APP FATAL ciod: Error loading allreduce_double_V1R1.rts: invalid or missing program image, No such file or directory
1130251456 2005.10.25 R06-M0-NC-I:J18-U01 2005-10-25-07.44.16.618888 R06-M0-NC-I:J18-U01 RAS APP FATAL ciod: Error loading allreduce_double_V1R1.rts: invalid or missing program image, No such file or directory
1130251456 2005.10.25 R75-M1-N4-I:J18-U11 2005-10-25-07.44.16.727926 R75-M1-N4-I:J18-U11 RAS APP FATAL ciod: Error loading allreduce_double_V1R1.rts: invalid or missing program image, No such file or directory
1130251456 2005.10.25 R75-M1-N4-I:J18-U01 2005-10-25-07.44.16.834010 R75-M1-N4-I:J18-U01 RAS APP FATAL ciod: Error loading allreduce_double_V1R1.rts: invalid or missing program image, No such file or directory
1130251460 2005.10.25 R54-M1-N0-I:J18-U11 2005-10-25-07.44.20.830610 R54-M1-N0-I:J18-U11 RAS APP FATAL ciod: Error loading allreduce_int_V1R1.rts: invalid or missing program image, No such file or directory
1130251460 2005.10.25 R54-M1-N0-I:J18-U01 2005-10-25-07.44.20.916322 R54-M1-N0-I:J18-U01 RAS APP FATAL ciod: Error loading allreduce_int_V1R1.rts: invalid or missing program image, No such file or directory
1130251461 2005.10.25 R54-M1-N8-I:J18-U11 2005-10-25-07.44.21.010640 R54-M1-N8-I:J18-U11 RAS APP FATAL ciod: Error loading allreduce_int_V1R1.rts: invalid or missing program image, No such file or directory
1130251461 2005.10.25 R54-M1-N8-I:J18-U01 2005-10-25-07.44.21.101839 R54-M1-N8-I:J18-U01 RAS APP FATAL ciod: Error loading allreduce_int_V1R1.rts: invalid or missing program image, No such file or directory
1130251462 2005.10.25 R54-M0-N4-I:J18-U11 2005-10-25-07.44.22.097751 R54-M0-N4-I:J18-U11 RAS APP FATAL ciod: Error loading allreduce_double_V1R1.rts: invalid or missing program image, No such file or directory
1130251462 2005.10.25 R54-M0-N4-I:J18-U01 2005-10-25-07.44.22.241807 R54-M0-N4-I:J18-U01 RAS APP FATAL ciod: Error loading allreduce_double_V1R1.rts: invalid or missing program image, No such file or directory
1130251462 2005.10.25 R54-M0-N0-I:J18-U11 2005-10-25-07.44.22.355602 R54-M0-N0-I:J18-U11 RAS APP FATAL ciod: Error loading allreduce_double_V1R1.rts: invalid or missing program image, No such file or directory
1130251462 2005.10.25 R54-M0-N0-I:J18-U01 2005-10-25-07.44.22.464516 R54-M0-N0-I:J18-U01 RAS APP FATAL ciod: Error loading allreduce_double_V1R1.rts: invalid or missing program image, No such file or directory
1130251464 2005.10.25 R51-M1-N0-I:J18-U11 2005-10-25-07.44.24.241002 R51-M1-N0-I:J18-U11 RAS APP FATAL ciod: Error loading allreduce_int_V1R1.rts: invalid or missing program image, No such file or directory
1130251464 2005.10.25 R51-M1-N0-I:J18-U01 2005-10-25-07.44.24.343311 R51-M1-N0-I:J18-U01 RAS APP FATAL ciod: Error loading allreduce_int_V1R1.rts: invalid or missing program image, No such file or directory
1130251464 2005.10.25 R51-M1-NC-I:J18-U11 2005-10-25-07.44.24.692251 R51-M1-NC-I:J18-U11 RAS APP FATAL ciod: Error loading allreduce_int_V1R1.rts: invalid or missing program image, No such file or directory
1130251464 2005.10.25 R51-M1-NC-I:J18-U01 2005-10-25-07.44.24.755496 R51-M1-NC-I:J18-U01 RAS APP FATAL ciod: Error loading allreduce_int_V1R1.rts: invalid or missing program image, No such file or directory
1130251464 2005.10.25 R54-M1-NC-I:J18-U11 2005-10-25-07.44.24.815124 R54-M1-NC-I:J18-U11 RAS APP FATAL ciod: Error loading allreduce_int_V1R1.rts: invalid or missing program image, No such file or directory
1130251464 2005.10.25 R54-M1-NC-I:J18-U01 2005-10-25-07.44.24.875014 R54-M1-NC-I:J18-U01 RAS APP FATAL ciod: Error loading allreduce_int_V1R1.rts: invalid or missing program image, No such file or directory
1130251465 2005.10.25 R54-M1-N4-I:J18-U11 2005-10-25-07.44.25.001376 R54-M1-N4-I:J18-U11 RAS APP FATAL ciod: Error loading allreduce_int_V1R1.rts: invalid or missing program image, No such file or directory
1130251465 2005.10.25 R54-M1-N4-I:J18-U01 2005-10-25-07.44.25.114983 R54-M1-N4-I:J18-U01 RAS APP FATAL ciod: Error loading allreduce_int_V1R1.rts: invalid or missing program image, No such file or directory
1130251466 2005.10.25 R51-M1-N4-I:J18-U11 2005-10-25-07.44.26.072279 R51-M1-N4-I:J18-U11 RAS APP FATAL ciod: Error loading allreduce_int_V1R1.rts: invalid or missing program image, No such file or directory
1130251466 2005.10.25 R51-M1-N4-I:J18-U01 2005-10-25-07.44.26.131667 R51-M1-N4-I:J18-U01 RAS APP FATAL ciod: Error loading allreduce_int_V1R1.rts: invalid or missing program image, No such file or directory
1130251467 2005.10.25 R45-M1-N8-I:J18-U11 2005-10-25-07.44.27.301797 R45-M1-N8-I:J18-U11 RAS APP FATAL ciod: Error loading allreduce_int_V1R1.rts: invalid or missing program image, No such file or directory
1130251467 2005.10.25 R45-M1-N8-I:J18-U01 2005-10-25-07.44.27.415818 R45-M1-N8-I:J18-U01 RAS APP FATAL ciod: Error loading allreduce_int_V1R1.rts: invalid or missing program image, No such file or directory
1130251467 2005.10.25 R45-M0-N8-I:J18-U11 2005-10-25-07.44.27.529178 R45-M0-N8-I:J18-U11 RAS APP FATAL ciod: Error loading allreduce_int_V1R1.rts: invalid or missing program image, No such file or directory
1130251467 2005.10.25 R45-M0-N8-I:J18-U01 2005-10-25-07.44.27.649329 R45-M0-N8-I:J18-U01 RAS APP FATAL ciod: Error loading allreduce_int_V1R1.rts: invalid or missing program image, No such file or directory
1130251467 2005.10.25 R45-M1-N4-I:J18-U11 2005-10-25-07.44.27.774024 R45-M1-N4-I:J18-U11 RAS APP FATAL ciod: Error loading allreduce_int_V1R1.rts: invalid or missing program image, No such file or directory
1130251467 2005.10.25 R45-M1-N4-I:J18-U01 2005-10-25-07.44.27.899917 R45-M1-N4-I:J18-U01 RAS APP FATAL ciod: Error loading allreduce_int_V1R1.rts: invalid or missing program image, No such file or directory
1130251469 2005.10.25 R51-M1-N8-I:J18-U11 2005-10-25-07.44.29.683330 R51-M1-N8-I:J18-U11 RAS APP FATAL ciod: Error loading allreduce_int_V1R1.rts: invalid or missing program image, No such file or directory
1130251469 2005.10.25 R51-M1-N8-I:J18-U01 2005-10-25-07.44.29.784958 R51-M1-N8-I:J18-U01 RAS APP FATAL ciod: Error loading allreduce_int_V1R1.rts: invalid or missing program image, No such file or directory
1130251470 2005.10.25 R36-M0-N8-I:J18-U11 2005-10-25-07.44.30.724493 R36-M0-N8-I:J18-U11 RAS APP FATAL ciod: Error loading allreduce_int_V1R1.rts: invalid or missing program image, No such file or directory
1130251470 2005.10.25 R36-M0-N8-I:J18-U01 2005-10-25-07.44.30.844042 R36-M0-N8-I:J18-U01 RAS APP FATAL ciod: Error loading allreduce_int_V1R1.rts: invalid or missing program image, No such file or directory
1130251471 2005.10.25 R42-M0-N4-I:J18-U11 2005-10-25-07.44.31.189661 R42-M0-N4-I:J18-U11 RAS APP FATAL ciod: Error loading allreduce_int_V1R1.rts: invalid or missing program image, No such file or directory
1130251471 2005.10.25 R42-M0-N4-I:J18-U01 2005-10-25-07.44.31.298954 R42-M0-N4-I:J18-U01 RAS APP FATAL ciod: Error loading allreduce_int_V1R1.rts: invalid or missing program image, No such file or directory
1130251471 2005.10.25 R36-M0-NC-I:J18-U11 2005-10-25-07.44.31.404743 R36-M0-NC-I:J18-U11 RAS APP FATAL ciod: Error loading allreduce_int_V1R1.rts: invalid or missing program image, No such file or directory
1130251471 2005.10.25 R36-M0-NC-I:J18-U01 2005-10-25-07.44.31.508504 R36-M0-NC-I:J18-U01 RAS APP FATAL ciod: Error loading allreduce_int_V1R1.rts: invalid or missing program image, No such file or directory
1130251471 2005.10.25 R36-M0-N0-I:J18-U11 2005-10-25-07.44.31.823260 R36-M0-N0-I:J18-U11 RAS APP FATAL ciod: Error loading allreduce_int_V1R1.rts: invalid or missing program image, No such file or directory
1130251471 2005.10.25 R36-M0-N0-I:J18-U01 2005-10-25-07.44.31.882969 R36-M0-N0-I:J18-U01 RAS APP FATAL ciod: Error loading allreduce_int_V1R1.rts: invalid or missing program image, No such file or directory
1130251472 2005.10.25 R42-M1-N8-I:J18-U11 2005-10-25-07.44.32.147076 R42-M1-N8-I:J18-U11 RAS APP FATAL ciod: Error loading allreduce_double_V1R1.rts: invalid or missing program image, No such file or directory
1130251472 2005.10.25 R42-M1-N8-I:J18-U01 2005-10-25-07.44.32.248271 R42-M1-N8-I:J18-U01 RAS APP FATAL ciod: Error loading allreduce_double_V1R1.rts: invalid or missing program image, No such file or directory
1130251472 2005.10.25 R36-M0-N4-I:J18-U11 2005-10-25-07.44.32.572069 R36-M0-N4-I:J18-U11 RAS APP FATAL ciod: Error loading allreduce_int_V1R1.rts: invalid or missing program image, No such file or directory
1130251472 2005.10.25 R36-M0-N4-I:J18-U01 2005-10-25-07.44.32.673708 R36-M0-N4-I:J18-U01 RAS APP FATAL ciod: Error loading allreduce_int_V1R1.rts: invalid or missing program image, No such file or directory
1130251472 2005.10.25 R45-M1-NC-I:J18-U11 2005-10-25-07.44.32.787249 R45-M1-NC-I:J18-U11 RAS APP FATAL ciod: Error loading allreduce_int_V1R1.rts: invalid or missing program image, No such file or directory
1130251472 2005.10.25 R45-M1-NC-I:J18-U01 2005-10-25-07.44.32.888984 R45-M1-NC-I:J18-U01 RAS APP FATAL ciod: Error loading allreduce_int_V1R1.rts: invalid or missing program image, No such file or directory
1130251472 2005.10.25 R36-M1-NC-I:J18-U11 2005-10-25-07.44.32.991071 R36-M1-NC-I:J18-U11 RAS APP FATAL ciod: Error loading allreduce_int_V1R1.rts: invalid or missing program image, No such file or directory
1130251473 2005.10.25 R36-M1-NC-I:J18-U01 2005-10-25-07.44.33.092568 R36-M1-NC-I:J18-U01 RAS APP FATAL ciod: Error loading allreduce_int_V1R1.rts: invalid or missing program image, No such file or directory
1130251473 2005.10.25 R33-M1-N0-I:J18-U11 2005-10-25-07.44.33.607162 R33-M1-N0-I:J18-U11 RAS APP FATAL ciod: Error loading allreduce_double_V1R1.rts: invalid or missing program image, No such file or directory
1130251473 2005.10.25 R33-M1-N0-I:J18-U01 2005-10-25-07.44.33.710443 R33-M1-N0-I:J18-U01 RAS APP FATAL ciod: Error loading allreduce_double_V1R1.rts: invalid or missing program image, No such file or directory
1130251474 2005.10.25 R33-M0-NC-I:J18-U11 2005-10-25-07.44.34.265543 R33-M0-NC-I:J18-U11 RAS APP FATAL ciod: Error loading allreduce_int_V1R1.rts: invalid or missing program image, No such file or directory
1130251474 2005.10.25 R33-M0-NC-I:J18-U01 2005-10-25-07.44.34.379045 R33-M0-NC-I:J18-U01 RAS APP FATAL ciod: Error loading allreduce_int_V1R1.rts: invalid or missing program image, No such file or directory
1130251474 2005.10.25 R42-M0-N0-I:J18-U11 2005-10-25-07.44.34.571171 R42-M0-N0-I:J18-U11 RAS APP FATAL ciod: Error loading allreduce_int_V1R1.rts: invalid or missing program image, No such file or directory
1130251474 2005.10.25 R42-M0-N0-I:J18-U01 2005-10-25-07.44.34.686047 R42-M0-N0-I:J18-U01 RAS APP FATAL ciod: Error loading allreduce_int_V1R1.rts: invalid or missing program image, No such file or directory
1130251475 2005.10.25 R36-M1-N8-I:J18-U11 2005-10-25-07.44.35.659783 R36-M1-N8-I:J18-U11 RAS APP FATAL ciod: Error loading allreduce_double_V1R1.rts: invalid or missing program image, No such file or directory
1130251475 2005.10.25 R36-M1-N8-I:J18-U01 2005-10-25-07.44.35.773585 R36-M1-N8-I:J18-U01 RAS APP FATAL ciod: Error loading allreduce_double_V1R1.rts: invalid or missing program image, No such file or directory
1130251477 2005.10.25 R51-M0-N4-I:J18-U11 2005-10-25-07.44.37.296943 R51-M0-N4-I:J18-U11 RAS APP FATAL ciod: Error loading allreduce_int_V1R1.rts: invalid or missing program image, No such file or directory
1130251477 2005.10.25 R51-M0-N4-I:J18-U01 2005-10-25-07.44.37.431950 R51-M0-N4-I:J18-U01 RAS APP FATAL ciod: Error loading allreduce_int_V1R1.rts: invalid or missing program image, No such file or directory
1130251478 2005.10.25 R51-M0-N0-I:J18-U11 2005-10-25-07.44.38.287679 R51-M0-N0-I:J18-U11 RAS APP FATAL ciod: Error loading allreduce_double_V1R1.rts: invalid or missing program image, No such file or directory
1130251478 2005.10.25 R51-M0-N0-I:J18-U01 2005-10-25-07.44.38.407217 R51-M0-N0-I:J18-U01 RAS APP FATAL ciod: Error loading allreduce_double_V1R1.rts: invalid or missing program image, No such file or directory
1130251478 2005.10.25 R30-M0-N0-I:J18-U11 2005-10-25-07.44.38.514552 R30-M0-N0-I:J18-U11 RAS APP FATAL ciod: Error loading allreduce_int_V1R1.rts: invalid or missing program image, No such file or directory
1130251478 2005.10.25 R30-M0-N0-I:J18-U01 2005-10-25-07.44.38.634500 R30-M0-N0-I:J18-U01 RAS APP FATAL ciod: Error loading allreduce_int_V1R1.rts: invalid or missing program image, No such file or directory
1130251479 2005.10.25 R33-M1-NC-I:J18-U11 2005-10-25-07.44.39.789619 R33-M1-NC-I:J18-U11 RAS APP FATAL ciod: Error loading allreduce_int_V1R1.rts: invalid or missing program image, No such file or directory
1130251479 2005.10.25 R33-M1-NC-I:J18-U01 2005-10-25-07.44.39.891031 R33-M1-NC-I:J18-U01 RAS APP FATAL ciod: Error loading allreduce_int_V1R1.rts: invalid or missing program image, No such file or directory
1130251480 2005.10.25 R24-M1-NC-I:J18-U11 2005-10-25-07.44.40.171996 R24-M1-NC-I:J18-U11 RAS APP FATAL ciod: Error loading allreduce_int_V1R1.rts: invalid or missing program image, No such file or directory
1130251480 2005.10.25 R24-M1-NC-I:J18-U01 2005-10-25-07.44.40.232107 R24-M1-NC-I:J18-U01 RAS APP FATAL ciod: Error loading allreduce_int_V1R1.rts: invalid or missing program image, No such file or directory
1130251481 2005.10.25 R27-M1-NC-I:J18-U11 2005-10-25-07.44.41.626873 R27-M1-NC-I:J18-U11 RAS APP FATAL ciod: Error loading allreduce_int_V1R1.rts: invalid or missing program image, No such file or directory
1130251481 2005.10.25 R27-M1-NC-I:J18-U01 2005-10-25-07.44.41.734767 R27-M1-NC-I:J18-U01 RAS APP FATAL ciod: Error loading allreduce_int_V1R1.rts: invalid or missing program image, No such file or directory
1130251481 2005.10.25 R27-M1-N8-I:J18-U11 2005-10-25-07.44.41.854291 R27-M1-N8-I:J18-U11 RAS APP FATAL ciod: Error loading allreduce_int_V1R1.rts: invalid or missing program image, No such file or directory
1130251481 2005.10.25 R27-M1-N8-I:J18-U01 2005-10-25-07.44.41.962077 R27-M1-N8-I:J18-U01 RAS APP FATAL ciod: Error loading allreduce_int_V1R1.rts: invalid or missing program image, No such file or directory
1130251482 2005.10.25 R27-M0-N0-I:J18-U11 2005-10-25-07.44.42.668307 R27-M0-N0-I:J18-U11 RAS APP FATAL ciod: Error loading allreduce_int_V1R1.rts: invalid or missing program image, No such file or directory
1130251482 2005.10.25 R27-M0-N0-I:J18-U01 2005-10-25-07.44.42.769898 R27-M0-N0-I:J18-U01 RAS APP FATAL ciod: Error loading allreduce_int_V1R1.rts: invalid or missing program image, No such file or directory
1130251482 2005.10.25 R33-M1-N8-I:J18-U11 2005-10-25-07.44.42.871780 R33-M1-N8-I:J18-U11 RAS APP FATAL ciod: Error loading allreduce_double_V1R1.rts: invalid or missing program image, No such file or directory
1130251482 2005.10.25 R33-M1-N8-I:J18-U01 2005-10-25-07.44.42.975118 R33-M1-N8-I:J18-U01 RAS APP FATAL ciod: Error loading allreduce_double_V1R1.rts: invalid or missing program image, No such file or directory
1130251483 2005.10.25 R63-M1-NC-I:J18-U11 2005-10-25-07.44.43.306123 R63-M1-NC-I:J18-U11 RAS APP FATAL ciod: Error loading allreduce_int_V1R1.rts: invalid or missing program image, No such file or directory
1130251483 2005.10.25 R63-M1-NC-I:J18-U01 2005-10-25-07.44.43.416688 R63-M1-NC-I:J18-U01 RAS APP FATAL ciod: Error loading allreduce_int_V1R1.rts: invalid or missing program image, No such file or directory
1130251483 2005.10.25 R21-M1-N4-I:J18-U11 2005-10-25-07.44.43.776178 R21-M1-N4-I:J18-U11 RAS APP FATAL ciod: Error loading allreduce_int_V1R1.rts: invalid or missing program image, No such file or directory
1130251483 2005.10.25 R21-M1-N4-I:J18-U01 2005-10-25-07.44.43.880737 R21-M1-N4-I:J18-U01 RAS APP FATAL ciod: Error loading allreduce_int_V1R1.rts: invalid or missing program image, No such file or directory
1130251484 2005.10.25 R27-M1-N4-I:J18-U11 2005-10-25-07.44.44.203759 R27-M1-N4-I:J18-U11 RAS APP FATAL ciod: Error loading allreduce_int_V1R1.rts: invalid or missing program image, No such file or directory
1130251484 2005.10.25 R27-M1-N4-I:J18-U01 2005-10-25-07.44.44.312150 R27-M1-N4-I:J18-U01 RAS APP FATAL ciod: Error loading allreduce_int_V1R1.rts: invalid or missing program image, No such file or directory
1130251484 2005.10.25 R24-M0-N8-I:J18-U11 2005-10-25-07.44.44.419565 R24-M0-N8-I:J18-U11 RAS APP FATAL ciod: Error loading allreduce_double_V1R1.rts: invalid or missing program image, No such file or directory
1130251484 2005.10.25 R24-M0-N8-I:J18-U01 2005-10-25-07.44.44.527047 R24-M0-N8-I:J18-U01 RAS APP FATAL ciod: Error loading allreduce_double_V1R1.rts: invalid or missing program image, No such file or directory
1130251484 2005.10.25 R24-M0-N4-I:J18-U11 2005-10-25-07.44.44.635062 R24-M0-N4-I:J18-U11 RAS APP FATAL ciod: Error loading allreduce_double_V1R1.rts: invalid or missing program image, No such file or directory
1130251484 2005.10.25 R24-M0-N4-I:J18-U01 2005-10-25-07.44.44.750286 R24-M0-N4-I:J18-U01 RAS APP FATAL ciod: Error loading allreduce_double_V1R1.rts: invalid or missing program image, No such file or directory
1130251484 2005.10.25 R45-M0-N4-I:J18-U11 2005-10-25-07.44.44.850449 R45-M0-N4-I:J18-U11 RAS APP FATAL ciod: Error loading allreduce_int_V1R1.rts: invalid or missing program image, No such file or directory
1130251484 2005.10.25 R45-M0-N4-I:J18-U01 2005-10-25-07.44.44.951727 R45-M0-N4-I:J18-U01 RAS APP FATAL ciod: Error loading allreduce_int_V1R1.rts: invalid or missing program image, No such file or directory
1130251485 2005.10.25 R66-M0-N8-I:J18-U11 2005-10-25-07.44.45.053316 R66-M0-N8-I:J18-U11 RAS APP FATAL ciod: Error loading allreduce_int_V1R1.rts: invalid or missing program image, No such file or directory
1130251485 2005.10.25 R66-M0-N8-I:J18-U01 2005-10-25-07.44.45.160708 R66-M0-N8-I:J18-U01 RAS APP FATAL ciod: Error loading allreduce_int_V1R1.rts: invalid or missing program image, No such file or directory
1130251485 2005.10.25 R24-M0-N0-I:J18-U11 2005-10-25-07.44.45.263230 R24-M0-N0-I:J18-U11 RAS APP FATAL ciod: Error loading allreduce_double_V1R1.rts: invalid or missing program image, No such file or directory
1130251485 2005.10.25 R24-M0-N0-I:J18-U01 2005-10-25-07.44.45.364578 R24-M0-N0-I:J18-U01 RAS APP FATAL ciod: Error loading allreduce_double_V1R1.rts: invalid or missing program image, No such file or directory
1130251485 2005.10.25 R45-M1-N0-I:J18-U11 2005-10-25-07.44.45.622173 R45-M1-N0-I:J18-U11 RAS APP FATAL ciod: Error loading allreduce_int_V1R1.rts: invalid or missing program image, No such file or directory
1130251485 2005.10.25 R45-M1-N0-I:J18-U01 2005-10-25-07.44.45.764753 R45-M1-N0-I:J18-U01 RAS APP FATAL ciod: Error loading allreduce_int_V1R1.rts: invalid or missing program image, No such file or directory
1130251485 2005.10.25 R45-M0-N0-I:J18-U11 2005-10-25-07.44.45.867377 R45-M0-N0-I:J18-U11 RAS APP FATAL ciod: Error loading allreduce_int_V1R1.rts: invalid or missing program image, No such file or directory
1130251485 2005.10.25 R45-M0-N0-I:J18-U01 2005-10-25-07.44.45.974831 R45-M0-N0-I:J18-U01 RAS APP FATAL ciod: Error loading allreduce_int_V1R1.rts: invalid or missing program image, No such file or directory
1130251486 2005.10.25 R42-M1-N0-I:J18-U11 2005-10-25-07.44.46.088583 R42-M1-N0-I:J18-U11 RAS APP FATAL ciod: Error loading allreduce_double_V1R1.rts: invalid or missing program image, No such file or directory
1130251486 2005.10.25 R42-M1-N0-I:J18-U01 2005-10-25-07.44.46.190507 R42-M1-N0-I:J18-U01 RAS APP FATAL ciod: Error loading allreduce_double_V1R1.rts: invalid or missing program image, No such file or directory
1130251486 2005.10.25 R27-M0-NC-I:J18-U11 2005-10-25-07.44.46.759411 R27-M0-NC-I:J18-U11 RAS APP FATAL ciod: Error loading allreduce_int_V1R1.rts: invalid or missing program image, No such file or directory
1130251486 2005.10.25 R27-M0-NC-I:J18-U01 2005-10-25-07.44.46.885149 R27-M0-NC-I:J18-U01 RAS APP FATAL ciod: Error loading allreduce_int_V1R1.rts: invalid or missing program image, No such file or directory
1130251487 2005.10.25 R27-M0-N8-I:J18-U11 2005-10-25-07.44.47.256389 R27-M0-N8-I:J18-U11 RAS APP FATAL ciod: Error loading allreduce_int_V1R1.rts: invalid or missing program image, No such file or directory
1130251487 2005.10.25 R27-M0-N8-I:J18-U01 2005-10-25-07.44.47.377588 R27-M0-N8-I:J18-U01 RAS APP FATAL ciod: Error loading allreduce_int_V1R1.rts: invalid or missing program image, No such file or directory
1130251488 2005.10.25 R72-M1-NC-I:J18-U11 2005-10-25-07.44.48.189525 R72-M1-NC-I:J18-U11 RAS APP FATAL ciod: Error loading allreduce_double_V1R1.rts: invalid or missing program image, No such file or directory
1130251488 2005.10.25 R72-M1-NC-I:J18-U01 2005-10-25-07.44.48.297183 R72-M1-NC-I:J18-U01 RAS APP FATAL ciod: Error loading allreduce_double_V1R1.rts: invalid or missing program image, No such file or directory
1130251488 2005.10.25 R63-M0-N0-I:J18-U11 2005-10-25-07.44.48.399347 R63-M0-N0-I:J18-U11 RAS APP FATAL ciod: Error loading allreduce_int_V1R1.rts: invalid or missing program image, No such file or directory
1130251488 2005.10.25 R63-M0-N0-I:J18-U01 2005-10-25-07.44.48.500570 R63-M0-N0-I:J18-U01 RAS APP FATAL ciod: Error loading allreduce_int_V1R1.rts: invalid or missing program image, No such file or directory
1130251488 2005.10.25 R51-M0-N8-I:J18-U11 2005-10-25-07.44.48.817816 R51-M0-N8-I:J18-U11 RAS APP FATAL ciod: Error loading allreduce_int_V1R1.rts: invalid or missing program image, No such file or directory
1130251488 2005.10.25 R51-M0-N8-I:J18-U01 2005-10-25-07.44.48.919933 R51-M0-N8-I:J18-U01 RAS APP FATAL ciod: Error loading allreduce_int_V1R1.rts: invalid or missing program image, No such file or directory
1130251489 2005.10.25 R27-M1-N0-I:J18-U11 2005-10-25-07.44.49.236977 R27-M1-N0-I:J18-U11 RAS APP FATAL ciod: Error loading allreduce_int_V1R1.rts: invalid or missing program image, No such file or directory
1130251489 2005.10.25 R27-M1-N0-I:J18-U01 2005-10-25-07.44.49.338688 R27-M1-N0-I:J18-U01 RAS APP FATAL ciod: Error loading allreduce_int_V1R1.rts: invalid or missing program image, No such file or directory
1130251489 2005.10.25 R27-M0-N4-I:J18-U11 2005-10-25-07.44.49.440366 R27-M0-N4-I:J18-U11 RAS APP FATAL ciod: Error loading allreduce_int_V1R1.rts: invalid or missing program image, No such file or directory
1130251489 2005.10.25 R27-M0-N4-I:J18-U01 2005-10-25-07.44.49.542410 R27-M0-N4-I:J18-U01 RAS APP FATAL ciod: Error loading allreduce_int_V1R1.rts: invalid or missing program image, No such file or directory
1130251489 2005.10.25 R63-M0-NC-I:J18-U11 2005-10-25-07.44.49.888934 R63-M0-NC-I:J18-U11 RAS APP FATAL ciod: Error loading allreduce_int_V1R1.rts: invalid or missing program image, No such file or directory
1130251490 2005.10.25 R63-M0-NC-I:J18-U01 2005-10-25-07.44.50.009080 R63-M0-NC-I:J18-U01 RAS APP FATAL ciod: Error loading allreduce_int_V1R1.rts: invalid or missing program image, No such file or directory
1130251490 2005.10.25 R63-M1-N4-I:J18-U11 2005-10-25-07.44.50.379958 R63-M1-N4-I:J18-U11 RAS APP FATAL ciod: Error loading allreduce_int_V1R1.rts: invalid or missing program image, No such file or directory
1130251490 2005.10.25 R63-M1-N4-I:J18-U01 2005-10-25-07.44.50.667640 R63-M1-N4-I:J18-U01 RAS APP FATAL ciod: Error loading allreduce_int_V1R1.rts: invalid or missing program image, No such file or directory
1130251491 2005.10.25 R63-M1-N0-I:J18-U11 2005-10-25-07.44.51.056246 R63-M1-N0-I:J18-U11 RAS APP FATAL ciod: Error loading allreduce_int_V1R1.rts: invalid or missing program image, No such file or directory
1130251491 2005.10.25 R63-M1-N0-I:J18-U01 2005-10-25-07.44.51.176002 R63-M1-N0-I:J18-U01 RAS APP FATAL ciod: Error loading allreduce_int_V1R1.rts: invalid or missing program image, No such file or directory
1130251492 2005.10.25 R51-M0-NC-I:J18-U11 2005-10-25-07.44.52.504208 R51-M0-NC-I:J18-U11 RAS APP FATAL ciod: Error loading allreduce_double_V1R1.rts: invalid or missing program image, No such file or directory
1130251492 2005.10.25 R51-M0-NC-I:J18-U01 2005-10-25-07.44.52.630132 R51-M0-NC-I:J18-U01 RAS APP FATAL ciod: Error loading allreduce_int_V1R1.rts: invalid or missing program image, No such file or directory
1130251493 2005.10.25 R63-M0-N8-I:J18-U11 2005-10-25-07.44.53.219915 R63-M0-N8-I:J18-U11 RAS APP FATAL ciod: Error loading allreduce_int_V1R1.rts: invalid or missing program image, No such file or directory
1130251493 2005.10.25 R63-M0-N8-I:J18-U01 2005-10-25-07.44.53.338640 R63-M0-N8-I:J18-U01 RAS APP FATAL ciod: Error loading allreduce_int_V1R1.rts: invalid or missing program image, No such file or directory
1130251493 2005.10.25 R24-M1-N0-I:J18-U11 2005-10-25-07.44.53.918590 R24-M1-N0-I:J18-U11 RAS APP FATAL ciod: Error loading allreduce_int_V1R1.rts: invalid or missing program image, No such file or directory
1130251494 2005.10.25 R24-M1-N0-I:J18-U01 2005-10-25-07.44.54.044876 R24-M1-N0-I:J18-U01 RAS APP FATAL ciod: Error loading allreduce_int_V1R1.rts: invalid or missing program image, No such file or directory
1130251494 2005.10.25 R66-M1-N4-I:J18-U11 2005-10-25-07.44.54.386102 R66-M1-N4-I:J18-U11 RAS APP FATAL ciod: Error loading allreduce_int_V1R1.rts: invalid or missing program image, No such file or directory
1130251494 2005.10.25 R66-M1-N4-I:J18-U01 2005-10-25-07.44.54.499807 R66-M1-N4-I:J18-U01 RAS APP FATAL ciod: Error loading allreduce_int_V1R1.rts: invalid or missing program image, No such file or directory
1130251494 2005.10.25 R66-M0-N0-I:J18-U11 2005-10-25-07.44.54.625156 R66-M0-N0-I:J18-U11 RAS APP FATAL ciod: Error loading allreduce_double_V1R1.rts: invalid or missing program image, No such file or directory
1130251494 2005.10.25 R66-M0-N0-I:J18-U01 2005-10-25-07.44.54.738768 R66-M0-N0-I:J18-U01 RAS APP FATAL ciod: Error loading allreduce_double_V1R1.rts: invalid or missing program image, No such file or directory
1130251494 2005.10.25 R24-M1-N4-I:J18-U11 2005-10-25-07.44.54.852531 R24-M1-N4-I:J18-U11 RAS APP FATAL ciod: Error loading allreduce_int_V1R1.rts: invalid or missing program image, No such file or directory
1130251494 2005.10.25 R24-M1-N4-I:J18-U01 2005-10-25-07.44.54.966145 R24-M1-N4-I:J18-U01 RAS APP FATAL ciod: Error loading allreduce_int_V1R1.rts: invalid or missing program image, No such file or directory
1130251495 2005.10.25 R66-M1-N8-I:J18-U11 2005-10-25-07.44.55.079814 R66-M1-N8-I:J18-U11 RAS APP FATAL ciod: Error loading allreduce_int_V1R1.rts: invalid or missing program image, No such file or directory
1130251495 2005.10.25 R66-M1-N8-I:J18-U01 2005-10-25-07.44.55.193715 R66-M1-N8-I:J18-U01 RAS APP FATAL ciod: Error loading allreduce_int_V1R1.rts: invalid or missing program image, No such file or directory
1130251495 2005.10.25 R24-M1-N8-I:J18-U11 2005-10-25-07.44.55.508042 R24-M1-N8-I:J18-U11 RAS APP FATAL ciod: Error loading allreduce_int_V1R1.rts: invalid or missing program image, No such file or directory
1130251495 2005.10.25 R24-M1-N8-I:J18-U01 2005-10-25-07.44.55.664571 R24-M1-N8-I:J18-U01 RAS APP FATAL ciod: Error loading allreduce_int_V1R1.rts: invalid or missing program image, No such file or directory
1130251496 2005.10.25 R63-M1-N8-I:J18-U11 2005-10-25-07.44.56.778775 R63-M1-N8-I:J18-U11 RAS APP FATAL ciod: Error loading allreduce_int_V1R1.rts: invalid or missing program image, No such file or directory
1130251496 2005.10.25 R63-M1-N8-I:J18-U01 2005-10-25-07.44.56.918218 R63-M1-N8-I:J18-U01 RAS APP FATAL ciod: Error loading allreduce_int_V1R1.rts: invalid or missing program image, No such file or directory
1130251497 2005.10.25 R33-M1-N4-I:J18-U11 2005-10-25-07.44.57.610616 R33-M1-N4-I:J18-U11 RAS APP FATAL ciod: Error loading allreduce_int_V1R1.rts: invalid or missing program image, No such file or directory
1130251497 2005.10.25 R33-M1-N4-I:J18-U01 2005-10-25-07.44.57.723905 R33-M1-N4-I:J18-U01 RAS APP FATAL ciod: Error loading allreduce_int_V1R1.rts: invalid or missing program image, No such file or directory
1130251497 2005.10.25 R21-M1-N0-I:J18-U11 2005-10-25-07.44.57.837942 R21-M1-N0-I:J18-U11 RAS APP FATAL ciod: Error loading allreduce_int_V1R1.rts: invalid or missing program image, No such file or directory
1130251497 2005.10.25 R21-M1-N0-I:J18-U01 2005-10-25-07.44.57.957767 R21-M1-N0-I:J18-U01 RAS APP FATAL ciod: Error loading allreduce_int_V1R1.rts: invalid or missing program image, No such file or directory
1130251498 2005.10.25 R36-M1-N0-I:J18-U11 2005-10-25-07.44.58.310401 R36-M1-N0-I:J18-U11 RAS APP FATAL ciod: Error loading allreduce_int_V1R1.rts: invalid or missing program image, No such file or directory
1130251498 2005.10.25 R36-M1-N0-I:J18-U01 2005-10-25-07.44.58.424365 R36-M1-N0-I:J18-U01 RAS APP FATAL ciod: Error loading allreduce_int_V1R1.rts: invalid or missing program image, No such file or directory
1130251498 2005.10.25 R36-M1-N4-I:J18-U11 2005-10-25-07.44.58.537748 R36-M1-N4-I:J18-U11 RAS APP FATAL ciod: Error loading allreduce_int_V1R1.rts: invalid or missing program image, No such file or directory
1130251498 2005.10.25 R36-M1-N4-I:J18-U01 2005-10-25-07.44.58.651638 R36-M1-N4-I:J18-U01 RAS APP FATAL ciod: Error loading allreduce_int_V1R1.rts: invalid or missing program image, No such file or directory
1130251498 2005.10.25 R63-M0-N4-I:J18-U11 2005-10-25-07.44.58.992922 R63-M0-N4-I:J18-U11 RAS APP FATAL ciod: Error loading allreduce_int_V1R1.rts: invalid or missing program image, No such file or directory
1130251499 2005.10.25 R63-M0-N4-I:J18-U01 2005-10-25-07.44.59.118484 R63-M0-N4-I:J18-U01 RAS APP FATAL ciod: Error loading allreduce_int_V1R1.rts: invalid or missing program image, No such file or directory
1130251499 2005.10.25 R66-M0-NC-I:J18-U11 2005-10-25-07.44.59.231733 R66-M0-NC-I:J18-U11 RAS APP FATAL ciod: Error loading allreduce_int_V1R1.rts: invalid or missing program image, No such file or directory
1130251499 2005.10.25 R66-M0-NC-I:J18-U01 2005-10-25-07.44.59.351680 R66-M0-NC-I:J18-U01 RAS APP FATAL ciod: Error loading allreduce_int_V1R1.rts: invalid or missing program image, No such file or directory
1130251499 2005.10.25 R66-M0-N4-I:J18-U11 2005-10-25-07.44.59.471181 R66-M0-N4-I:J18-U11 RAS APP FATAL ciod: Error loading allreduce_double_V1R1.rts: invalid or missing program image, No such file or directory
1130251499 2005.10.25 R66-M0-N4-I:J18-U01 2005-10-25-07.44.59.584966 R66-M0-N4-I:J18-U01 RAS APP FATAL ciod: Error loading allreduce_double_V1R1.rts: invalid or missing program image, No such file or directory
1130251499 2005.10.25 R66-M1-N0-I:J18-U11 2005-10-25-07.44.59.704340 R66-M1-N0-I:J18-U11 RAS APP FATAL ciod: Error loading allreduce_int_V1R1.rts: invalid or missing program image, No such file or directory
1130251499 2005.10.25 R66-M1-N0-I:J18-U01 2005-10-25-07.44.59.824193 R66-M1-N0-I:J18-U01 RAS APP FATAL ciod: Error loading allreduce_int_V1R1.rts: invalid or missing program image, No such file or directory
1130251501 2005.10.25 R66-M1-NC-I:J18-U11 2005-10-25-07.45.01.391844 R66-M1-NC-I:J18-U11 RAS APP FATAL ciod: Error loading allreduce_int_V1R1.rts: invalid or missing program image, No such file or directory
1130251501 2005.10.25 R66-M1-NC-I:J18-U01 2005-10-25-07.45.01.505847 R66-M1-NC-I:J18-U01 RAS APP FATAL ciod: Error loading allreduce_int_V1R1.rts: invalid or missing program image, No such file or directory
1130251501 2005.10.25 R57-M0-N4-I:J18-U11 2005-10-25-07.45.01.817131 R57-M0-N4-I:J18-U11 RAS APP FATAL ciod: Error loading allreduce_int_V1R1.rts: invalid or missing program image, No such file or directory
1130251501 2005.10.25 R57-M0-N4-I:J18-U01 2005-10-25-07.45.01.912940 R57-M0-N4-I:J18-U01 RAS APP FATAL ciod: Error loading allreduce_int_V1R1.rts: invalid or missing program image, No such file or directory
1130251502 2005.10.25 R33-M0-N4-I:J18-U11 2005-10-25-07.45.02.014169 R33-M0-N4-I:J18-U11 RAS APP FATAL ciod: Error loading allreduce_int_V1R1.rts: invalid or missing program image, No such file or directory
1130251502 2005.10.25 R33-M0-N4-I:J18-U01 2005-10-25-07.45.02.116117 R33-M0-N4-I:J18-U01 RAS APP FATAL ciod: Error loading allreduce_double_V1R1.rts: invalid or missing program image, No such file or directory
1130251502 2005.10.25 R33-M0-N8-I:J18-U11 2005-10-25-07.45.02.851959 R33-M0-N8-I:J18-U11 RAS APP FATAL ciod: Error loading allreduce_int_V1R1.rts: invalid or missing program image, No such file or directory
1130251502 2005.10.25 R33-M0-N8-I:J18-U01 2005-10-25-07.45.02.967829 R33-M0-N8-I:J18-U01 RAS APP FATAL ciod: Error loading allreduce_int_V1R1.rts: invalid or missing program image, No such file or directory
1130251503 2005.10.25 R30-M1-NC-I:J18-U11 2005-10-25-07.45.03.276510 R30-M1-NC-I:J18-U11 RAS APP FATAL ciod: Error loading allreduce_int_V1R1.rts: invalid or missing program image, No such file or directory
1130251503 2005.10.25 R30-M1-NC-I:J18-U01 2005-10-25-07.45.03.378324 R30-M1-NC-I:J18-U01 RAS APP FATAL ciod: Error loading allreduce_int_V1R1.rts: invalid or missing program image, No such file or directory
1130251503 2005.10.25 R57-M1-N4-I:J18-U11 2005-10-25-07.45.03.917533 R57-M1-N4-I:J18-U11 RAS APP FATAL ciod: Error loading allreduce_int_V1R1.rts: invalid or missing program image, No such file or directory
1130251503 2005.10.25 R57-M1-N4-I:J18-U01 2005-10-25-07.45.03.982606 R57-M1-N4-I:J18-U01 RAS APP FATAL ciod: Error loading allreduce_int_V1R1.rts: invalid or missing program image, No such file or directory
1130251504 2005.10.25 R57-M0-N0-I:J18-U11 2005-10-25-07.45.04.042527 R57-M0-N0-I:J18-U11 RAS APP FATAL ciod: Error loading allreduce_int_V1R1.rts: invalid or missing program image, No such file or directory
1130251504 2005.10.25 R57-M0-N0-I:J18-U01 2005-10-25-07.45.04.180881 R57-M0-N0-I:J18-U01 RAS APP FATAL ciod: Error loading allreduce_int_V1R1.rts: invalid or missing program image, No such file or directory
1130251504 2005.10.25 R30-M1-N8-I:J18-U11 2005-10-25-07.45.04.720571 R30-M1-N8-I:J18-U11 RAS APP FATAL ciod: Error loading allreduce_int_V1R1.rts: invalid or missing program image, No such file or directory
1130251504 2005.10.25 R30-M1-N8-I:J18-U01 2005-10-25-07.45.04.821520 R30-M1-N8-I:J18-U01 RAS APP FATAL ciod: Error loading allreduce_int_V1R1.rts: invalid or missing program image, No such file or directory
1130251504 2005.10.25 R57-M0-NC-I:J18-U11 2005-10-25-07.45.04.922452 R57-M0-NC-I:J18-U11 RAS APP FATAL ciod: Error loading allreduce_int_V1R1.rts: invalid or missing program image, No such file or directory
1130251505 2005.10.25 R57-M0-NC-I:J18-U01 2005-10-25-07.45.05.024494 R57-M0-NC-I:J18-U01 RAS APP FATAL ciod: Error loading allreduce_int_V1R1.rts: invalid or missing program image, No such file or directory
1130251505 2005.10.25 R42-M1-NC-I:J18-U11 2005-10-25-07.45.05.138695 R42-M1-NC-I:J18-U11 RAS APP FATAL ciod: Error loading allreduce_double_V1R1.rts: invalid or missing program image, No such file or directory
1130251505 2005.10.25 R42-M1-NC-I:J18-U01 2005-10-25-07.45.05.239901 R42-M1-NC-I:J18-U01 RAS APP FATAL ciod: Error loading allreduce_double_V1R1.rts: invalid or missing program image, No such file or directory
1130251505 2005.10.25 R57-M1-N0-I:J18-U11 2005-10-25-07.45.05.416139 R57-M1-N0-I:J18-U11 RAS APP FATAL ciod: Error loading allreduce_int_V1R1.rts: invalid or missing program image, No such file or directory
1130251505 2005.10.25 R57-M1-N0-I:J18-U01 2005-10-25-07.45.05.610667 R57-M1-N0-I:J18-U01 RAS APP FATAL ciod: Error loading allreduce_int_V1R1.rts: invalid or missing program image, No such file or directory
1130251505 2005.10.25 R42-M0-N8-I:J18-U11 2005-10-25-07.45.05.790388 R42-M0-N8-I:J18-U11 RAS APP FATAL ciod: Error loading allreduce_int_V1R1.rts: invalid or missing program image, No such file or directory
1130251505 2005.10.25 R42-M0-N8-I:J18-U01 2005-10-25-07.45.05.909853 R42-M0-N8-I:J18-U01 RAS APP FATAL ciod: Error loading allreduce_int_V1R1.rts: invalid or missing program image, No such file or directory
1130251506 2005.10.25 R57-M1-NC-I:J18-U11 2005-10-25-07.45.06.909123 R57-M1-NC-I:J18-U11 RAS APP FATAL ciod: Error loading allreduce_int_V1R1.rts: invalid or missing program image, No such file or directory
1130251507 2005.10.25 R57-M1-NC-I:J18-U01 2005-10-25-07.45.07.011282 R57-M1-NC-I:J18-U01 RAS APP FATAL ciod: Error loading allreduce_int_V1R1.rts: invalid or missing program image, No such file or directory
1130251507 2005.10.25 R42-M1-N4-I:J18-U11 2005-10-25-07.45.07.322779 R42-M1-N4-I:J18-U11 RAS APP FATAL ciod: Error loading allreduce_double_V1R1.rts: invalid or missing program image, No such file or directory
1130251507 2005.10.25 R42-M1-N4-I:J18-U01 2005-10-25-07.45.07.430885 R42-M1-N4-I:J18-U01 RAS APP FATAL ciod: Error loading allreduce_double_V1R1.rts: invalid or missing program image, No such file or directory
1130251508 2005.10.25 R21-M0-N0-I:J18-U11 2005-10-25-07.45.08.937613 R21-M0-N0-I:J18-U11 RAS APP FATAL ciod: Error loading allreduce_int_V1R1.rts: invalid or missing program image, No such file or directory
1130251509 2005.10.25 R21-M0-N0-I:J18-U01 2005-10-25-07.45.09.045413 R21-M0-N0-I:J18-U01 RAS APP FATAL ciod: Error loading allreduce_int_V1R1.rts: invalid or missing program image, No such file or directory
1130251510 2005.10.25 R21-M1-NC-I:J18-U11 2005-10-25-07.45.10.080390 R21-M1-NC-I:J18-U11 RAS APP FATAL ciod: Error loading allreduce_int_V1R1.rts: invalid or missing program image, No such file or directory
1130251510 2005.10.25 R21-M1-NC-I:J18-U01 2005-10-25-07.45.10.182988 R21-M1-NC-I:J18-U01 RAS APP FATAL ciod: Error loading allreduce_int_V1R1.rts: invalid or missing program image, No such file or directory
1130251510 2005.10.25 R21-M0-N8-I:J18-U11 2005-10-25-07.45.10.284353 R21-M0-N8-I:J18-U11 RAS APP FATAL ciod: Error loading allreduce_int_V1R1.rts: invalid or missing program image, No such file or directory
1130251510 2005.10.25 R21-M0-N8-I:J18-U01 2005-10-25-07.45.10.487130 R21-M0-N8-I:J18-U01 RAS APP FATAL ciod: Error loading allreduce_int_V1R1.rts: invalid or missing program image, No such file or directory
1130251511 2005.10.25 R60-M1-NC-I:J18-U11 2005-10-25-07.45.11.541152 R60-M1-NC-I:J18-U11 RAS APP FATAL ciod: Error loading allreduce_int_V1R1.rts: invalid or missing program image, No such file or directory
1130251511 2005.10.25 R60-M1-NC-I:J18-U01 2005-10-25-07.45.11.643251 R60-M1-NC-I:J18-U01 RAS APP FATAL ciod: Error loading allreduce_int_V1R1.rts: invalid or missing program image, No such file or directory
1130251511 2005.10.25 R45-M0-NC-I:J18-U11 2005-10-25-07.45.11.750473 R45-M0-NC-I:J18-U11 RAS APP FATAL ciod: Error loading allreduce_int_V1R1.rts: invalid or missing program image, No such file or directory
1130251511 2005.10.25 R45-M0-NC-I:J18-U01 2005-10-25-07.45.11.846145 R45-M0-NC-I:J18-U01 RAS APP FATAL ciod: Error loading allreduce_int_V1R1.rts: invalid or missing program image, No such file or directory
1130251512 2005.10.25 R21-M0-NC-I:J18-U11 2005-10-25-07.45.12.157097 R21-M0-NC-I:J18-U11 RAS APP FATAL ciod: Error loading allreduce_double_V1R1.rts: invalid or missing program image, No such file or directory
1130251512 2005.10.25 R21-M0-NC-I:J18-U01 2005-10-25-07.45.12.216857 R21-M0-NC-I:J18-U01 RAS APP FATAL ciod: Error loading allreduce_double_V1R1.rts: invalid or missing program image, No such file or directory
1130251512 2005.10.25 R21-M0-N4-I:J18-U11 2005-10-25-07.45.12.276398 R21-M0-N4-I:J18-U11 RAS APP FATAL ciod: Error loading allreduce_int_V1R1.rts: invalid or missing program image, No such file or directory
1130251512 2005.10.25 R21-M0-N4-I:J18-U01 2005-10-25-07.45.12.336496 R21-M0-N4-I:J18-U01 RAS APP FATAL ciod: Error loading allreduce_int_V1R1.rts: invalid or missing program image, No such file or directory
1130251514 2005.10.25 R30-M1-N4-I:J18-U11 2005-10-25-07.45.14.592806 R30-M1-N4-I:J18-U11 RAS APP FATAL ciod: Error loading allreduce_double_V1R1.rts: invalid or missing program image, No such file or directory
1130251514 2005.10.25 R30-M1-N4-I:J18-U01 2005-10-25-07.45.14.700056 R30-M1-N4-I:J18-U01 RAS APP FATAL ciod: Error loading allreduce_double_V1R1.rts: invalid or missing program image, No such file or directory
1130251514 2005.10.25 R21-M1-N8-I:J18-U11 2005-10-25-07.45.14.796183 R21-M1-N8-I:J18-U11 RAS APP FATAL ciod: Error loading allreduce_int_V1R1.rts: invalid or missing program image, No such file or directory
1130251514 2005.10.25 R21-M1-N8-I:J18-U01 2005-10-25-07.45.14.892084 R21-M1-N8-I:J18-U01 RAS APP FATAL ciod: Error loading allreduce_int_V1R1.rts: invalid or missing program image, No such file or directory
1130251515 2005.10.25 R30-M0-N4-I:J18-U11 2005-10-25-07.45.15.424745 R30-M0-N4-I:J18-U11 RAS APP FATAL ciod: Error loading allreduce_int_V1R1.rts: invalid or missing program image, No such file or directory
1130251515 2005.10.25 R30-M0-N4-I:J18-U01 2005-10-25-07.45.15.681901 R30-M0-N4-I:J18-U01 RAS APP FATAL ciod: Error loading allreduce_int_V1R1.rts: invalid or missing program image, No such file or directory
1130251516 2005.10.25 R30-M1-N0-I:J18-U11 2005-10-25-07.45.16.053016 R30-M1-N0-I:J18-U11 RAS APP FATAL ciod: Error loading allreduce_int_V1R1.rts: invalid or missing program image, No such file or directory
1130251516 2005.10.25 R30-M1-N0-I:J18-U01 2005-10-25-07.45.16.170020 R30-M1-N0-I:J18-U01 RAS APP FATAL ciod: Error loading allreduce_int_V1R1.rts: invalid or missing program image, No such file or directory
1130251516 2005.10.25 R30-M0-N8-I:J18-U11 2005-10-25-07.45.16.513193 R30-M0-N8-I:J18-U11 RAS APP FATAL ciod: Error loading allreduce_int_V1R1.rts: invalid or missing program image, No such file or directory
1130251516 2005.10.25 R30-M0-N8-I:J18-U01 2005-10-25-07.45.16.579105 R30-M0-N8-I:J18-U01 RAS APP FATAL ciod: Error loading allreduce_int_V1R1.rts: invalid or missing program image, No such file or directory
1130251518 2005.10.25 R60-M1-N8-I:J18-U11 2005-10-25-07.45.18.278687 R60-M1-N8-I:J18-U11 RAS APP FATAL ciod: Error loading allreduce_int_V1R1.rts: invalid or missing program image, No such file or directory
1130251518 2005.10.25 R60-M1-N8-I:J18-U01 2005-10-25-07.45.18.398410 R60-M1-N8-I:J18-U01 RAS APP FATAL ciod: Error loading allreduce_int_V1R1.rts: invalid or missing program image, No such file or directory
1130251518 2005.10.25 R60-M1-N0-I:J18-U11 2005-10-25-07.45.18.529676 R60-M1-N0-I:J18-U11 RAS APP FATAL ciod: Error loading allreduce_int_V1R1.rts: invalid or missing program image, No such file or directory
1130251518 2005.10.25 R60-M1-N0-I:J18-U01 2005-10-25-07.45.18.650216 R60-M1-N0-I:J18-U01 RAS APP FATAL ciod: Error loading allreduce_int_V1R1.rts: invalid or missing program image, No such file or directory
1130251518 2005.10.25 R30-M0-NC-I:J18-U11 2005-10-25-07.45.18.769415 R30-M0-NC-I:J18-U11 RAS APP FATAL ciod: Error loading allreduce_int_V1R1.rts: invalid or missing program image, No such file or directory
1130251518 2005.10.25 R30-M0-NC-I:J18-U01 2005-10-25-07.45.18.883226 R30-M0-NC-I:J18-U01 RAS APP FATAL ciod: Error loading allreduce_int_V1R1.rts: invalid or missing program image, No such file or directory
1130251519 2005.10.25 R57-M1-N8-I:J18-U11 2005-10-25-07.45.19.247796 R57-M1-N8-I:J18-U11 RAS APP FATAL ciod: Error loading allreduce_int_V1R1.rts: invalid or missing program image, No such file or directory
1130251519 2005.10.25 R57-M1-N8-I:J18-U01 2005-10-25-07.45.19.361779 R57-M1-N8-I:J18-U01 RAS APP FATAL ciod: Error loading allreduce_int_V1R1.rts: invalid or missing program image, No such file or directory
1130251520 2005.10.25 R60-M1-N4-I:J18-U11 2005-10-25-07.45.20.175541 R60-M1-N4-I:J18-U11 RAS APP FATAL ciod: Error loading allreduce_int_V1R1.rts: invalid or missing program image, No such file or directory
1130251520 2005.10.25 R60-M1-N4-I:J18-U01 2005-10-25-07.45.20.289661 R60-M1-N4-I:J18-U01 RAS APP FATAL ciod: Error loading allreduce_int_V1R1.rts: invalid or missing program image, No such file or directory
1130251523 2005.10.25 R72-M1-N8-I:J18-U11 2005-10-25-07.45.23.131620 R72-M1-N8-I:J18-U11 RAS APP FATAL ciod: Error loading allreduce_double_V1R1.rts: invalid or missing program image, No such file or directory
1130251523 2005.10.25 R72-M1-N8-I:J18-U01 2005-10-25-07.45.23.251067 R72-M1-N8-I:J18-U01 RAS APP FATAL ciod: Error loading allreduce_double_V1R1.rts: invalid or missing program image, No such file or directory
1130251523 2005.10.25 R72-M1-N4-I:J18-U11 2005-10-25-07.45.23.358602 R72-M1-N4-I:J18-U11 RAS APP FATAL ciod: Error loading allreduce_double_V1R1.rts: invalid or missing program image, No such file or directory
1130251523 2005.10.25 R72-M1-N4-I:J18-U01 2005-10-25-07.45.23.468175 R72-M1-N4-I:J18-U01 RAS APP FATAL ciod: Error loading allreduce_double_V1R1.rts: invalid or missing program image, No such file or directory
1130251523 2005.10.25 R72-M0-N4-I:J18-U11 2005-10-25-07.45.23.576295 R72-M0-N4-I:J18-U11 RAS APP FATAL ciod: Error loading allreduce_int_V1R1.rts: invalid or missing program image, No such file or directory
1130251523 2005.10.25 R72-M0-N4-I:J18-U01 2005-10-25-07.45.23.701081 R72-M0-N4-I:J18-U01 RAS APP FATAL ciod: Error loading allreduce_int_V1R1.rts: invalid or missing program image, No such file or directory
1130251524 2005.10.25 R42-M0-NC-I:J18-U11 2005-10-25-07.45.24.029831 R42-M0-NC-I:J18-U11 RAS APP FATAL ciod: Error loading allreduce_int_V1R1.rts: invalid or missing program image, No such file or directory
1130251524 2005.10.25 R42-M0-NC-I:J18-U01 2005-10-25-07.45.24.131960 R42-M0-NC-I:J18-U01 RAS APP FATAL ciod: Error loading allreduce_int_V1R1.rts: invalid or missing program image, No such file or directory
1130251526 2005.10.25 R72-M1-N0-I:J18-U11 2005-10-25-07.45.26.035080 R72-M1-N0-I:J18-U11 RAS APP FATAL ciod: Error loading allreduce_double_V1R1.rts: invalid or missing program image, No such file or directory
1130251526 2005.10.25 R72-M1-N0-I:J18-U01 2005-10-25-07.45.26.136851 R72-M1-N0-I:J18-U01 RAS APP FATAL ciod: Error loading allreduce_double_V1R1.rts: invalid or missing program image, No such file or directory
1130251527 2005.10.25 R72-M0-NC-I:J18-U11 2005-10-25-07.45.27.378289 R72-M0-NC-I:J18-U11 RAS APP FATAL ciod: Error loading allreduce_int_V1R1.rts: invalid or missing program image, No such file or directory
1130251527 2005.10.25 R72-M0-NC-I:J18-U01 2005-10-25-07.45.27.490707 R72-M0-NC-I:J18-U01 RAS APP FATAL ciod: Error loading allreduce_int_V1R1.rts: invalid or missing program image, No such file or directory
1130251527 2005.10.25 R24-M0-NC-I:J18-U11 2005-10-25-07.45.27.806990 R24-M0-NC-I:J18-U11 RAS APP FATAL ciod: Error loading allreduce_double_V1R1.rts: invalid or missing program image, No such file or directory
1130251527 2005.10.25 R24-M0-NC-I:J18-U01 2005-10-25-07.45.27.920680 R24-M0-NC-I:J18-U01 RAS APP FATAL ciod: Error loading allreduce_double_V1R1.rts: invalid or missing program image, No such file or directory
1130251529 2005.10.25 R60-M0-NC-I:J18-U11 2005-10-25-07.45.29.751506 R60-M0-NC-I:J18-U11 RAS APP FATAL ciod: Error loading allreduce_int_V1R1.rts: invalid or missing program image, No such file or directory
1130251529 2005.10.25 R60-M0-NC-I:J18-U01 2005-10-25-07.45.29.823956 R60-M0-NC-I:J18-U01 RAS APP FATAL ciod: Error loading allreduce_int_V1R1.rts: invalid or missing program image, No such file or directory
1130251529 2005.10.25 R72-M0-N8-I:J18-U11 2005-10-25-07.45.29.891016 R72-M0-N8-I:J18-U11 RAS APP FATAL ciod: Error loading allreduce_int_V1R1.rts: invalid or missing program image, No such file or directory
1130251530 2005.10.25 R72-M0-N8-I:J18-U01 2005-10-25-07.45.30.016785 R72-M0-N8-I:J18-U01 RAS APP FATAL ciod: Error loading allreduce_int_V1R1.rts: invalid or missing program image, No such file or directory
1130251530 2005.10.25 R60-M0-N0-I:J18-U11 2005-10-25-07.45.30.363198 R60-M0-N0-I:J18-U11 RAS APP FATAL ciod: Error loading allreduce_int_V1R1.rts: invalid or missing program image, No such file or directory
1130251530 2005.10.25 R60-M0-N0-I:J18-U01 2005-10-25-07.45.30.488577 R60-M0-N0-I:J18-U01 RAS APP FATAL ciod: Error loading allreduce_int_V1R1.rts: invalid or missing program image, No such file or directory
1130251532 2005.10.25 R72-M0-N0-I:J18-U11 2005-10-25-07.45.32.768826 R72-M0-N0-I:J18-U11 RAS APP FATAL ciod: Error loading allreduce_int_V1R1.rts: invalid or missing program image, No such file or directory
1130251532 2005.10.25 R72-M0-N0-I:J18-U01 2005-10-25-07.45.32.882712 R72-M0-N0-I:J18-U01 RAS APP FATAL ciod: Error loading allreduce_int_V1R1.rts: invalid or missing program image, No such file or directory
1130251537 2005.10.25 R60-M0-N8-I:J18-U11 2005-10-25-07.45.37.081874 R60-M0-N8-I:J18-U11 RAS APP FATAL ciod: Error loading allreduce_double_V1R1.rts: invalid or missing program image, No such file or directory
1130251537 2005.10.25 R60-M0-N8-I:J18-U01 2005-10-25-07.45.37.185586 R60-M0-N8-I:J18-U01 RAS APP FATAL ciod: Error loading allreduce_double_V1R1.rts: invalid or missing program image, No such file or directory
1130251537 2005.10.25 R60-M0-N4-I:J18-U11 2005-10-25-07.45.37.949974 R60-M0-N4-I:J18-U11 RAS APP FATAL ciod: Error loading allreduce_int_V1R1.rts: invalid or missing program image, No such file or directory
1130251538 2005.10.25 R60-M0-N4-I:J18-U01 2005-10-25-07.45.38.015757 R60-M0-N4-I:J18-U01 RAS APP FATAL ciod: Error loading allreduce_int_V1R1.rts: invalid or missing program image, No such file or directory
1130251539 2005.10.25 R75-M0-N4-I:J18-U11 2005-10-25-07.45.39.107228 R75-M0-N4-I:J18-U11 RAS APP FATAL ciod: Error loading allreduce_int_V1R1.rts: invalid or missing program image, No such file or directory
1130251539 2005.10.25 R75-M0-N4-I:J18-U01 2005-10-25-07.45.39.209335 R75-M0-N4-I:J18-U01 RAS APP FATAL ciod: Error loading allreduce_int_V1R1.rts: invalid or missing program image, No such file or directory
1130251539 2005.10.25 R75-M0-N0-I:J18-U11 2005-10-25-07.45.39.898736 R75-M0-N0-I:J18-U11 RAS APP FATAL ciod: Error loading allreduce_int_V1R1.rts: invalid or missing program image, No such file or directory
1130251539 2005.10.25 R75-M0-N0-I:J18-U01 2005-10-25-07.45.39.994425 R75-M0-N0-I:J18-U01 RAS APP FATAL ciod: Error loading allreduce_int_V1R1.rts: invalid or missing program image, No such file or directory
1130251540 2005.10.25 R75-M0-N8-I:J18-U11 2005-10-25-07.45.40.095291 R75-M0-N8-I:J18-U11 RAS APP FATAL ciod: Error loading allreduce_int_V1R1.rts: invalid or missing program image, No such file or directory
1130251540 2005.10.25 R75-M0-N8-I:J18-U01 2005-10-25-07.45.40.185948 R75-M0-N8-I:J18-U01 RAS APP FATAL ciod: Error loading allreduce_int_V1R1.rts: invalid or missing program image, No such file or directory
1130251540 2005.10.25 R33-M0-N0-I:J18-U11 2005-10-25-07.45.40.274849 R33-M0-N0-I:J18-U11 RAS APP FATAL ciod: Error loading allreduce_int_V1R1.rts: invalid or missing program image, No such file or directory
1130251540 2005.10.25 R33-M0-N0-I:J18-U01 2005-10-25-07.45.40.364108 R33-M0-N0-I:J18-U01 RAS APP FATAL ciod: Error loading allreduce_int_V1R1.rts: invalid or missing program image, No such file or directory
1130251540 2005.10.25 R75-M1-N8-I:J18-U11 2005-10-25-07.45.40.630585 R75-M1-N8-I:J18-U11 RAS APP FATAL ciod: Error loading allreduce_int_V1R1.rts: invalid or missing program image, No such file or directory
1130251540 2005.10.25 R75-M1-N8-I:J18-U01 2005-10-25-07.45.40.807750 R75-M1-N8-I:J18-U01 RAS APP FATAL ciod: Error loading allreduce_int_V1R1.rts: invalid or missing program image, No such file or directory
1130251543 2005.10.25 R12-M1-N4-I:J18-U11 2005-10-25-07.45.43.639937 R12-M1-N4-I:J18-U11 RAS APP FATAL ciod: Error loading allreduce_int_V1R1.rts: invalid or missing program image, No such file or directory
1130251543 2005.10.25 R12-M1-N4-I:J18-U01 2005-10-25-07.45.43.754331 R12-M1-N4-I:J18-U01 RAS APP FATAL ciod: Error loading allreduce_int_V1R1.rts: invalid or missing program image, No such file or directory
1130251543 2005.10.25 R57-M0-N8-I:J18-U11 2005-10-25-07.45.43.861572 R57-M0-N8-I:J18-U11 RAS APP FATAL ciod: Error loading allreduce_int_V1R1.rts: invalid or missing program image, No such file or directory
1130251543 2005.10.25 R57-M0-N8-I:J18-U01 2005-10-25-07.45.43.967461 R57-M0-N8-I:J18-U01 RAS APP FATAL ciod: Error loading allreduce_int_V1R1.rts: invalid or missing program image, No such file or directory
1130251544 2005.10.25 R15-M1-N0-I:J18-U11 2005-10-25-07.45.44.071638 R15-M1-N0-I:J18-U11 RAS APP FATAL ciod: Error loading allreduce_int_V1R1.rts: invalid or missing program image, No such file or directory
1130251544 2005.10.25 R15-M1-N0-I:J18-U01 2005-10-25-07.45.44.177385 R15-M1-N0-I:J18-U01 RAS APP FATAL ciod: Error loading allreduce_int_V1R1.rts: invalid or missing program image, No such file or directory
1130251544 2005.10.25 R12-M0-N4-I:J18-U11 2005-10-25-07.45.44.936368 R12-M0-N4-I:J18-U11 RAS APP FATAL ciod: Error loading allreduce_int_V1R1.rts: invalid or missing program image, No such file or directory
1130251545 2005.10.25 R12-M0-N4-I:J18-U01 2005-10-25-07.45.45.038270 R12-M0-N4-I:J18-U01 RAS APP FATAL ciod: Error loading allreduce_int_V1R1.rts: invalid or missing program image, No such file or directory
1130251545 2005.10.25 R75-M1-N0-I:J18-U11 2005-10-25-07.45.45.134106 R75-M1-N0-I:J18-U11 RAS APP FATAL ciod: Error loading allreduce_int_V1R1.rts: invalid or missing program image, No such file or directory
1130251545 2005.10.25 R75-M1-N0-I:J18-U01 2005-10-25-07.45.45.230100 R75-M1-N0-I:J18-U01 RAS APP FATAL ciod: Error loading allreduce_int_V1R1.rts: invalid or missing program image, No such file or directory
1130251545 2005.10.25 R75-M0-NC-I:J18-U11 2005-10-25-07.45.45.326133 R75-M0-NC-I:J18-U11 RAS APP FATAL ciod: Error loading allreduce_int_V1R1.rts: invalid or missing program image, No such file or directory
1130251545 2005.10.25 R75-M0-NC-I:J18-U01 2005-10-25-07.45.45.433475 R75-M0-NC-I:J18-U01 RAS APP FATAL ciod: Error loading allreduce_int_V1R1.rts: invalid or missing program image, No such file or directory
1130251545 2005.10.25 R15-M0-NC-I:J18-U11 2005-10-25-07.45.45.543212 R15-M0-NC-I:J18-U11 RAS APP FATAL ciod: Error loading allreduce_int_V1R1.rts: invalid or missing program image, No such file or directory
1130251545 2005.10.25 R15-M0-NC-I:J18-U01 2005-10-25-07.45.45.798968 R15-M0-NC-I:J18-U01 RAS APP FATAL ciod: Error loading allreduce_int_V1R1.rts: invalid or missing program image, No such file or directory
1130251545 2005.10.25 R15-M1-N4-I:J18-U11 2005-10-25-07.45.45.942962 R15-M1-N4-I:J18-U11 RAS APP FATAL ciod: Error loading allreduce_int_V1R1.rts: invalid or missing program image, No such file or directory
1130251546 2005.10.25 R15-M1-N4-I:J18-U01 2005-10-25-07.45.46.044550 R15-M1-N4-I:J18-U01 RAS APP FATAL ciod: Error loading allreduce_int_V1R1.rts: invalid or missing program image, No such file or directory
1130251546 2005.10.25 R15-M1-NC-I:J18-U11 2005-10-25-07.45.46.170725 R15-M1-NC-I:J18-U11 RAS APP FATAL ciod: Error loading allreduce_int_V1R1.rts: invalid or missing program image, No such file or directory
1130251546 2005.10.25 R15-M1-NC-I:J18-U01 2005-10-25-07.45.46.264937 R15-M1-NC-I:J18-U01 RAS APP FATAL ciod: Error loading allreduce_int_V1R1.rts: invalid or missing program image, No such file or directory
1130251546 2005.10.25 R15-M1-N8-I:J18-U11 2005-10-25-07.45.46.327328 R15-M1-N8-I:J18-U11 RAS APP FATAL ciod: Error loading allreduce_int_V1R1.rts: invalid or missing program image, No such file or directory
1130251546 2005.10.25 R15-M1-N8-I:J18-U01 2005-10-25-07.45.46.387169 R15-M1-N8-I:J18-U01 RAS APP FATAL ciod: Error loading allreduce_int_V1R1.rts: invalid or missing program image, No such file or directory
1130251547 2005.10.25 R00-M0-NC-I:J18-U11 2005-10-25-07.45.47.037307 R00-M0-NC-I:J18-U11 RAS APP FATAL ciod: Error loading allreduce_int_V1R1.rts: invalid or missing program image, No such file or directory
1130251547 2005.10.25 R00-M0-NC-I:J18-U01 2005-10-25-07.45.47.157668 R00-M0-NC-I:J18-U01 RAS APP FATAL ciod: Error loading allreduce_int_V1R1.rts: invalid or missing program image, No such file or directory
1130251547 2005.10.25 R00-M1-N8-I:J18-U11 2005-10-25-07.45.47.516897 R00-M1-N8-I:J18-U11 RAS APP FATAL ciod: Error loading allreduce_int_V1R1.rts: invalid or missing program image, No such file or directory
1130251547 2005.10.25 R00-M1-N8-I:J18-U01 2005-10-25-07.45.47.629992 R00-M1-N8-I:J18-U01 RAS APP FATAL ciod: Error loading allreduce_int_V1R1.rts: invalid or missing program image, No such file or directory
1130251548 2005.10.25 R00-M1-N0-I:J18-U11 2005-10-25-07.45.48.450171 R00-M1-N0-I:J18-U11 RAS APP FATAL ciod: Error loading allreduce_int_V1R1.rts: invalid or missing program image, No such file or directory
1130251548 2005.10.25 R00-M1-N0-I:J18-U01 2005-10-25-07.45.48.563694 R00-M1-N0-I:J18-U01 RAS APP FATAL ciod: Error loading allreduce_int_V1R1.rts: invalid or missing program image, No such file or directory
1130251548 2005.10.25 R00-M1-N4-I:J18-U11 2005-10-25-07.45.48.677282 R00-M1-N4-I:J18-U11 RAS APP FATAL ciod: Error loading allreduce_double_V1R1.rts: invalid or missing program image, No such file or directory
1130251548 2005.10.25 R00-M1-N4-I:J18-U01 2005-10-25-07.45.48.790599 R00-M1-N4-I:J18-U01 RAS APP FATAL ciod: Error loading allreduce_double_V1R1.rts: invalid or missing program image, No such file or directory
1130251549 2005.10.25 R12-M0-NC-I:J18-U11 2005-10-25-07.45.49.125308 R12-M0-NC-I:J18-U11 RAS APP FATAL ciod: Error loading allreduce_double_V1R1.rts: invalid or missing program image, No such file or directory
1130251549 2005.10.25 R12-M0-NC-I:J18-U01 2005-10-25-07.45.49.239143 R12-M0-NC-I:J18-U01 RAS APP FATAL ciod: Error loading allreduce_double_V1R1.rts: invalid or missing program image, No such file or directory
1130251549 2005.10.25 R12-M0-N0-I:J18-U11 2005-10-25-07.45.49.346692 R12-M0-N0-I:J18-U11 RAS APP FATAL ciod: Error loading allreduce_double_V1R1.rts: invalid or missing program image, No such file or directory
1130251549 2005.10.25 R12-M0-N0-I:J18-U01 2005-10-25-07.45.49.454664 R12-M0-N0-I:J18-U01 RAS APP FATAL ciod: Error loading allreduce_double_V1R1.rts: invalid or missing program image, No such file or directory
1130251549 2005.10.25 R12-M1-N8-I:J18-U11 2005-10-25-07.45.49.562459 R12-M1-N8-I:J18-U11 RAS APP FATAL ciod: Error loading allreduce_int_V1R1.rts: invalid or missing program image, No such file or directory
1130251549 2005.10.25 R12-M1-N8-I:J18-U01 2005-10-25-07.45.49.669832 R12-M1-N8-I:J18-U01 RAS APP FATAL ciod: Error loading allreduce_int_V1R1.rts: invalid or missing program image, No such file or directory
1130251549 2005.10.25 R12-M0-N8-I:J18-U11 2005-10-25-07.45.49.783431 R12-M0-N8-I:J18-U11 RAS APP FATAL ciod: Error loading allreduce_double_V1R1.rts: invalid or missing program image, No such file or directory
1130251549 2005.10.25 R12-M0-N8-I:J18-U01 2005-10-25-07.45.49.892865 R12-M0-N8-I:J18-U01 RAS APP FATAL ciod: Error loading allreduce_double_V1R1.rts: invalid or missing program image, No such file or directory
1130251550 2005.10.25 R00-M0-N4-I:J18-U11 2005-10-25-07.45.50.477749 R00-M0-N4-I:J18-U11 RAS APP FATAL ciod: Error loading allreduce_int_V1R1.rts: invalid or missing program image, No such file or directory
1130251550 2005.10.25 R00-M0-N4-I:J18-U01 2005-10-25-07.45.50.597935 R00-M0-N4-I:J18-U01 RAS APP FATAL ciod: Error loading allreduce_int_V1R1.rts: invalid or missing program image, No such file or directory
1130251551 2005.10.25 R03-M0-N4-I:J18-U11 2005-10-25-07.45.51.123982 R03-M0-N4-I:J18-U11 RAS APP FATAL ciod: Error loading allreduce_int_V1R1.rts: invalid or missing program image, No such file or directory
1130251551 2005.10.25 R03-M0-N4-I:J18-U01 2005-10-25-07.45.51.273752 R03-M0-N4-I:J18-U01 RAS APP FATAL ciod: Error loading allreduce_int_V1R1.rts: invalid or missing program image, No such file or directory
1130251551 2005.10.25 R00-M0-N0-I:J18-U11 2005-10-25-07.45.51.387362 R00-M0-N0-I:J18-U11 RAS APP FATAL ciod: Error loading allreduce_int_V1R1.rts: invalid or missing program image, No such file or directory
1130251551 2005.10.25 R00-M0-N0-I:J18-U01 2005-10-25-07.45.51.501082 R00-M0-N0-I:J18-U01 RAS APP FATAL ciod: Error loading allreduce_int_V1R1.rts: invalid or missing program image, No such file or directory
1130251551 2005.10.25 R54-M0-NC-I:J18-U11 2005-10-25-07.45.51.614678 R54-M0-NC-I:J18-U11 RAS APP FATAL ciod: Error loading allreduce_double_V1R1.rts: invalid or missing program image, No such file or directory
1130251551 2005.10.25 R54-M0-NC-I:J18-U01 2005-10-25-07.45.51.734793 R54-M0-NC-I:J18-U01 RAS APP FATAL ciod: Error loading allreduce_double_V1R1.rts: invalid or missing program image, No such file or directory
1130251551 2005.10.25 R03-M1-N8-I:J18-U11 2005-10-25-07.45.51.848912 R03-M1-N8-I:J18-U11 RAS APP FATAL ciod: Error loading allreduce_double_V1R1.rts: invalid or missing program image, No such file or directory
1130251551 2005.10.25 R03-M1-N8-I:J18-U01 2005-10-25-07.45.51.968001 R03-M1-N8-I:J18-U01 RAS APP FATAL ciod: Error loading allreduce_double_V1R1.rts: invalid or missing program image, No such file or directory
1130251552 2005.10.25 R15-M0-N8-I:J18-U11 2005-10-25-07.45.52.917306 R15-M0-N8-I:J18-U11 RAS APP FATAL ciod: Error loading allreduce_int_V1R1.rts: invalid or missing program image, No such file or directory
1130251553 2005.10.25 R15-M0-N8-I:J18-U01 2005-10-25-07.45.53.021366 R15-M0-N8-I:J18-U01 RAS APP FATAL ciod: Error loading allreduce_int_V1R1.rts: invalid or missing program image, No such file or directory
1130251554 2005.10.25 R54-M0-N8-I:J18-U11 2005-10-25-07.45.54.089564 R54-M0-N8-I:J18-U11 RAS APP FATAL ciod: Error loading allreduce_double_V1R1.rts: invalid or missing program image, No such file or directory
1130251554 2005.10.25 R54-M0-N8-I:J18-U01 2005-10-25-07.45.54.208241 R54-M0-N8-I:J18-U01 RAS APP FATAL ciod: Error loading allreduce_double_V1R1.rts: invalid or missing program image, No such file or directory
1130251554 2005.10.25 R03-M0-N0-I:J18-U11 2005-10-25-07.45.54.322237 R03-M0-N0-I:J18-U11 RAS APP FATAL ciod: Error loading allreduce_int_V1R1.rts: invalid or missing program image, No such file or directory
1130251554 2005.10.25 R03-M0-N0-I:J18-U01 2005-10-25-07.45.54.434947 R03-M0-N0-I:J18-U01 RAS APP FATAL ciod: Error loading allreduce_int_V1R1.rts: invalid or missing program image, No such file or directory
1130251554 2005.10.25 R15-M0-N4-I:J18-U11 2005-10-25-07.45.54.543177 R15-M0-N4-I:J18-U11 RAS APP FATAL ciod: Error loading allreduce_int_V1R1.rts: invalid or missing program image, No such file or directory
1130251554 2005.10.25 R15-M0-N4-I:J18-U01 2005-10-25-07.45.54.645139 R15-M0-N4-I:J18-U01 RAS APP FATAL ciod: Error loading allreduce_int_V1R1.rts: invalid or missing program image, No such file or directory
1130251554 2005.10.25 R03-M1-N4-I:J18-U11 2005-10-25-07.45.54.710663 R03-M1-N4-I:J18-U11 RAS APP FATAL ciod: Error loading allreduce_int_V1R1.rts: invalid or missing program image, No such file or directory
1130251554 2005.10.25 R03-M1-N4-I:J18-U01 2005-10-25-07.45.54.776082 R03-M1-N4-I:J18-U01 RAS APP FATAL ciod: Error loading allreduce_int_V1R1.rts: invalid or missing program image, No such file or directory
1130251554 2005.10.25 R15-M0-N0-I:J18-U11 2005-10-25-07.45.54.978991 R15-M0-N0-I:J18-U11 RAS APP FATAL ciod: Error loading allreduce_int_V1R1.rts: invalid or missing program image, No such file or directory
1130251555 2005.10.25 R15-M0-N0-I:J18-U01 2005-10-25-07.45.55.105508 R15-M0-N0-I:J18-U01 RAS APP FATAL ciod: Error loading allreduce_int_V1R1.rts: invalid or missing program image, No such file or directory
1130251555 2005.10.25 R12-M1-N0-I:J18-U11 2005-10-25-07.45.55.170438 R12-M1-N0-I:J18-U11 RAS APP FATAL ciod: Error loading allreduce_int_V1R1.rts: invalid or missing program image, No such file or directory
1130251555 2005.10.25 R12-M1-N0-I:J18-U01 2005-10-25-07.45.55.235905 R12-M1-N0-I:J18-U01 RAS APP FATAL ciod: Error loading allreduce_int_V1R1.rts: invalid or missing program image, No such file or directory
1130251555 2005.10.25 R03-M0-NC-I:J18-U11 2005-10-25-07.45.55.302237 R03-M0-NC-I:J18-U11 RAS APP FATAL ciod: Error loading allreduce_int_V1R1.rts: invalid or missing program image, No such file or directory
1130251555 2005.10.25 R03-M0-NC-I:J18-U01 2005-10-25-07.45.55.405093 R03-M0-NC-I:J18-U01 RAS APP FATAL ciod: Error loading allreduce_int_V1R1.rts: invalid or missing program image, No such file or directory
1130251555 2005.10.25 R06-M0-N4-I:J18-U11 2005-10-25-07.45.55.499586 R06-M0-N4-I:J18-U11 RAS APP FATAL ciod: Error loading allreduce_int_V1R1.rts: invalid or missing program image, No such file or directory
1130251555 2005.10.25 R06-M0-N4-I:J18-U01 2005-10-25-07.45.55.658268 R06-M0-N4-I:J18-U01 RAS APP FATAL ciod: Error loading allreduce_int_V1R1.rts: invalid or missing program image, No such file or directory
1130251558 2005.10.25 R03-M1-NC-I:J18-U11 2005-10-25-07.45.58.892994 R03-M1-NC-I:J18-U11 RAS APP FATAL ciod: Error loading allreduce_int_V1R1.rts: invalid or missing program image, No such file or directory
1130251559 2005.10.25 R03-M1-NC-I:J18-U01 2005-10-25-07.45.59.001014 R03-M1-NC-I:J18-U01 RAS APP FATAL ciod: Error loading allreduce_int_V1R1.rts: invalid or missing program image, No such file or directory
1130251559 2005.10.25 R00-M0-N8-I:J18-U11 2005-10-25-07.45.59.550385 R00-M0-N8-I:J18-U11 RAS APP FATAL ciod: Error loading allreduce_int_V1R1.rts: invalid or missing program image, No such file or directory
1130251559 2005.10.25 R00-M0-N8-I:J18-U01 2005-10-25-07.45.59.670701 R00-M0-N8-I:J18-U01 RAS APP FATAL ciod: Error loading allreduce_int_V1R1.rts: invalid or missing program image, No such file or directory
1130251559 2005.10.25 R00-M1-NC-I:J18-U11 2005-10-25-07.45.59.795917 R00-M1-NC-I:J18-U11 RAS APP FATAL ciod: Error loading allreduce_int_V1R1.rts: invalid or missing program image, No such file or directory
1130251559 2005.10.25 R00-M1-NC-I:J18-U01 2005-10-25-07.45.59.915674 R00-M1-NC-I:J18-U01 RAS APP FATAL ciod: Error loading allreduce_int_V1R1.rts: invalid or missing program image, No such file or directory
1130251561 2005.10.25 R03-M0-N8-I:J18-U11 2005-10-25-07.46.01.639776 R03-M0-N8-I:J18-U11 RAS APP FATAL ciod: Error loading allreduce_int_V1R1.rts: invalid or missing program image, No such file or directory
1130251561 2005.10.25 R03-M0-N8-I:J18-U01 2005-10-25-07.46.01.744119 R03-M0-N8-I:J18-U01 RAS APP FATAL ciod: Error loading allreduce_int_V1R1.rts: invalid or missing program image, No such file or directory
1130251562 2005.10.25 R03-M1-N0-I:J18-U11 2005-10-25-07.46.02.077940 R03-M1-N0-I:J18-U11 RAS APP FATAL ciod: Error loading allreduce_int_V1R1.rts: invalid or missing program image, No such file or directory
1130251562 2005.10.25 R03-M1-N0-I:J18-U01 2005-10-25-07.46.02.186069 R03-M1-N0-I:J18-U01 RAS APP FATAL ciod: Error loading allreduce_int_V1R1.rts: invalid or missing program image, No such file or directory
1130251566 2005.10.25 R06-M1-NC-I:J18-U11 2005-10-25-07.46.06.230135 R06-M1-NC-I:J18-U11 RAS APP FATAL ciod: Error loading allreduce_double_V1R1.rts: invalid or missing program image, No such file or directory
1130251566 2005.10.25 R06-M1-NC-I:J18-U01 2005-10-25-07.46.06.367972 R06-M1-NC-I:J18-U01 RAS APP FATAL ciod: Error loading allreduce_double_V1R1.rts: invalid or missing program image, No such file or directory
1130251570 2005.10.25 R06-M1-N4-I:J18-U11 2005-10-25-07.46.10.130809 R06-M1-N4-I:J18-U11 RAS APP FATAL ciod: Error loading allreduce_int_V1R1.rts: invalid or missing program image, No such file or directory
1130251570 2005.10.25 R06-M1-N4-I:J18-U01 2005-10-25-07.46.10.232163 R06-M1-N4-I:J18-U01 RAS APP FATAL ciod: Error loading allreduce_int_V1R1.rts: invalid or missing program image, No such file or directory
1130251570 2005.10.25 R12-M1-NC-I:J18-U11 2005-10-25-07.46.10.333057 R12-M1-NC-I:J18-U11 RAS APP FATAL ciod: Error loading allreduce_int_V1R1.rts: invalid or missing program image, No such file or directory
1130251570 2005.10.25 R12-M1-NC-I:J18-U01 2005-10-25-07.46.10.434091 R12-M1-NC-I:J18-U01 RAS APP FATAL ciod: Error loading allreduce_int_V1R1.rts: invalid or missing program image, No such file or directory
1130251570 2005.10.25 R06-M0-N0-I:J18-U11 2005-10-25-07.46.10.537706 R06-M0-N0-I:J18-U11 RAS APP FATAL ciod: Error loading allreduce_int_V1R1.rts: invalid or missing program image, No such file or directory
1130251570 2005.10.25 R06-M0-N0-I:J18-U01 2005-10-25-07.46.10.633357 R06-M0-N0-I:J18-U01 RAS APP FATAL ciod: Error loading allreduce_int_V1R1.rts: invalid or missing program image, No such file or directory
1130251570 2005.10.25 R06-M1-N0-I:J18-U11 2005-10-25-07.46.10.764636 R06-M1-N0-I:J18-U11 RAS APP FATAL ciod: Error loading allreduce_int_V1R1.rts: invalid or missing program image, No such file or directory
1130251571 2005.10.25 R06-M1-N0-I:J18-U01 2005-10-25-07.46.11.016214 R06-M1-N0-I:J18-U01 RAS APP FATAL ciod: Error loading allreduce_int_V1R1.rts: invalid or missing program image, No such file or directory
1130251571 2005.10.25 R06-M1-N8-I:J18-U11 2005-10-25-07.46.11.566659 R06-M1-N8-I:J18-U11 RAS APP FATAL ciod: Error loading allreduce_int_V1R1.rts: invalid or missing program image, No such file or directory
1130251571 2005.10.25 R06-M1-N8-I:J18-U01 2005-10-25-07.46.11.662186 R06-M1-N8-I:J18-U01 RAS APP FATAL ciod: Error loading allreduce_int_V1R1.rts: invalid or missing program image, No such file or directory
1130251571 2005.10.25 R06-M0-N8-I:J18-U11 2005-10-25-07.46.11.764263 R06-M0-N8-I:J18-U11 RAS APP FATAL ciod: Error loading allreduce_int_V1R1.rts: invalid or missing program image, No such file or directory
1130251571 2005.10.25 R06-M0-N8-I:J18-U01 2005-10-25-07.46.11.860394 R06-M0-N8-I:J18-U01 RAS APP FATAL ciod: Error loading allreduce_int_V1R1.rts: invalid or missing program image, No such file or directory
1130251571 2005.10.25 R75-M1-NC-I:J18-U11 2005-10-25-07.46.11.949558 R75-M1-NC-I:J18-U11 RAS APP FATAL ciod: Error loading allreduce_int_V1R1.rts: invalid or missing program image, No such file or directory
1130251572 2005.10.25 R75-M1-NC-I:J18-U01 2005-10-25-07.46.12.051481 R75-M1-NC-I:J18-U01 RAS APP FATAL ciod: Error loading allreduce_int_V1R1.rts: invalid or missing program image, No such file or directory
1130251572 2005.10.25 R06-M0-NC-I:J18-U11 2005-10-25-07.46.12.565567 R06-M0-NC-I:J18-U11 RAS APP FATAL ciod: Error loading allreduce_int_V1R1.rts: invalid or missing program image, No such file or directory
1130251572 2005.10.25 R06-M0-NC-I:J18-U01 2005-10-25-07.46.12.661637 R06-M0-NC-I:J18-U01 RAS APP FATAL ciod: Error loading allreduce_int_V1R1.rts: invalid or missing program image, No such file or directory
1130251572 2005.10.25 R75-M1-N4-I:J18-U11 2005-10-25-07.46.12.781467 R75-M1-N4-I:J18-U11 RAS APP FATAL ciod: Error loading allreduce_int_V1R1.rts: invalid or missing program image, No such file or directory
1130251572 2005.10.25 R75-M1-N4-I:J18-U01 2005-10-25-07.46.12.882307 R75-M1-N4-I:J18-U01 RAS APP FATAL ciod: Error loading allreduce_int_V1R1.rts: invalid or missing program image, No such file or directory
1130251573 2005.10.25 R54-M0-N4-I:J18-U11 2005-10-25-07.46.13.937994 R54-M0-N4-I:J18-U11 RAS APP FATAL ciod: Error loading allreduce_int_V1R1.rts: invalid or missing program image, No such file or directory
1130251574 2005.10.25 R54-M0-N4-I:J18-U01 2005-10-25-07.46.14.062533 R54-M0-N4-I:J18-U01 RAS APP FATAL ciod: Error loading allreduce_int_V1R1.rts: invalid or missing program image, No such file or directory
1130251574 2005.10.25 R54-M0-N0-I:J18-U11 2005-10-25-07.46.14.157945 R54-M0-N0-I:J18-U11 RAS APP FATAL ciod: Error loading allreduce_int_V1R1.rts: invalid or missing program image, No such file or directory
1130251574 2005.10.25 R54-M0-N0-I:J18-U01 2005-10-25-07.46.14.265682 R54-M0-N0-I:J18-U01 RAS APP FATAL ciod: Error loading allreduce_int_V1R1.rts: invalid or missing program image, No such file or directory
1130251575 2005.10.25 R42-M1-N8-I:J18-U11 2005-10-25-07.46.15.474277 R42-M1-N8-I:J18-U11 RAS APP FATAL ciod: Error loading allreduce_int_V1R1.rts: invalid or missing program image, No such file or directory
1130251575 2005.10.25 R42-M1-N8-I:J18-U01 2005-10-25-07.46.15.612627 R42-M1-N8-I:J18-U01 RAS APP FATAL ciod: Error loading allreduce_int_V1R1.rts: invalid or missing program image, No such file or directory
1130251575 2005.10.25 R33-M1-N0-I:J18-U11 2005-10-25-07.46.15.856436 R33-M1-N0-I:J18-U11 RAS APP FATAL ciod: Error loading allreduce_int_V1R1.rts: invalid or missing program image, No such file or directory
1130251576 2005.10.25 R33-M1-N0-I:J18-U01 2005-10-25-07.46.16.031159 R33-M1-N0-I:J18-U01 RAS APP FATAL ciod: Error loading allreduce_int_V1R1.rts: invalid or missing program image, No such file or directory
1130251576 2005.10.25 R36-M1-N8-I:J18-U11 2005-10-25-07.46.16.180909 R36-M1-N8-I:J18-U11 RAS APP FATAL ciod: Error loading allreduce_int_V1R1.rts: invalid or missing program image, No such file or directory
1130251576 2005.10.25 R36-M1-N8-I:J18-U01 2005-10-25-07.46.16.281919 R36-M1-N8-I:J18-U01 RAS APP FATAL ciod: Error loading allreduce_int_V1R1.rts: invalid or missing program image, No such file or directory
1130251576 2005.10.25 R51-M0-N0-I:J18-U11 2005-10-25-07.46.16.808747 R51-M0-N0-I:J18-U11 RAS APP FATAL ciod: Error loading allreduce_int_V1R1.rts: invalid or missing program image, No such file or directory
1130251576 2005.10.25 R51-M0-N0-I:J18-U01 2005-10-25-07.46.16.917511 R51-M0-N0-I:J18-U01 RAS APP FATAL ciod: Error loading allreduce_int_V1R1.rts: invalid or missing program image, No such file or directory
1130251577 2005.10.25 R33-M1-N8-I:J18-U11 2005-10-25-07.46.17.260003 R33-M1-N8-I:J18-U11 RAS APP FATAL ciod: Error loading allreduce_int_V1R1.rts: invalid or missing program image, No such file or directory
1130251577 2005.10.25 R33-M1-N8-I:J18-U01 2005-10-25-07.46.17.365856 R33-M1-N8-I:J18-U01 RAS APP FATAL ciod: Error loading allreduce_int_V1R1.rts: invalid or missing program image, No such file or directory
1130251577 2005.10.25 R24-M0-N8-I:J18-U11 2005-10-25-07.46.17.471349 R24-M0-N8-I:J18-U11 RAS APP FATAL ciod: Error loading allreduce_int_V1R1.rts: invalid or missing program image, No such file or directory
1130251577 2005.10.25 R24-M0-N8-I:J18-U01 2005-10-25-07.46.17.574850 R24-M0-N8-I:J18-U01 RAS APP FATAL ciod: Error loading allreduce_int_V1R1.rts: invalid or missing program image, No such file or directory
1130251577 2005.10.25 R24-M0-N4-I:J18-U11 2005-10-25-07.46.17.682668 R24-M0-N4-I:J18-U11 RAS APP FATAL ciod: Error loading allreduce_int_V1R1.rts: invalid or missing program image, No such file or directory
1130251577 2005.10.25 R24-M0-N4-I:J18-U01 2005-10-25-07.46.17.790247 R24-M0-N4-I:J18-U01 RAS APP FATAL ciod: Error loading allreduce_int_V1R1.rts: invalid or missing program image, No such file or directory
1130251577 2005.10.25 R24-M0-N0-I:J18-U11 2005-10-25-07.46.17.908070 R24-M0-N0-I:J18-U11 RAS APP FATAL ciod: Error loading allreduce_int_V1R1.rts: invalid or missing program image, No such file or directory
1130251578 2005.10.25 R24-M0-N0-I:J18-U01 2005-10-25-07.46.18.011719 R24-M0-N0-I:J18-U01 RAS APP FATAL ciod: Error loading allreduce_int_V1R1.rts: invalid or missing program image, No such file or directory
1130251578 2005.10.25 R42-M1-N0-I:J18-U11 2005-10-25-07.46.18.125309 R42-M1-N0-I:J18-U11 RAS APP FATAL ciod: Error loading allreduce_int_V1R1.rts: invalid or missing program image, No such file or directory
1130251578 2005.10.25 R42-M1-N0-I:J18-U01 2005-10-25-07.46.18.218916 R42-M1-N0-I:J18-U01 RAS APP FATAL ciod: Error loading allreduce_int_V1R1.rts: invalid or missing program image, No such file or directory
1130251578 2005.10.25 R72-M1-NC-I:J18-U11 2005-10-25-07.46.18.770329 R72-M1-NC-I:J18-U11 RAS APP FATAL ciod: Error loading allreduce_int_V1R1.rts: invalid or missing program image, No such file or directory
1130251578 2005.10.25 R72-M1-NC-I:J18-U01 2005-10-25-07.46.18.888958 R72-M1-NC-I:J18-U01 RAS APP FATAL ciod: Error loading allreduce_int_V1R1.rts: invalid or missing program image, No such file or directory
1130251579 2005.10.25 R51-M0-NC-I:J18-U11 2005-10-25-07.46.19.248122 R51-M0-NC-I:J18-U11 RAS APP FATAL ciod: Error loading allreduce_int_V1R1.rts: invalid or missing program image, No such file or directory
1130251579 2005.10.25 R66-M0-N0-I:J18-U11 2005-10-25-07.46.19.370918 R66-M0-N0-I:J18-U11 RAS APP FATAL ciod: Error loading allreduce_int_V1R1.rts: invalid or missing program image, No such file or directory
1130251579 2005.10.25 R66-M0-N0-I:J18-U01 2005-10-25-07.46.19.476853 R66-M0-N0-I:J18-U01 RAS APP FATAL ciod: Error loading allreduce_int_V1R1.rts: invalid or missing program image, No such file or directory
1130251579 2005.10.25 R66-M0-N4-I:J18-U11 2005-10-25-07.46.19.588950 R66-M0-N4-I:J18-U11 RAS APP FATAL ciod: Error loading allreduce_int_V1R1.rts: invalid or missing program image, No such file or directory
1130251579 2005.10.25 R66-M0-N4-I:J18-U01 2005-10-25-07.46.19.702702 R66-M0-N4-I:J18-U01 RAS APP FATAL ciod: Error loading allreduce_int_V1R1.rts: invalid or missing program image, No such file or directory
1130251580 2005.10.25 R33-M0-N4-I:J18-U01 2005-10-25-07.46.20.039309 R33-M0-N4-I:J18-U01 RAS APP FATAL ciod: Error loading allreduce_int_V1R1.rts: invalid or missing program image, No such file or directory
1130251580 2005.10.25 R42-M1-NC-I:J18-U11 2005-10-25-07.46.20.588633 R42-M1-NC-I:J18-U11 RAS APP FATAL ciod: Error loading allreduce_int_V1R1.rts: invalid or missing program image, No such file or directory
1130251580 2005.10.25 R42-M1-NC-I:J18-U01 2005-10-25-07.46.20.695806 R42-M1-NC-I:J18-U01 RAS APP FATAL ciod: Error loading allreduce_int_V1R1.rts: invalid or missing program image, No such file or directory
1130251581 2005.10.25 R42-M1-N4-I:J18-U11 2005-10-25-07.46.21.498216 R42-M1-N4-I:J18-U11 RAS APP FATAL ciod: Error loading allreduce_int_V1R1.rts: invalid or missing program image, No such file or directory
1130251581 2005.10.25 R42-M1-N4-I:J18-U01 2005-10-25-07.46.21.599628 R42-M1-N4-I:J18-U01 RAS APP FATAL ciod: Error loading allreduce_int_V1R1.rts: invalid or missing program image, No such file or directory
1130251582 2005.10.25 R21-M0-NC-I:J18-U11 2005-10-25-07.46.22.186053 R21-M0-NC-I:J18-U11 RAS APP FATAL ciod: Error loading allreduce_int_V1R1.rts: invalid or missing program image, No such file or directory
1130251582 2005.10.25 R21-M0-NC-I:J18-U01 2005-10-25-07.46.22.299564 R21-M0-NC-I:J18-U01 RAS APP FATAL ciod: Error loading allreduce_int_V1R1.rts: invalid or missing program image, No such file or directory
1130251582 2005.10.25 R30-M1-N4-I:J18-U11 2005-10-25-07.46.22.853680 R30-M1-N4-I:J18-U11 RAS APP FATAL ciod: Error loading allreduce_int_V1R1.rts: invalid or missing program image, No such file or directory
1130251582 2005.10.25 R30-M1-N4-I:J18-U01 2005-10-25-07.46.22.916258 R30-M1-N4-I:J18-U01 RAS APP FATAL ciod: Error loading allreduce_int_V1R1.rts: invalid or missing program image, No such file or directory
1130251584 2005.10.25 R72-M1-N8-I:J18-U11 2005-10-25-07.46.24.399690 R72-M1-N8-I:J18-U11 RAS APP FATAL ciod: Error loading allreduce_int_V1R1.rts: invalid or missing program image, No such file or directory
1130251584 2005.10.25 R72-M1-N8-I:J18-U01 2005-10-25-07.46.24.489128 R72-M1-N8-I:J18-U01 RAS APP FATAL ciod: Error loading allreduce_int_V1R1.rts: invalid or missing program image, No such file or directory
1130251584 2005.10.25 R72-M1-N4-I:J18-U11 2005-10-25-07.46.24.586596 R72-M1-N4-I:J18-U11 RAS APP FATAL ciod: Error loading allreduce_int_V1R1.rts: invalid or missing program image, No such file or directory
1130251584 2005.10.25 R72-M1-N4-I:J18-U01 2005-10-25-07.46.24.675413 R72-M1-N4-I:J18-U01 RAS APP FATAL ciod: Error loading allreduce_int_V1R1.rts: invalid or missing program image, No such file or directory
1130251584 2005.10.25 R72-M1-N0-I:J18-U11 2005-10-25-07.46.24.766005 R72-M1-N0-I:J18-U11 RAS APP FATAL ciod: Error loading allreduce_int_V1R1.rts: invalid or missing program image, No such file or directory
1130251584 2005.10.25 R72-M1-N0-I:J18-U01 2005-10-25-07.46.24.866641 R72-M1-N0-I:J18-U01 RAS APP FATAL ciod: Error loading allreduce_int_V1R1.rts: invalid or missing program image, No such file or directory
1130251585 2005.10.25 R24-M0-NC-I:J18-U11 2005-10-25-07.46.25.345323 R24-M0-NC-I:J18-U11 RAS APP FATAL ciod: Error loading allreduce_int_V1R1.rts: invalid or missing program image, No such file or directory
1130251585 2005.10.25 R24-M0-NC-I:J18-U01 2005-10-25-07.46.25.410579 R24-M0-NC-I:J18-U01 RAS APP FATAL ciod: Error loading allreduce_int_V1R1.rts: invalid or missing program image, No such file or directory
1130251587 2005.10.25 R60-M0-N8-I:J18-U11 2005-10-25-07.46.27.721302 R60-M0-N8-I:J18-U11 RAS APP FATAL ciod: Error loading allreduce_int_V1R1.rts: invalid or missing program image, No such file or directory
1130251587 2005.10.25 R60-M0-N8-I:J18-U01 2005-10-25-07.46.27.828118 R60-M0-N8-I:J18-U01 RAS APP FATAL ciod: Error loading allreduce_int_V1R1.rts: invalid or missing program image, No such file or directory
1130251589 2005.10.25 R00-M1-N4-I:J18-U11 2005-10-25-07.46.29.061106 R00-M1-N4-I:J18-U11 RAS APP FATAL ciod: Error loading allreduce_int_V1R1.rts: invalid or missing program image, No such file or directory
1130251589 2005.10.25 R00-M1-N4-I:J18-U01 2005-10-25-07.46.29.173065 R00-M1-N4-I:J18-U01 RAS APP FATAL ciod: Error loading allreduce_int_V1R1.rts: invalid or missing program image, No such file or directory
1130251589 2005.10.25 R12-M0-NC-I:J18-U11 2005-10-25-07.46.29.288414 R12-M0-NC-I:J18-U11 RAS APP FATAL ciod: Error loading allreduce_int_V1R1.rts: invalid or missing program image, No such file or directory
1130251589 2005.10.25 R12-M0-NC-I:J18-U01 2005-10-25-07.46.29.387927 R12-M0-NC-I:J18-U01 RAS APP FATAL ciod: Error loading allreduce_int_V1R1.rts: invalid or missing program image, No such file or directory
1130251589 2005.10.25 R12-M0-N0-I:J18-U11 2005-10-25-07.46.29.495943 R12-M0-N0-I:J18-U11 RAS APP FATAL ciod: Error loading allreduce_int_V1R1.rts: invalid or missing program image, No such file or directory
1130251589 2005.10.25 R12-M0-N0-I:J18-U01 2005-10-25-07.46.29.603670 R12-M0-N0-I:J18-U01 RAS APP FATAL ciod: Error loading allreduce_int_V1R1.rts: invalid or missing program image, No such file or directory
1130251589 2005.10.25 R12-M0-N8-I:J18-U11 2005-10-25-07.46.29.711461 R12-M0-N8-I:J18-U11 RAS APP FATAL ciod: Error loading allreduce_int_V1R1.rts: invalid or missing program image, No such file or directory
1130251589 2005.10.25 R12-M0-N8-I:J18-U01 2005-10-25-07.46.29.824830 R12-M0-N8-I:J18-U01 RAS APP FATAL ciod: Error loading allreduce_int_V1R1.rts: invalid or missing program image, No such file or directory
1130251589 2005.10.25 R54-M0-NC-I:J18-U11 2005-10-25-07.46.29.946270 R54-M0-NC-I:J18-U11 RAS APP FATAL ciod: Error loading allreduce_int_V1R1.rts: invalid or missing program image, No such file or directory
1130251590 2005.10.25 R54-M0-NC-I:J18-U01 2005-10-25-07.46.30.046436 R54-M0-NC-I:J18-U01 RAS APP FATAL ciod: Error loading allreduce_int_V1R1.rts: invalid or missing program image, No such file or directory
1130251590 2005.10.25 R03-M1-N8-I:J18-U11 2005-10-25-07.46.30.153677 R03-M1-N8-I:J18-U11 RAS APP FATAL ciod: Error loading allreduce_int_V1R1.rts: invalid or missing program image, No such file or directory
1130251590 2005.10.25 R03-M1-N8-I:J18-U01 2005-10-25-07.46.30.261810 R03-M1-N8-I:J18-U01 RAS APP FATAL ciod: Error loading allreduce_int_V1R1.rts: invalid or missing program image, No such file or directory
1130251590 2005.10.25 R54-M0-N8-I:J18-U11 2005-10-25-07.46.30.584759 R54-M0-N8-I:J18-U11 RAS APP FATAL ciod: Error loading allreduce_int_V1R1.rts: invalid or missing program image, No such file or directory
1130251590 2005.10.25 R54-M0-N8-I:J18-U01 2005-10-25-07.46.30.686456 R54-M0-N8-I:J18-U01 RAS APP FATAL ciod: Error loading allreduce_int_V1R1.rts: invalid or missing program image, No such file or directory
1130251591 2005.10.25 R06-M1-NC-I:J18-U11 2005-10-25-07.46.31.608258 R06-M1-NC-I:J18-U11 RAS APP FATAL ciod: Error loading allreduce_int_V1R1.rts: invalid or missing program image, No such file or directory
1130251592 2005.10.25 R06-M1-NC-I:J18-U01 2005-10-25-07.46.32.370388 R06-M1-NC-I:J18-U01 RAS APP FATAL ciod: Error loading allreduce_int_V1R1.rts: invalid or missing program image, No such file or directory
1130252064 2005.10.25 R06-M1-N6-C:J15-U01 2005-10-25-07.54.24.677668 R06-M1-N6-C:J15-U01 RAS KERNEL INFO 1 torus receiver x+ input pipe error(s) (dcr 0x02ec) detected and corrected
1130255697 2005.10.25 R54-M0-N4-C:J13-U11 2005-10-25-08.54.57.099108 R54-M0-N4-C:J13-U11 RAS KERNEL INFO critical input interrupt (unit=0x0b bit=0x0f): warning for tree A1 wire
1130255697 2005.10.25 R45-M0-N2-C:J17-U01 2005-10-25-08.54.57.247643 R45-M0-N2-C:J17-U01 RAS KERNEL INFO critical input interrupt (unit=0x0b bit=0x03): warning for torus x- wire
1130255697 2005.10.25 R60-M1-NA-C:J07-U11 2005-10-25-08.54.57.366506 R60-M1-NA-C:J07-U11 RAS KERNEL INFO critical input interrupt (unit=0x0b bit=0x06): warning for torus y+ wire
1130255697 2005.10.25 R54-M0-N9-C:J07-U11 2005-10-25-08.54.57.486030 R54-M0-N9-C:J07-U11 RAS KERNEL INFO critical input interrupt (unit=0x0b bit=0x06): warning for torus y+ wire
1130255698 2005.10.25 R54-M0-N4-C:J13-U11 2005-10-25-08.54.58.012739 R54-M0-N4-C:J13-U11 RAS KERNEL INFO suppressing further interrupts of same type
1130255698 2005.10.25 R45-M0-N2-C:J17-U01 2005-10-25-08.54.58.117986 R45-M0-N2-C:J17-U01 RAS KERNEL INFO suppressing further interrupts of same type
1130255698 2005.10.25 R60-M1-NA-C:J07-U11 2005-10-25-08.54.58.603333 R60-M1-NA-C:J07-U11 RAS KERNEL INFO suppressing further interrupts of same type
1130255698 2005.10.25 R54-M0-N9-C:J07-U11 2005-10-25-08.54.58.716640 R54-M0-N9-C:J07-U11 RAS KERNEL INFO suppressing further interrupts of same type
1130255699 2005.10.25 R54-M0-N8-C:J13-U11 2005-10-25-08.54.59.336485 R54-M0-N8-C:J13-U11 RAS KERNEL INFO critical input interrupt (unit=0x0b bit=0x12): warning for tree B0 wire
1130255699 2005.10.25 R06-M0-ND-C:J13-U11 2005-10-25-08.54.59.454178 R06-M0-ND-C:J13-U11 RAS KERNEL INFO critical input interrupt (unit=0x0b bit=0x0b): warning for torus z- wire
1130255700 2005.10.25 R54-M0-N8-C:J13-U11 2005-10-25-08.55.00.637175 R54-M0-N8-C:J13-U11 RAS KERNEL INFO suppressing further interrupts of same type
1130255700 2005.10.25 R06-M0-ND-C:J13-U11 2005-10-25-08.55.00.756702 R06-M0-ND-C:J13-U11 RAS KERNEL INFO suppressing further interrupts of same type
1130255700 2005.10.25 R51-M0-N5-C:J03-U01 2005-10-25-08.55.00.885019 R51-M0-N5-C:J03-U01 RAS KERNEL INFO critical input interrupt (unit=0x0b bit=0x0f): warning for tree A1 wire
1130255701 2005.10.25 R51-M0-N5-C:J03-U01 2005-10-25-08.55.01.928488 R51-M0-N5-C:J03-U01 RAS KERNEL INFO suppressing further interrupts of same type
1130255708 2005.10.25 R06-M1-NF-C:J11-U11 2005-10-25-08.55.08.497469 R06-M1-NF-C:J11-U11 RAS KERNEL INFO critical input interrupt (unit=0x0b bit=0x0a): warning for torus z+ wire
1130255708 2005.10.25 R06-M1-NF-C:J11-U11 2005-10-25-08.55.08.848307 R06-M1-NF-C:J11-U11 RAS KERNEL INFO suppressing further interrupts of same type
1130255709 2005.10.25 R12-M0-N9-C:J08-U11 2005-10-25-08.55.09.731450 R12-M0-N9-C:J08-U11 RAS KERNEL INFO critical input interrupt (unit=0x0b bit=0x0b): warning for torus z- wire
1130255710 2005.10.25 R12-M0-N9-C:J08-U11 2005-10-25-08.55.10.074803 R12-M0-N9-C:J08-U11 RAS KERNEL INFO suppressing further interrupts of same type
1130255711 2005.10.25 R03-M0-NC-C:J04-U11 2005-10-25-08.55.11.872851 R03-M0-NC-C:J04-U11 RAS KERNEL INFO critical input interrupt (unit=0x0b bit=0x13): warning for tree B1 wire
1130255712 2005.10.25 R03-M0-NC-C:J04-U11 2005-10-25-08.55.12.118474 R03-M0-NC-C:J04-U11 RAS KERNEL INFO suppressing further interrupts of same type
1130255712 2005.10.25 R51-M0-N7-C:J15-U11 2005-10-25-08.55.12.888199 R51-M0-N7-C:J15-U11 RAS KERNEL INFO critical input interrupt (unit=0x0b bit=0x0a): warning for torus z+ wire
1130255713 2005.10.25 R51-M0-N7-C:J15-U11 2005-10-25-08.55.13.191251 R51-M0-N7-C:J15-U11 RAS KERNEL INFO suppressing further interrupts of same type
1130255735 2005.10.25 R00-M0-N8-C:J07-U11 2005-10-25-08.55.35.627313 R00-M0-N8-C:J07-U11 RAS KERNEL INFO critical input interrupt (unit=0x0b bit=0x0e): warning for tree A0 wire
1130255735 2005.10.25 R00-M0-N8-C:J07-U11 2005-10-25-08.55.35.882700 R00-M0-N8-C:J07-U11 RAS KERNEL INFO suppressing further interrupts of same type
1130255739 2005.10.25 R36-M1-NC-C:J05-U11 2005-10-25-08.55.39.141980 R36-M1-NC-C:J05-U11 RAS KERNEL INFO critical input interrupt (unit=0x0b bit=0x0f): warning for tree A1 wire
1130255739 2005.10.25 R36-M1-NC-C:J05-U11 2005-10-25-08.55.39.389684 R36-M1-NC-C:J05-U11 RAS KERNEL INFO suppressing further interrupts of same type
1130255757 2005.10.25 R21-M0-ND-C:J04-U01 2005-10-25-08.55.57.382857 R21-M0-ND-C:J04-U01 RAS KERNEL FATAL machine check interrupt (bit=0x06): L3 major internal error
1130255757 2005.10.25 R21-M0-ND-C:J04-U01 2005-10-25-08.55.57.619760 R21-M0-ND-C:J04-U01 RAS KERNEL FATAL instruction address: 0x0048e95c
1130255757 2005.10.25 R60-M0-N5-C:J08-U11 2005-10-25-08.55.57.719047 R60-M0-N5-C:J08-U11 RAS KERNEL INFO critical input interrupt (unit=0x0b bit=0x0b): warning for torus z- wire
1130255758 2005.10.25 R21-M0-ND-C:J04-U01 2005-10-25-08.55.58.001980 R21-M0-ND-C:J04-U01 RAS KERNEL FATAL machine check status register: 0xa0000000
1130255758 2005.10.25 R60-M0-N5-C:J08-U11 2005-10-25-08.55.58.093689 R60-M0-N5-C:J08-U11 RAS KERNEL INFO suppressing further interrupts of same type
1130255758 2005.10.25 R21-M0-ND-C:J04-U01 2005-10-25-08.55.58.472855 R21-M0-ND-C:J04-U01 RAS KERNEL FATAL summary...........................1
1130255759 2005.10.25 R15-M1-N5-C:J05-U11 2005-10-25-08.55.59.095558 R15-M1-N5-C:J05-U11 RAS KERNEL INFO critical input interrupt (unit=0x0b bit=0x17): warning for tree C1 wire
1130255759 2005.10.25 R21-M0-ND-C:J04-U01 2005-10-25-08.55.59.196628 R21-M0-ND-C:J04-U01 RAS KERNEL FATAL instruction plb error.............0
1130255759 2005.10.25 R15-M1-N5-C:J05-U11 2005-10-25-08.55.59.592214 R15-M1-N5-C:J05-U11 RAS KERNEL INFO suppressing further interrupts of same type
1130255759 2005.10.25 R21-M0-ND-C:J04-U01 2005-10-25-08.55.59.760997 R21-M0-ND-C:J04-U01 RAS KERNEL FATAL data read plb error...............1
1130255760 2005.10.25 R57-M0-N0-C:J14-U11 2005-10-25-08.56.00.170745 R57-M0-N0-C:J14-U11 RAS KERNEL INFO 1 tree receiver 2 in re-synch state event(s) (dcr 0x019a) detected
1130255760 2005.10.25 R21-M0-ND-C:J04-U01 2005-10-25-08.56.00.672924 R21-M0-ND-C:J04-U01 RAS KERNEL FATAL data write plb error..............0
1130255761 2005.10.25 R06-M1-N6-C:J15-U01 2005-10-25-08.56.01.121559 R06-M1-N6-C:J15-U01 RAS KERNEL INFO 1 torus receiver x+ input pipe error(s) (dcr 0x02ec) detected and corrected
1130255761 2005.10.25 R30-M0-N7-C:J09-U01 2005-10-25-08.56.01.334313 R30-M0-N7-C:J09-U01 RAS KERNEL INFO 1 ddr errors(s) detected and corrected on rank 0, symbol 26, bit 3
1130255763 2005.10.25 R36-M0-N2-C:J04-U11 2005-10-25-08.56.03.210124 R36-M0-N2-C:J04-U11 RAS KERNEL INFO critical input interrupt (unit=0x0b bit=0x06): warning for torus y+ wire
1130255763 2005.10.25 R21-M0-ND-C:J04-U01 2005-10-25-08.56.03.308752 R21-M0-ND-C:J04-U01 RAS KERNEL FATAL tlb error.........................0
1130255763 2005.10.25 R15-M0-NC-C:J04-U11 2005-10-25-08.56.03.424679 R15-M0-NC-C:J04-U11 RAS KERNEL INFO 1 torus receiver x+ input pipe error(s) (dcr 0x02ec) detected and corrected
1130255764 2005.10.25 R06-M1-N6-C:J15-U01 2005-10-25-08.56.04.021512 R06-M1-N6-C:J15-U01 RAS KERNEL INFO 1 torus receiver y+ input pipe error(s) (dcr 0x02ee) detected and corrected
1130255764 2005.10.25 R30-M0-N7-C:J09-U01 2005-10-25-08.56.04.277956 R30-M0-N7-C:J09-U01 RAS KERNEL INFO CE sym 26, at 0x07a95e80, mask 0x10
1130255769 2005.10.25 R36-M0-N2-C:J04-U11 2005-10-25-08.56.09.299039 R36-M0-N2-C:J04-U11 RAS KERNEL INFO suppressing further interrupts of same type
1130255769 2005.10.25 R21-M0-ND-C:J04-U01 2005-10-25-08.56.09.508905 R21-M0-ND-C:J04-U01 RAS KERNEL FATAL i-cache parity error..............0
1130255769 2005.10.25 R15-M0-NC-C:J04-U11 2005-10-25-08.56.09.628443 R15-M0-NC-C:J04-U11 RAS KERNEL INFO 1 tree receiver 1 in re-synch state event(s) (dcr 0x0185) detected
1130255770 2005.10.25 R06-M1-N6-C:J15-U01 2005-10-25-08.56.10.662559 R06-M1-N6-C:J15-U01 RAS KERNEL INFO 1 torus receiver z- input pipe error(s) (dcr 0x02f1) detected and corrected
1130255770 2005.10.25 R30-M0-N7-C:J09-U01 2005-10-25-08.56.10.745862 R30-M0-N7-C:J09-U01 RAS KERNEL INFO total of 1 ddr error(s) detected and corrected
1130255779 2005.10.25 R21-M0-ND-C:J04-U01 2005-10-25-08.56.19.949167 R21-M0-ND-C:J04-U01 RAS KERNEL FATAL d-cache search parity error.......0
1130255780 2005.10.25 R15-M0-NC-C:J04-U11 2005-10-25-08.56.20.085898 R15-M0-NC-C:J04-U11 RAS KERNEL INFO 5 tree receiver 2 in re-synch state event(s) (dcr 0x019a) detected
1130255781 2005.10.25 R06-M1-N6-C:J15-U01 2005-10-25-08.56.21.201973 R06-M1-N6-C:J15-U01 RAS KERNEL INFO 1 tree receiver 2 in re-synch state event(s) (dcr 0x019a) detected
1130255791 2005.10.25 R21-M0-ND-C:J04-U01 2005-10-25-08.56.31.337855 R21-M0-ND-C:J04-U01 RAS KERNEL FATAL d-cache flush parity error........0
1130255808 2005.10.25 R21-M0-ND-C:J04-U01 2005-10-25-08.56.48.081377 R21-M0-ND-C:J04-U01 RAS KERNEL FATAL imprecise machine check...........0
1130257163 2005.10.25 R21-M0-ND 2005-10-25-09.19.23.987682 R21-M0-ND NULL HARDWARE WARNING PrepareForService is being done on this part (mLctn(R21-M0-ND), mCardSernum(203231503833343000000000594c31304b34333439303153), mLp(FF:F2:9F:16:C4:EA:00:0D:60:E9:3B:15), mIp(10.2.1.29), mType(4)) by root
1130257452 2005.10.25 R21-M0-ND 2005-10-25-09.24.12.740875 R21-M0-ND NULL HARDWARE WARNING PrepareForService shutting down NodeCard(mLctn(R21-M0-ND), mCardSernum(203231503833343000000000594c31304b34333439303153), mLp(FF:F2:9F:16:C4:EA:00:0D:60:E9:3B:15), mIp(10.2.1.29), mType(4)) as part of Service Action 528
1130259337 2005.10.25 R21-M0 2005-10-25-09.55.37.984386 R21-M0 NULL HARDWARE WARNING EndServiceAction is restarting the NodeCards in midplane R21-M0 as part of Service Action 528
1130259338 2005.10.25 R21-M0-ND 2005-10-25-09.55.38.037585 R21-M0-ND NULL HARDWARE WARNING EndServiceAction 528 performed upon R21-M0-ND by root
1130259419 2005.10.25 R21-M0-N6 2005-10-25-09.56.59.030054 R21-M0-N6 NULL DISCOVERY WARNING Node card is not fully functional
1130259419 2005.10.25 R21-M0-N6 2005-10-25-09.56.59.394343 R21-M0-N6 NULL DISCOVERY SEVERE Can not get assembly information for node card
1130259419 2005.10.25 R21-M0-N6 2005-10-25-09.56.59.498346 R21-M0-N6 NULL DISCOVERY ERROR Node card status: no ALERTs are active. Clock Mode is Low. Clock Select is Midplane. Phy JTAG Reset is asserted. ASIC JTAG Reset is asserted. Temperature Mask is not active. No temperature error. Temperature Limit Error Latch is clear. PGOOD IS NOT ASSERTED. PGOOD ERROR LATCH IS ACTIVE. MPGOOD IS NOT OK. MPGOOD ERROR LATCH IS ACTIVE. The 2.5 volt rail is OK. The 1.5 volt rail is OK.
1130259426 2005.10.25 R21-M0-N1 2005-10-25-09.57.06.307212 R21-M0-N1 NULL DISCOVERY WARNING Node card is not fully functional
1130259426 2005.10.25 R21-M0-N1 2005-10-25-09.57.06.419608 R21-M0-N1 NULL DISCOVERY SEVERE Can not get assembly information for node card
1130259426 2005.10.25 R21-M0-N1 2005-10-25-09.57.06.435589 R21-M0-N1 NULL DISCOVERY ERROR Node card status: no ALERTs are active. Clock Mode is Low. Clock Select is Midplane. Phy JTAG Reset is asserted. ASIC JTAG Reset is asserted. Temperature Mask is not active. No temperature error. Temperature Limit Error Latch is clear. PGOOD IS NOT ASSERTED. PGOOD ERROR LATCH IS ACTIVE. MPGOOD IS NOT OK. MPGOOD ERROR LATCH IS ACTIVE. The 2.5 volt rail is OK. The 1.5 volt rail is OK.
1130259433 2005.10.25 R21-M0-ND 2005-10-25-09.57.13.215042 R21-M0-ND NULL DISCOVERY WARNING Node card is not fully functional
1130259433 2005.10.25 R21-M0-ND 2005-10-25-09.57.13.337178 R21-M0-ND NULL DISCOVERY SEVERE Can not get assembly information for node card
1130259433 2005.10.25 R21-M0-ND 2005-10-25-09.57.13.353734 R21-M0-ND NULL DISCOVERY ERROR Node card status: no ALERTs are active. Clock Mode is Low. Clock Select is Midplane. Phy JTAG Reset is asserted. ASIC JTAG Reset is asserted. Temperature Mask is not active. No temperature error. Temperature Limit Error Latch is clear. PGOOD IS NOT ASSERTED. PGOOD ERROR LATCH IS ACTIVE. MPGOOD IS NOT OK. MPGOOD ERROR LATCH IS ACTIVE. The 2.5 volt rail is OK. The 1.5 volt rail is OK.
1130259440 2005.10.25 R21-M0-N4 2005-10-25-09.57.20.114404 R21-M0-N4 NULL DISCOVERY WARNING Node card is not fully functional
1130259440 2005.10.25 R21-M0-N4 2005-10-25-09.57.20.238199 R21-M0-N4 NULL DISCOVERY SEVERE Can not get assembly information for node card
1130259440 2005.10.25 R21-M0-N4 2005-10-25-09.57.20.252064 R21-M0-N4 NULL DISCOVERY ERROR Node card status: no ALERTs are active. Clock Mode is Low. Clock Select is Midplane. Phy JTAG Reset is asserted. ASIC JTAG Reset is asserted. Temperature Mask is not active. No temperature error. Temperature Limit Error Latch is clear. PGOOD IS NOT ASSERTED. PGOOD ERROR LATCH IS ACTIVE. MPGOOD IS NOT OK. MPGOOD ERROR LATCH IS ACTIVE. The 2.5 volt rail is OK. The 1.5 volt rail is OK.
1130259445 2005.10.25 R21-M0-N8 2005-10-25-09.57.25.978938 R21-M0-N8 NULL DISCOVERY WARNING Node card is not fully functional
1130259446 2005.10.25 R21-M0-N3 2005-10-25-09.57.26.028035 R21-M0-N3 NULL DISCOVERY WARNING Node card is not fully functional
1130259446 2005.10.25 R21-M0-N8 2005-10-25-09.57.26.058855 R21-M0-N8 NULL DISCOVERY SEVERE Can not get assembly information for node card
1130259446 2005.10.25 R21-M0-N3 2005-10-25-09.57.26.069620 R21-M0-N3 NULL DISCOVERY SEVERE Can not get assembly information for node card
1130259446 2005.10.25 R21-M0-N8 2005-10-25-09.57.26.076336 R21-M0-N8 NULL DISCOVERY ERROR Node card status: no ALERTs are active. Clock Mode is Low. Clock Select is Midplane. Phy JTAG Reset is asserted. ASIC JTAG Reset is asserted. Temperature Mask is not active. No temperature error. Temperature Limit Error Latch is clear. PGOOD IS NOT ASSERTED. PGOOD ERROR LATCH IS ACTIVE. MPGOOD IS NOT OK. MPGOOD ERROR LATCH IS ACTIVE. The 2.5 volt rail is OK. The 1.5 volt rail is OK.
1130259446 2005.10.25 R21-M0-N3 2005-10-25-09.57.26.093835 R21-M0-N3 NULL DISCOVERY ERROR Node card status: no ALERTs are active. Clock Mode is Low. Clock Select is Midplane. Phy JTAG Reset is asserted. ASIC JTAG Reset is asserted. Temperature Mask is not active. No temperature error. Temperature Limit Error Latch is clear. PGOOD IS NOT ASSERTED. PGOOD ERROR LATCH IS ACTIVE. MPGOOD IS NOT OK. MPGOOD ERROR LATCH IS ACTIVE. The 2.5 volt rail is OK. The 1.5 volt rail is OK.
1130259447 2005.10.25 R21-M0-N7 2005-10-25-09.57.27.034249 R21-M0-N7 NULL DISCOVERY WARNING Node card is not fully functional
1130259447 2005.10.25 R21-M0-N7 2005-10-25-09.57.27.177784 R21-M0-N7 NULL DISCOVERY SEVERE Can not get assembly information for node card
1130259447 2005.10.25 R21-M0-N7 2005-10-25-09.57.27.187755 R21-M0-N7 NULL DISCOVERY ERROR Node card status: no ALERTs are active. Clock Mode is Low. Clock Select is Midplane. Phy JTAG Reset is asserted. ASIC JTAG Reset is asserted. Temperature Mask is not active. No temperature error. Temperature Limit Error Latch is clear. PGOOD IS NOT ASSERTED. PGOOD ERROR LATCH IS ACTIVE. MPGOOD IS NOT OK. MPGOOD ERROR LATCH IS ACTIVE. The 2.5 volt rail is OK. The 1.5 volt rail is OK.
1130259452 2005.10.25 R21-M0-NA 2005-10-25-09.57.32.334529 R21-M0-NA NULL DISCOVERY WARNING Node card is not fully functional
1130259452 2005.10.25 R21-M0-NA 2005-10-25-09.57.32.467543 R21-M0-NA NULL DISCOVERY SEVERE Can not get assembly information for node card
1130259452 2005.10.25 R21-M0-NA 2005-10-25-09.57.32.481068 R21-M0-NA NULL DISCOVERY ERROR Node card status: no ALERTs are active. Clock Mode is Low. Clock Select is Midplane. Phy JTAG Reset is asserted. ASIC JTAG Reset is asserted. Temperature Mask is not active. No temperature error. Temperature Limit Error Latch is clear. PGOOD IS NOT ASSERTED. PGOOD ERROR LATCH IS ACTIVE. MPGOOD IS NOT OK. MPGOOD ERROR LATCH IS ACTIVE. The 2.5 volt rail is OK. The 1.5 volt rail is OK.
1130259452 2005.10.25 R21-M0-N5 2005-10-25-09.57.32.832110 R21-M0-N5 NULL DISCOVERY WARNING Node card is not fully functional
1130259452 2005.10.25 R21-M0-NE 2005-10-25-09.57.32.879302 R21-M0-NE NULL DISCOVERY WARNING Node card is not fully functional
1130259452 2005.10.25 R21-M0-N5 2005-10-25-09.57.32.904641 R21-M0-N5 NULL DISCOVERY SEVERE Can not get assembly information for node card
1130259452 2005.10.25 R21-M0-N5 2005-10-25-09.57.32.921253 R21-M0-N5 NULL DISCOVERY ERROR Node card status: no ALERTs are active. Clock Mode is Low. Clock Select is Midplane. Phy JTAG Reset is asserted. ASIC JTAG Reset is asserted. Temperature Mask is not active. No temperature error. Temperature Limit Error Latch is clear. PGOOD IS NOT ASSERTED. PGOOD ERROR LATCH IS ACTIVE. MPGOOD IS NOT OK. MPGOOD ERROR LATCH IS ACTIVE. The 2.5 volt rail is OK. The 1.5 volt rail is OK.
1130259452 2005.10.25 R21-M0-NE 2005-10-25-09.57.32.930117 R21-M0-NE NULL DISCOVERY SEVERE Can not get assembly information for node card
1130259452 2005.10.25 R21-M0-NE 2005-10-25-09.57.32.956510 R21-M0-NE NULL DISCOVERY ERROR Node card status: no ALERTs are active. Clock Mode is Low. Clock Select is Midplane. Phy JTAG Reset is asserted. ASIC JTAG Reset is asserted. Temperature Mask is not active. No temperature error. Temperature Limit Error Latch is clear. PGOOD IS NOT ASSERTED. PGOOD ERROR LATCH IS ACTIVE. MPGOOD IS NOT OK. MPGOOD ERROR LATCH IS ACTIVE. The 2.5 volt rail is OK. The 1.5 volt rail is OK.
1130259453 2005.10.25 R21-M0-N2 2005-10-25-09.57.33.532002 R21-M0-N2 NULL DISCOVERY WARNING Node card is not fully functional
1130259453 2005.10.25 R21-M0-N2 2005-10-25-09.57.33.604689 R21-M0-N2 NULL DISCOVERY SEVERE Can not get assembly information for node card
1130259453 2005.10.25 R21-M0-N2 2005-10-25-09.57.33.618970 R21-M0-N2 NULL DISCOVERY ERROR Node card status: no ALERTs are active. Clock Mode is Low. Clock Select is Midplane. Phy JTAG Reset is asserted. ASIC JTAG Reset is asserted. Temperature Mask is not active. No temperature error. Temperature Limit Error Latch is clear. PGOOD IS NOT ASSERTED. PGOOD ERROR LATCH IS ACTIVE. MPGOOD IS NOT OK. MPGOOD ERROR LATCH IS ACTIVE. The 2.5 volt rail is OK. The 1.5 volt rail is OK.
1130259453 2005.10.25 R21-M0-N0 2005-10-25-09.57.33.939637 R21-M0-N0 NULL DISCOVERY WARNING Node card is not fully functional
1130259454 2005.10.25 R21-M0-N0 2005-10-25-09.57.34.023645 R21-M0-N0 NULL DISCOVERY SEVERE Can not get assembly information for node card
1130259454 2005.10.25 R21-M0-N0 2005-10-25-09.57.34.037689 R21-M0-N0 NULL DISCOVERY ERROR Node card status: no ALERTs are active. Clock Mode is Low. Clock Select is Midplane. Phy JTAG Reset is asserted. ASIC JTAG Reset is asserted. Temperature Mask is not active. No temperature error. Temperature Limit Error Latch is clear. PGOOD IS NOT ASSERTED. PGOOD ERROR LATCH IS ACTIVE. MPGOOD IS NOT OK. MPGOOD ERROR LATCH IS ACTIVE. The 2.5 volt rail is OK. The 1.5 volt rail is OK.
1130259456 2005.10.25 R21-M0-NC 2005-10-25-09.57.36.078315 R21-M0-NC NULL DISCOVERY WARNING Node card is not fully functional
1130259456 2005.10.25 R21-M0-NC 2005-10-25-09.57.36.213698 R21-M0-NC NULL DISCOVERY SEVERE Can not get assembly information for node card
1130259456 2005.10.25 R21-M0-NC 2005-10-25-09.57.36.223861 R21-M0-NC NULL DISCOVERY ERROR Node card status: no ALERTs are active. Clock Mode is Low. Clock Select is Midplane. Phy JTAG Reset is asserted. ASIC JTAG Reset is asserted. Temperature Mask is not active. No temperature error. Temperature Limit Error Latch is clear. PGOOD IS NOT ASSERTED. PGOOD ERROR LATCH IS ACTIVE. MPGOOD IS NOT OK. MPGOOD ERROR LATCH IS ACTIVE. The 2.5 volt rail is OK. The 1.5 volt rail is OK.
1130259520 2005.10.25 R21-M0-N4 2005-10-25-09.58.40.983900 R21-M0-N4 NULL DISCOVERY INFO Node card VPD check: U01 node in processor card slot J12 do not match. VPD ecid 07500D98DC2FFFFF100B1B31A4D7, found 04D581D5A12FFFFF0D041B3048D7
1130259521 2005.10.25 R21-M0-N4 2005-10-25-09.58.41.004270 R21-M0-N4 NULL DISCOVERY INFO Node card VPD check: U11 node in processor card slot J12 do not match. VPD ecid 07590DA0A32FFFFF070719B18AB8, found 04D081D5032FFFFF0F061BD092E4
1130259521 2005.10.25 R21-M0-ND 2005-10-25-09.58.41.635396 R21-M0-ND NULL DISCOVERY INFO Node card VPD check: U01 node in processor card slot J04 do not match. VPD ecid 04CE81C4082FFFFF04041AA086CD, found 04D48465822FFFFF060C1AE086CF
1130259521 2005.10.25 R21-M0-ND 2005-10-25-09.58.41.650992 R21-M0-ND NULL DISCOVERY INFO Node card VPD check: U11 node in processor card slot J04 do not match. VPD ecid 04CE81C4082FFFFF0E061A508AC7, found 04C18467012FFFFF05091B508CD9
1130262442 2005.10.25 R45-M0-N2-C:J17-U01 2005-10-25-10.47.22.724240 R45-M0-N2-C:J17-U01 RAS KERNEL INFO critical input interrupt (unit=0x0b bit=0x03): warning for torus x- wire
1130262442 2005.10.25 R66-M1-NB-C:J09-U01 2005-10-25-10.47.22.878925 R66-M1-NB-C:J09-U01 RAS KERNEL INFO critical input interrupt (unit=0x0b bit=0x0b): warning for torus z- wire
1130262443 2005.10.25 R42-M0-N4-C:J02-U11 2005-10-25-10.47.23.123774 R42-M0-N4-C:J02-U11 RAS KERNEL INFO critical input interrupt (unit=0x0b bit=0x06): warning for torus y+ wire
1130262444 2005.10.25 R45-M0-N2-C:J17-U01 2005-10-25-10.47.24.017838 R45-M0-N2-C:J17-U01 RAS KERNEL INFO suppressing further interrupts of same type
1130262444 2005.10.25 R54-M0-ND-C:J09-U11 2005-10-25-10.47.24.326095 R54-M0-ND-C:J09-U11 RAS KERNEL INFO critical input interrupt (unit=0x0b bit=0x06): warning for torus y+ wire
1130262444 2005.10.25 R66-M1-NB-C:J09-U01 2005-10-25-10.47.24.418968 R66-M1-NB-C:J09-U01 RAS KERNEL INFO suppressing further interrupts of same type
1130262444 2005.10.25 R42-M0-N4-C:J02-U11 2005-10-25-10.47.24.779739 R42-M0-N4-C:J02-U11 RAS KERNEL INFO suppressing further interrupts of same type
1130262445 2005.10.25 R54-M0-N8-C:J13-U11 2005-10-25-10.47.25.978350 R54-M0-N8-C:J13-U11 RAS KERNEL INFO critical input interrupt (unit=0x0b bit=0x12): warning for tree B0 wire
1130262446 2005.10.25 R54-M0-ND-C:J09-U11 2005-10-25-10.47.26.071431 R54-M0-ND-C:J09-U11 RAS KERNEL INFO suppressing further interrupts of same type
1130262446 2005.10.25 R03-M1-NB-C:J16-U11 2005-10-25-10.47.26.419956 R03-M1-NB-C:J16-U11 RAS KERNEL INFO critical input interrupt (unit=0x0b bit=0x0b): warning for torus z- wire
1130262447 2005.10.25 R75-M0-NF-C:J15-U01 2005-10-25-10.47.27.111504 R75-M0-NF-C:J15-U01 RAS KERNEL INFO critical input interrupt (unit=0x0b bit=0x17): warning for tree C1 wire
1130262447 2005.10.25 R54-M0-N8-C:J13-U11 2005-10-25-10.47.27.195771 R54-M0-N8-C:J13-U11 RAS KERNEL INFO suppressing further interrupts of same type
1130262447 2005.10.25 R12-M0-NE-C:J05-U11 2005-10-25-10.47.27.311012 R12-M0-NE-C:J05-U11 RAS KERNEL INFO critical input interrupt (unit=0x0b bit=0x07): warning for torus y- wire
1130262447 2005.10.25 R03-M1-NB-C:J16-U11 2005-10-25-10.47.27.541907 R03-M1-NB-C:J16-U11 RAS KERNEL INFO suppressing further interrupts of same type
1130262448 2005.10.25 R75-M0-NF-C:J15-U01 2005-10-25-10.47.28.022916 R75-M0-NF-C:J15-U01 RAS KERNEL INFO suppressing further interrupts of same type
1130262448 2005.10.25 R12-M0-NE-C:J05-U11 2005-10-25-10.47.28.104660 R12-M0-NE-C:J05-U11 RAS KERNEL INFO suppressing further interrupts of same type
1130262450 2005.10.25 R63-M0-NB-C:J05-U11 2005-10-25-10.47.30.511845 R63-M0-NB-C:J05-U11 RAS KERNEL INFO critical input interrupt (unit=0x0b bit=0x02): warning for torus x+ wire
1130262450 2005.10.25 R63-M0-NB-C:J05-U11 2005-10-25-10.47.30.763242 R63-M0-NB-C:J05-U11 RAS KERNEL INFO suppressing further interrupts of same type
1130262462 2005.10.25 R54-M0-N9-C:J07-U11 2005-10-25-10.47.42.708056 R54-M0-N9-C:J07-U11 RAS KERNEL INFO critical input interrupt (unit=0x0b bit=0x06): warning for torus y+ wire
1130262462 2005.10.25 R54-M0-N9-C:J07-U11 2005-10-25-10.47.42.955980 R54-M0-N9-C:J07-U11 RAS KERNEL INFO suppressing further interrupts of same type
1130262464 2005.10.25 R51-M0-ND-C:J16-U11 2005-10-25-10.47.44.225289 R51-M0-ND-C:J16-U11 RAS KERNEL INFO critical input interrupt (unit=0x0b bit=0x0a): warning for torus z+ wire
1130262464 2005.10.25 R51-M0-ND-C:J16-U11 2005-10-25-10.47.44.505756 R51-M0-ND-C:J16-U11 RAS KERNEL INFO suppressing further interrupts of same type
1130262474 2005.10.25 R03-M1-N4-C:J13-U11 2005-10-25-10.47.54.830236 R03-M1-N4-C:J13-U11 RAS KERNEL INFO critical input interrupt (unit=0x0b bit=0x12): warning for tree B0 wire
1130262475 2005.10.25 R03-M1-N4-C:J13-U11 2005-10-25-10.47.55.123874 R03-M1-N4-C:J13-U11 RAS KERNEL INFO suppressing further interrupts of same type
1130262521 2005.10.25 R75-M1-NB-C:J17-U11 2005-10-25-10.48.41.560791 R75-M1-NB-C:J17-U11 RAS KERNEL INFO critical input interrupt (unit=0x0b bit=0x0b): warning for torus z- wire
1130262522 2005.10.25 R75-M1-NB-C:J17-U11 2005-10-25-10.48.42.065860 R75-M1-NB-C:J17-U11 RAS KERNEL INFO suppressing further interrupts of same type
1130262526 2005.10.25 R24-M1-N9-C:J02-U01 2005-10-25-10.48.46.440602 R24-M1-N9-C:J02-U01 RAS KERNEL INFO critical input interrupt (unit=0x0b bit=0x03): warning for torus x- wire
1130262526 2005.10.25 R24-M1-N9-C:J02-U01 2005-10-25-10.48.46.723129 R24-M1-N9-C:J02-U01 RAS KERNEL INFO suppressing further interrupts of same type
1130262535 2005.10.25 R15-M0-NE-C:J04-U11 2005-10-25-10.48.55.102713 R15-M0-NE-C:J04-U11 RAS KERNEL INFO critical input interrupt (unit=0x0b bit=0x0a): warning for torus z+ wire
1130262535 2005.10.25 R15-M0-NE-C:J04-U11 2005-10-25-10.48.55.415405 R15-M0-NE-C:J04-U11 RAS KERNEL INFO suppressing further interrupts of same type
1130262559 2005.10.25 R15-M1-NA-C:J08-U11 2005-10-25-10.49.19.930416 R15-M1-NA-C:J08-U11 RAS KERNEL INFO critical input interrupt (unit=0x0b bit=0x0b): warning for torus z- wire
1130262560 2005.10.25 R15-M1-NA-C:J08-U11 2005-10-25-10.49.20.232304 R15-M1-NA-C:J08-U11 RAS KERNEL INFO suppressing further interrupts of same type
1130262596 2005.10.25 R36-M1-N6-C:J03-U11 2005-10-25-10.49.56.024171 R36-M1-N6-C:J03-U11 RAS KERNEL INFO critical input interrupt (unit=0x0b bit=0x16): warning for tree C0 wire
1130262596 2005.10.25 R36-M1-N6-C:J03-U11 2005-10-25-10.49.56.384234 R36-M1-N6-C:J03-U11 RAS KERNEL INFO suppressing further interrupts of same type
1130262601 2005.10.25 R15-M0-N3-C:J10-U01 2005-10-25-10.50.01.259319 R15-M0-N3-C:J10-U01 RAS KERNEL INFO critical input interrupt (unit=0x0b bit=0x07): warning for torus y- wire
1130262601 2005.10.25 R15-M0-N3-C:J10-U01 2005-10-25-10.50.01.508348 R15-M0-N3-C:J10-U01 RAS KERNEL INFO suppressing further interrupts of same type
1130262602 2005.10.25 R12-M0-N8-C:J05-U01 2005-10-25-10.50.02.769135 R12-M0-N8-C:J05-U01 RAS KERNEL INFO critical input interrupt (unit=0x0b bit=0x0b): warning for torus z- wire
1130262603 2005.10.25 R12-M0-N8-C:J05-U01 2005-10-25-10.50.03.038400 R12-M0-N8-C:J05-U01 RAS KERNEL INFO suppressing further interrupts of same type
1130262605 2005.10.25 R27-M1-N3-C:J05-U01 2005-10-25-10.50.05.310487 R27-M1-N3-C:J05-U01 RAS KERNEL INFO critical input interrupt (unit=0x0b bit=0x0b): warning for torus z- wire
1130262605 2005.10.25 R27-M1-N3-C:J05-U01 2005-10-25-10.50.05.614455 R27-M1-N3-C:J05-U01 RAS KERNEL INFO suppressing further interrupts of same type
1130262611 2005.10.25 R06-M1-ND-C:J10-U11 2005-10-25-10.50.11.903390 R06-M1-ND-C:J10-U11 RAS KERNEL INFO critical input interrupt (unit=0x0b bit=0x0a): warning for torus z+ wire
1130262612 2005.10.25 R06-M1-ND-C:J10-U11 2005-10-25-10.50.12.144339 R06-M1-ND-C:J10-U11 RAS KERNEL INFO suppressing further interrupts of same type
1130262612 2005.10.25 R03-M1-NC-C:J15-U11 2005-10-25-10.50.12.402343 R03-M1-NC-C:J15-U11 RAS KERNEL INFO critical input interrupt (unit=0x0b bit=0x0a): warning for torus z+ wire
1130262612 2005.10.25 R03-M1-NC-C:J15-U11 2005-10-25-10.50.12.648008 R03-M1-NC-C:J15-U11 RAS KERNEL INFO suppressing further interrupts of same type
1130262613 2005.10.25 R12-M0-NE-C:J17-U01 2005-10-25-10.50.13.904374 R12-M0-NE-C:J17-U01 RAS KERNEL INFO critical input interrupt (unit=0x0b bit=0x03): warning for torus x- wire
1130262614 2005.10.25 R12-M0-NE-C:J17-U01 2005-10-25-10.50.14.149901 R12-M0-NE-C:J17-U01 RAS KERNEL INFO suppressing further interrupts of same type
1130262619 2005.10.25 R06-M0-N6-C:J04-U01 2005-10-25-10.50.19.430550 R06-M0-N6-C:J04-U01 RAS KERNEL INFO critical input interrupt (unit=0x0b bit=0x06): warning for torus y+ wire
1130262619 2005.10.25 R06-M0-N6-C:J04-U01 2005-10-25-10.50.19.715250 R06-M0-N6-C:J04-U01 RAS KERNEL INFO suppressing further interrupts of same type
1130262742 2005.10.25 R12-M1-N5-C:J02-U11 2005-10-25-10.52.22.484491 R12-M1-N5-C:J02-U11 RAS KERNEL INFO critical input interrupt (unit=0x0b bit=0x02): warning for torus x+ wire
1130262742 2005.10.25 R12-M1-N5-C:J02-U11 2005-10-25-10.52.22.792955 R12-M1-N5-C:J02-U11 RAS KERNEL INFO suppressing further interrupts of same type
1130262753 2005.10.25 R15-M0-N3-C:J09-U11 2005-10-25-10.52.33.122337 R15-M0-N3-C:J09-U11 RAS KERNEL INFO critical input interrupt (unit=0x0b bit=0x0b): warning for torus z- wire
1130262753 2005.10.25 R15-M0-N3-C:J09-U11 2005-10-25-10.52.33.428235 R15-M0-N3-C:J09-U11 RAS KERNEL INFO suppressing further interrupts of same type
1130262815 2005.10.25 R06-M0-N5-C:J08-U11 2005-10-25-10.53.35.403300 R06-M0-N5-C:J08-U11 RAS KERNEL INFO critical input interrupt (unit=0x0b bit=0x0b): warning for torus z- wire
1130262815 2005.10.25 R06-M0-N5-C:J08-U11 2005-10-25-10.53.35.714635 R06-M0-N5-C:J08-U11 RAS KERNEL INFO suppressing further interrupts of same type
1130262835 2005.10.25 R51-M0-NB-C:J17-U11 2005-10-25-10.53.55.676015 R51-M0-NB-C:J17-U11 RAS KERNEL INFO critical input interrupt (unit=0x0b bit=0x0b): warning for torus z- wire
1130262835 2005.10.25 R51-M0-NB-C:J17-U11 2005-10-25-10.53.55.937857 R51-M0-NB-C:J17-U11 RAS KERNEL INFO suppressing further interrupts of same type
1130262838 2005.10.25 R15-M0-N2-C:J06-U11 2005-10-25-10.53.58.214536 R15-M0-N2-C:J06-U11 RAS KERNEL INFO critical input interrupt (unit=0x0b bit=0x02): warning for torus x+ wire
1130262838 2005.10.25 R15-M0-N2-C:J06-U11 2005-10-25-10.53.58.480713 R15-M0-N2-C:J06-U11 RAS KERNEL INFO suppressing further interrupts of same type
1130262892 2005.10.25 R06-M0-N6-C:J05-U01 2005-10-25-10.54.52.032287 R06-M0-N6-C:J05-U01 RAS KERNEL INFO critical input interrupt (unit=0x0b bit=0x0a): warning for torus z+ wire
1130262892 2005.10.25 R06-M0-N6-C:J05-U01 2005-10-25-10.54.52.304609 R06-M0-N6-C:J05-U01 RAS KERNEL INFO suppressing further interrupts of same type
1130262903 2005.10.25 R15-M1-ND-C:J15-U11 2005-10-25-10.55.03.140464 R15-M1-ND-C:J15-U11 RAS KERNEL INFO critical input interrupt (unit=0x0b bit=0x0a): warning for torus z+ wire
1130262903 2005.10.25 R15-M1-ND-C:J15-U11 2005-10-25-10.55.03.434844 R15-M1-ND-C:J15-U11 RAS KERNEL INFO suppressing further interrupts of same type
1130262951 2005.10.25 R03-M1-NC-C:J02-U01 2005-10-25-10.55.51.172293 R03-M1-NC-C:J02-U01 RAS KERNEL INFO critical input interrupt (unit=0x0b bit=0x0f): warning for tree A1 wire
1130262951 2005.10.25 R03-M1-NC-C:J02-U01 2005-10-25-10.55.51.483291 R03-M1-NC-C:J02-U01 RAS KERNEL INFO suppressing further interrupts of same type
1130263021 2005.10.25 R00-M1-NF-C:J13-U11 2005-10-25-10.57.01.623995 R00-M1-NF-C:J13-U11 RAS KERNEL INFO 3 ddr errors(s) detected and corrected on rank 0, symbol 6, bit 0
1130263021 2005.10.25 R06-M1-N6-C:J15-U01 2005-10-25-10.57.01.725416 R06-M1-N6-C:J15-U01 RAS KERNEL INFO 1 torus receiver x+ input pipe error(s) (dcr 0x02ec) detected and corrected
1130263021 2005.10.25 R42-M1-ND-C:J07-U11 2005-10-25-10.57.01.844534 R42-M1-ND-C:J07-U11 RAS KERNEL INFO 2 ddr errors(s) detected and corrected on rank 0, symbol 20, bit 6
1130263021 2005.10.25 R30-M0-N7-C:J09-U01 2005-10-25-10.57.01.952374 R30-M0-N7-C:J09-U01 RAS KERNEL INFO 2 ddr errors(s) detected and corrected on rank 0, symbol 26, bit 3
1130263022 2005.10.25 R51-M0-ND-C:J16-U11 2005-10-25-10.57.02.274088 R51-M0-ND-C:J16-U11 RAS KERNEL INFO 2773 torus receiver z+ input pipe error(s) (dcr 0x02f0) detected and corrected
1130263022 2005.10.25 R45-M0-N4-C:J08-U01 2005-10-25-10.57.02.590531 R45-M0-N4-C:J08-U01 RAS KERNEL INFO 8 L3 EDRAM error(s) (dcr 0x0157) detected and corrected
1130263022 2005.10.25 R21-M1-N9-C:J08-U11 2005-10-25-10.57.02.695727 R21-M1-N9-C:J08-U11 RAS KERNEL INFO 20 ddr errors(s) detected and corrected on rank 0, symbol 5, bit 2
1130263022 2005.10.25 R15-M0-NC-C:J04-U11 2005-10-25-10.57.02.800361 R15-M0-NC-C:J04-U11 RAS KERNEL INFO 1 torus receiver x+ input pipe error(s) (dcr 0x02ec) detected and corrected
1130263023 2005.10.25 R00-M1-NF-C:J13-U11 2005-10-25-10.57.03.080551 R00-M1-NF-C:J13-U11 RAS KERNEL INFO CE sym 6, at 0x0795ad60, mask 0x80
1130263023 2005.10.25 R06-M1-N6-C:J15-U01 2005-10-25-10.57.03.165819 R06-M1-N6-C:J15-U01 RAS KERNEL INFO 1 torus receiver x- input pipe error(s) (dcr 0x02ed) detected and corrected
1130263023 2005.10.25 R42-M1-ND-C:J07-U11 2005-10-25-10.57.03.276268 R42-M1-ND-C:J07-U11 RAS KERNEL INFO CE sym 20, at 0x0a508740, mask 0x02
1130263023 2005.10.25 R30-M0-N7-C:J09-U01 2005-10-25-10.57.03.379147 R30-M0-N7-C:J09-U01 RAS KERNEL INFO CE sym 26, at 0x07a95e80, mask 0x10
1130263023 2005.10.25 R21-M1-N9-C:J08-U11 2005-10-25-10.57.03.887253 R21-M1-N9-C:J08-U11 RAS KERNEL INFO CE sym 5, at 0x0cc77b60, mask 0x20
1130263024 2005.10.25 R00-M1-NF-C:J13-U11 2005-10-25-10.57.04.158222 R00-M1-NF-C:J13-U11 RAS KERNEL INFO CE sym 6, at 0x0795ad60, mask 0x80
1130263024 2005.10.25 R06-M1-N6-C:J15-U01 2005-10-25-10.57.04.239653 R06-M1-N6-C:J15-U01 RAS KERNEL INFO 1 torus receiver y- input pipe error(s) (dcr 0x02ef) detected and corrected
1130263024 2005.10.25 R42-M1-ND-C:J07-U11 2005-10-25-10.57.04.348093 R42-M1-ND-C:J07-U11 RAS KERNEL INFO CE sym 20, at 0x0a508740, mask 0x02
1130263024 2005.10.25 R30-M0-N7-C:J09-U01 2005-10-25-10.57.04.444581 R30-M0-N7-C:J09-U01 RAS KERNEL INFO CE sym 26, at 0x07a95e80, mask 0x10
1130263024 2005.10.25 R21-M1-N9-C:J08-U11 2005-10-25-10.57.04.940564 R21-M1-N9-C:J08-U11 RAS KERNEL INFO CE sym 5, at 0x0cc77b60, mask 0x20
1130263025 2005.10.25 R00-M1-NF-C:J13-U11 2005-10-25-10.57.05.233695 R00-M1-NF-C:J13-U11 RAS KERNEL INFO CE sym 6, at 0x0795ad60, mask 0x80
1130263025 2005.10.25 R06-M1-N6-C:J15-U01 2005-10-25-10.57.05.317627 R06-M1-N6-C:J15-U01 RAS KERNEL INFO 1 torus receiver z+ input pipe error(s) (dcr 0x02f0) detected and corrected
1130263025 2005.10.25 R42-M1-ND-C:J07-U11 2005-10-25-10.57.05.492795 R42-M1-ND-C:J07-U11 RAS KERNEL INFO total of 2 ddr error(s) detected and corrected
1130263025 2005.10.25 R30-M0-N7-C:J09-U01 2005-10-25-10.57.05.635063 R30-M0-N7-C:J09-U01 RAS KERNEL INFO total of 2 ddr error(s) detected and corrected
1130263026 2005.10.25 R21-M1-N9-C:J08-U11 2005-10-25-10.57.06.042283 R21-M1-N9-C:J08-U11 RAS KERNEL INFO CE sym 5, at 0x0cc77b60, mask 0x20
1130263026 2005.10.25 R00-M1-NF-C:J13-U11 2005-10-25-10.57.06.314029 R00-M1-NF-C:J13-U11 RAS KERNEL INFO total of 3 ddr error(s) detected and corrected
1130263026 2005.10.25 R06-M1-N6-C:J15-U01 2005-10-25-10.57.06.407107 R06-M1-N6-C:J15-U01 RAS KERNEL INFO 1 torus receiver z- input pipe error(s) (dcr 0x02f1) detected and corrected
1130263026 2005.10.25 R21-M1-N9-C:J08-U11 2005-10-25-10.57.06.670835 R21-M1-N9-C:J08-U11 RAS KERNEL INFO CE sym 5, at 0x0cc77b60, mask 0x20
1130263027 2005.10.25 R21-M1-N9-C:J08-U11 2005-10-25-10.57.07.017204 R21-M1-N9-C:J08-U11 RAS KERNEL INFO CE sym 5, at 0x0cc77b60, mask 0x20
1130263027 2005.10.25 R21-M1-N9-C:J08-U11 2005-10-25-10.57.07.287004 R21-M1-N9-C:J08-U11 RAS KERNEL INFO CE sym 5, at 0x0cc77b60, mask 0x20
1130263027 2005.10.25 R21-M1-N9-C:J08-U11 2005-10-25-10.57.07.549097 R21-M1-N9-C:J08-U11 RAS KERNEL INFO CE sym 5, at 0x0cc77b60, mask 0x20
1130263027 2005.10.25 R21-M1-N9-C:J08-U11 2005-10-25-10.57.07.793987 R21-M1-N9-C:J08-U11 RAS KERNEL INFO CE sym 5, at 0x0cc77b60, mask 0x20
1130263028 2005.10.25 R21-M1-N9-C:J08-U11 2005-10-25-10.57.08.032434 R21-M1-N9-C:J08-U11 RAS KERNEL INFO CE sym 5, at 0x0cc77b60, mask 0x20
1130263028 2005.10.25 R21-M1-N9-C:J08-U11 2005-10-25-10.57.08.278977 R21-M1-N9-C:J08-U11 RAS KERNEL INFO CE sym 5, at 0x0cc77b60, mask 0x20
1130263028 2005.10.25 R21-M1-N9-C:J08-U11 2005-10-25-10.57.08.524619 R21-M1-N9-C:J08-U11 RAS KERNEL INFO CE sym 5, at 0x0cc77b60, mask 0x20
1130263028 2005.10.25 R21-M1-N9-C:J08-U11 2005-10-25-10.57.08.770340 R21-M1-N9-C:J08-U11 RAS KERNEL INFO CE sym 5, at 0x0cc77b60, mask 0x20
1130263029 2005.10.25 R21-M1-N9-C:J08-U11 2005-10-25-10.57.09.030887 R21-M1-N9-C:J08-U11 RAS KERNEL INFO CE sym 5, at 0x0cc77b60, mask 0x20
1130263029 2005.10.25 R21-M1-N9-C:J08-U11 2005-10-25-10.57.09.276210 R21-M1-N9-C:J08-U11 RAS KERNEL INFO CE sym 5, at 0x0cc77b60, mask 0x20
1130263029 2005.10.25 R21-M1-N9-C:J08-U11 2005-10-25-10.57.09.521942 R21-M1-N9-C:J08-U11 RAS KERNEL INFO CE sym 5, at 0x0cc77b60, mask 0x20
1130263029 2005.10.25 R21-M1-N9-C:J08-U11 2005-10-25-10.57.09.767771 R21-M1-N9-C:J08-U11 RAS KERNEL INFO CE sym 5, at 0x0cc77b60, mask 0x20
1130263030 2005.10.25 R21-M1-N9-C:J08-U11 2005-10-25-10.57.10.013412 R21-M1-N9-C:J08-U11 RAS KERNEL INFO CE sym 5, at 0x0cc77b60, mask 0x20
1130263030 2005.10.25 R21-M1-N9-C:J08-U11 2005-10-25-10.57.10.258048 R21-M1-N9-C:J08-U11 RAS KERNEL INFO CE sym 5, at 0x0cc77b60, mask 0x20
1130263030 2005.10.25 R21-M1-N9-C:J08-U11 2005-10-25-10.57.10.503794 R21-M1-N9-C:J08-U11 RAS KERNEL INFO CE sym 5, at 0x0cc77b60, mask 0x20
1130263030 2005.10.25 R21-M1-N9-C:J08-U11 2005-10-25-10.57.10.755884 R21-M1-N9-C:J08-U11 RAS KERNEL INFO CE sym 5, at 0x0cc77b60, mask 0x20
1130263031 2005.10.25 R21-M1-N9-C:J08-U11 2005-10-25-10.57.11.007030 R21-M1-N9-C:J08-U11 RAS KERNEL INFO total of 20 ddr error(s) detected and corrected
1130265023 2005.10.25 R45-M0-N2-C:J17-U01 2005-10-25-11.30.23.232709 R45-M0-N2-C:J17-U01 RAS KERNEL INFO critical input interrupt (unit=0x0b bit=0x03): warning for torus x- wire
1130265023 2005.10.25 R75-M0-NF-C:J15-U01 2005-10-25-11.30.23.383648 R75-M0-NF-C:J15-U01 RAS KERNEL INFO critical input interrupt (unit=0x0b bit=0x17): warning for tree C1 wire
1130265023 2005.10.25 R15-M1-ND-C:J15-U11 2005-10-25-11.30.23.496281 R15-M1-ND-C:J15-U11 RAS KERNEL INFO critical input interrupt (unit=0x0b bit=0x0a): warning for torus z+ wire
1130265023 2005.10.25 R54-M0-ND-C:J09-U11 2005-10-25-11.30.23.609624 R54-M0-ND-C:J09-U11 RAS KERNEL INFO critical input interrupt (unit=0x0b bit=0x06): warning for torus y+ wire
1130265023 2005.10.25 R66-M1-NB-C:J09-U01 2005-10-25-11.30.23.723246 R66-M1-NB-C:J09-U01 RAS KERNEL INFO critical input interrupt (unit=0x0b bit=0x0b): warning for torus z- wire
1130265023 2005.10.25 R12-M0-NE-C:J05-U11 2005-10-25-11.30.23.950955 R12-M0-NE-C:J05-U11 RAS KERNEL INFO critical input interrupt (unit=0x0b bit=0x07): warning for torus y- wire
1130265024 2005.10.25 R54-M0-N9-C:J07-U11 2005-10-25-11.30.24.063966 R54-M0-N9-C:J07-U11 RAS KERNEL INFO critical input interrupt (unit=0x0b bit=0x06): warning for torus y+ wire
1130265024 2005.10.25 R51-M0-ND-C:J16-U11 2005-10-25-11.30.24.178244 R51-M0-ND-C:J16-U11 RAS KERNEL INFO critical input interrupt (unit=0x0b bit=0x0a): warning for torus z+ wire
1130265025 2005.10.25 R45-M0-N2-C:J17-U01 2005-10-25-11.30.25.037638 R45-M0-N2-C:J17-U01 RAS KERNEL INFO suppressing further interrupts of same type
1130265025 2005.10.25 R75-M0-NF-C:J15-U01 2005-10-25-11.30.25.152872 R75-M0-NF-C:J15-U01 RAS KERNEL INFO suppressing further interrupts of same type
1130265025 2005.10.25 R15-M1-ND-C:J15-U11 2005-10-25-11.30.25.258996 R15-M1-ND-C:J15-U11 RAS KERNEL INFO suppressing further interrupts of same type
1130265025 2005.10.25 R54-M0-ND-C:J09-U11 2005-10-25-11.30.25.366650 R54-M0-ND-C:J09-U11 RAS KERNEL INFO suppressing further interrupts of same type
1130265025 2005.10.25 R66-M1-NB-C:J09-U01 2005-10-25-11.30.25.532691 R66-M1-NB-C:J09-U01 RAS KERNEL INFO suppressing further interrupts of same type
1130265025 2005.10.25 R12-M0-NE-C:J05-U11 2005-10-25-11.30.25.785396 R12-M0-NE-C:J05-U11 RAS KERNEL INFO suppressing further interrupts of same type
1130265025 2005.10.25 R54-M0-N9-C:J07-U11 2005-10-25-11.30.25.893234 R54-M0-N9-C:J07-U11 RAS KERNEL INFO suppressing further interrupts of same type
1130265026 2005.10.25 R51-M0-ND-C:J16-U11 2005-10-25-11.30.26.000916 R51-M0-ND-C:J16-U11 RAS KERNEL INFO suppressing further interrupts of same type
1130265030 2005.10.25 R54-M0-N8-C:J13-U11 2005-10-25-11.30.30.275608 R54-M0-N8-C:J13-U11 RAS KERNEL INFO critical input interrupt (unit=0x0b bit=0x12): warning for tree B0 wire
1130265030 2005.10.25 R63-M0-NB-C:J05-U11 2005-10-25-11.30.30.592745 R63-M0-NB-C:J05-U11 RAS KERNEL INFO critical input interrupt (unit=0x0b bit=0x02): warning for torus x+ wire
1130265031 2005.10.25 R54-M0-N8-C:J13-U11 2005-10-25-11.30.31.056700 R54-M0-N8-C:J13-U11 RAS KERNEL INFO suppressing further interrupts of same type
1130265031 2005.10.25 R63-M0-NB-C:J05-U11 2005-10-25-11.30.31.451857 R63-M0-NB-C:J05-U11 RAS KERNEL INFO suppressing further interrupts of same type
1130265068 2005.10.25 R15-M0-N3-C:J10-U01 2005-10-25-11.31.08.436804 R15-M0-N3-C:J10-U01 RAS KERNEL INFO critical input interrupt (unit=0x0b bit=0x07): warning for torus y- wire
1130265068 2005.10.25 R15-M0-N3-C:J10-U01 2005-10-25-11.31.08.854018 R15-M0-N3-C:J10-U01 RAS KERNEL INFO suppressing further interrupts of same type
1130265069 2005.10.25 R03-M0-N8-C:J08-U11 2005-10-25-11.31.09.866055 R03-M0-N8-C:J08-U11 RAS KERNEL INFO critical input interrupt (unit=0x0b bit=0x0b): warning for torus z- wire
1130265070 2005.10.25 R03-M0-N8-C:J08-U11 2005-10-25-11.31.10.198671 R03-M0-N8-C:J08-U11 RAS KERNEL INFO suppressing further interrupts of same type
1130265071 2005.10.25 R00-M0-N8-C:J07-U11 2005-10-25-11.31.11.472996 R00-M0-N8-C:J07-U11 RAS KERNEL INFO critical input interrupt (unit=0x0b bit=0x0e): warning for tree A0 wire
1130265071 2005.10.25 R00-M0-N8-C:J07-U11 2005-10-25-11.31.11.695538 R00-M0-N8-C:J07-U11 RAS KERNEL INFO suppressing further interrupts of same type
1130265079 2005.10.25 R12-M0-N8-C:J07-U11 2005-10-25-11.31.19.100974 R12-M0-N8-C:J07-U11 RAS KERNEL INFO critical input interrupt (unit=0x0b bit=0x0e): warning for tree A0 wire
1130265079 2005.10.25 R12-M0-N8-C:J07-U11 2005-10-25-11.31.19.362397 R12-M0-N8-C:J07-U11 RAS KERNEL INFO suppressing further interrupts of same type
1130265105 2005.10.25 R12-M0-N8-C:J05-U01 2005-10-25-11.31.45.315285 R12-M0-N8-C:J05-U01 RAS KERNEL INFO critical input interrupt (unit=0x0b bit=0x0b): warning for torus z- wire
1130265105 2005.10.25 R12-M0-N8-C:J05-U01 2005-10-25-11.31.45.600573 R12-M0-N8-C:J05-U01 RAS KERNEL INFO suppressing further interrupts of same type
1130265105 2005.10.25 R42-M0-N4-C:J02-U11 2005-10-25-11.31.45.807255 R42-M0-N4-C:J02-U11 RAS KERNEL INFO critical input interrupt (unit=0x0b bit=0x06): warning for torus y+ wire
1130265106 2005.10.25 R42-M0-N4-C:J02-U11 2005-10-25-11.31.46.084111 R42-M0-N4-C:J02-U11 RAS KERNEL INFO suppressing further interrupts of same type
1130265108 2005.10.25 R15-M0-NE-C:J04-U11 2005-10-25-11.31.48.474126 R15-M0-NE-C:J04-U11 RAS KERNEL INFO critical input interrupt (unit=0x0b bit=0x0a): warning for torus z+ wire
1130265108 2005.10.25 R15-M0-NE-C:J04-U11 2005-10-25-11.31.48.850413 R15-M0-NE-C:J04-U11 RAS KERNEL INFO suppressing further interrupts of same type
1130265119 2005.10.25 R51-M0-NB-C:J17-U11 2005-10-25-11.31.59.935287 R51-M0-NB-C:J17-U11 RAS KERNEL INFO critical input interrupt (unit=0x0b bit=0x0b): warning for torus z- wire
1130265120 2005.10.25 R51-M0-NB-C:J17-U11 2005-10-25-11.32.00.228481 R51-M0-NB-C:J17-U11 RAS KERNEL INFO suppressing further interrupts of same type
1130265124 2005.10.25 R03-M1-N4-C:J13-U11 2005-10-25-11.32.04.033764 R03-M1-N4-C:J13-U11 RAS KERNEL INFO critical input interrupt (unit=0x0b bit=0x12): warning for tree B0 wire
1130265124 2005.10.25 R03-M1-N4-C:J13-U11 2005-10-25-11.32.04.288421 R03-M1-N4-C:J13-U11 RAS KERNEL INFO suppressing further interrupts of same type
1130265137 2005.10.25 R60-M0-NE-C:J09-U11 2005-10-25-11.32.17.075621 R60-M0-NE-C:J09-U11 RAS KERNEL INFO critical input interrupt (unit=0x0b bit=0x03): warning for torus x- wire
1130265137 2005.10.25 R60-M0-NE-C:J09-U11 2005-10-25-11.32.17.345894 R60-M0-NE-C:J09-U11 RAS KERNEL INFO suppressing further interrupts of same type
1130265142 2005.10.25 R27-M1-N3-C:J05-U01 2005-10-25-11.32.22.500583 R27-M1-N3-C:J05-U01 RAS KERNEL INFO critical input interrupt (unit=0x0b bit=0x0b): warning for torus z- wire
1130265142 2005.10.25 R27-M1-N3-C:J05-U01 2005-10-25-11.32.22.867012 R27-M1-N3-C:J05-U01 RAS KERNEL INFO suppressing further interrupts of same type
1130265178 2005.10.25 R03-M1-NC-C:J02-U01 2005-10-25-11.32.58.522369 R03-M1-NC-C:J02-U01 RAS KERNEL INFO critical input interrupt (unit=0x0b bit=0x0f): warning for tree A1 wire
1130265178 2005.10.25 R03-M1-NC-C:J02-U01 2005-10-25-11.32.58.769011 R03-M1-NC-C:J02-U01 RAS KERNEL INFO suppressing further interrupts of same type
1130265180 2005.10.25 R15-M0-N7-C:J09-U11 2005-10-25-11.33.00.527591 R15-M0-N7-C:J09-U11 RAS KERNEL INFO critical input interrupt (unit=0x0b bit=0x17): warning for tree C1 wire
1130265180 2005.10.25 R15-M0-N7-C:J09-U11 2005-10-25-11.33.00.789407 R15-M0-N7-C:J09-U11 RAS KERNEL INFO suppressing further interrupts of same type
1130265195 2005.10.25 R75-M1-NB-C:J17-U11 2005-10-25-11.33.15.755443 R75-M1-NB-C:J17-U11 RAS KERNEL INFO critical input interrupt (unit=0x0b bit=0x0b): warning for torus z- wire
1130265196 2005.10.25 R75-M1-NB-C:J17-U11 2005-10-25-11.33.16.190129 R75-M1-NB-C:J17-U11 RAS KERNEL INFO suppressing further interrupts of same type
1130265204 2005.10.25 R06-M1-ND-C:J10-U11 2005-10-25-11.33.24.666581 R06-M1-ND-C:J10-U11 RAS KERNEL INFO critical input interrupt (unit=0x0b bit=0x0a): warning for torus z+ wire
1130265204 2005.10.25 R03-M1-NB-C:J16-U11 2005-10-25-11.33.24.981955 R03-M1-NB-C:J16-U11 RAS KERNEL INFO critical input interrupt (unit=0x0b bit=0x0b): warning for torus z- wire
1130265205 2005.10.25 R06-M1-ND-C:J10-U11 2005-10-25-11.33.25.122399 R06-M1-ND-C:J10-U11 RAS KERNEL INFO suppressing further interrupts of same type
1130265205 2005.10.25 R03-M1-NB-C:J16-U11 2005-10-25-11.33.25.381312 R03-M1-NB-C:J16-U11 RAS KERNEL INFO suppressing further interrupts of same type
1130265216 2005.10.25 R03-M1-N4-C:J09-U11 2005-10-25-11.33.36.254398 R03-M1-N4-C:J09-U11 RAS KERNEL INFO critical input interrupt (unit=0x0b bit=0x0b): warning for torus z- wire
1130265216 2005.10.25 R03-M1-N4-C:J09-U11 2005-10-25-11.33.36.519132 R03-M1-N4-C:J09-U11 RAS KERNEL INFO suppressing further interrupts of same type
1130265259 2005.10.25 R15-M0-N2-C:J06-U11 2005-10-25-11.34.19.496766 R15-M0-N2-C:J06-U11 RAS KERNEL INFO critical input interrupt (unit=0x0b bit=0x02): warning for torus x+ wire
1130265259 2005.10.25 R15-M0-N2-C:J06-U11 2005-10-25-11.34.19.803822 R15-M0-N2-C:J06-U11 RAS KERNEL INFO suppressing further interrupts of same type
1130265280 2005.10.25 R45-M1-N9-C:J12-U11 2005-10-25-11.34.40.360333 R45-M1-N9-C:J12-U11 RAS KERNEL INFO critical input interrupt (unit=0x0b bit=0x0f): warning for tree A1 wire
1130265280 2005.10.25 R45-M1-N9-C:J12-U11 2005-10-25-11.34.40.673887 R45-M1-N9-C:J12-U11 RAS KERNEL INFO suppressing further interrupts of same type
1130265284 2005.10.25 R27-M0-ND-C:J09-U11 2005-10-25-11.34.44.466506 R27-M0-ND-C:J09-U11 RAS KERNEL INFO critical input interrupt (unit=0x0b bit=0x0f): warning for tree A1 wire
1130265284 2005.10.25 R27-M0-ND-C:J09-U11 2005-10-25-11.34.44.778303 R27-M0-ND-C:J09-U11 RAS KERNEL INFO suppressing further interrupts of same type
1130265329 2005.10.25 R03-M0-NC-C:J15-U01 2005-10-25-11.35.29.507907 R03-M0-NC-C:J15-U01 RAS KERNEL INFO critical input interrupt (unit=0x0b bit=0x07): warning for torus y- wire
1130265329 2005.10.25 R03-M0-NC-C:J15-U01 2005-10-25-11.35.29.826703 R03-M0-NC-C:J15-U01 RAS KERNEL INFO suppressing further interrupts of same type
1130265353 2005.10.25 R36-M1-ND-C:J06-U11 2005-10-25-11.35.53.828337 R36-M1-ND-C:J06-U11 RAS KERNEL INFO critical input interrupt (unit=0x0b bit=0x02): warning for torus x+ wire
1130265354 2005.10.25 R36-M1-ND-C:J06-U11 2005-10-25-11.35.54.090264 R36-M1-ND-C:J06-U11 RAS KERNEL INFO suppressing further interrupts of same type
1130265382 2005.10.25 R06-M0-N6-C:J04-U01 2005-10-25-11.36.22.971581 R06-M0-N6-C:J04-U01 RAS KERNEL INFO critical input interrupt (unit=0x0b bit=0x06): warning for torus y+ wire
1130265383 2005.10.25 R06-M0-N6-C:J04-U01 2005-10-25-11.36.23.289076 R06-M0-N6-C:J04-U01 RAS KERNEL INFO suppressing further interrupts of same type
1130265398 2005.10.25 R24-M1-N9-C:J02-U01 2005-10-25-11.36.38.698707 R24-M1-N9-C:J02-U01 RAS KERNEL INFO critical input interrupt (unit=0x0b bit=0x03): warning for torus x- wire
1130265399 2005.10.25 R24-M1-N9-C:J02-U01 2005-10-25-11.36.39.005359 R24-M1-N9-C:J02-U01 RAS KERNEL INFO suppressing further interrupts of same type
1130265422 2005.10.25 R36-M1-NC-C:J14-U01 2005-10-25-11.37.02.450785 R36-M1-NC-C:J14-U01 RAS KERNEL INFO critical input interrupt (unit=0x0b bit=0x17): warning for tree C1 wire
1130265422 2005.10.25 R36-M1-NC-C:J14-U01 2005-10-25-11.37.02.748475 R36-M1-NC-C:J14-U01 RAS KERNEL INFO suppressing further interrupts of same type
1130265518 2005.10.25 R36-M0-N5-C:J08-U11 2005-10-25-11.38.38.216711 R36-M0-N5-C:J08-U11 RAS KERNEL INFO critical input interrupt (unit=0x0b bit=0x0b): warning for torus z- wire
1130265518 2005.10.25 R36-M0-N5-C:J08-U11 2005-10-25-11.38.38.476242 R36-M0-N5-C:J08-U11 RAS KERNEL INFO suppressing further interrupts of same type
1130265525 2005.10.25 R15-M0-N3-C:J09-U11 2005-10-25-11.38.45.770380 R15-M0-N3-C:J09-U11 RAS KERNEL INFO critical input interrupt (unit=0x0b bit=0x0b): warning for torus z- wire
1130265526 2005.10.25 R15-M0-N3-C:J09-U11 2005-10-25-11.38.46.084926 R15-M0-N3-C:J09-U11 RAS KERNEL INFO suppressing further interrupts of same type
1130265560 2005.10.25 R36-M1-N6-C:J03-U11 2005-10-25-11.39.20.336446 R36-M1-N6-C:J03-U11 RAS KERNEL INFO critical input interrupt (unit=0x0b bit=0x16): warning for tree C0 wire
1130265560 2005.10.25 R36-M1-N6-C:J03-U11 2005-10-25-11.39.20.627119 R36-M1-N6-C:J03-U11 RAS KERNEL INFO suppressing further interrupts of same type
1130265581 2005.10.25 R51-M1-NA-C:J13-U11 2005-10-25-11.39.41.954823 R51-M1-NA-C:J13-U11 RAS KERNEL INFO 53 L3 EDRAM error(s) (dcr 0x0157) detected and corrected
1130265582 2005.10.25 R66-M0-N2-C:J15-U11 2005-10-25-11.39.42.066324 R66-M0-N2-C:J15-U11 RAS KERNEL INFO 9 ddr errors(s) detected and corrected on rank 0, symbol 20, bit 5
1130265582 2005.10.25 R00-M1-NF-C:J13-U11 2005-10-25-11.39.42.190818 R00-M1-NF-C:J13-U11 RAS KERNEL INFO 5 ddr errors(s) detected and corrected on rank 0, symbol 6, bit 0
1130265582 2005.10.25 R06-M1-N6-C:J15-U01 2005-10-25-11.39.42.418129 R06-M1-N6-C:J15-U01 RAS KERNEL INFO 1 torus receiver x+ input pipe error(s) (dcr 0x02ec) detected and corrected
1130265582 2005.10.25 R42-M1-ND-C:J07-U11 2005-10-25-11.39.42.771010 R42-M1-ND-C:J07-U11 RAS KERNEL INFO 5 ddr errors(s) detected and corrected on rank 0, symbol 20, bit 6
1130265582 2005.10.25 R30-M0-N7-C:J09-U01 2005-10-25-11.39.42.891498 R30-M0-N7-C:J09-U01 RAS KERNEL INFO 1 ddr errors(s) detected and corrected on rank 0, symbol 26, bit 3
1130265583 2005.10.25 R72-M0-N5-C:J07-U11 2005-10-25-11.39.43.349499 R72-M0-N5-C:J07-U11 RAS KERNEL INFO 1 ddr errors(s) detected and corrected on rank 0, symbol 16, bit 6
1130265583 2005.10.25 R51-M0-ND-C:J16-U11 2005-10-25-11.39.43.586445 R51-M0-ND-C:J16-U11 RAS KERNEL INFO 1907 torus receiver z+ input pipe error(s) (dcr 0x02f0) detected and corrected
1130265583 2005.10.25 R57-M1-N1-C:J14-U01 2005-10-25-11.39.43.714463 R57-M1-N1-C:J14-U01 RAS KERNEL INFO 1 ddr errors(s) detected and corrected on rank 0, symbol 30, bit 7
1130265584 2005.10.25 R72-M1-N9-C:J06-U01 2005-10-25-11.39.44.426390 R72-M1-N9-C:J06-U01 RAS KERNEL INFO 75 L3 EDRAM error(s) (dcr 0x0157) detected and corrected
1130265584 2005.10.25 R15-M0-NC-C:J04-U11 2005-10-25-11.39.44.540695 R15-M0-NC-C:J04-U11 RAS KERNEL INFO 2 torus receiver x+ input pipe error(s) (dcr 0x02ec) detected and corrected
1130265584 2005.10.25 R03-M1-N3-C:J02-U01 2005-10-25-11.39.44.599689 R03-M1-N3-C:J02-U01 RAS KERNEL INFO 2 ddr errors(s) detected and corrected on rank 0, symbol 22, bit 7
1130265584 2005.10.25 R66-M0-N2-C:J15-U11 2005-10-25-11.39.44.846217 R66-M0-N2-C:J15-U11 RAS KERNEL INFO CE sym 20, at 0x0bfe4a20, mask 0x04
1130265584 2005.10.25 R00-M1-NF-C:J13-U11 2005-10-25-11.39.44.981018 R00-M1-NF-C:J13-U11 RAS KERNEL INFO CE sym 6, at 0x0795ad60, mask 0x80
1130265585 2005.10.25 R42-M1-ND-C:J07-U11 2005-10-25-11.39.45.261769 R42-M1-ND-C:J07-U11 RAS KERNEL INFO CE sym 20, at 0x0a508740, mask 0x02
1130265585 2005.10.25 R30-M0-N7-C:J09-U01 2005-10-25-11.39.45.376234 R30-M0-N7-C:J09-U01 RAS KERNEL INFO CE sym 26, at 0x07a95e80, mask 0x10
1130265585 2005.10.25 R72-M0-N5-C:J07-U11 2005-10-25-11.39.45.783078 R72-M0-N5-C:J07-U11 RAS KERNEL INFO CE sym 16, at 0x073a9600, mask 0x02
1130265585 2005.10.25 R57-M1-N1-C:J14-U01 2005-10-25-11.39.45.998185 R57-M1-N1-C:J14-U01 RAS KERNEL INFO CE sym 30, at 0x088d4ca0, mask 0x01
1130265586 2005.10.25 R15-M0-NC-C:J04-U11 2005-10-25-11.39.46.404599 R15-M0-NC-C:J04-U11 RAS KERNEL INFO 1 torus receiver y+ input pipe error(s) (dcr 0x02ee) detected and corrected
1130265586 2005.10.25 R03-M1-N3-C:J02-U01 2005-10-25-11.39.46.506992 R03-M1-N3-C:J02-U01 RAS KERNEL INFO CE sym 22, at 0x0fc4f6e0, mask 0x01
1130265586 2005.10.25 R66-M0-N2-C:J15-U11 2005-10-25-11.39.46.816248 R66-M0-N2-C:J15-U11 RAS KERNEL INFO CE sym 20, at 0x0bfe4a20, mask 0x04
1130265586 2005.10.25 R00-M1-NF-C:J13-U11 2005-10-25-11.39.46.902010 R00-M1-NF-C:J13-U11 RAS KERNEL INFO CE sym 6, at 0x0795ad60, mask 0x80
1130265587 2005.10.25 R42-M1-ND-C:J07-U11 2005-10-25-11.39.47.297202 R42-M1-ND-C:J07-U11 RAS KERNEL INFO CE sym 20, at 0x0a508740, mask 0x02
1130265587 2005.10.25 R30-M0-N7-C:J09-U01 2005-10-25-11.39.47.410208 R30-M0-N7-C:J09-U01 RAS KERNEL INFO total of 1 ddr error(s) detected and corrected
1130265587 2005.10.25 R72-M0-N5-C:J07-U11 2005-10-25-11.39.47.721586 R72-M0-N5-C:J07-U11 RAS KERNEL INFO total of 1 ddr error(s) detected and corrected
1130265587 2005.10.25 R57-M1-N1-C:J14-U01 2005-10-25-11.39.47.938197 R57-M1-N1-C:J14-U01 RAS KERNEL INFO total of 1 ddr error(s) detected and corrected
1130265588 2005.10.25 R15-M0-NC-C:J04-U11 2005-10-25-11.39.48.351385 R15-M0-NC-C:J04-U11 RAS KERNEL INFO 1 torus receiver z+ input pipe error(s) (dcr 0x02f0) detected and corrected
1130265588 2005.10.25 R03-M1-N3-C:J02-U01 2005-10-25-11.39.48.454897 R03-M1-N3-C:J02-U01 RAS KERNEL INFO CE sym 22, at 0x0fc4f6e0, mask 0x01
1130265588 2005.10.25 R66-M0-N2-C:J15-U11 2005-10-25-11.39.48.735362 R66-M0-N2-C:J15-U11 RAS KERNEL INFO CE sym 20, at 0x0bfe4a20, mask 0x04
1130265588 2005.10.25 R00-M1-NF-C:J13-U11 2005-10-25-11.39.48.823825 R00-M1-NF-C:J13-U11 RAS KERNEL INFO CE sym 6, at 0x0795ad60, mask 0x80
1130265588 2005.10.25 R42-M1-ND-C:J07-U11 2005-10-25-11.39.48.925510 R42-M1-ND-C:J07-U11 RAS KERNEL INFO CE sym 20, at 0x0a508740, mask 0x02
1130265589 2005.10.25 R15-M0-NC-C:J04-U11 2005-10-25-11.39.49.236507 R15-M0-NC-C:J04-U11 RAS KERNEL INFO 1 torus receiver z- input pipe error(s) (dcr 0x02f1) detected and corrected
1130265589 2005.10.25 R03-M1-N3-C:J02-U01 2005-10-25-11.39.49.338387 R03-M1-N3-C:J02-U01 RAS KERNEL INFO total of 2 ddr error(s) detected and corrected
1130265589 2005.10.25 R66-M0-N2-C:J15-U11 2005-10-25-11.39.49.612077 R66-M0-N2-C:J15-U11 RAS KERNEL INFO CE sym 20, at 0x0bfe4a20, mask 0x04
1130265589 2005.10.25 R00-M1-NF-C:J13-U11 2005-10-25-11.39.49.701869 R00-M1-NF-C:J13-U11 RAS KERNEL INFO CE sym 6, at 0x0795ad60, mask 0x80
1130265589 2005.10.25 R42-M1-ND-C:J07-U11 2005-10-25-11.39.49.815427 R42-M1-ND-C:J07-U11 RAS KERNEL INFO CE sym 20, at 0x0a508740, mask 0x02
1130265590 2005.10.25 R66-M0-N2-C:J15-U11 2005-10-25-11.39.50.367699 R66-M0-N2-C:J15-U11 RAS KERNEL INFO CE sym 20, at 0x0bfe4a20, mask 0x04
1130265590 2005.10.25 R00-M1-NF-C:J13-U11 2005-10-25-11.39.50.455336 R00-M1-NF-C:J13-U11 RAS KERNEL INFO CE sym 6, at 0x0795ad60, mask 0x80
1130265590 2005.10.25 R42-M1-ND-C:J07-U11 2005-10-25-11.39.50.563239 R42-M1-ND-C:J07-U11 RAS KERNEL INFO CE sym 20, at 0x0a508740, mask 0x02
1130265590 2005.10.25 R66-M0-N2-C:J15-U11 2005-10-25-11.39.50.946518 R66-M0-N2-C:J15-U11 RAS KERNEL INFO CE sym 20, at 0x0bfe4a20, mask 0x04
1130265591 2005.10.25 R00-M1-NF-C:J13-U11 2005-10-25-11.39.51.030776 R00-M1-NF-C:J13-U11 RAS KERNEL INFO total of 5 ddr error(s) detected and corrected
1130265591 2005.10.25 R42-M1-ND-C:J07-U11 2005-10-25-11.39.51.131934 R42-M1-ND-C:J07-U11 RAS KERNEL INFO total of 5 ddr error(s) detected and corrected
1130265591 2005.10.25 R66-M0-N2-C:J15-U11 2005-10-25-11.39.51.408985 R66-M0-N2-C:J15-U11 RAS KERNEL INFO CE sym 20, at 0x0bfe4a20, mask 0x04
1130265591 2005.10.25 R66-M0-N2-C:J15-U11 2005-10-25-11.39.51.670922 R66-M0-N2-C:J15-U11 RAS KERNEL INFO CE sym 20, at 0x0bfe4a20, mask 0x04
1130265591 2005.10.25 R66-M0-N2-C:J15-U11 2005-10-25-11.39.51.936551 R66-M0-N2-C:J15-U11 RAS KERNEL INFO CE sym 20, at 0x0bfe4a20, mask 0x04
1130265592 2005.10.25 R66-M0-N2-C:J15-U11 2005-10-25-11.39.52.192583 R66-M0-N2-C:J15-U11 RAS KERNEL INFO total of 9 ddr error(s) detected and corrected
1130267573 2005.10.25 R45-M0-N2-C:J17-U01 2005-10-25-12.12.53.310419 R45-M0-N2-C:J17-U01 RAS KERNEL INFO critical input interrupt (unit=0x0b bit=0x03): warning for torus x- wire
1130267573 2005.10.25 R75-M0-NF-C:J15-U01 2005-10-25-12.12.53.446194 R75-M0-NF-C:J15-U01 RAS KERNEL INFO critical input interrupt (unit=0x0b bit=0x17): warning for tree C1 wire
1130267573 2005.10.25 R15-M1-ND-C:J15-U11 2005-10-25-12.12.53.548100 R15-M1-ND-C:J15-U11 RAS KERNEL INFO critical input interrupt (unit=0x0b bit=0x0a): warning for torus z+ wire
1130267573 2005.10.25 R66-M1-NB-C:J09-U01 2005-10-25-12.12.53.656169 R66-M1-NB-C:J09-U01 RAS KERNEL INFO critical input interrupt (unit=0x0b bit=0x0b): warning for torus z- wire
1130267574 2005.10.25 R45-M0-N2-C:J17-U01 2005-10-25-12.12.54.329275 R45-M0-N2-C:J17-U01 RAS KERNEL INFO suppressing further interrupts of same type
1130267574 2005.10.25 R75-M0-NF-C:J15-U01 2005-10-25-12.12.54.431698 R75-M0-NF-C:J15-U01 RAS KERNEL INFO suppressing further interrupts of same type
1130267574 2005.10.25 R15-M1-ND-C:J15-U11 2005-10-25-12.12.54.533129 R15-M1-ND-C:J15-U11 RAS KERNEL INFO suppressing further interrupts of same type
1130267574 2005.10.25 R66-M1-NB-C:J09-U01 2005-10-25-12.12.54.646531 R66-M1-NB-C:J09-U01 RAS KERNEL INFO suppressing further interrupts of same type
1130267574 2005.10.25 R54-M0-N9-C:J07-U11 2005-10-25-12.12.54.756226 R54-M0-N9-C:J07-U11 RAS KERNEL INFO critical input interrupt (unit=0x0b bit=0x06): warning for torus y+ wire
1130267575 2005.10.25 R54-M0-N9-C:J07-U11 2005-10-25-12.12.55.454878 R54-M0-N9-C:J07-U11 RAS KERNEL INFO suppressing further interrupts of same type
1130267580 2005.10.25 R75-M1-NB-C:J17-U11 2005-10-25-12.13.00.033042 R75-M1-NB-C:J17-U11 RAS KERNEL INFO critical input interrupt (unit=0x0b bit=0x0b): warning for torus z- wire
1130267580 2005.10.25 R75-M1-NB-C:J17-U11 2005-10-25-12.13.00.330464 R75-M1-NB-C:J17-U11 RAS KERNEL INFO suppressing further interrupts of same type
1130267584 2005.10.25 R51-M0-ND-C:J16-U11 2005-10-25-12.13.04.504276 R51-M0-ND-C:J16-U11 RAS KERNEL INFO critical input interrupt (unit=0x0b bit=0x0a): warning for torus z+ wire
1130267584 2005.10.25 R51-M0-ND-C:J16-U11 2005-10-25-12.13.04.782669 R51-M0-ND-C:J16-U11 RAS KERNEL INFO suppressing further interrupts of same type
1130267585 2005.10.25 R54-M0-ND-C:J09-U11 2005-10-25-12.13.05.550186 R54-M0-ND-C:J09-U11 RAS KERNEL INFO critical input interrupt (unit=0x0b bit=0x06): warning for torus y+ wire
1130267585 2005.10.25 R54-M0-ND-C:J09-U11 2005-10-25-12.13.05.844109 R54-M0-ND-C:J09-U11 RAS KERNEL INFO suppressing further interrupts of same type
1130267587 2005.10.25 R63-M0-NB-C:J05-U11 2005-10-25-12.13.07.271957 R63-M0-NB-C:J05-U11 RAS KERNEL INFO critical input interrupt (unit=0x0b bit=0x02): warning for torus x+ wire
1130267587 2005.10.25 R63-M0-NB-C:J05-U11 2005-10-25-12.13.07.597674 R63-M0-NB-C:J05-U11 RAS KERNEL INFO suppressing further interrupts of same type
1130267614 2005.10.25 R54-M0-N8-C:J13-U11 2005-10-25-12.13.34.894605 R54-M0-N8-C:J13-U11 RAS KERNEL INFO critical input interrupt (unit=0x0b bit=0x12): warning for tree B0 wire
1130267615 2005.10.25 R54-M0-N8-C:J13-U11 2005-10-25-12.13.35.136487 R54-M0-N8-C:J13-U11 RAS KERNEL INFO suppressing further interrupts of same type
1130267618 2005.10.25 R03-M0-N8-C:J08-U11 2005-10-25-12.13.38.064041 R03-M0-N8-C:J08-U11 RAS KERNEL INFO critical input interrupt (unit=0x0b bit=0x0b): warning for torus z- wire
1130267618 2005.10.25 R03-M0-N8-C:J08-U11 2005-10-25-12.13.38.396293 R03-M0-N8-C:J08-U11 RAS KERNEL INFO suppressing further interrupts of same type
1130267620 2005.10.25 R12-M0-NE-C:J05-U11 2005-10-25-12.13.40.708845 R12-M0-NE-C:J05-U11 RAS KERNEL INFO critical input interrupt (unit=0x0b bit=0x07): warning for torus y- wire
1130267620 2005.10.25 R12-M0-NE-C:J05-U11 2005-10-25-12.13.40.957470 R12-M0-NE-C:J05-U11 RAS KERNEL INFO suppressing further interrupts of same type
1130267622 2005.10.25 R12-M0-N8-C:J05-U01 2005-10-25-12.13.42.222585 R12-M0-N8-C:J05-U01 RAS KERNEL INFO critical input interrupt (unit=0x0b bit=0x0b): warning for torus z- wire
1130267622 2005.10.25 R12-M0-N8-C:J05-U01 2005-10-25-12.13.42.538169 R12-M0-N8-C:J05-U01 RAS KERNEL INFO suppressing further interrupts of same type
1130267677 2005.10.25 R45-M1-NA-C:J07-U01 2005-10-25-12.14.37.371510 R45-M1-NA-C:J07-U01 RAS KERNEL INFO critical input interrupt (unit=0x0b bit=0x0a): warning for torus z+ wire
1130267677 2005.10.25 R60-M0-NB-C:J07-U11 2005-10-25-12.14.37.511153 R60-M0-NB-C:J07-U11 RAS KERNEL INFO critical input interrupt (unit=0x0b bit=0x06): warning for torus y+ wire
1130267677 2005.10.25 R03-M1-NB-C:J16-U11 2005-10-25-12.14.37.780368 R03-M1-NB-C:J16-U11 RAS KERNEL INFO critical input interrupt (unit=0x0b bit=0x0b): warning for torus z- wire
1130267677 2005.10.25 R42-M0-N4-C:J02-U11 2005-10-25-12.14.37.917503 R42-M0-N4-C:J02-U11 RAS KERNEL INFO critical input interrupt (unit=0x0b bit=0x06): warning for torus y+ wire
1130267678 2005.10.25 R45-M1-NA-C:J07-U01 2005-10-25-12.14.38.179142 R45-M1-NA-C:J07-U01 RAS KERNEL INFO suppressing further interrupts of same type
1130267678 2005.10.25 R60-M0-NB-C:J07-U11 2005-10-25-12.14.38.260951 R60-M0-NB-C:J07-U11 RAS KERNEL INFO suppressing further interrupts of same type
1130267678 2005.10.25 R03-M1-NB-C:J16-U11 2005-10-25-12.14.38.453872 R03-M1-NB-C:J16-U11 RAS KERNEL INFO suppressing further interrupts of same type
1130267678 2005.10.25 R42-M0-N4-C:J02-U11 2005-10-25-12.14.38.548631 R42-M0-N4-C:J02-U11 RAS KERNEL INFO suppressing further interrupts of same type
1130267680 2005.10.25 R54-M0-N1-C:J08-U11 2005-10-25-12.14.40.795060 R54-M0-N1-C:J08-U11 RAS KERNEL INFO critical input interrupt (unit=0x0b bit=0x0b): warning for torus z- wire
1130267681 2005.10.25 R54-M0-N1-C:J08-U11 2005-10-25-12.14.41.606642 R54-M0-N1-C:J08-U11 RAS KERNEL INFO suppressing further interrupts of same type
1130267692 2005.10.25 R24-M1-N9-C:J02-U01 2005-10-25-12.14.52.514300 R24-M1-N9-C:J02-U01 RAS KERNEL INFO critical input interrupt (unit=0x0b bit=0x03): warning for torus x- wire
1130267692 2005.10.25 R24-M1-N9-C:J02-U01 2005-10-25-12.14.52.867048 R24-M1-N9-C:J02-U01 RAS KERNEL INFO suppressing further interrupts of same type
1130267694 2005.10.25 R06-M0-N6-C:J05-U01 2005-10-25-12.14.54.928392 R06-M0-N6-C:J05-U01 RAS KERNEL INFO critical input interrupt (unit=0x0b bit=0x0a): warning for torus z+ wire
1130267695 2005.10.25 R06-M0-N6-C:J05-U01 2005-10-25-12.14.55.184076 R06-M0-N6-C:J05-U01 RAS KERNEL INFO suppressing further interrupts of same type
