nova-compute.log.2017-05-14_21:27:09 2017-05-14 20:59:00.378 2931 INFO nova.virt.libvirt.imagecache [req-addc1839-2ed5-4778-b57e-5854eb7b8b09 - - - - -] image 0673dd71-34c5-4fbb-86c4-40623fbe45b4 at (/var/lib/nova/instances/_base/a489c868f0c37da93b76227c91bb03908ac0e742): checking
nova-compute.log.2017-05-14_21:27:09 2017-05-14 20:59:00.378 2931 INFO nova.virt.libvirt.imagecache [req-addc1839-2ed5-4778-b57e-5854eb7b8b09 - - - - -] image 0673dd71-34c5-4fbb-86c4-40623fbe45b4 at (/var/lib/nova/instances/_base/a489c868f0c37da93b76227c91bb03908ac0e742): in use: on this node 1 local, 0 on other nodes sharing this instance storage
nova-compute.log.2017-05-14_21:27:09 2017-05-14 20:59:00.547 2931 INFO nova.virt.libvirt.imagecache [req-addc1839-2ed5-4778-b57e-5854eb7b8b09 - - - - -] Active base files: /var/lib/nova/instances/_base/a489c868f0c37da93b76227c91bb03908ac0e742
nova-compute.log.2017-05-14_21:27:09 2017-05-14 20:59:05.167 2931 INFO nova.virt.libvirt.imagecache [req-addc1839-2ed5-4778-b57e-5854eb7b8b09 - - - - -] image 0673dd71-34c5-4fbb-86c4-40623fbe45b4 at (/var/lib/nova/instances/_base/a489c868f0c37da93b76227c91bb03908ac0e742): checking
nova-compute.log.2017-05-14_21:27:09 2017-05-14 20:59:05.168 2931 INFO nova.virt.libvirt.imagecache [req-addc1839-2ed5-4778-b57e-5854eb7b8b09 - - - - -] image 0673dd71-34c5-4fbb-86c4-40623fbe45b4 at (/var/lib/nova/instances/_base/a489c868f0c37da93b76227c91bb03908ac0e742): in use: on this node 1 local, 0 on other nodes sharing this instance storage
nova-compute.log.2017-05-14_21:27:09 2017-05-14 20:59:05.356 2931 INFO nova.virt.libvirt.imagecache [req-addc1839-2ed5-4778-b57e-5854eb7b8b09 - - - - -] Active base files: /var/lib/nova/instances/_base/a489c868f0c37da93b76227c91bb03908ac0e742
nova-compute.log.2017-05-14_21:27:09 2017-05-14 20:59:06.347 2931 INFO nova.compute.manager [req-92d903bc-9689-492b-8088-f772b713bb6e 113d3a99c3da401fbd62cc2caa5b96d2 54fadb412c4e40cdbaed9335e4c35a9e - - -] [instance: 9a1d8c51-be5d-4a87-b59b-0be0262ec487] Terminating instance
nova-compute.log.2017-05-14_21:27:09 2017-05-14 20:59:06.562 2931 INFO nova.virt.libvirt.driver [-] [instance: 9a1d8c51-be5d-4a87-b59b-0be0262ec487] Instance destroyed successfully.
nova-compute.log.2017-05-14_21:27:09 2017-05-14 20:59:07.233 2931 INFO nova.virt.libvirt.driver [req-92d903bc-9689-492b-8088-f772b713bb6e 113d3a99c3da401fbd62cc2caa5b96d2 54fadb412c4e40cdbaed9335e4c35a9e - - -] [instance: 9a1d8c51-be5d-4a87-b59b-0be0262ec487] Deleting instance files /var/lib/nova/instances/9a1d8c51-be5d-4a87-b59b-0be0262ec487_del
nova-compute.log.2017-05-14_21:27:09 2017-05-14 20:59:07.235 2931 INFO nova.virt.libvirt.driver [req-92d903bc-9689-492b-8088-f772b713bb6e 113d3a99c3da401fbd62cc2caa5b96d2 54fadb412c4e40cdbaed9335e4c35a9e - - -] [instance: 9a1d8c51-be5d-4a87-b59b-0be0262ec487] Deletion of /var/lib/nova/instances/9a1d8c51-be5d-4a87-b59b-0be0262ec487_del complete
nova-compute.log.2017-05-14_21:27:09 2017-05-14 20:59:07.347 2931 INFO nova.compute.manager [req-92d903bc-9689-492b-8088-f772b713bb6e 113d3a99c3da401fbd62cc2caa5b96d2 54fadb412c4e40cdbaed9335e4c35a9e - - -] [instance: 9a1d8c51-be5d-4a87-b59b-0be0262ec487] Took 1.00 seconds to destroy the instance on the hypervisor.
nova-compute.log.2017-05-14_21:27:09 2017-05-14 20:59:07.794 2931 INFO nova.compute.manager [req-92d903bc-9689-492b-8088-f772b713bb6e 113d3a99c3da401fbd62cc2caa5b96d2 54fadb412c4e40cdbaed9335e4c35a9e - - -] [instance: 9a1d8c51-be5d-4a87-b59b-0be0262ec487] Took 0.45 seconds to deallocate network for instance.
nova-compute.log.2017-05-14_21:27:09 2017-05-14 20:59:10.118 2931 WARNING nova.virt.libvirt.imagecache [req-addc1839-2ed5-4778-b57e-5854eb7b8b09 - - - - -] Unknown base file: /var/lib/nova/instances/_base/a489c868f0c37da93b76227c91bb03908ac0e742
nova-compute.log.2017-05-14_21:27:09 2017-05-14 20:59:10.119 2931 INFO nova.virt.libvirt.imagecache [req-addc1839-2ed5-4778-b57e-5854eb7b8b09 - - - - -] Removable base files: /var/lib/nova/instances/_base/a489c868f0c37da93b76227c91bb03908ac0e742
nova-compute.log.2017-05-14_21:27:09 2017-05-14 20:59:10.120 2931 INFO nova.virt.libvirt.imagecache [req-addc1839-2ed5-4778-b57e-5854eb7b8b09 - - - - -] Base or swap file too young to remove: /var/lib/nova/instances/_base/a489c868f0c37da93b76227c91bb03908ac0e742
nova-compute.log.2017-05-14_21:27:09 2017-05-14 20:59:14.168 2931 INFO nova.compute.resource_tracker [req-addc1839-2ed5-4778-b57e-5854eb7b8b09 - - - - -] Auditing locally available compute resources for node cp-1.slowvm1.tcloud-pg0.utah.cloudlab.us
nova-compute.log.2017-05-14_21:27:09 2017-05-14 20:59:14.523 2931 INFO nova.compute.resource_tracker [req-addc1839-2ed5-4778-b57e-5854eb7b8b09 - - - - -] Total usable vcpus: 16, total allocated vcpus: 0
nova-compute.log.2017-05-14_21:27:09 2017-05-14 20:59:14.524 2931 INFO nova.compute.resource_tracker [req-addc1839-2ed5-4778-b57e-5854eb7b8b09 - - - - -] Final resource view: name=cp-1.slowvm1.tcloud-pg0.utah.cloudlab.us phys_ram=64172MB used_ram=512MB phys_disk=15GB used_disk=0GB total_vcpus=16 used_vcpus=0 pci_stats=[]
nova-compute.log.2017-05-14_21:27:09 2017-05-14 20:59:14.584 2931 INFO nova.compute.resource_tracker [req-addc1839-2ed5-4778-b57e-5854eb7b8b09 - - - - -] Compute_service record updated for cp-1.slowvm1.tcloud-pg0.utah.cloudlab.us:cp-1.slowvm1.tcloud-pg0.utah.cloudlab.us
nova-compute.log.2017-05-14_21:27:09 2017-05-14 20:59:15.113 2931 WARNING nova.virt.libvirt.imagecache [req-addc1839-2ed5-4778-b57e-5854eb7b8b09 - - - - -] Unknown base file: /var/lib/nova/instances/_base/a489c868f0c37da93b76227c91bb03908ac0e742
nova-compute.log.2017-05-14_21:27:09 2017-05-14 20:59:15.114 2931 INFO nova.virt.libvirt.imagecache [req-addc1839-2ed5-4778-b57e-5854eb7b8b09 - - - - -] Removable base files: /var/lib/nova/instances/_base/a489c868f0c37da93b76227c91bb03908ac0e742
nova-compute.log.2017-05-14_21:27:09 2017-05-14 20:59:15.115 2931 INFO nova.virt.libvirt.imagecache [req-addc1839-2ed5-4778-b57e-5854eb7b8b09 - - - - -] Removing base or swap file: /var/lib/nova/instances/_base/a489c868f0c37da93b76227c91bb03908ac0e742
nova-compute.log.2017-05-14_21:27:09 2017-05-14 20:59:19.697 2931 INFO nova.compute.claims [req-0a20e1bd-c2d6-4bc6-8af1-79b17b51e42b 113d3a99c3da401fbd62cc2caa5b96d2 54fadb412c4e40cdbaed9335e4c35a9e - - -] [instance: 04c96eea-5666-4c95-bc33-bebd1c0d2f39] Attempting claim: memory 2048 MB, disk 20 GB, vcpus 1 CPU
nova-compute.log.2017-05-14_21:27:09 2017-05-14 20:59:19.698 2931 INFO nova.compute.claims [req-0a20e1bd-c2d6-4bc6-8af1-79b17b51e42b 113d3a99c3da401fbd62cc2caa5b96d2 54fadb412c4e40cdbaed9335e4c35a9e - - -] [instance: 04c96eea-5666-4c95-bc33-bebd1c0d2f39] Total memory: 64172 MB, used: 512.00 MB
nova-compute.log.2017-05-14_21:27:09 2017-05-14 20:59:19.698 2931 INFO nova.compute.claims [req-0a20e1bd-c2d6-4bc6-8af1-79b17b51e42b 113d3a99c3da401fbd62cc2caa5b96d2 54fadb412c4e40cdbaed9335e4c35a9e - - -] [instance: 04c96eea-5666-4c95-bc33-bebd1c0d2f39] memory limit: 96258.00 MB, free: 95746.00 MB
nova-compute.log.2017-05-14_21:27:09 2017-05-14 20:59:19.699 2931 INFO nova.compute.claims [req-0a20e1bd-c2d6-4bc6-8af1-79b17b51e42b 113d3a99c3da401fbd62cc2caa5b96d2 54fadb412c4e40cdbaed9335e4c35a9e - - -] [instance: 04c96eea-5666-4c95-bc33-bebd1c0d2f39] Total disk: 15 GB, used: 0.00 GB
nova-compute.log.2017-05-14_21:27:09 2017-05-14 20:59:19.700 2931 INFO nova.compute.claims [req-0a20e1bd-c2d6-4bc6-8af1-79b17b51e42b 113d3a99c3da401fbd62cc2caa5b96d2 54fadb412c4e40cdbaed9335e4c35a9e - - -] [instance: 04c96eea-5666-4c95-bc33-bebd1c0d2f39] disk limit not specified, defaulting to unlimited
nova-compute.log.2017-05-14_21:27:09 2017-05-14 20:59:19.701 2931 INFO nova.compute.claims [req-0a20e1bd-c2d6-4bc6-8af1-79b17b51e42b 113d3a99c3da401fbd62cc2caa5b96d2 54fadb412c4e40cdbaed9335e4c35a9e - - -] [instance: 04c96eea-5666-4c95-bc33-bebd1c0d2f39] Total vcpu: 16 VCPU, used: 0.00 VCPU
nova-compute.log.2017-05-14_21:27:09 2017-05-14 20:59:19.701 2931 INFO nova.compute.claims [req-0a20e1bd-c2d6-4bc6-8af1-79b17b51e42b 113d3a99c3da401fbd62cc2caa5b96d2 54fadb412c4e40cdbaed9335e4c35a9e - - -] [instance: 04c96eea-5666-4c95-bc33-bebd1c0d2f39] vcpu limit not specified, defaulting to unlimited
nova-compute.log.2017-05-14_21:27:09 2017-05-14 20:59:19.735 2931 INFO nova.compute.claims [req-0a20e1bd-c2d6-4bc6-8af1-79b17b51e42b 113d3a99c3da401fbd62cc2caa5b96d2 54fadb412c4e40cdbaed9335e4c35a9e - - -] [instance: 04c96eea-5666-4c95-bc33-bebd1c0d2f39] Claim successful
nova-compute.log.2017-05-14_21:27:09 2017-05-14 20:59:20.317 2931 INFO nova.virt.libvirt.driver [req-0a20e1bd-c2d6-4bc6-8af1-79b17b51e42b 113d3a99c3da401fbd62cc2caa5b96d2 54fadb412c4e40cdbaed9335e4c35a9e - - -] [instance: 04c96eea-5666-4c95-bc33-bebd1c0d2f39] Creating image
nova-compute.log.2017-05-14_21:27:09 2017-05-14 20:59:21.558 2931 INFO nova.compute.manager [-] [instance: 9a1d8c51-be5d-4a87-b59b-0be0262ec487] VM Stopped (Lifecycle Event)
nova-compute.log.2017-05-14_21:27:09 2017-05-14 20:59:30.202 2931 INFO nova.virt.libvirt.imagecache [req-addc1839-2ed5-4778-b57e-5854eb7b8b09 - - - - -] image 0673dd71-34c5-4fbb-86c4-40623fbe45b4 at (/var/lib/nova/instances/_base/a489c868f0c37da93b76227c91bb03908ac0e742): checking
nova-compute.log.2017-05-14_21:27:09 2017-05-14 20:59:30.203 2931 INFO nova.virt.libvirt.imagecache [req-addc1839-2ed5-4778-b57e-5854eb7b8b09 - - - - -] image 0673dd71-34c5-4fbb-86c4-40623fbe45b4 at (/var/lib/nova/instances/_base/a489c868f0c37da93b76227c91bb03908ac0e742): in use: on this node 1 local, 0 on other nodes sharing this instance storage
nova-compute.log.2017-05-14_21:27:09 2017-05-14 20:59:30.384 2931 INFO nova.virt.libvirt.imagecache [req-addc1839-2ed5-4778-b57e-5854eb7b8b09 - - - - -] Active base files: /var/lib/nova/instances/_base/a489c868f0c37da93b76227c91bb03908ac0e742
nova-compute.log.2017-05-14_21:27:09 2017-05-14 20:59:32.968 2931 INFO nova.compute.manager [req-3ea4052c-895d-4b64-9e2d-04d64c4d94ab - - - - -] [instance: 04c96eea-5666-4c95-bc33-bebd1c0d2f39] VM Started (Lifecycle Event)
nova-compute.log.2017-05-14_21:27:09 2017-05-14 20:59:33.034 2931 INFO nova.compute.manager [req-3ea4052c-895d-4b64-9e2d-04d64c4d94ab - - - - -] [instance: 04c96eea-5666-4c95-bc33-bebd1c0d2f39] VM Paused (Lifecycle Event)
nova-compute.log.2017-05-14_21:27:09 2017-05-14 20:59:33.155 2931 INFO nova.compute.manager [req-3ea4052c-895d-4b64-9e2d-04d64c4d94ab - - - - -] [instance: 04c96eea-5666-4c95-bc33-bebd1c0d2f39] During sync_power_state the instance has a pending task (spawning). Skip.
nova-compute.log.2017-05-14_21:27:09 2017-05-14 20:59:35.436 2931 INFO nova.virt.libvirt.imagecache [req-addc1839-2ed5-4778-b57e-5854eb7b8b09 - - - - -] image 0673dd71-34c5-4fbb-86c4-40623fbe45b4 at (/var/lib/nova/instances/_base/a489c868f0c37da93b76227c91bb03908ac0e742): checking
nova-compute.log.2017-05-14_21:27:09 2017-05-14 20:59:35.437 2931 INFO nova.virt.libvirt.imagecache [req-addc1839-2ed5-4778-b57e-5854eb7b8b09 - - - - -] image 0673dd71-34c5-4fbb-86c4-40623fbe45b4 at (/var/lib/nova/instances/_base/a489c868f0c37da93b76227c91bb03908ac0e742): in use: on this node 1 local, 0 on other nodes sharing this instance storage
nova-compute.log.2017-05-14_21:27:09 2017-05-14 20:59:35.621 2931 INFO nova.virt.libvirt.imagecache [req-addc1839-2ed5-4778-b57e-5854eb7b8b09 - - - - -] Active base files: /var/lib/nova/instances/_base/a489c868f0c37da93b76227c91bb03908ac0e742
nova-compute.log.2017-05-14_21:27:09 2017-05-14 20:59:39.140 2931 INFO nova.compute.manager [req-3ea4052c-895d-4b64-9e2d-04d64c4d94ab - - - - -] [instance: 04c96eea-5666-4c95-bc33-bebd1c0d2f39] VM Resumed (Lifecycle Event)
nova-compute.log.2017-05-14_21:27:09 2017-05-14 20:59:39.147 2931 INFO nova.virt.libvirt.driver [-] [instance: 04c96eea-5666-4c95-bc33-bebd1c0d2f39] Instance spawned successfully.
nova-compute.log.2017-05-14_21:27:09 2017-05-14 20:59:39.148 2931 INFO nova.compute.manager [req-0a20e1bd-c2d6-4bc6-8af1-79b17b51e42b 113d3a99c3da401fbd62cc2caa5b96d2 54fadb412c4e40cdbaed9335e4c35a9e - - -] [instance: 04c96eea-5666-4c95-bc33-bebd1c0d2f39] Took 18.83 seconds to spawn the instance on the hypervisor.
nova-compute.log.2017-05-14_21:27:09 2017-05-14 20:59:39.293 2931 INFO nova.compute.manager [req-0a20e1bd-c2d6-4bc6-8af1-79b17b51e42b 113d3a99c3da401fbd62cc2caa5b96d2 54fadb412c4e40cdbaed9335e4c35a9e - - -] [instance: 04c96eea-5666-4c95-bc33-bebd1c0d2f39] Took 19.61 seconds to build instance.
nova-compute.log.2017-05-14_21:27:09 2017-05-14 20:59:39.379 2931 INFO nova.compute.manager [req-3ea4052c-895d-4b64-9e2d-04d64c4d94ab - - - - -] [instance: 04c96eea-5666-4c95-bc33-bebd1c0d2f39] During sync_power_state the instance has a pending task (spawning). Skip.
nova-compute.log.2017-05-14_21:27:09 2017-05-14 20:59:39.380 2931 INFO nova.compute.manager [req-3ea4052c-895d-4b64-9e2d-04d64c4d94ab - - - - -] [instance: 04c96eea-5666-4c95-bc33-bebd1c0d2f39] VM Resumed (Lifecycle Event)
nova-compute.log.2017-05-14_21:27:09 2017-05-14 20:59:40.675 2931 INFO nova.virt.libvirt.imagecache [req-addc1839-2ed5-4778-b57e-5854eb7b8b09 - - - - -] image 0673dd71-34c5-4fbb-86c4-40623fbe45b4 at (/var/lib/nova/instances/_base/a489c868f0c37da93b76227c91bb03908ac0e742): checking
nova-compute.log.2017-05-14_21:27:09 2017-05-14 20:59:40.677 2931 INFO nova.virt.libvirt.imagecache [req-addc1839-2ed5-4778-b57e-5854eb7b8b09 - - - - -] image 0673dd71-34c5-4fbb-86c4-40623fbe45b4 at (/var/lib/nova/instances/_base/a489c868f0c37da93b76227c91bb03908ac0e742): in use: on this node 1 local, 0 on other nodes sharing this instance storage
nova-compute.log.2017-05-14_21:27:09 2017-05-14 20:59:40.857 2931 INFO nova.virt.libvirt.imagecache [req-addc1839-2ed5-4778-b57e-5854eb7b8b09 - - - - -] Active base files: /var/lib/nova/instances/_base/a489c868f0c37da93b76227c91bb03908ac0e742
nova-compute.log.2017-05-14_21:27:09 2017-05-14 20:59:45.915 2931 INFO nova.virt.libvirt.imagecache [req-addc1839-2ed5-4778-b57e-5854eb7b8b09 - - - - -] image 0673dd71-34c5-4fbb-86c4-40623fbe45b4 at (/var/lib/nova/instances/_base/a489c868f0c37da93b76227c91bb03908ac0e742): checking
nova-compute.log.2017-05-14_21:27:09 2017-05-14 20:59:45.916 2931 INFO nova.virt.libvirt.imagecache [req-addc1839-2ed5-4778-b57e-5854eb7b8b09 - - - - -] image 0673dd71-34c5-4fbb-86c4-40623fbe45b4 at (/var/lib/nova/instances/_base/a489c868f0c37da93b76227c91bb03908ac0e742): in use: on this node 1 local, 0 on other nodes sharing this instance storage
nova-compute.log.2017-05-14_21:27:09 2017-05-14 20:59:46.088 2931 INFO nova.virt.libvirt.imagecache [req-addc1839-2ed5-4778-b57e-5854eb7b8b09 - - - - -] Active base files: /var/lib/nova/instances/_base/a489c868f0c37da93b76227c91bb03908ac0e742
nova-compute.log.2017-05-14_21:27:09 2017-05-14 20:59:46.518 2931 INFO nova.compute.manager [req-7f961c5b-3b8c-4370-bcaa-ddc3d2723680 113d3a99c3da401fbd62cc2caa5b96d2 54fadb412c4e40cdbaed9335e4c35a9e - - -] [instance: 04c96eea-5666-4c95-bc33-bebd1c0d2f39] Terminating instance
nova-compute.log.2017-05-14_21:27:09 2017-05-14 20:59:46.732 2931 INFO nova.virt.libvirt.driver [-] [instance: 04c96eea-5666-4c95-bc33-bebd1c0d2f39] Instance destroyed successfully.
nova-compute.log.2017-05-14_21:27:09 2017-05-14 20:59:47.425 2931 INFO nova.virt.libvirt.driver [req-7f961c5b-3b8c-4370-bcaa-ddc3d2723680 113d3a99c3da401fbd62cc2caa5b96d2 54fadb412c4e40cdbaed9335e4c35a9e - - -] [instance: 04c96eea-5666-4c95-bc33-bebd1c0d2f39] Deleting instance files /var/lib/nova/instances/04c96eea-5666-4c95-bc33-bebd1c0d2f39_del
nova-compute.log.2017-05-14_21:27:09 2017-05-14 20:59:47.427 2931 INFO nova.virt.libvirt.driver [req-7f961c5b-3b8c-4370-bcaa-ddc3d2723680 113d3a99c3da401fbd62cc2caa5b96d2 54fadb412c4e40cdbaed9335e4c35a9e - - -] [instance: 04c96eea-5666-4c95-bc33-bebd1c0d2f39] Deletion of /var/lib/nova/instances/04c96eea-5666-4c95-bc33-bebd1c0d2f39_del complete
nova-compute.log.2017-05-14_21:27:09 2017-05-14 20:59:47.546 2931 INFO nova.compute.manager [req-7f961c5b-3b8c-4370-bcaa-ddc3d2723680 113d3a99c3da401fbd62cc2caa5b96d2 54fadb412c4e40cdbaed9335e4c35a9e - - -] [instance: 04c96eea-5666-4c95-bc33-bebd1c0d2f39] Took 1.02 seconds to destroy the instance on the hypervisor.
nova-compute.log.2017-05-14_21:27:09 2017-05-14 20:59:48.033 2931 INFO nova.compute.manager [req-7f961c5b-3b8c-4370-bcaa-ddc3d2723680 113d3a99c3da401fbd62cc2caa5b96d2 54fadb412c4e40cdbaed9335e4c35a9e - - -] [instance: 04c96eea-5666-4c95-bc33-bebd1c0d2f39] Took 0.49 seconds to deallocate network for instance.
nova-compute.log.2017-05-14_21:27:09 2017-05-14 20:59:50.117 2931 WARNING nova.virt.libvirt.imagecache [req-addc1839-2ed5-4778-b57e-5854eb7b8b09 - - - - -] Unknown base file: /var/lib/nova/instances/_base/a489c868f0c37da93b76227c91bb03908ac0e742
nova-compute.log.2017-05-14_21:27:09 2017-05-14 20:59:50.118 2931 INFO nova.virt.libvirt.imagecache [req-addc1839-2ed5-4778-b57e-5854eb7b8b09 - - - - -] Removable base files: /var/lib/nova/instances/_base/a489c868f0c37da93b76227c91bb03908ac0e742
nova-compute.log.2017-05-14_21:27:09 2017-05-14 20:59:50.119 2931 INFO nova.virt.libvirt.imagecache [req-addc1839-2ed5-4778-b57e-5854eb7b8b09 - - - - -] Base or swap file too young to remove: /var/lib/nova/instances/_base/a489c868f0c37da93b76227c91bb03908ac0e742
nova-compute.log.2017-05-14_21:27:09 2017-05-14 20:59:55.145 2931 WARNING nova.virt.libvirt.imagecache [req-addc1839-2ed5-4778-b57e-5854eb7b8b09 - - - - -] Unknown base file: /var/lib/nova/instances/_base/a489c868f0c37da93b76227c91bb03908ac0e742
nova-compute.log.2017-05-14_21:27:09 2017-05-14 20:59:55.146 2931 INFO nova.virt.libvirt.imagecache [req-addc1839-2ed5-4778-b57e-5854eb7b8b09 - - - - -] Removable base files: /var/lib/nova/instances/_base/a489c868f0c37da93b76227c91bb03908ac0e742
nova-compute.log.2017-05-14_21:27:09 2017-05-14 20:59:55.148 2931 INFO nova.virt.libvirt.imagecache [req-addc1839-2ed5-4778-b57e-5854eb7b8b09 - - - - -] Removing base or swap file: /var/lib/nova/instances/_base/a489c868f0c37da93b76227c91bb03908ac0e742
nova-compute.log.2017-05-14_21:27:09 2017-05-14 20:59:59.877 2931 INFO nova.compute.claims [req-824768c9-e6fc-4554-b480-c50cc9be4beb 113d3a99c3da401fbd62cc2caa5b96d2 54fadb412c4e40cdbaed9335e4c35a9e - - -] [instance: 611f95d7-dfa2-4587-92a9-203cf70db960] Attempting claim: memory 2048 MB, disk 20 GB, vcpus 1 CPU
nova-compute.log.2017-05-14_21:27:09 2017-05-14 20:59:59.877 2931 INFO nova.compute.claims [req-824768c9-e6fc-4554-b480-c50cc9be4beb 113d3a99c3da401fbd62cc2caa5b96d2 54fadb412c4e40cdbaed9335e4c35a9e - - -] [instance: 611f95d7-dfa2-4587-92a9-203cf70db960] Total memory: 64172 MB, used: 512.00 MB
nova-compute.log.2017-05-14_21:27:09 2017-05-14 20:59:59.878 2931 INFO nova.compute.claims [req-824768c9-e6fc-4554-b480-c50cc9be4beb 113d3a99c3da401fbd62cc2caa5b96d2 54fadb412c4e40cdbaed9335e4c35a9e - - -] [instance: 611f95d7-dfa2-4587-92a9-203cf70db960] memory limit: 96258.00 MB, free: 95746.00 MB
nova-compute.log.2017-05-14_21:27:09 2017-05-14 20:59:59.878 2931 INFO nova.compute.claims [req-824768c9-e6fc-4554-b480-c50cc9be4beb 113d3a99c3da401fbd62cc2caa5b96d2 54fadb412c4e40cdbaed9335e4c35a9e - - -] [instance: 611f95d7-dfa2-4587-92a9-203cf70db960] Total disk: 15 GB, used: 0.00 GB
nova-compute.log.2017-05-14_21:27:09 2017-05-14 20:59:59.879 2931 INFO nova.compute.claims [req-824768c9-e6fc-4554-b480-c50cc9be4beb 113d3a99c3da401fbd62cc2caa5b96d2 54fadb412c4e40cdbaed9335e4c35a9e - - -] [instance: 611f95d7-dfa2-4587-92a9-203cf70db960] disk limit not specified, defaulting to unlimited
nova-compute.log.2017-05-14_21:27:09 2017-05-14 20:59:59.879 2931 INFO nova.compute.claims [req-824768c9-e6fc-4554-b480-c50cc9be4beb 113d3a99c3da401fbd62cc2caa5b96d2 54fadb412c4e40cdbaed9335e4c35a9e - - -] [instance: 611f95d7-dfa2-4587-92a9-203cf70db960] Total vcpu: 16 VCPU, used: 0.00 VCPU
nova-compute.log.2017-05-14_21:27:09 2017-05-14 20:59:59.880 2931 INFO nova.compute.claims [req-824768c9-e6fc-4554-b480-c50cc9be4beb 113d3a99c3da401fbd62cc2caa5b96d2 54fadb412c4e40cdbaed9335e4c35a9e - - -] [instance: 611f95d7-dfa2-4587-92a9-203cf70db960] vcpu limit not specified, defaulting to unlimited
nova-compute.log.2017-05-14_21:27:09 2017-05-14 20:59:59.909 2931 INFO nova.compute.claims [req-824768c9-e6fc-4554-b480-c50cc9be4beb 113d3a99c3da401fbd62cc2caa5b96d2 54fadb412c4e40cdbaed9335e4c35a9e - - -] [instance: 611f95d7-dfa2-4587-92a9-203cf70db960] Claim successful
nova-compute.log.2017-05-14_21:27:09 2017-05-14 21:00:00.795 2931 INFO nova.virt.libvirt.driver [req-824768c9-e6fc-4554-b480-c50cc9be4beb 113d3a99c3da401fbd62cc2caa5b96d2 54fadb412c4e40cdbaed9335e4c35a9e - - -] [instance: 611f95d7-dfa2-4587-92a9-203cf70db960] Creating image
nova-compute.log.2017-05-14_21:27:09 2017-05-14 21:00:02.002 2931 INFO nova.compute.manager [-] [instance: 04c96eea-5666-4c95-bc33-bebd1c0d2f39] VM Stopped (Lifecycle Event)
nova-compute.log.2017-05-14_21:27:09 2017-05-14 21:00:07.620 2931 INFO nova.compute.manager [req-addc1839-2ed5-4778-b57e-5854eb7b8b09 - - - - -] Running instance usage audit for host cp-1.slowvm1.tcloud-pg0.utah.cloudlab.us from 2017-05-15 02:00:00 to 2017-05-15 03:00:00. 87 instances.
nova-compute.log.2017-05-14_21:27:09 2017-05-14 21:00:13.926 2931 INFO nova.compute.manager [req-3ea4052c-895d-4b64-9e2d-04d64c4d94ab - - - - -] [instance: 611f95d7-dfa2-4587-92a9-203cf70db960] VM Started (Lifecycle Event)
nova-compute.log.2017-05-14_21:27:09 2017-05-14 21:00:13.996 2931 INFO nova.compute.manager [req-3ea4052c-895d-4b64-9e2d-04d64c4d94ab - - - - -] [instance: 611f95d7-dfa2-4587-92a9-203cf70db960] VM Paused (Lifecycle Event)
nova-compute.log.2017-05-14_21:27:09 2017-05-14 21:00:14.122 2931 INFO nova.compute.manager [req-3ea4052c-895d-4b64-9e2d-04d64c4d94ab - - - - -] [instance: 611f95d7-dfa2-4587-92a9-203cf70db960] During sync_power_state the instance has a pending task (spawning). Skip.
nova-compute.log.2017-05-14_21:27:09 2017-05-14 21:00:15.170 2931 INFO nova.compute.resource_tracker [req-addc1839-2ed5-4778-b57e-5854eb7b8b09 - - - - -] Auditing locally available compute resources for node cp-1.slowvm1.tcloud-pg0.utah.cloudlab.us
nova-compute.log.2017-05-14_21:27:09 2017-05-14 21:00:15.699 2931 INFO nova.compute.resource_tracker [req-addc1839-2ed5-4778-b57e-5854eb7b8b09 - - - - -] Total usable vcpus: 16, total allocated vcpus: 1
nova-compute.log.2017-05-14_21:27:09 2017-05-14 21:00:15.700 2931 INFO nova.compute.resource_tracker [req-addc1839-2ed5-4778-b57e-5854eb7b8b09 - - - - -] Final resource view: name=cp-1.slowvm1.tcloud-pg0.utah.cloudlab.us phys_ram=64172MB used_ram=2560MB phys_disk=15GB used_disk=20GB total_vcpus=16 used_vcpus=1 pci_stats=[]
nova-compute.log.2017-05-14_21:27:09 2017-05-14 21:00:15.757 2931 INFO nova.compute.resource_tracker [req-addc1839-2ed5-4778-b57e-5854eb7b8b09 - - - - -] Compute_service record updated for cp-1.slowvm1.tcloud-pg0.utah.cloudlab.us:cp-1.slowvm1.tcloud-pg0.utah.cloudlab.us
nova-compute.log.2017-05-14_21:27:09 2017-05-14 21:00:15.806 2931 INFO nova.virt.libvirt.imagecache [req-addc1839-2ed5-4778-b57e-5854eb7b8b09 - - - - -] image 0673dd71-34c5-4fbb-86c4-40623fbe45b4 at (/var/lib/nova/instances/_base/a489c868f0c37da93b76227c91bb03908ac0e742): checking
nova-compute.log.2017-05-14_21:27:09 2017-05-14 21:00:15.808 2931 INFO nova.virt.libvirt.imagecache [req-addc1839-2ed5-4778-b57e-5854eb7b8b09 - - - - -] image 0673dd71-34c5-4fbb-86c4-40623fbe45b4 at (/var/lib/nova/instances/_base/a489c868f0c37da93b76227c91bb03908ac0e742): in use: on this node 1 local, 0 on other nodes sharing this instance storage
nova-compute.log.2017-05-14_21:27:09 2017-05-14 21:00:15.995 2931 INFO nova.virt.libvirt.imagecache [req-addc1839-2ed5-4778-b57e-5854eb7b8b09 - - - - -] Active base files: /var/lib/nova/instances/_base/a489c868f0c37da93b76227c91bb03908ac0e742
nova-compute.log.2017-05-14_21:27:09 2017-05-14 21:00:20.582 2931 INFO nova.compute.manager [req-3ea4052c-895d-4b64-9e2d-04d64c4d94ab - - - - -] [instance: 611f95d7-dfa2-4587-92a9-203cf70db960] VM Resumed (Lifecycle Event)
nova-compute.log.2017-05-14_21:27:09 2017-05-14 21:00:20.590 2931 INFO nova.virt.libvirt.driver [-] [instance: 611f95d7-dfa2-4587-92a9-203cf70db960] Instance spawned successfully.
nova-compute.log.2017-05-14_21:27:09 2017-05-14 21:00:20.590 2931 INFO nova.compute.manager [req-824768c9-e6fc-4554-b480-c50cc9be4beb 113d3a99c3da401fbd62cc2caa5b96d2 54fadb412c4e40cdbaed9335e4c35a9e - - -] [instance: 611f95d7-dfa2-4587-92a9-203cf70db960] Took 19.80 seconds to spawn the instance on the hypervisor.
nova-compute.log.2017-05-14_21:27:09 2017-05-14 21:00:20.699 2931 INFO nova.compute.manager [req-3ea4052c-895d-4b64-9e2d-04d64c4d94ab - - - - -] [instance: 611f95d7-dfa2-4587-92a9-203cf70db960] During sync_power_state the instance has a pending task (spawning). Skip.
nova-compute.log.2017-05-14_21:27:09 2017-05-14 21:00:20.700 2931 INFO nova.compute.manager [req-3ea4052c-895d-4b64-9e2d-04d64c4d94ab - - - - -] [instance: 611f95d7-dfa2-4587-92a9-203cf70db960] VM Resumed (Lifecycle Event)
nova-compute.log.2017-05-14_21:27:09 2017-05-14 21:00:20.721 2931 INFO nova.compute.manager [req-824768c9-e6fc-4554-b480-c50cc9be4beb 113d3a99c3da401fbd62cc2caa5b96d2 54fadb412c4e40cdbaed9335e4c35a9e - - -] [instance: 611f95d7-dfa2-4587-92a9-203cf70db960] Took 20.86 seconds to build instance.
nova-compute.log.2017-05-14_21:27:09 2017-05-14 21:00:21.046 2931 INFO nova.virt.libvirt.imagecache [req-addc1839-2ed5-4778-b57e-5854eb7b8b09 - - - - -] image 0673dd71-34c5-4fbb-86c4-40623fbe45b4 at (/var/lib/nova/instances/_base/a489c868f0c37da93b76227c91bb03908ac0e742): checking
nova-compute.log.2017-05-14_21:27:09 2017-05-14 21:00:21.048 2931 INFO nova.virt.libvirt.imagecache [req-addc1839-2ed5-4778-b57e-5854eb7b8b09 - - - - -] image 0673dd71-34c5-4fbb-86c4-40623fbe45b4 at (/var/lib/nova/instances/_base/a489c868f0c37da93b76227c91bb03908ac0e742): in use: on this node 1 local, 0 on other nodes sharing this instance storage
nova-compute.log.2017-05-14_21:27:09 2017-05-14 21:00:21.222 2931 INFO nova.virt.libvirt.imagecache [req-addc1839-2ed5-4778-b57e-5854eb7b8b09 - - - - -] Active base files: /var/lib/nova/instances/_base/a489c868f0c37da93b76227c91bb03908ac0e742
nova-compute.log.2017-05-14_21:27:09 2017-05-14 21:00:25.141 2931 INFO nova.virt.libvirt.imagecache [req-addc1839-2ed5-4778-b57e-5854eb7b8b09 - - - - -] image 0673dd71-34c5-4fbb-86c4-40623fbe45b4 at (/var/lib/nova/instances/_base/a489c868f0c37da93b76227c91bb03908ac0e742): checking
nova-compute.log.2017-05-14_21:27:09 2017-05-14 21:00:25.142 2931 INFO nova.virt.libvirt.imagecache [req-addc1839-2ed5-4778-b57e-5854eb7b8b09 - - - - -] image 0673dd71-34c5-4fbb-86c4-40623fbe45b4 at (/var/lib/nova/instances/_base/a489c868f0c37da93b76227c91bb03908ac0e742): in use: on this node 1 local, 0 on other nodes sharing this instance storage
nova-compute.log.2017-05-14_21:27:09 2017-05-14 21:00:25.319 2931 INFO nova.virt.libvirt.imagecache [req-addc1839-2ed5-4778-b57e-5854eb7b8b09 - - - - -] Active base files: /var/lib/nova/instances/_base/a489c868f0c37da93b76227c91bb03908ac0e742
nova-compute.log.2017-05-14_21:27:09 2017-05-14 21:00:28.304 2931 INFO nova.compute.manager [req-265754e6-7ff6-4454-83fd-1519ded1c6f1 113d3a99c3da401fbd62cc2caa5b96d2 54fadb412c4e40cdbaed9335e4c35a9e - - -] [instance: 611f95d7-dfa2-4587-92a9-203cf70db960] Terminating instance
nova-compute.log.2017-05-14_21:27:09 2017-05-14 21:00:28.521 2931 INFO nova.virt.libvirt.driver [-] [instance: 611f95d7-dfa2-4587-92a9-203cf70db960] Instance destroyed successfully.
nova-compute.log.2017-05-14_21:27:09 2017-05-14 21:00:29.187 2931 INFO nova.virt.libvirt.driver [req-265754e6-7ff6-4454-83fd-1519ded1c6f1 113d3a99c3da401fbd62cc2caa5b96d2 54fadb412c4e40cdbaed9335e4c35a9e - - -] [instance: 611f95d7-dfa2-4587-92a9-203cf70db960] Deleting instance files /var/lib/nova/instances/611f95d7-dfa2-4587-92a9-203cf70db960_del
nova-compute.log.2017-05-14_21:27:09 2017-05-14 21:00:29.189 2931 INFO nova.virt.libvirt.driver [req-265754e6-7ff6-4454-83fd-1519ded1c6f1 113d3a99c3da401fbd62cc2caa5b96d2 54fadb412c4e40cdbaed9335e4c35a9e - - -] [instance: 611f95d7-dfa2-4587-92a9-203cf70db960] Deletion of /var/lib/nova/instances/611f95d7-dfa2-4587-92a9-203cf70db960_del complete
nova-compute.log.2017-05-14_21:27:09 2017-05-14 21:00:29.302 2931 INFO nova.compute.manager [req-265754e6-7ff6-4454-83fd-1519ded1c6f1 113d3a99c3da401fbd62cc2caa5b96d2 54fadb412c4e40cdbaed9335e4c35a9e - - -] [instance: 611f95d7-dfa2-4587-92a9-203cf70db960] Took 0.99 seconds to destroy the instance on the hypervisor.
nova-compute.log.2017-05-14_21:27:09 2017-05-14 21:00:29.761 2931 INFO nova.compute.manager [req-265754e6-7ff6-4454-83fd-1519ded1c6f1 113d3a99c3da401fbd62cc2caa5b96d2 54fadb412c4e40cdbaed9335e4c35a9e - - -] [instance: 611f95d7-dfa2-4587-92a9-203cf70db960] Took 0.46 seconds to deallocate network for instance.
nova-compute.log.2017-05-14_21:27:09 2017-05-14 21:00:30.347 2931 WARNING nova.virt.libvirt.imagecache [req-addc1839-2ed5-4778-b57e-5854eb7b8b09 - - - - -] Unknown base file: /var/lib/nova/instances/_base/a489c868f0c37da93b76227c91bb03908ac0e742
nova-compute.log.2017-05-14_21:27:09 2017-05-14 21:00:30.348 2931 INFO nova.virt.libvirt.imagecache [req-addc1839-2ed5-4778-b57e-5854eb7b8b09 - - - - -] Removable base files: /var/lib/nova/instances/_base/a489c868f0c37da93b76227c91bb03908ac0e742
nova-compute.log.2017-05-14_21:27:09 2017-05-14 21:00:30.349 2931 INFO nova.virt.libvirt.imagecache [req-addc1839-2ed5-4778-b57e-5854eb7b8b09 - - - - -] Removing base or swap file: /var/lib/nova/instances/_base/a489c868f0c37da93b76227c91bb03908ac0e742
nova-compute.log.2017-05-14_21:27:09 2017-05-14 21:00:41.662 2931 INFO nova.compute.claims [req-998eec56-0740-4952-8755-90fdded36152 113d3a99c3da401fbd62cc2caa5b96d2 54fadb412c4e40cdbaed9335e4c35a9e - - -] [instance: 14fd1ce7-ad9d-432f-89e2-ca36119aa284] Attempting claim: memory 2048 MB, disk 20 GB, vcpus 1 CPU
nova-compute.log.2017-05-14_21:27:09 2017-05-14 21:00:41.662 2931 INFO nova.compute.claims [req-998eec56-0740-4952-8755-90fdded36152 113d3a99c3da401fbd62cc2caa5b96d2 54fadb412c4e40cdbaed9335e4c35a9e - - -] [instance: 14fd1ce7-ad9d-432f-89e2-ca36119aa284] Total memory: 64172 MB, used: 512.00 MB
nova-compute.log.2017-05-14_21:27:09 2017-05-14 21:00:41.663 2931 INFO nova.compute.claims [req-998eec56-0740-4952-8755-90fdded36152 113d3a99c3da401fbd62cc2caa5b96d2 54fadb412c4e40cdbaed9335e4c35a9e - - -] [instance: 14fd1ce7-ad9d-432f-89e2-ca36119aa284] memory limit: 96258.00 MB, free: 95746.00 MB
nova-compute.log.2017-05-14_21:27:09 2017-05-14 21:00:41.663 2931 INFO nova.compute.claims [req-998eec56-0740-4952-8755-90fdded36152 113d3a99c3da401fbd62cc2caa5b96d2 54fadb412c4e40cdbaed9335e4c35a9e - - -] [instance: 14fd1ce7-ad9d-432f-89e2-ca36119aa284] Total disk: 15 GB, used: 0.00 GB
nova-compute.log.2017-05-14_21:27:09 2017-05-14 21:00:41.664 2931 INFO nova.compute.claims [req-998eec56-0740-4952-8755-90fdded36152 113d3a99c3da401fbd62cc2caa5b96d2 54fadb412c4e40cdbaed9335e4c35a9e - - -] [instance: 14fd1ce7-ad9d-432f-89e2-ca36119aa284] disk limit not specified, defaulting to unlimited
nova-compute.log.2017-05-14_21:27:09 2017-05-14 21:00:41.664 2931 INFO nova.compute.claims [req-998eec56-0740-4952-8755-90fdded36152 113d3a99c3da401fbd62cc2caa5b96d2 54fadb412c4e40cdbaed9335e4c35a9e - - -] [instance: 14fd1ce7-ad9d-432f-89e2-ca36119aa284] Total vcpu: 16 VCPU, used: 0.00 VCPU
nova-compute.log.2017-05-14_21:27:09 2017-05-14 21:00:41.665 2931 INFO nova.compute.claims [req-998eec56-0740-4952-8755-90fdded36152 113d3a99c3da401fbd62cc2caa5b96d2 54fadb412c4e40cdbaed9335e4c35a9e - - -] [instance: 14fd1ce7-ad9d-432f-89e2-ca36119aa284] vcpu limit not specified, defaulting to unlimited
nova-compute.log.2017-05-14_21:27:09 2017-05-14 21:00:41.696 2931 INFO nova.compute.claims [req-998eec56-0740-4952-8755-90fdded36152 113d3a99c3da401fbd62cc2caa5b96d2 54fadb412c4e40cdbaed9335e4c35a9e - - -] [instance: 14fd1ce7-ad9d-432f-89e2-ca36119aa284] Claim successful
nova-compute.log.2017-05-14_21:27:09 2017-05-14 21:00:42.254 2931 INFO nova.virt.libvirt.driver [req-998eec56-0740-4952-8755-90fdded36152 113d3a99c3da401fbd62cc2caa5b96d2 54fadb412c4e40cdbaed9335e4c35a9e - - -] [instance: 14fd1ce7-ad9d-432f-89e2-ca36119aa284] Creating image
nova-compute.log.2017-05-14_21:27:09 2017-05-14 21:00:43.518 2931 INFO nova.compute.manager [-] [instance: 611f95d7-dfa2-4587-92a9-203cf70db960] VM Stopped (Lifecycle Event)
nova-compute.log.2017-05-14_21:27:09 2017-05-14 21:00:47.662 2931 WARNING nova.compute.manager [req-addc1839-2ed5-4778-b57e-5854eb7b8b09 - - - - -] While synchronizing instance power states, found 1 instances in the database and 0 instances on the hypervisor.
nova-compute.log.2017-05-14_21:27:09 2017-05-14 21:00:55.192 2931 INFO nova.virt.libvirt.imagecache [req-addc1839-2ed5-4778-b57e-5854eb7b8b09 - - - - -] image 0673dd71-34c5-4fbb-86c4-40623fbe45b4 at (/var/lib/nova/instances/_base/a489c868f0c37da93b76227c91bb03908ac0e742): checking
nova-compute.log.2017-05-14_21:27:09 2017-05-14 21:00:55.193 2931 INFO nova.virt.libvirt.imagecache [req-addc1839-2ed5-4778-b57e-5854eb7b8b09 - - - - -] image 0673dd71-34c5-4fbb-86c4-40623fbe45b4 at (/var/lib/nova/instances/_base/a489c868f0c37da93b76227c91bb03908ac0e742): in use: on this node 1 local, 0 on other nodes sharing this instance storage
nova-compute.log.2017-05-14_21:27:09 2017-05-14 21:00:55.363 2931 INFO nova.compute.manager [req-3ea4052c-895d-4b64-9e2d-04d64c4d94ab - - - - -] [instance: 14fd1ce7-ad9d-432f-89e2-ca36119aa284] VM Started (Lifecycle Event)
nova-compute.log.2017-05-14_21:27:09 2017-05-14 21:00:55.373 2931 INFO nova.virt.libvirt.imagecache [req-addc1839-2ed5-4778-b57e-5854eb7b8b09 - - - - -] Active base files: /var/lib/nova/instances/_base/a489c868f0c37da93b76227c91bb03908ac0e742
nova-compute.log.2017-05-14_21:27:09 2017-05-14 21:00:55.429 2931 INFO nova.compute.manager [req-3ea4052c-895d-4b64-9e2d-04d64c4d94ab - - - - -] [instance: 14fd1ce7-ad9d-432f-89e2-ca36119aa284] VM Paused (Lifecycle Event)
nova-compute.log.2017-05-14_21:27:09 2017-05-14 21:00:55.557 2931 INFO nova.compute.manager [req-3ea4052c-895d-4b64-9e2d-04d64c4d94ab - - - - -] [instance: 14fd1ce7-ad9d-432f-89e2-ca36119aa284] During sync_power_state the instance has a pending task (spawning). Skip.
nova-compute.log.2017-05-14_21:27:09 2017-05-14 21:01:00.139 2931 INFO nova.virt.libvirt.imagecache [req-addc1839-2ed5-4778-b57e-5854eb7b8b09 - - - - -] image 0673dd71-34c5-4fbb-86c4-40623fbe45b4 at (/var/lib/nova/instances/_base/a489c868f0c37da93b76227c91bb03908ac0e742): checking
nova-compute.log.2017-05-14_21:27:09 2017-05-14 21:01:00.140 2931 INFO nova.virt.libvirt.imagecache [req-addc1839-2ed5-4778-b57e-5854eb7b8b09 - - - - -] image 0673dd71-34c5-4fbb-86c4-40623fbe45b4 at (/var/lib/nova/instances/_base/a489c868f0c37da93b76227c91bb03908ac0e742): in use: on this node 1 local, 0 on other nodes sharing this instance storage
nova-compute.log.2017-05-14_21:27:09 2017-05-14 21:01:00.311 2931 INFO nova.virt.libvirt.imagecache [req-addc1839-2ed5-4778-b57e-5854eb7b8b09 - - - - -] Active base files: /var/lib/nova/instances/_base/a489c868f0c37da93b76227c91bb03908ac0e742
nova-compute.log.2017-05-14_21:27:09 2017-05-14 21:01:01.857 2931 INFO nova.compute.manager [req-3ea4052c-895d-4b64-9e2d-04d64c4d94ab - - - - -] [instance: 14fd1ce7-ad9d-432f-89e2-ca36119aa284] VM Resumed (Lifecycle Event)
nova-compute.log.2017-05-14_21:27:09 2017-05-14 21:01:01.867 2931 INFO nova.virt.libvirt.driver [-] [instance: 14fd1ce7-ad9d-432f-89e2-ca36119aa284] Instance spawned successfully.
nova-compute.log.2017-05-14_21:27:09 2017-05-14 21:01:01.869 2931 INFO nova.compute.manager [req-998eec56-0740-4952-8755-90fdded36152 113d3a99c3da401fbd62cc2caa5b96d2 54fadb412c4e40cdbaed9335e4c35a9e - - -] [instance: 14fd1ce7-ad9d-432f-89e2-ca36119aa284] Took 19.62 seconds to spawn the instance on the hypervisor.
nova-compute.log.2017-05-14_21:27:09 2017-05-14 21:01:02.034 2931 INFO nova.compute.manager [req-998eec56-0740-4952-8755-90fdded36152 113d3a99c3da401fbd62cc2caa5b96d2 54fadb412c4e40cdbaed9335e4c35a9e - - -] [instance: 14fd1ce7-ad9d-432f-89e2-ca36119aa284] Took 20.38 seconds to build instance.
nova-compute.log.2017-05-14_21:27:09 2017-05-14 21:01:02.062 2931 INFO nova.compute.manager [-] [instance: 14fd1ce7-ad9d-432f-89e2-ca36119aa284] During sync_power_state the instance has a pending task (spawning). Skip.
nova-compute.log.2017-05-14_21:27:09 2017-05-14 21:01:02.095 2931 INFO nova.compute.manager [req-3ea4052c-895d-4b64-9e2d-04d64c4d94ab - - - - -] [instance: 14fd1ce7-ad9d-432f-89e2-ca36119aa284] During sync_power_state the instance has a pending task (spawning). Skip.
nova-compute.log.2017-05-14_21:27:09 2017-05-14 21:01:02.096 2931 INFO nova.compute.manager [req-3ea4052c-895d-4b64-9e2d-04d64c4d94ab - - - - -] [instance: 14fd1ce7-ad9d-432f-89e2-ca36119aa284] VM Resumed (Lifecycle Event)
nova-compute.log.2017-05-14_21:27:09 2017-05-14 21:01:05.362 2931 INFO nova.virt.libvirt.imagecache [req-addc1839-2ed5-4778-b57e-5854eb7b8b09 - - - - -] image 0673dd71-34c5-4fbb-86c4-40623fbe45b4 at (/var/lib/nova/instances/_base/a489c868f0c37da93b76227c91bb03908ac0e742): checking
nova-compute.log.2017-05-14_21:27:09 2017-05-14 21:01:05.363 2931 INFO nova.virt.libvirt.imagecache [req-addc1839-2ed5-4778-b57e-5854eb7b8b09 - - - - -] image 0673dd71-34c5-4fbb-86c4-40623fbe45b4 at (/var/lib/nova/instances/_base/a489c868f0c37da93b76227c91bb03908ac0e742): in use: on this node 1 local, 0 on other nodes sharing this instance storage
nova-compute.log.2017-05-14_21:27:09 2017-05-14 21:01:05.538 2931 INFO nova.virt.libvirt.imagecache [req-addc1839-2ed5-4778-b57e-5854eb7b8b09 - - - - -] Active base files: /var/lib/nova/instances/_base/a489c868f0c37da93b76227c91bb03908ac0e742
nova-compute.log.2017-05-14_21:27:09 2017-05-14 21:01:10.105 2931 INFO nova.compute.manager [req-2a2dd5b2-065f-410b-9a62-29b110764e9b 113d3a99c3da401fbd62cc2caa5b96d2 54fadb412c4e40cdbaed9335e4c35a9e - - -] [instance: 14fd1ce7-ad9d-432f-89e2-ca36119aa284] Terminating instance
nova-compute.log.2017-05-14_21:27:09 2017-05-14 21:01:10.138 2931 INFO nova.virt.libvirt.imagecache [req-addc1839-2ed5-4778-b57e-5854eb7b8b09 - - - - -] image 0673dd71-34c5-4fbb-86c4-40623fbe45b4 at (/var/lib/nova/instances/_base/a489c868f0c37da93b76227c91bb03908ac0e742): checking
nova-compute.log.2017-05-14_21:27:09 2017-05-14 21:01:10.139 2931 INFO nova.virt.libvirt.imagecache [req-addc1839-2ed5-4778-b57e-5854eb7b8b09 - - - - -] image 0673dd71-34c5-4fbb-86c4-40623fbe45b4 at (/var/lib/nova/instances/_base/a489c868f0c37da93b76227c91bb03908ac0e742): in use: on this node 1 local, 0 on other nodes sharing this instance storage
nova-compute.log.2017-05-14_21:27:09 2017-05-14 21:01:10.322 2931 INFO nova.virt.libvirt.driver [-] [instance: 14fd1ce7-ad9d-432f-89e2-ca36119aa284] Instance destroyed successfully.
nova-compute.log.2017-05-14_21:27:09 2017-05-14 21:01:10.347 2931 INFO nova.virt.libvirt.imagecache [req-addc1839-2ed5-4778-b57e-5854eb7b8b09 - - - - -] Active base files: /var/lib/nova/instances/_base/a489c868f0c37da93b76227c91bb03908ac0e742
nova-compute.log.2017-05-14_21:27:09 2017-05-14 21:01:10.986 2931 INFO nova.virt.libvirt.driver [req-2a2dd5b2-065f-410b-9a62-29b110764e9b 113d3a99c3da401fbd62cc2caa5b96d2 54fadb412c4e40cdbaed9335e4c35a9e - - -] [instance: 14fd1ce7-ad9d-432f-89e2-ca36119aa284] Deleting instance files /var/lib/nova/instances/14fd1ce7-ad9d-432f-89e2-ca36119aa284_del
nova-compute.log.2017-05-14_21:27:09 2017-05-14 21:01:10.989 2931 INFO nova.virt.libvirt.driver [req-2a2dd5b2-065f-410b-9a62-29b110764e9b 113d3a99c3da401fbd62cc2caa5b96d2 54fadb412c4e40cdbaed9335e4c35a9e - - -] [instance: 14fd1ce7-ad9d-432f-89e2-ca36119aa284] Deletion of /var/lib/nova/instances/14fd1ce7-ad9d-432f-89e2-ca36119aa284_del complete
nova-compute.log.2017-05-14_21:27:09 2017-05-14 21:01:11.111 2931 INFO nova.compute.manager [req-2a2dd5b2-065f-410b-9a62-29b110764e9b 113d3a99c3da401fbd62cc2caa5b96d2 54fadb412c4e40cdbaed9335e4c35a9e - - -] [instance: 14fd1ce7-ad9d-432f-89e2-ca36119aa284] Took 1.00 seconds to destroy the instance on the hypervisor.
nova-compute.log.2017-05-14_21:27:09 2017-05-14 21:01:11.694 2931 INFO nova.compute.manager [req-2a2dd5b2-065f-410b-9a62-29b110764e9b 113d3a99c3da401fbd62cc2caa5b96d2 54fadb412c4e40cdbaed9335e4c35a9e - - -] [instance: 14fd1ce7-ad9d-432f-89e2-ca36119aa284] Took 0.58 seconds to deallocate network for instance.
nova-compute.log.2017-05-14_21:27:09 2017-05-14 21:01:15.131 2931 INFO nova.compute.resource_tracker [req-addc1839-2ed5-4778-b57e-5854eb7b8b09 - - - - -] Auditing locally available compute resources for node cp-1.slowvm1.tcloud-pg0.utah.cloudlab.us
nova-compute.log.2017-05-14_21:27:09 2017-05-14 21:01:15.470 2931 INFO nova.compute.resource_tracker [req-addc1839-2ed5-4778-b57e-5854eb7b8b09 - - - - -] Total usable vcpus: 16, total allocated vcpus: 0
nova-compute.log.2017-05-14_21:27:09 2017-05-14 21:01:15.471 2931 INFO nova.compute.resource_tracker [req-addc1839-2ed5-4778-b57e-5854eb7b8b09 - - - - -] Final resource view: name=cp-1.slowvm1.tcloud-pg0.utah.cloudlab.us phys_ram=64172MB used_ram=512MB phys_disk=15GB used_disk=0GB total_vcpus=16 used_vcpus=0 pci_stats=[]
nova-compute.log.2017-05-14_21:27:09 2017-05-14 21:01:15.528 2931 INFO nova.compute.resource_tracker [req-addc1839-2ed5-4778-b57e-5854eb7b8b09 - - - - -] Compute_service record updated for cp-1.slowvm1.tcloud-pg0.utah.cloudlab.us:cp-1.slowvm1.tcloud-pg0.utah.cloudlab.us
nova-compute.log.2017-05-14_21:27:09 2017-05-14 21:01:15.557 2931 WARNING nova.virt.libvirt.imagecache [req-addc1839-2ed5-4778-b57e-5854eb7b8b09 - - - - -] Unknown base file: /var/lib/nova/instances/_base/a489c868f0c37da93b76227c91bb03908ac0e742
nova-compute.log.2017-05-14_21:27:09 2017-05-14 21:01:15.557 2931 INFO nova.virt.libvirt.imagecache [req-addc1839-2ed5-4778-b57e-5854eb7b8b09 - - - - -] Removable base files: /var/lib/nova/instances/_base/a489c868f0c37da93b76227c91bb03908ac0e742
nova-compute.log.2017-05-14_21:27:09 2017-05-14 21:01:15.558 2931 INFO nova.virt.libvirt.imagecache [req-addc1839-2ed5-4778-b57e-5854eb7b8b09 - - - - -] Removing base or swap file: /var/lib/nova/instances/_base/a489c868f0c37da93b76227c91bb03908ac0e742
nova-compute.log.2017-05-14_21:27:09 2017-05-14 21:01:23.601 2931 INFO nova.compute.claims [req-773f6415-a92a-4363-9c7c-78baaba8d9bc 113d3a99c3da401fbd62cc2caa5b96d2 54fadb412c4e40cdbaed9335e4c35a9e - - -] [instance: f0668cd4-e78a-4fa9-9724-094e385c6dbb] Attempting claim: memory 2048 MB, disk 20 GB, vcpus 1 CPU
nova-compute.log.2017-05-14_21:27:09 2017-05-14 21:01:23.603 2931 INFO nova.compute.claims [req-773f6415-a92a-4363-9c7c-78baaba8d9bc 113d3a99c3da401fbd62cc2caa5b96d2 54fadb412c4e40cdbaed9335e4c35a9e - - -] [instance: f0668cd4-e78a-4fa9-9724-094e385c6dbb] Total memory: 64172 MB, used: 512.00 MB
nova-compute.log.2017-05-14_21:27:09 2017-05-14 21:01:23.604 2931 INFO nova.compute.claims [req-773f6415-a92a-4363-9c7c-78baaba8d9bc 113d3a99c3da401fbd62cc2caa5b96d2 54fadb412c4e40cdbaed9335e4c35a9e - - -] [instance: f0668cd4-e78a-4fa9-9724-094e385c6dbb] memory limit: 96258.00 MB, free: 95746.00 MB
nova-compute.log.2017-05-14_21:27:09 2017-05-14 21:01:23.604 2931 INFO nova.compute.claims [req-773f6415-a92a-4363-9c7c-78baaba8d9bc 113d3a99c3da401fbd62cc2caa5b96d2 54fadb412c4e40cdbaed9335e4c35a9e - - -] [instance: f0668cd4-e78a-4fa9-9724-094e385c6dbb] Total disk: 15 GB, used: 0.00 GB
nova-compute.log.2017-05-14_21:27:09 2017-05-14 21:01:23.605 2931 INFO nova.compute.claims [req-773f6415-a92a-4363-9c7c-78baaba8d9bc 113d3a99c3da401fbd62cc2caa5b96d2 54fadb412c4e40cdbaed9335e4c35a9e - - -] [instance: f0668cd4-e78a-4fa9-9724-094e385c6dbb] disk limit not specified, defaulting to unlimited
nova-compute.log.2017-05-14_21:27:09 2017-05-14 21:01:23.605 2931 INFO nova.compute.claims [req-773f6415-a92a-4363-9c7c-78baaba8d9bc 113d3a99c3da401fbd62cc2caa5b96d2 54fadb412c4e40cdbaed9335e4c35a9e - - -] [instance: f0668cd4-e78a-4fa9-9724-094e385c6dbb] Total vcpu: 16 VCPU, used: 0.00 VCPU
nova-compute.log.2017-05-14_21:27:09 2017-05-14 21:01:23.605 2931 INFO nova.compute.claims [req-773f6415-a92a-4363-9c7c-78baaba8d9bc 113d3a99c3da401fbd62cc2caa5b96d2 54fadb412c4e40cdbaed9335e4c35a9e - - -] [instance: f0668cd4-e78a-4fa9-9724-094e385c6dbb] vcpu limit not specified, defaulting to unlimited
nova-compute.log.2017-05-14_21:27:09 2017-05-14 21:01:23.639 2931 INFO nova.compute.claims [req-773f6415-a92a-4363-9c7c-78baaba8d9bc 113d3a99c3da401fbd62cc2caa5b96d2 54fadb412c4e40cdbaed9335e4c35a9e - - -] [instance: f0668cd4-e78a-4fa9-9724-094e385c6dbb] Claim successful
nova-compute.log.2017-05-14_21:27:09 2017-05-14 21:01:24.214 2931 INFO nova.virt.libvirt.driver [req-773f6415-a92a-4363-9c7c-78baaba8d9bc 113d3a99c3da401fbd62cc2caa5b96d2 54fadb412c4e40cdbaed9335e4c35a9e - - -] [instance: f0668cd4-e78a-4fa9-9724-094e385c6dbb] Creating image
nova-compute.log.2017-05-14_21:27:09 2017-05-14 21:01:25.405 2931 INFO nova.compute.manager [-] [instance: 14fd1ce7-ad9d-432f-89e2-ca36119aa284] VM Stopped (Lifecycle Event)
nova-compute.log.2017-05-14_21:27:09 2017-05-14 21:01:35.600 2931 INFO nova.virt.libvirt.imagecache [req-addc1839-2ed5-4778-b57e-5854eb7b8b09 - - - - -] image 0673dd71-34c5-4fbb-86c4-40623fbe45b4 at (/var/lib/nova/instances/_base/a489c868f0c37da93b76227c91bb03908ac0e742): checking
nova-compute.log.2017-05-14_21:27:09 2017-05-14 21:01:35.601 2931 INFO nova.virt.libvirt.imagecache [req-addc1839-2ed5-4778-b57e-5854eb7b8b09 - - - - -] image 0673dd71-34c5-4fbb-86c4-40623fbe45b4 at (/var/lib/nova/instances/_base/a489c868f0c37da93b76227c91bb03908ac0e742): in use: on this node 1 local, 0 on other nodes sharing this instance storage
nova-compute.log.2017-05-14_21:27:09 2017-05-14 21:01:35.788 2931 INFO nova.virt.libvirt.imagecache [req-addc1839-2ed5-4778-b57e-5854eb7b8b09 - - - - -] Active base files: /var/lib/nova/instances/_base/a489c868f0c37da93b76227c91bb03908ac0e742
nova-compute.log.2017-05-14_21:27:09 2017-05-14 21:01:37.470 2931 INFO nova.compute.manager [req-3ea4052c-895d-4b64-9e2d-04d64c4d94ab - - - - -] [instance: f0668cd4-e78a-4fa9-9724-094e385c6dbb] VM Started (Lifecycle Event)
nova-compute.log.2017-05-14_21:27:09 2017-05-14 21:01:37.646 2931 INFO nova.compute.manager [req-3ea4052c-895d-4b64-9e2d-04d64c4d94ab - - - - -] [instance: f0668cd4-e78a-4fa9-9724-094e385c6dbb] VM Paused (Lifecycle Event)
nova-compute.log.2017-05-14_21:27:09 2017-05-14 21:01:37.771 2931 INFO nova.compute.manager [req-3ea4052c-895d-4b64-9e2d-04d64c4d94ab - - - - -] [instance: f0668cd4-e78a-4fa9-9724-094e385c6dbb] During sync_power_state the instance has a pending task (spawning). Skip.
nova-compute.log.2017-05-14_21:27:09 2017-05-14 21:01:40.842 2931 INFO nova.virt.libvirt.imagecache [req-addc1839-2ed5-4778-b57e-5854eb7b8b09 - - - - -] image 0673dd71-34c5-4fbb-86c4-40623fbe45b4 at (/var/lib/nova/instances/_base/a489c868f0c37da93b76227c91bb03908ac0e742): checking
nova-compute.log.2017-05-14_21:27:09 2017-05-14 21:01:40.843 2931 INFO nova.virt.libvirt.imagecache [req-addc1839-2ed5-4778-b57e-5854eb7b8b09 - - - - -] image 0673dd71-34c5-4fbb-86c4-40623fbe45b4 at (/var/lib/nova/instances/_base/a489c868f0c37da93b76227c91bb03908ac0e742): in use: on this node 1 local, 0 on other nodes sharing this instance storage
nova-compute.log.2017-05-14_21:27:09 2017-05-14 21:01:41.033 2931 INFO nova.virt.libvirt.imagecache [req-addc1839-2ed5-4778-b57e-5854eb7b8b09 - - - - -] Active base files: /var/lib/nova/instances/_base/a489c868f0c37da93b76227c91bb03908ac0e742
nova-compute.log.2017-05-14_21:27:09 2017-05-14 21:01:43.211 2931 INFO nova.compute.manager [req-3ea4052c-895d-4b64-9e2d-04d64c4d94ab - - - - -] [instance: f0668cd4-e78a-4fa9-9724-094e385c6dbb] VM Resumed (Lifecycle Event)
nova-compute.log.2017-05-14_21:27:09 2017-05-14 21:01:43.218 2931 INFO nova.virt.libvirt.driver [-] [instance: f0668cd4-e78a-4fa9-9724-094e385c6dbb] Instance spawned successfully.
nova-compute.log.2017-05-14_21:27:09 2017-05-14 21:01:43.219 2931 INFO nova.compute.manager [req-773f6415-a92a-4363-9c7c-78baaba8d9bc 113d3a99c3da401fbd62cc2caa5b96d2 54fadb412c4e40cdbaed9335e4c35a9e - - -] [instance: f0668cd4-e78a-4fa9-9724-094e385c6dbb] Took 19.01 seconds to spawn the instance on the hypervisor.
nova-compute.log.2017-05-14_21:27:09 2017-05-14 21:01:43.428 2931 INFO nova.compute.manager [req-3ea4052c-895d-4b64-9e2d-04d64c4d94ab - - - - -] [instance: f0668cd4-e78a-4fa9-9724-094e385c6dbb] During sync_power_state the instance has a pending task (spawning). Skip.
nova-compute.log.2017-05-14_21:27:09 2017-05-14 21:01:43.429 2931 INFO nova.compute.manager [req-3ea4052c-895d-4b64-9e2d-04d64c4d94ab - - - - -] [instance: f0668cd4-e78a-4fa9-9724-094e385c6dbb] VM Resumed (Lifecycle Event)
nova-compute.log.2017-05-14_21:27:09 2017-05-14 21:01:43.473 2931 INFO nova.compute.manager [req-773f6415-a92a-4363-9c7c-78baaba8d9bc 113d3a99c3da401fbd62cc2caa5b96d2 54fadb412c4e40cdbaed9335e4c35a9e - - -] [instance: f0668cd4-e78a-4fa9-9724-094e385c6dbb] Took 19.88 seconds to build instance.
nova-compute.log.2017-05-14_21:27:09 2017-05-14 21:01:46.086 2931 INFO nova.virt.libvirt.imagecache [req-addc1839-2ed5-4778-b57e-5854eb7b8b09 - - - - -] image 0673dd71-34c5-4fbb-86c4-40623fbe45b4 at (/var/lib/nova/instances/_base/a489c868f0c37da93b76227c91bb03908ac0e742): checking
nova-compute.log.2017-05-14_21:27:09 2017-05-14 21:01:46.086 2931 INFO nova.virt.libvirt.imagecache [req-addc1839-2ed5-4778-b57e-5854eb7b8b09 - - - - -] image 0673dd71-34c5-4fbb-86c4-40623fbe45b4 at (/var/lib/nova/instances/_base/a489c868f0c37da93b76227c91bb03908ac0e742): in use: on this node 1 local, 0 on other nodes sharing this instance storage
nova-compute.log.2017-05-14_21:27:09 2017-05-14 21:01:46.264 2931 INFO nova.virt.libvirt.imagecache [req-addc1839-2ed5-4778-b57e-5854eb7b8b09 - - - - -] Active base files: /var/lib/nova/instances/_base/a489c868f0c37da93b76227c91bb03908ac0e742
nova-compute.log.2017-05-14_21:27:09 2017-05-14 21:01:50.475 2931 INFO nova.compute.manager [req-ee8c8c08-8078-4a22-b894-61eb5065ea4b 113d3a99c3da401fbd62cc2caa5b96d2 54fadb412c4e40cdbaed9335e4c35a9e - - -] [instance: f0668cd4-e78a-4fa9-9724-094e385c6dbb] Terminating instance
nova-compute.log.2017-05-14_21:27:09 2017-05-14 21:01:50.690 2931 INFO nova.virt.libvirt.driver [-] [instance: f0668cd4-e78a-4fa9-9724-094e385c6dbb] Instance destroyed successfully.
nova-compute.log.2017-05-14_21:27:09 2017-05-14 21:01:51.319 2931 INFO nova.virt.libvirt.imagecache [req-addc1839-2ed5-4778-b57e-5854eb7b8b09 - - - - -] image 0673dd71-34c5-4fbb-86c4-40623fbe45b4 at (/var/lib/nova/instances/_base/a489c868f0c37da93b76227c91bb03908ac0e742): checking
nova-compute.log.2017-05-14_21:27:09 2017-05-14 21:01:51.321 2931 INFO nova.virt.libvirt.imagecache [req-addc1839-2ed5-4778-b57e-5854eb7b8b09 - - - - -] image 0673dd71-34c5-4fbb-86c4-40623fbe45b4 at (/var/lib/nova/instances/_base/a489c868f0c37da93b76227c91bb03908ac0e742): in use: on this node 1 local, 0 on other nodes sharing this instance storage
nova-compute.log.2017-05-14_21:27:09 2017-05-14 21:01:51.378 2931 INFO nova.virt.libvirt.driver [req-ee8c8c08-8078-4a22-b894-61eb5065ea4b 113d3a99c3da401fbd62cc2caa5b96d2 54fadb412c4e40cdbaed9335e4c35a9e - - -] [instance: f0668cd4-e78a-4fa9-9724-094e385c6dbb] Deleting instance files /var/lib/nova/instances/f0668cd4-e78a-4fa9-9724-094e385c6dbb_del
nova-compute.log.2017-05-14_21:27:09 2017-05-14 21:01:51.381 2931 INFO nova.virt.libvirt.driver [req-ee8c8c08-8078-4a22-b894-61eb5065ea4b 113d3a99c3da401fbd62cc2caa5b96d2 54fadb412c4e40cdbaed9335e4c35a9e - - -] [instance: f0668cd4-e78a-4fa9-9724-094e385c6dbb] Deletion of /var/lib/nova/instances/f0668cd4-e78a-4fa9-9724-094e385c6dbb_del complete
nova-compute.log.2017-05-14_21:27:09 2017-05-14 21:01:51.426 2931 INFO nova.virt.libvirt.imagecache [req-addc1839-2ed5-4778-b57e-5854eb7b8b09 - - - - -] Active base files: /var/lib/nova/instances/_base/a489c868f0c37da93b76227c91bb03908ac0e742
nova-compute.log.2017-05-14_21:27:09 2017-05-14 21:01:51.489 2931 INFO nova.compute.manager [req-ee8c8c08-8078-4a22-b894-61eb5065ea4b 113d3a99c3da401fbd62cc2caa5b96d2 54fadb412c4e40cdbaed9335e4c35a9e - - -] [instance: f0668cd4-e78a-4fa9-9724-094e385c6dbb] Took 1.01 seconds to destroy the instance on the hypervisor.
nova-compute.log.2017-05-14_21:27:09 2017-05-14 21:01:52.005 2931 INFO nova.compute.manager [req-ee8c8c08-8078-4a22-b894-61eb5065ea4b 113d3a99c3da401fbd62cc2caa5b96d2 54fadb412c4e40cdbaed9335e4c35a9e - - -] [instance: f0668cd4-e78a-4fa9-9724-094e385c6dbb] Took 0.51 seconds to deallocate network for instance.
nova-compute.log.2017-05-14_21:27:09 2017-05-14 21:01:56.277 2931 WARNING nova.virt.libvirt.imagecache [req-addc1839-2ed5-4778-b57e-5854eb7b8b09 - - - - -] Unknown base file: /var/lib/nova/instances/_base/a489c868f0c37da93b76227c91bb03908ac0e742
nova-compute.log.2017-05-14_21:27:09 2017-05-14 21:01:56.278 2931 INFO nova.virt.libvirt.imagecache [req-addc1839-2ed5-4778-b57e-5854eb7b8b09 - - - - -] Removable base files: /var/lib/nova/instances/_base/a489c868f0c37da93b76227c91bb03908ac0e742
nova-compute.log.2017-05-14_21:27:09 2017-05-14 21:01:56.280 2931 INFO nova.virt.libvirt.imagecache [req-addc1839-2ed5-4778-b57e-5854eb7b8b09 - - - - -] Base or swap file too young to remove: /var/lib/nova/instances/_base/a489c868f0c37da93b76227c91bb03908ac0e742
nova-compute.log.2017-05-14_21:27:09 2017-05-14 21:02:00.115 2931 WARNING nova.virt.libvirt.imagecache [req-addc1839-2ed5-4778-b57e-5854eb7b8b09 - - - - -] Unknown base file: /var/lib/nova/instances/_base/a489c868f0c37da93b76227c91bb03908ac0e742
nova-compute.log.2017-05-14_21:27:09 2017-05-14 21:02:00.117 2931 INFO nova.virt.libvirt.imagecache [req-addc1839-2ed5-4778-b57e-5854eb7b8b09 - - - - -] Removable base files: /var/lib/nova/instances/_base/a489c868f0c37da93b76227c91bb03908ac0e742
nova-compute.log.2017-05-14_21:27:09 2017-05-14 21:02:00.118 2931 INFO nova.virt.libvirt.imagecache [req-addc1839-2ed5-4778-b57e-5854eb7b8b09 - - - - -] Removing base or swap file: /var/lib/nova/instances/_base/a489c868f0c37da93b76227c91bb03908ac0e742
nova-compute.log.2017-05-14_21:27:09 2017-05-14 21:02:03.918 2931 INFO nova.compute.claims [req-11f5165f-cdf0-43eb-a99a-797e57affbe3 113d3a99c3da401fbd62cc2caa5b96d2 54fadb412c4e40cdbaed9335e4c35a9e - - -] [instance: d10bdaf5-08a2-4dee-8535-86a9fc013c0d] Attempting claim: memory 2048 MB, disk 20 GB, vcpus 1 CPU
nova-compute.log.2017-05-14_21:27:09 2017-05-14 21:02:03.920 2931 INFO nova.compute.claims [req-11f5165f-cdf0-43eb-a99a-797e57affbe3 113d3a99c3da401fbd62cc2caa5b96d2 54fadb412c4e40cdbaed9335e4c35a9e - - -] [instance: d10bdaf5-08a2-4dee-8535-86a9fc013c0d] Total memory: 64172 MB, used: 512.00 MB
nova-compute.log.2017-05-14_21:27:09 2017-05-14 21:02:03.920 2931 INFO nova.compute.claims [req-11f5165f-cdf0-43eb-a99a-797e57affbe3 113d3a99c3da401fbd62cc2caa5b96d2 54fadb412c4e40cdbaed9335e4c35a9e - - -] [instance: d10bdaf5-08a2-4dee-8535-86a9fc013c0d] memory limit: 96258.00 MB, free: 95746.00 MB
nova-compute.log.2017-05-14_21:27:09 2017-05-14 21:02:03.921 2931 INFO nova.compute.claims [req-11f5165f-cdf0-43eb-a99a-797e57affbe3 113d3a99c3da401fbd62cc2caa5b96d2 54fadb412c4e40cdbaed9335e4c35a9e - - -] [instance: d10bdaf5-08a2-4dee-8535-86a9fc013c0d] Total disk: 15 GB, used: 0.00 GB
nova-compute.log.2017-05-14_21:27:09 2017-05-14 21:02:03.921 2931 INFO nova.compute.claims [req-11f5165f-cdf0-43eb-a99a-797e57affbe3 113d3a99c3da401fbd62cc2caa5b96d2 54fadb412c4e40cdbaed9335e4c35a9e - - -] [instance: d10bdaf5-08a2-4dee-8535-86a9fc013c0d] disk limit not specified, defaulting to unlimited
nova-compute.log.2017-05-14_21:27:09 2017-05-14 21:02:03.922 2931 INFO nova.compute.claims [req-11f5165f-cdf0-43eb-a99a-797e57affbe3 113d3a99c3da401fbd62cc2caa5b96d2 54fadb412c4e40cdbaed9335e4c35a9e - - -] [instance: d10bdaf5-08a2-4dee-8535-86a9fc013c0d] Total vcpu: 16 VCPU, used: 0.00 VCPU
nova-compute.log.2017-05-14_21:27:09 2017-05-14 21:02:03.922 2931 INFO nova.compute.claims [req-11f5165f-cdf0-43eb-a99a-797e57affbe3 113d3a99c3da401fbd62cc2caa5b96d2 54fadb412c4e40cdbaed9335e4c35a9e - - -] [instance: d10bdaf5-08a2-4dee-8535-86a9fc013c0d] vcpu limit not specified, defaulting to unlimited
nova-compute.log.2017-05-14_21:27:09 2017-05-14 21:02:03.956 2931 INFO nova.compute.claims [req-11f5165f-cdf0-43eb-a99a-797e57affbe3 113d3a99c3da401fbd62cc2caa5b96d2 54fadb412c4e40cdbaed9335e4c35a9e - - -] [instance: d10bdaf5-08a2-4dee-8535-86a9fc013c0d] Claim successful
nova-compute.log.2017-05-14_21:27:09 2017-05-14 21:02:04.553 2931 INFO nova.virt.libvirt.driver [req-11f5165f-cdf0-43eb-a99a-797e57affbe3 113d3a99c3da401fbd62cc2caa5b96d2 54fadb412c4e40cdbaed9335e4c35a9e - - -] [instance: d10bdaf5-08a2-4dee-8535-86a9fc013c0d] Creating image
nova-compute.log.2017-05-14_21:27:09 2017-05-14 21:02:05.737 2931 INFO nova.compute.manager [-] [instance: f0668cd4-e78a-4fa9-9724-094e385c6dbb] VM Stopped (Lifecycle Event)
nova-compute.log.2017-05-14_21:27:09 2017-05-14 21:02:15.181 2931 INFO nova.compute.resource_tracker [req-addc1839-2ed5-4778-b57e-5854eb7b8b09 - - - - -] Auditing locally available compute resources for node cp-1.slowvm1.tcloud-pg0.utah.cloudlab.us
nova-compute.log.2017-05-14_21:27:09 2017-05-14 21:02:15.958 2931 INFO nova.compute.resource_tracker [req-addc1839-2ed5-4778-b57e-5854eb7b8b09 - - - - -] Total usable vcpus: 16, total allocated vcpus: 1
nova-compute.log.2017-05-14_21:27:09 2017-05-14 21:02:15.959 2931 INFO nova.compute.resource_tracker [req-addc1839-2ed5-4778-b57e-5854eb7b8b09 - - - - -] Final resource view: name=cp-1.slowvm1.tcloud-pg0.utah.cloudlab.us phys_ram=64172MB used_ram=2560MB phys_disk=15GB used_disk=20GB total_vcpus=16 used_vcpus=1 pci_stats=[]
nova-compute.log.2017-05-14_21:27:09 2017-05-14 21:02:16.019 2931 INFO nova.compute.resource_tracker [req-addc1839-2ed5-4778-b57e-5854eb7b8b09 - - - - -] Compute_service record updated for cp-1.slowvm1.tcloud-pg0.utah.cloudlab.us:cp-1.slowvm1.tcloud-pg0.utah.cloudlab.us
nova-compute.log.2017-05-14_21:27:09 2017-05-14 21:02:16.084 2931 INFO nova.virt.libvirt.imagecache [req-addc1839-2ed5-4778-b57e-5854eb7b8b09 - - - - -] image 0673dd71-34c5-4fbb-86c4-40623fbe45b4 at (/var/lib/nova/instances/_base/a489c868f0c37da93b76227c91bb03908ac0e742): checking
nova-compute.log.2017-05-14_21:27:09 2017-05-14 21:02:16.085 2931 INFO nova.virt.libvirt.imagecache [req-addc1839-2ed5-4778-b57e-5854eb7b8b09 - - - - -] image 0673dd71-34c5-4fbb-86c4-40623fbe45b4 at (/var/lib/nova/instances/_base/a489c868f0c37da93b76227c91bb03908ac0e742): in use: on this node 1 local, 0 on other nodes sharing this instance storage
nova-compute.log.2017-05-14_21:27:09 2017-05-14 21:02:16.277 2931 INFO nova.virt.libvirt.imagecache [req-addc1839-2ed5-4778-b57e-5854eb7b8b09 - - - - -] Active base files: /var/lib/nova/instances/_base/a489c868f0c37da93b76227c91bb03908ac0e742
nova-compute.log.2017-05-14_21:27:09 2017-05-14 21:02:16.732 2931 INFO nova.compute.manager [req-3ea4052c-895d-4b64-9e2d-04d64c4d94ab - - - - -] [instance: d10bdaf5-08a2-4dee-8535-86a9fc013c0d] VM Started (Lifecycle Event)
nova-compute.log.2017-05-14_21:27:09 2017-05-14 21:02:16.800 2931 INFO nova.compute.manager [req-3ea4052c-895d-4b64-9e2d-04d64c4d94ab - - - - -] [instance: d10bdaf5-08a2-4dee-8535-86a9fc013c0d] VM Paused (Lifecycle Event)
nova-compute.log.2017-05-14_21:27:09 2017-05-14 21:02:16.925 2931 INFO nova.compute.manager [req-3ea4052c-895d-4b64-9e2d-04d64c4d94ab - - - - -] [instance: d10bdaf5-08a2-4dee-8535-86a9fc013c0d] During sync_power_state the instance has a pending task (spawning). Skip.
nova-compute.log.2017-05-14_21:27:09 2017-05-14 21:02:20.182 2931 INFO nova.virt.libvirt.imagecache [req-addc1839-2ed5-4778-b57e-5854eb7b8b09 - - - - -] image 0673dd71-34c5-4fbb-86c4-40623fbe45b4 at (/var/lib/nova/instances/_base/a489c868f0c37da93b76227c91bb03908ac0e742): checking
nova-compute.log.2017-05-14_21:27:09 2017-05-14 21:02:20.183 2931 INFO nova.virt.libvirt.imagecache [req-addc1839-2ed5-4778-b57e-5854eb7b8b09 - - - - -] image 0673dd71-34c5-4fbb-86c4-40623fbe45b4 at (/var/lib/nova/instances/_base/a489c868f0c37da93b76227c91bb03908ac0e742): in use: on this node 1 local, 0 on other nodes sharing this instance storage
nova-compute.log.2017-05-14_21:27:09 2017-05-14 21:02:20.365 2931 INFO nova.virt.libvirt.imagecache [req-addc1839-2ed5-4778-b57e-5854eb7b8b09 - - - - -] Active base files: /var/lib/nova/instances/_base/a489c868f0c37da93b76227c91bb03908ac0e742
nova-compute.log.2017-05-14_21:27:09 2017-05-14 21:02:22.635 2931 INFO nova.compute.manager [req-3ea4052c-895d-4b64-9e2d-04d64c4d94ab - - - - -] [instance: d10bdaf5-08a2-4dee-8535-86a9fc013c0d] VM Resumed (Lifecycle Event)
nova-compute.log.2017-05-14_21:27:09 2017-05-14 21:02:22.644 2931 INFO nova.virt.libvirt.driver [-] [instance: d10bdaf5-08a2-4dee-8535-86a9fc013c0d] Instance spawned successfully.
nova-compute.log.2017-05-14_21:27:09 2017-05-14 21:02:22.645 2931 INFO nova.compute.manager [req-11f5165f-cdf0-43eb-a99a-797e57affbe3 113d3a99c3da401fbd62cc2caa5b96d2 54fadb412c4e40cdbaed9335e4c35a9e - - -] [instance: d10bdaf5-08a2-4dee-8535-86a9fc013c0d] Took 18.09 seconds to spawn the instance on the hypervisor.
nova-compute.log.2017-05-14_21:27:09 2017-05-14 21:02:22.760 2931 INFO nova.compute.manager [req-3ea4052c-895d-4b64-9e2d-04d64c4d94ab - - - - -] [instance: d10bdaf5-08a2-4dee-8535-86a9fc013c0d] During sync_power_state the instance has a pending task (spawning). Skip.
nova-compute.log.2017-05-14_21:27:09 2017-05-14 21:02:22.761 2931 INFO nova.compute.manager [req-3ea4052c-895d-4b64-9e2d-04d64c4d94ab - - - - -] [instance: d10bdaf5-08a2-4dee-8535-86a9fc013c0d] VM Resumed (Lifecycle Event)
nova-compute.log.2017-05-14_21:27:09 2017-05-14 21:02:22.780 2931 INFO nova.compute.manager [req-11f5165f-cdf0-43eb-a99a-797e57affbe3 113d3a99c3da401fbd62cc2caa5b96d2 54fadb412c4e40cdbaed9335e4c35a9e - - -] [instance: d10bdaf5-08a2-4dee-8535-86a9fc013c0d] Took 18.87 seconds to build instance.
nova-compute.log.2017-05-14_21:27:09 2017-05-14 21:02:25.136 2931 INFO nova.virt.libvirt.imagecache [req-addc1839-2ed5-4778-b57e-5854eb7b8b09 - - - - -] image 0673dd71-34c5-4fbb-86c4-40623fbe45b4 at (/var/lib/nova/instances/_base/a489c868f0c37da93b76227c91bb03908ac0e742): checking
nova-compute.log.2017-05-14_21:27:09 2017-05-14 21:02:25.137 2931 INFO nova.virt.libvirt.imagecache [req-addc1839-2ed5-4778-b57e-5854eb7b8b09 - - - - -] image 0673dd71-34c5-4fbb-86c4-40623fbe45b4 at (/var/lib/nova/instances/_base/a489c868f0c37da93b76227c91bb03908ac0e742): in use: on this node 1 local, 0 on other nodes sharing this instance storage
nova-compute.log.2017-05-14_21:27:09 2017-05-14 21:02:25.322 2931 INFO nova.virt.libvirt.imagecache [req-addc1839-2ed5-4778-b57e-5854eb7b8b09 - - - - -] Active base files: /var/lib/nova/instances/_base/a489c868f0c37da93b76227c91bb03908ac0e742
nova-compute.log.2017-05-14_21:27:09 2017-05-14 21:02:30.374 2931 INFO nova.virt.libvirt.imagecache [req-addc1839-2ed5-4778-b57e-5854eb7b8b09 - - - - -] image 0673dd71-34c5-4fbb-86c4-40623fbe45b4 at (/var/lib/nova/instances/_base/a489c868f0c37da93b76227c91bb03908ac0e742): checking
nova-compute.log.2017-05-14_21:27:09 2017-05-14 21:02:30.375 2931 INFO nova.virt.libvirt.imagecache [req-addc1839-2ed5-4778-b57e-5854eb7b8b09 - - - - -] image 0673dd71-34c5-4fbb-86c4-40623fbe45b4 at (/var/lib/nova/instances/_base/a489c868f0c37da93b76227c91bb03908ac0e742): in use: on this node 1 local, 0 on other nodes sharing this instance storage
nova-compute.log.2017-05-14_21:27:09 2017-05-14 21:02:30.557 2931 INFO nova.virt.libvirt.imagecache [req-addc1839-2ed5-4778-b57e-5854eb7b8b09 - - - - -] Active base files: /var/lib/nova/instances/_base/a489c868f0c37da93b76227c91bb03908ac0e742
nova-compute.log.2017-05-14_21:27:09 2017-05-14 21:02:30.872 2931 INFO nova.compute.manager [req-ba7aaa33-d3d7-4af0-ba4d-91eacad2e197 113d3a99c3da401fbd62cc2caa5b96d2 54fadb412c4e40cdbaed9335e4c35a9e - - -] [instance: d10bdaf5-08a2-4dee-8535-86a9fc013c0d] Terminating instance
nova-compute.log.2017-05-14_21:27:09 2017-05-14 21:02:31.089 2931 INFO nova.virt.libvirt.driver [-] [instance: d10bdaf5-08a2-4dee-8535-86a9fc013c0d] Instance destroyed successfully.
nova-compute.log.2017-05-14_21:27:09 2017-05-14 21:02:31.760 2931 INFO nova.virt.libvirt.driver [req-ba7aaa33-d3d7-4af0-ba4d-91eacad2e197 113d3a99c3da401fbd62cc2caa5b96d2 54fadb412c4e40cdbaed9335e4c35a9e - - -] [instance: d10bdaf5-08a2-4dee-8535-86a9fc013c0d] Deleting instance files /var/lib/nova/instances/d10bdaf5-08a2-4dee-8535-86a9fc013c0d_del
nova-compute.log.2017-05-14_21:27:09 2017-05-14 21:02:31.762 2931 INFO nova.virt.libvirt.driver [req-ba7aaa33-d3d7-4af0-ba4d-91eacad2e197 113d3a99c3da401fbd62cc2caa5b96d2 54fadb412c4e40cdbaed9335e4c35a9e - - -] [instance: d10bdaf5-08a2-4dee-8535-86a9fc013c0d] Deletion of /var/lib/nova/instances/d10bdaf5-08a2-4dee-8535-86a9fc013c0d_del complete
nova-compute.log.2017-05-14_21:27:09 2017-05-14 21:02:31.883 2931 INFO nova.compute.manager [req-ba7aaa33-d3d7-4af0-ba4d-91eacad2e197 113d3a99c3da401fbd62cc2caa5b96d2 54fadb412c4e40cdbaed9335e4c35a9e - - -] [instance: d10bdaf5-08a2-4dee-8535-86a9fc013c0d] Took 1.01 seconds to destroy the instance on the hypervisor.
nova-compute.log.2017-05-14_21:27:09 2017-05-14 21:02:32.338 2931 INFO nova.compute.manager [req-ba7aaa33-d3d7-4af0-ba4d-91eacad2e197 113d3a99c3da401fbd62cc2caa5b96d2 54fadb412c4e40cdbaed9335e4c35a9e - - -] [instance: d10bdaf5-08a2-4dee-8535-86a9fc013c0d] Took 0.45 seconds to deallocate network for instance.
nova-compute.log.2017-05-14_21:27:09 2017-05-14 21:02:35.584 2931 WARNING nova.virt.libvirt.imagecache [req-addc1839-2ed5-4778-b57e-5854eb7b8b09 - - - - -] Unknown base file: /var/lib/nova/instances/_base/a489c868f0c37da93b76227c91bb03908ac0e742
nova-compute.log.2017-05-14_21:27:09 2017-05-14 21:02:35.584 2931 INFO nova.virt.libvirt.imagecache [req-addc1839-2ed5-4778-b57e-5854eb7b8b09 - - - - -] Removable base files: /var/lib/nova/instances/_base/a489c868f0c37da93b76227c91bb03908ac0e742
nova-compute.log.2017-05-14_21:27:09 2017-05-14 21:02:35.585 2931 INFO nova.virt.libvirt.imagecache [req-addc1839-2ed5-4778-b57e-5854eb7b8b09 - - - - -] Removing base or swap file: /var/lib/nova/instances/_base/a489c868f0c37da93b76227c91bb03908ac0e742
nova-compute.log.2017-05-14_21:27:09 2017-05-14 21:02:44.179 2931 INFO nova.compute.claims [req-9b3eb55f-3008-48e4-875c-a04de37dc0f5 113d3a99c3da401fbd62cc2caa5b96d2 54fadb412c4e40cdbaed9335e4c35a9e - - -] [instance: f15c5e04-169c-4484-8041-c4d4d86a7d2b] Attempting claim: memory 2048 MB, disk 20 GB, vcpus 1 CPU
nova-compute.log.2017-05-14_21:27:09 2017-05-14 21:02:44.180 2931 INFO nova.compute.claims [req-9b3eb55f-3008-48e4-875c-a04de37dc0f5 113d3a99c3da401fbd62cc2caa5b96d2 54fadb412c4e40cdbaed9335e4c35a9e - - -] [instance: f15c5e04-169c-4484-8041-c4d4d86a7d2b] Total memory: 64172 MB, used: 512.00 MB
nova-compute.log.2017-05-14_21:27:09 2017-05-14 21:02:44.181 2931 INFO nova.compute.claims [req-9b3eb55f-3008-48e4-875c-a04de37dc0f5 113d3a99c3da401fbd62cc2caa5b96d2 54fadb412c4e40cdbaed9335e4c35a9e - - -] [instance: f15c5e04-169c-4484-8041-c4d4d86a7d2b] memory limit: 96258.00 MB, free: 95746.00 MB
nova-compute.log.2017-05-14_21:27:09 2017-05-14 21:02:44.182 2931 INFO nova.compute.claims [req-9b3eb55f-3008-48e4-875c-a04de37dc0f5 113d3a99c3da401fbd62cc2caa5b96d2 54fadb412c4e40cdbaed9335e4c35a9e - - -] [instance: f15c5e04-169c-4484-8041-c4d4d86a7d2b] Total disk: 15 GB, used: 0.00 GB
nova-compute.log.2017-05-14_21:27:09 2017-05-14 21:02:44.183 2931 INFO nova.compute.claims [req-9b3eb55f-3008-48e4-875c-a04de37dc0f5 113d3a99c3da401fbd62cc2caa5b96d2 54fadb412c4e40cdbaed9335e4c35a9e - - -] [instance: f15c5e04-169c-4484-8041-c4d4d86a7d2b] disk limit not specified, defaulting to unlimited
nova-compute.log.2017-05-14_21:27:09 2017-05-14 21:02:44.184 2931 INFO nova.compute.claims [req-9b3eb55f-3008-48e4-875c-a04de37dc0f5 113d3a99c3da401fbd62cc2caa5b96d2 54fadb412c4e40cdbaed9335e4c35a9e - - -] [instance: f15c5e04-169c-4484-8041-c4d4d86a7d2b] Total vcpu: 16 VCPU, used: 0.00 VCPU
nova-compute.log.2017-05-14_21:27:09 2017-05-14 21:02:44.184 2931 INFO nova.compute.claims [req-9b3eb55f-3008-48e4-875c-a04de37dc0f5 113d3a99c3da401fbd62cc2caa5b96d2 54fadb412c4e40cdbaed9335e4c35a9e - - -] [instance: f15c5e04-169c-4484-8041-c4d4d86a7d2b] vcpu limit not specified, defaulting to unlimited
nova-compute.log.2017-05-14_21:27:09 2017-05-14 21:02:44.218 2931 INFO nova.compute.claims [req-9b3eb55f-3008-48e4-875c-a04de37dc0f5 113d3a99c3da401fbd62cc2caa5b96d2 54fadb412c4e40cdbaed9335e4c35a9e - - -] [instance: f15c5e04-169c-4484-8041-c4d4d86a7d2b] Claim successful
nova-compute.log.2017-05-14_21:27:09 2017-05-14 21:02:44.776 2931 INFO nova.virt.libvirt.driver [req-9b3eb55f-3008-48e4-875c-a04de37dc0f5 113d3a99c3da401fbd62cc2caa5b96d2 54fadb412c4e40cdbaed9335e4c35a9e - - -] [instance: f15c5e04-169c-4484-8041-c4d4d86a7d2b] Creating image
nova-compute.log.2017-05-14_21:27:09 2017-05-14 21:02:46.086 2931 INFO nova.compute.manager [-] [instance: d10bdaf5-08a2-4dee-8535-86a9fc013c0d] VM Stopped (Lifecycle Event)
nova-compute.log.2017-05-14_21:27:09 2017-05-14 21:02:56.157 2931 INFO nova.virt.libvirt.imagecache [req-addc1839-2ed5-4778-b57e-5854eb7b8b09 - - - - -] image 0673dd71-34c5-4fbb-86c4-40623fbe45b4 at (/var/lib/nova/instances/_base/a489c868f0c37da93b76227c91bb03908ac0e742): checking
nova-compute.log.2017-05-14_21:27:09 2017-05-14 21:02:56.158 2931 INFO nova.virt.libvirt.imagecache [req-addc1839-2ed5-4778-b57e-5854eb7b8b09 - - - - -] image 0673dd71-34c5-4fbb-86c4-40623fbe45b4 at (/var/lib/nova/instances/_base/a489c868f0c37da93b76227c91bb03908ac0e742): in use: on this node 1 local, 0 on other nodes sharing this instance storage
nova-compute.log.2017-05-14_21:27:09 2017-05-14 21:02:56.345 2931 INFO nova.virt.libvirt.imagecache [req-addc1839-2ed5-4778-b57e-5854eb7b8b09 - - - - -] Active base files: /var/lib/nova/instances/_base/a489c868f0c37da93b76227c91bb03908ac0e742
nova-compute.log.2017-05-14_21:27:09 2017-05-14 21:02:58.217 2931 INFO nova.compute.manager [req-3ea4052c-895d-4b64-9e2d-04d64c4d94ab - - - - -] [instance: f15c5e04-169c-4484-8041-c4d4d86a7d2b] VM Started (Lifecycle Event)
nova-compute.log.2017-05-14_21:27:09 2017-05-14 21:02:58.283 2931 INFO nova.compute.manager [req-3ea4052c-895d-4b64-9e2d-04d64c4d94ab - - - - -] [instance: f15c5e04-169c-4484-8041-c4d4d86a7d2b] VM Paused (Lifecycle Event)
nova-compute.log.2017-05-14_21:27:09 2017-05-14 21:02:58.400 2931 INFO nova.compute.manager [req-3ea4052c-895d-4b64-9e2d-04d64c4d94ab - - - - -] [instance: f15c5e04-169c-4484-8041-c4d4d86a7d2b] During sync_power_state the instance has a pending task (spawning). Skip.
nova-compute.log.2017-05-14_21:27:09 2017-05-14 21:03:00.145 2931 INFO nova.virt.libvirt.imagecache [req-addc1839-2ed5-4778-b57e-5854eb7b8b09 - - - - -] image 0673dd71-34c5-4fbb-86c4-40623fbe45b4 at (/var/lib/nova/instances/_base/a489c868f0c37da93b76227c91bb03908ac0e742): checking
nova-compute.log.2017-05-14_21:27:09 2017-05-14 21:03:00.146 2931 INFO nova.virt.libvirt.imagecache [req-addc1839-2ed5-4778-b57e-5854eb7b8b09 - - - - -] image 0673dd71-34c5-4fbb-86c4-40623fbe45b4 at (/var/lib/nova/instances/_base/a489c868f0c37da93b76227c91bb03908ac0e742): in use: on this node 1 local, 0 on other nodes sharing this instance storage
nova-compute.log.2017-05-14_21:27:09 2017-05-14 21:03:00.333 2931 INFO nova.virt.libvirt.imagecache [req-addc1839-2ed5-4778-b57e-5854eb7b8b09 - - - - -] Active base files: /var/lib/nova/instances/_base/a489c868f0c37da93b76227c91bb03908ac0e742
nova-compute.log.2017-05-14_21:27:09 2017-05-14 21:03:05.382 2931 INFO nova.virt.libvirt.imagecache [req-addc1839-2ed5-4778-b57e-5854eb7b8b09 - - - - -] image 0673dd71-34c5-4fbb-86c4-40623fbe45b4 at (/var/lib/nova/instances/_base/a489c868f0c37da93b76227c91bb03908ac0e742): checking
nova-compute.log.2017-05-14_21:27:09 2017-05-14 21:03:05.383 2931 INFO nova.virt.libvirt.imagecache [req-addc1839-2ed5-4778-b57e-5854eb7b8b09 - - - - -] image 0673dd71-34c5-4fbb-86c4-40623fbe45b4 at (/var/lib/nova/instances/_base/a489c868f0c37da93b76227c91bb03908ac0e742): in use: on this node 1 local, 0 on other nodes sharing this instance storage
nova-compute.log.2017-05-14_21:27:09 2017-05-14 21:03:05.573 2931 INFO nova.virt.libvirt.imagecache [req-addc1839-2ed5-4778-b57e-5854eb7b8b09 - - - - -] Active base files: /var/lib/nova/instances/_base/a489c868f0c37da93b76227c91bb03908ac0e742
nova-compute.log.2017-05-14_21:27:09 2017-05-14 21:03:05.952 2931 INFO nova.compute.manager [req-3ea4052c-895d-4b64-9e2d-04d64c4d94ab - - - - -] [instance: f15c5e04-169c-4484-8041-c4d4d86a7d2b] VM Resumed (Lifecycle Event)
nova-compute.log.2017-05-14_21:27:09 2017-05-14 21:03:05.961 2931 INFO nova.virt.libvirt.driver [-] [instance: f15c5e04-169c-4484-8041-c4d4d86a7d2b] Instance spawned successfully.
nova-compute.log.2017-05-14_21:27:09 2017-05-14 21:03:05.962 2931 INFO nova.compute.manager [req-9b3eb55f-3008-48e4-875c-a04de37dc0f5 113d3a99c3da401fbd62cc2caa5b96d2 54fadb412c4e40cdbaed9335e4c35a9e - - -] [instance: f15c5e04-169c-4484-8041-c4d4d86a7d2b] Took 21.19 seconds to spawn the instance on the hypervisor.
nova-compute.log.2017-05-14_21:27:09 2017-05-14 21:03:06.078 2931 INFO nova.compute.manager [req-3ea4052c-895d-4b64-9e2d-04d64c4d94ab - - - - -] [instance: f15c5e04-169c-4484-8041-c4d4d86a7d2b] During sync_power_state the instance has a pending task (spawning). Skip.
nova-compute.log.2017-05-14_21:27:09 2017-05-14 21:03:06.080 2931 INFO nova.compute.manager [req-3ea4052c-895d-4b64-9e2d-04d64c4d94ab - - - - -] [instance: f15c5e04-169c-4484-8041-c4d4d86a7d2b] VM Resumed (Lifecycle Event)
nova-compute.log.2017-05-14_21:27:09 2017-05-14 21:03:06.117 2931 INFO nova.compute.manager [req-9b3eb55f-3008-48e4-875c-a04de37dc0f5 113d3a99c3da401fbd62cc2caa5b96d2 54fadb412c4e40cdbaed9335e4c35a9e - - -] [instance: f15c5e04-169c-4484-8041-c4d4d86a7d2b] Took 21.95 seconds to build instance.
nova-compute.log.2017-05-14_21:27:09 2017-05-14 21:03:10.143 2931 INFO nova.virt.libvirt.imagecache [req-addc1839-2ed5-4778-b57e-5854eb7b8b09 - - - - -] image 0673dd71-34c5-4fbb-86c4-40623fbe45b4 at (/var/lib/nova/instances/_base/a489c868f0c37da93b76227c91bb03908ac0e742): checking
nova-compute.log.2017-05-14_21:27:09 2017-05-14 21:03:10.144 2931 INFO nova.virt.libvirt.imagecache [req-addc1839-2ed5-4778-b57e-5854eb7b8b09 - - - - -] image 0673dd71-34c5-4fbb-86c4-40623fbe45b4 at (/var/lib/nova/instances/_base/a489c868f0c37da93b76227c91bb03908ac0e742): in use: on this node 1 local, 0 on other nodes sharing this instance storage
nova-compute.log.2017-05-14_21:27:09 2017-05-14 21:03:10.316 2931 INFO nova.virt.libvirt.imagecache [req-addc1839-2ed5-4778-b57e-5854eb7b8b09 - - - - -] Active base files: /var/lib/nova/instances/_base/a489c868f0c37da93b76227c91bb03908ac0e742
nova-compute.log.2017-05-14_21:27:09 2017-05-14 21:03:14.198 2931 INFO nova.compute.manager [req-d5dd4f27-511d-466e-8219-2f71df06e9d7 113d3a99c3da401fbd62cc2caa5b96d2 54fadb412c4e40cdbaed9335e4c35a9e - - -] [instance: f15c5e04-169c-4484-8041-c4d4d86a7d2b] Terminating instance
nova-compute.log.2017-05-14_21:27:09 2017-05-14 21:03:14.416 2931 INFO nova.virt.libvirt.driver [-] [instance: f15c5e04-169c-4484-8041-c4d4d86a7d2b] Instance destroyed successfully.
nova-compute.log.2017-05-14_21:27:09 2017-05-14 21:03:15.093 2931 INFO nova.virt.libvirt.driver [req-d5dd4f27-511d-466e-8219-2f71df06e9d7 113d3a99c3da401fbd62cc2caa5b96d2 54fadb412c4e40cdbaed9335e4c35a9e - - -] [instance: f15c5e04-169c-4484-8041-c4d4d86a7d2b] Deleting instance files /var/lib/nova/instances/f15c5e04-169c-4484-8041-c4d4d86a7d2b_del
nova-compute.log.2017-05-14_21:27:09 2017-05-14 21:03:15.094 2931 INFO nova.virt.libvirt.driver [req-d5dd4f27-511d-466e-8219-2f71df06e9d7 113d3a99c3da401fbd62cc2caa5b96d2 54fadb412c4e40cdbaed9335e4c35a9e - - -] [instance: f15c5e04-169c-4484-8041-c4d4d86a7d2b] Deletion of /var/lib/nova/instances/f15c5e04-169c-4484-8041-c4d4d86a7d2b_del complete
nova-compute.log.2017-05-14_21:27:09 2017-05-14 21:03:15.139 2931 INFO nova.compute.resource_tracker [req-addc1839-2ed5-4778-b57e-5854eb7b8b09 - - - - -] Auditing locally available compute resources for node cp-1.slowvm1.tcloud-pg0.utah.cloudlab.us
nova-compute.log.2017-05-14_21:27:09 2017-05-14 21:03:15.233 2931 INFO nova.compute.manager [req-d5dd4f27-511d-466e-8219-2f71df06e9d7 113d3a99c3da401fbd62cc2caa5b96d2 54fadb412c4e40cdbaed9335e4c35a9e - - -] [instance: f15c5e04-169c-4484-8041-c4d4d86a7d2b] Took 1.03 seconds to destroy the instance on the hypervisor.
nova-compute.log.2017-05-14_21:27:09 2017-05-14 21:03:15.510 2931 INFO nova.compute.resource_tracker [req-addc1839-2ed5-4778-b57e-5854eb7b8b09 - - - - -] Total usable vcpus: 16, total allocated vcpus: 1
nova-compute.log.2017-05-14_21:27:09 2017-05-14 21:03:15.510 2931 INFO nova.compute.resource_tracker [req-addc1839-2ed5-4778-b57e-5854eb7b8b09 - - - - -] Final resource view: name=cp-1.slowvm1.tcloud-pg0.utah.cloudlab.us phys_ram=64172MB used_ram=2560MB phys_disk=15GB used_disk=20GB total_vcpus=16 used_vcpus=1 pci_stats=[]
nova-compute.log.2017-05-14_21:27:09 2017-05-14 21:03:15.575 2931 INFO nova.compute.resource_tracker [req-addc1839-2ed5-4778-b57e-5854eb7b8b09 - - - - -] Compute_service record updated for cp-1.slowvm1.tcloud-pg0.utah.cloudlab.us:cp-1.slowvm1.tcloud-pg0.utah.cloudlab.us
nova-compute.log.2017-05-14_21:27:09 2017-05-14 21:03:15.628 2931 INFO nova.virt.libvirt.imagecache [req-addc1839-2ed5-4778-b57e-5854eb7b8b09 - - - - -] image 0673dd71-34c5-4fbb-86c4-40623fbe45b4 at (/var/lib/nova/instances/_base/a489c868f0c37da93b76227c91bb03908ac0e742): checking
nova-compute.log.2017-05-14_21:27:09 2017-05-14 21:03:15.629 2931 INFO nova.virt.libvirt.imagecache [req-addc1839-2ed5-4778-b57e-5854eb7b8b09 - - - - -] image 0673dd71-34c5-4fbb-86c4-40623fbe45b4 at (/var/lib/nova/instances/_base/a489c868f0c37da93b76227c91bb03908ac0e742): in use: on this node 1 local, 0 on other nodes sharing this instance storage
nova-compute.log.2017-05-14_21:27:09 2017-05-14 21:03:15.707 2931 INFO nova.compute.manager [req-d5dd4f27-511d-466e-8219-2f71df06e9d7 113d3a99c3da401fbd62cc2caa5b96d2 54fadb412c4e40cdbaed9335e4c35a9e - - -] [instance: f15c5e04-169c-4484-8041-c4d4d86a7d2b] Took 0.47 seconds to deallocate network for instance.
nova-compute.log.2017-05-14_21:27:09 2017-05-14 21:03:15.739 2931 INFO nova.virt.libvirt.imagecache [req-addc1839-2ed5-4778-b57e-5854eb7b8b09 - - - - -] Active base files: /var/lib/nova/instances/_base/a489c868f0c37da93b76227c91bb03908ac0e742
nova-compute.log.2017-05-14_21:27:09 2017-05-14 21:03:20.145 2931 WARNING nova.virt.libvirt.imagecache [req-addc1839-2ed5-4778-b57e-5854eb7b8b09 - - - - -] Unknown base file: /var/lib/nova/instances/_base/a489c868f0c37da93b76227c91bb03908ac0e742
nova-compute.log.2017-05-14_21:27:09 2017-05-14 21:03:20.146 2931 INFO nova.virt.libvirt.imagecache [req-addc1839-2ed5-4778-b57e-5854eb7b8b09 - - - - -] Removable base files: /var/lib/nova/instances/_base/a489c868f0c37da93b76227c91bb03908ac0e742
nova-compute.log.2017-05-14_21:27:09 2017-05-14 21:03:20.147 2931 INFO nova.virt.libvirt.imagecache [req-addc1839-2ed5-4778-b57e-5854eb7b8b09 - - - - -] Base or swap file too young to remove: /var/lib/nova/instances/_base/a489c868f0c37da93b76227c91bb03908ac0e742
nova-compute.log.2017-05-14_21:27:09 2017-05-14 21:03:25.179 2931 WARNING nova.virt.libvirt.imagecache [req-addc1839-2ed5-4778-b57e-5854eb7b8b09 - - - - -] Unknown base file: /var/lib/nova/instances/_base/a489c868f0c37da93b76227c91bb03908ac0e742
nova-compute.log.2017-05-14_21:27:09 2017-05-14 21:03:25.179 2931 INFO nova.virt.libvirt.imagecache [req-addc1839-2ed5-4778-b57e-5854eb7b8b09 - - - - -] Removable base files: /var/lib/nova/instances/_base/a489c868f0c37da93b76227c91bb03908ac0e742
nova-compute.log.2017-05-14_21:27:09 2017-05-14 21:03:25.181 2931 INFO nova.virt.libvirt.imagecache [req-addc1839-2ed5-4778-b57e-5854eb7b8b09 - - - - -] Removing base or swap file: /var/lib/nova/instances/_base/a489c868f0c37da93b76227c91bb03908ac0e742
nova-compute.log.2017-05-14_21:27:09 2017-05-14 21:03:27.635 2931 INFO nova.compute.claims [req-f165fdfe-ecd9-4519-bdff-6dbdc2ad5040 113d3a99c3da401fbd62cc2caa5b96d2 54fadb412c4e40cdbaed9335e4c35a9e - - -] [instance: 58da1c37-c65a-4240-8ad8-9223470084f1] Attempting claim: memory 2048 MB, disk 20 GB, vcpus 1 CPU
nova-compute.log.2017-05-14_21:27:09 2017-05-14 21:03:27.636 2931 INFO nova.compute.claims [req-f165fdfe-ecd9-4519-bdff-6dbdc2ad5040 113d3a99c3da401fbd62cc2caa5b96d2 54fadb412c4e40cdbaed9335e4c35a9e - - -] [instance: 58da1c37-c65a-4240-8ad8-9223470084f1] Total memory: 64172 MB, used: 512.00 MB
nova-compute.log.2017-05-14_21:27:09 2017-05-14 21:03:27.636 2931 INFO nova.compute.claims [req-f165fdfe-ecd9-4519-bdff-6dbdc2ad5040 113d3a99c3da401fbd62cc2caa5b96d2 54fadb412c4e40cdbaed9335e4c35a9e - - -] [instance: 58da1c37-c65a-4240-8ad8-9223470084f1] memory limit: 96258.00 MB, free: 95746.00 MB
nova-compute.log.2017-05-14_21:27:09 2017-05-14 21:03:27.637 2931 INFO nova.compute.claims [req-f165fdfe-ecd9-4519-bdff-6dbdc2ad5040 113d3a99c3da401fbd62cc2caa5b96d2 54fadb412c4e40cdbaed9335e4c35a9e - - -] [instance: 58da1c37-c65a-4240-8ad8-9223470084f1] Total disk: 15 GB, used: 0.00 GB
nova-compute.log.2017-05-14_21:27:09 2017-05-14 21:03:27.637 2931 INFO nova.compute.claims [req-f165fdfe-ecd9-4519-bdff-6dbdc2ad5040 113d3a99c3da401fbd62cc2caa5b96d2 54fadb412c4e40cdbaed9335e4c35a9e - - -] [instance: 58da1c37-c65a-4240-8ad8-9223470084f1] disk limit not specified, defaulting to unlimited
nova-compute.log.2017-05-14_21:27:09 2017-05-14 21:03:27.638 2931 INFO nova.compute.claims [req-f165fdfe-ecd9-4519-bdff-6dbdc2ad5040 113d3a99c3da401fbd62cc2caa5b96d2 54fadb412c4e40cdbaed9335e4c35a9e - - -] [instance: 58da1c37-c65a-4240-8ad8-9223470084f1] Total vcpu: 16 VCPU, used: 0.00 VCPU
nova-compute.log.2017-05-14_21:27:09 2017-05-14 21:03:27.638 2931 INFO nova.compute.claims [req-f165fdfe-ecd9-4519-bdff-6dbdc2ad5040 113d3a99c3da401fbd62cc2caa5b96d2 54fadb412c4e40cdbaed9335e4c35a9e - - -] [instance: 58da1c37-c65a-4240-8ad8-9223470084f1] vcpu limit not specified, defaulting to unlimited
nova-compute.log.2017-05-14_21:27:09 2017-05-14 21:03:27.676 2931 INFO nova.compute.claims [req-f165fdfe-ecd9-4519-bdff-6dbdc2ad5040 113d3a99c3da401fbd62cc2caa5b96d2 54fadb412c4e40cdbaed9335e4c35a9e - - -] [instance: 58da1c37-c65a-4240-8ad8-9223470084f1] Claim successful
nova-compute.log.2017-05-14_21:27:09 2017-05-14 21:03:28.238 2931 INFO nova.virt.libvirt.driver [req-f165fdfe-ecd9-4519-bdff-6dbdc2ad5040 113d3a99c3da401fbd62cc2caa5b96d2 54fadb412c4e40cdbaed9335e4c35a9e - - -] [instance: 58da1c37-c65a-4240-8ad8-9223470084f1] Creating image
nova-compute.log.2017-05-14_21:27:09 2017-05-14 21:03:29.519 2931 INFO nova.compute.manager [-] [instance: f15c5e04-169c-4484-8041-c4d4d86a7d2b] VM Stopped (Lifecycle Event)
nova-compute.log.2017-05-14_21:27:09 2017-05-14 21:03:40.267 2931 INFO nova.virt.libvirt.imagecache [req-addc1839-2ed5-4778-b57e-5854eb7b8b09 - - - - -] image 0673dd71-34c5-4fbb-86c4-40623fbe45b4 at (/var/lib/nova/instances/_base/a489c868f0c37da93b76227c91bb03908ac0e742): checking
nova-compute.log.2017-05-14_21:27:09 2017-05-14 21:03:40.268 2931 INFO nova.virt.libvirt.imagecache [req-addc1839-2ed5-4778-b57e-5854eb7b8b09 - - - - -] image 0673dd71-34c5-4fbb-86c4-40623fbe45b4 at (/var/lib/nova/instances/_base/a489c868f0c37da93b76227c91bb03908ac0e742): in use: on this node 1 local, 0 on other nodes sharing this instance storage
nova-compute.log.2017-05-14_21:27:09 2017-05-14 21:03:40.443 2931 INFO nova.virt.libvirt.imagecache [req-addc1839-2ed5-4778-b57e-5854eb7b8b09 - - - - -] Active base files: /var/lib/nova/instances/_base/a489c868f0c37da93b76227c91bb03908ac0e742
nova-compute.log.2017-05-14_21:27:09 2017-05-14 21:03:41.590 2931 INFO nova.compute.manager [req-3ea4052c-895d-4b64-9e2d-04d64c4d94ab - - - - -] [instance: 58da1c37-c65a-4240-8ad8-9223470084f1] VM Started (Lifecycle Event)
nova-compute.log.2017-05-14_21:27:09 2017-05-14 21:03:41.654 2931 INFO nova.compute.manager [req-3ea4052c-895d-4b64-9e2d-04d64c4d94ab - - - - -] [instance: 58da1c37-c65a-4240-8ad8-9223470084f1] VM Paused (Lifecycle Event)
nova-compute.log.2017-05-14_21:27:09 2017-05-14 21:03:41.774 2931 INFO nova.compute.manager [req-3ea4052c-895d-4b64-9e2d-04d64c4d94ab - - - - -] [instance: 58da1c37-c65a-4240-8ad8-9223470084f1] During sync_power_state the instance has a pending task (spawning). Skip.
nova-compute.log.2017-05-14_21:27:09 2017-05-14 21:03:45.495 2931 INFO nova.virt.libvirt.imagecache [req-addc1839-2ed5-4778-b57e-5854eb7b8b09 - - - - -] image 0673dd71-34c5-4fbb-86c4-40623fbe45b4 at (/var/lib/nova/instances/_base/a489c868f0c37da93b76227c91bb03908ac0e742): checking
nova-compute.log.2017-05-14_21:27:09 2017-05-14 21:03:45.496 2931 INFO nova.virt.libvirt.imagecache [req-addc1839-2ed5-4778-b57e-5854eb7b8b09 - - - - -] image 0673dd71-34c5-4fbb-86c4-40623fbe45b4 at (/var/lib/nova/instances/_base/a489c868f0c37da93b76227c91bb03908ac0e742): in use: on this node 1 local, 0 on other nodes sharing this instance storage
nova-compute.log.2017-05-14_21:27:09 2017-05-14 21:03:45.679 2931 INFO nova.virt.libvirt.imagecache [req-addc1839-2ed5-4778-b57e-5854eb7b8b09 - - - - -] Active base files: /var/lib/nova/instances/_base/a489c868f0c37da93b76227c91bb03908ac0e742
nova-compute.log.2017-05-14_21:27:09 2017-05-14 21:03:47.321 2931 INFO nova.compute.manager [req-3ea4052c-895d-4b64-9e2d-04d64c4d94ab - - - - -] [instance: 58da1c37-c65a-4240-8ad8-9223470084f1] VM Resumed (Lifecycle Event)
nova-compute.log.2017-05-14_21:27:09 2017-05-14 21:03:47.332 2931 INFO nova.virt.libvirt.driver [-] [instance: 58da1c37-c65a-4240-8ad8-9223470084f1] Instance spawned successfully.
nova-compute.log.2017-05-14_21:27:09 2017-05-14 21:03:47.333 2931 INFO nova.compute.manager [req-f165fdfe-ecd9-4519-bdff-6dbdc2ad5040 113d3a99c3da401fbd62cc2caa5b96d2 54fadb412c4e40cdbaed9335e4c35a9e - - -] [instance: 58da1c37-c65a-4240-8ad8-9223470084f1] Took 19.10 seconds to spawn the instance on the hypervisor.
nova-compute.log.2017-05-14_21:27:09 2017-05-14 21:03:47.441 2931 INFO nova.compute.manager [req-3ea4052c-895d-4b64-9e2d-04d64c4d94ab - - - - -] [instance: 58da1c37-c65a-4240-8ad8-9223470084f1] During sync_power_state the instance has a pending task (spawning). Skip.
nova-compute.log.2017-05-14_21:27:09 2017-05-14 21:03:47.441 2931 INFO nova.compute.manager [req-3ea4052c-895d-4b64-9e2d-04d64c4d94ab - - - - -] [instance: 58da1c37-c65a-4240-8ad8-9223470084f1] VM Resumed (Lifecycle Event)
nova-compute.log.2017-05-14_21:27:09 2017-05-14 21:03:47.469 2931 INFO nova.compute.manager [req-f165fdfe-ecd9-4519-bdff-6dbdc2ad5040 113d3a99c3da401fbd62cc2caa5b96d2 54fadb412c4e40cdbaed9335e4c35a9e - - -] [instance: 58da1c37-c65a-4240-8ad8-9223470084f1] Took 19.85 seconds to build instance.
nova-compute.log.2017-05-14_21:27:09 2017-05-14 21:03:50.732 2931 INFO nova.virt.libvirt.imagecache [req-addc1839-2ed5-4778-b57e-5854eb7b8b09 - - - - -] image 0673dd71-34c5-4fbb-86c4-40623fbe45b4 at (/var/lib/nova/instances/_base/a489c868f0c37da93b76227c91bb03908ac0e742): checking
nova-compute.log.2017-05-14_21:27:09 2017-05-14 21:03:50.733 2931 INFO nova.virt.libvirt.imagecache [req-addc1839-2ed5-4778-b57e-5854eb7b8b09 - - - - -] image 0673dd71-34c5-4fbb-86c4-40623fbe45b4 at (/var/lib/nova/instances/_base/a489c868f0c37da93b76227c91bb03908ac0e742): in use: on this node 1 local, 0 on other nodes sharing this instance storage
nova-compute.log.2017-05-14_21:27:09 2017-05-14 21:03:50.907 2931 INFO nova.virt.libvirt.imagecache [req-addc1839-2ed5-4778-b57e-5854eb7b8b09 - - - - -] Active base files: /var/lib/nova/instances/_base/a489c868f0c37da93b76227c91bb03908ac0e742
nova-compute.log.2017-05-14_21:27:09 2017-05-14 21:03:54.398 2931 INFO nova.compute.manager [req-9a6cc7b5-efee-4a9e-a88d-67b3dfbdd36f 113d3a99c3da401fbd62cc2caa5b96d2 54fadb412c4e40cdbaed9335e4c35a9e - - -] [instance: 58da1c37-c65a-4240-8ad8-9223470084f1] Terminating instance
nova-compute.log.2017-05-14_21:27:09 2017-05-14 21:03:54.615 2931 INFO nova.virt.libvirt.driver [-] [instance: 58da1c37-c65a-4240-8ad8-9223470084f1] Instance destroyed successfully.
nova-compute.log.2017-05-14_21:27:09 2017-05-14 21:03:55.286 2931 INFO nova.virt.libvirt.driver [req-9a6cc7b5-efee-4a9e-a88d-67b3dfbdd36f 113d3a99c3da401fbd62cc2caa5b96d2 54fadb412c4e40cdbaed9335e4c35a9e - - -] [instance: 58da1c37-c65a-4240-8ad8-9223470084f1] Deleting instance files /var/lib/nova/instances/58da1c37-c65a-4240-8ad8-9223470084f1_del
nova-compute.log.2017-05-14_21:27:09 2017-05-14 21:03:55.287 2931 INFO nova.virt.libvirt.driver [req-9a6cc7b5-efee-4a9e-a88d-67b3dfbdd36f 113d3a99c3da401fbd62cc2caa5b96d2 54fadb412c4e40cdbaed9335e4c35a9e - - -] [instance: 58da1c37-c65a-4240-8ad8-9223470084f1] Deletion of /var/lib/nova/instances/58da1c37-c65a-4240-8ad8-9223470084f1_del complete
nova-compute.log.2017-05-14_21:27:09 2017-05-14 21:03:55.412 2931 INFO nova.compute.manager [req-9a6cc7b5-efee-4a9e-a88d-67b3dfbdd36f 113d3a99c3da401fbd62cc2caa5b96d2 54fadb412c4e40cdbaed9335e4c35a9e - - -] [instance: 58da1c37-c65a-4240-8ad8-9223470084f1] Took 1.01 seconds to destroy the instance on the hypervisor.
nova-compute.log.2017-05-14_21:27:09 2017-05-14 21:03:55.960 2931 INFO nova.virt.libvirt.imagecache [req-addc1839-2ed5-4778-b57e-5854eb7b8b09 - - - - -] image 0673dd71-34c5-4fbb-86c4-40623fbe45b4 at (/var/lib/nova/instances/_base/a489c868f0c37da93b76227c91bb03908ac0e742): checking
nova-compute.log.2017-05-14_21:27:09 2017-05-14 21:03:55.963 2931 INFO nova.virt.libvirt.imagecache [req-addc1839-2ed5-4778-b57e-5854eb7b8b09 - - - - -] image 0673dd71-34c5-4fbb-86c4-40623fbe45b4 at (/var/lib/nova/instances/_base/a489c868f0c37da93b76227c91bb03908ac0e742): in use: on this node 1 local, 0 on other nodes sharing this instance storage
nova-compute.log.2017-05-14_21:27:09 2017-05-14 21:03:56.019 2931 INFO nova.compute.manager [req-9a6cc7b5-efee-4a9e-a88d-67b3dfbdd36f 113d3a99c3da401fbd62cc2caa5b96d2 54fadb412c4e40cdbaed9335e4c35a9e - - -] [instance: 58da1c37-c65a-4240-8ad8-9223470084f1] Took 0.61 seconds to deallocate network for instance.
nova-compute.log.2017-05-14_21:27:09 2017-05-14 21:03:56.066 2931 INFO nova.virt.libvirt.imagecache [req-addc1839-2ed5-4778-b57e-5854eb7b8b09 - - - - -] Active base files: /var/lib/nova/instances/_base/a489c868f0c37da93b76227c91bb03908ac0e742
nova-compute.log.2017-05-14_21:27:09 2017-05-14 21:04:00.113 2931 WARNING nova.virt.libvirt.imagecache [req-addc1839-2ed5-4778-b57e-5854eb7b8b09 - - - - -] Unknown base file: /var/lib/nova/instances/_base/a489c868f0c37da93b76227c91bb03908ac0e742
nova-compute.log.2017-05-14_21:27:09 2017-05-14 21:04:00.114 2931 INFO nova.virt.libvirt.imagecache [req-addc1839-2ed5-4778-b57e-5854eb7b8b09 - - - - -] Removable base files: /var/lib/nova/instances/_base/a489c868f0c37da93b76227c91bb03908ac0e742
nova-compute.log.2017-05-14_21:27:09 2017-05-14 21:04:00.114 2931 INFO nova.virt.libvirt.imagecache [req-addc1839-2ed5-4778-b57e-5854eb7b8b09 - - - - -] Base or swap file too young to remove: /var/lib/nova/instances/_base/a489c868f0c37da93b76227c91bb03908ac0e742
nova-compute.log.2017-05-14_21:27:09 2017-05-14 21:04:05.114 2931 WARNING nova.virt.libvirt.imagecache [req-addc1839-2ed5-4778-b57e-5854eb7b8b09 - - - - -] Unknown base file: /var/lib/nova/instances/_base/a489c868f0c37da93b76227c91bb03908ac0e742
nova-compute.log.2017-05-14_21:27:09 2017-05-14 21:04:05.114 2931 INFO nova.virt.libvirt.imagecache [req-addc1839-2ed5-4778-b57e-5854eb7b8b09 - - - - -] Removable base files: /var/lib/nova/instances/_base/a489c868f0c37da93b76227c91bb03908ac0e742
nova-compute.log.2017-05-14_21:27:09 2017-05-14 21:04:05.116 2931 INFO nova.virt.libvirt.imagecache [req-addc1839-2ed5-4778-b57e-5854eb7b8b09 - - - - -] Removing base or swap file: /var/lib/nova/instances/_base/a489c868f0c37da93b76227c91bb03908ac0e742
nova-compute.log.2017-05-14_21:27:09 2017-05-14 21:04:07.732 2931 INFO nova.compute.claims [req-733cf700-78d9-40a4-8234-913e9cf277eb 113d3a99c3da401fbd62cc2caa5b96d2 54fadb412c4e40cdbaed9335e4c35a9e - - -] [instance: 9c06017f-fd04-47f4-9c83-7bf35b6d5e9b] Attempting claim: memory 2048 MB, disk 20 GB, vcpus 1 CPU
nova-compute.log.2017-05-14_21:27:09 2017-05-14 21:04:07.733 2931 INFO nova.compute.claims [req-733cf700-78d9-40a4-8234-913e9cf277eb 113d3a99c3da401fbd62cc2caa5b96d2 54fadb412c4e40cdbaed9335e4c35a9e - - -] [instance: 9c06017f-fd04-47f4-9c83-7bf35b6d5e9b] Total memory: 64172 MB, used: 512.00 MB
nova-compute.log.2017-05-14_21:27:09 2017-05-14 21:04:07.734 2931 INFO nova.compute.claims [req-733cf700-78d9-40a4-8234-913e9cf277eb 113d3a99c3da401fbd62cc2caa5b96d2 54fadb412c4e40cdbaed9335e4c35a9e - - -] [instance: 9c06017f-fd04-47f4-9c83-7bf35b6d5e9b] memory limit: 96258.00 MB, free: 95746.00 MB
nova-compute.log.2017-05-14_21:27:09 2017-05-14 21:04:07.735 2931 INFO nova.compute.claims [req-733cf700-78d9-40a4-8234-913e9cf277eb 113d3a99c3da401fbd62cc2caa5b96d2 54fadb412c4e40cdbaed9335e4c35a9e - - -] [instance: 9c06017f-fd04-47f4-9c83-7bf35b6d5e9b] Total disk: 15 GB, used: 0.00 GB
nova-compute.log.2017-05-14_21:27:09 2017-05-14 21:04:07.736 2931 INFO nova.compute.claims [req-733cf700-78d9-40a4-8234-913e9cf277eb 113d3a99c3da401fbd62cc2caa5b96d2 54fadb412c4e40cdbaed9335e4c35a9e - - -] [instance: 9c06017f-fd04-47f4-9c83-7bf35b6d5e9b] disk limit not specified, defaulting to unlimited
nova-compute.log.2017-05-14_21:27:09 2017-05-14 21:04:07.736 2931 INFO nova.compute.claims [req-733cf700-78d9-40a4-8234-913e9cf277eb 113d3a99c3da401fbd62cc2caa5b96d2 54fadb412c4e40cdbaed9335e4c35a9e - - -] [instance: 9c06017f-fd04-47f4-9c83-7bf35b6d5e9b] Total vcpu: 16 VCPU, used: 0.00 VCPU
nova-compute.log.2017-05-14_21:27:09 2017-05-14 21:04:07.737 2931 INFO nova.compute.claims [req-733cf700-78d9-40a4-8234-913e9cf277eb 113d3a99c3da401fbd62cc2caa5b96d2 54fadb412c4e40cdbaed9335e4c35a9e - - -] [instance: 9c06017f-fd04-47f4-9c83-7bf35b6d5e9b] vcpu limit not specified, defaulting to unlimited
nova-compute.log.2017-05-14_21:27:09 2017-05-14 21:04:07.769 2931 INFO nova.compute.claims [req-733cf700-78d9-40a4-8234-913e9cf277eb 113d3a99c3da401fbd62cc2caa5b96d2 54fadb412c4e40cdbaed9335e4c35a9e - - -] [instance: 9c06017f-fd04-47f4-9c83-7bf35b6d5e9b] Claim successful
nova-compute.log.2017-05-14_21:27:09 2017-05-14 21:04:08.365 2931 INFO nova.virt.libvirt.driver [req-733cf700-78d9-40a4-8234-913e9cf277eb 113d3a99c3da401fbd62cc2caa5b96d2 54fadb412c4e40cdbaed9335e4c35a9e - - -] [instance: 9c06017f-fd04-47f4-9c83-7bf35b6d5e9b] Creating image
nova-compute.log.2017-05-14_21:27:09 2017-05-14 21:04:09.612 2931 INFO nova.compute.manager [-] [instance: 58da1c37-c65a-4240-8ad8-9223470084f1] VM Stopped (Lifecycle Event)
nova-compute.log.2017-05-14_21:27:09 2017-05-14 21:04:15.131 2931 INFO nova.compute.resource_tracker [req-addc1839-2ed5-4778-b57e-5854eb7b8b09 - - - - -] Auditing locally available compute resources for node cp-1.slowvm1.tcloud-pg0.utah.cloudlab.us
nova-compute.log.2017-05-14_21:27:09 2017-05-14 21:04:15.452 2931 INFO nova.compute.resource_tracker [req-addc1839-2ed5-4778-b57e-5854eb7b8b09 - - - - -] Total usable vcpus: 16, total allocated vcpus: 1
nova-compute.log.2017-05-14_21:27:09 2017-05-14 21:04:15.453 2931 INFO nova.compute.resource_tracker [req-addc1839-2ed5-4778-b57e-5854eb7b8b09 - - - - -] Final resource view: name=cp-1.slowvm1.tcloud-pg0.utah.cloudlab.us phys_ram=64172MB used_ram=2560MB phys_disk=15GB used_disk=20GB total_vcpus=16 used_vcpus=1 pci_stats=[]
nova-compute.log.2017-05-14_21:27:09 2017-05-14 21:04:15.505 2931 INFO nova.compute.resource_tracker [req-addc1839-2ed5-4778-b57e-5854eb7b8b09 - - - - -] Compute_service record updated for cp-1.slowvm1.tcloud-pg0.utah.cloudlab.us:cp-1.slowvm1.tcloud-pg0.utah.cloudlab.us
nova-compute.log.2017-05-14_21:27:09 2017-05-14 21:04:20.200 2931 INFO nova.virt.libvirt.imagecache [req-addc1839-2ed5-4778-b57e-5854eb7b8b09 - - - - -] image 0673dd71-34c5-4fbb-86c4-40623fbe45b4 at (/var/lib/nova/instances/_base/a489c868f0c37da93b76227c91bb03908ac0e742): checking
nova-compute.log.2017-05-14_21:27:09 2017-05-14 21:04:20.201 2931 INFO nova.virt.libvirt.imagecache [req-addc1839-2ed5-4778-b57e-5854eb7b8b09 - - - - -] image 0673dd71-34c5-4fbb-86c4-40623fbe45b4 at (/var/lib/nova/instances/_base/a489c868f0c37da93b76227c91bb03908ac0e742): in use: on this node 1 local, 0 on other nodes sharing this instance storage
nova-compute.log.2017-05-14_21:27:09 2017-05-14 21:04:20.390 2931 INFO nova.virt.libvirt.imagecache [req-addc1839-2ed5-4778-b57e-5854eb7b8b09 - - - - -] Active base files: /var/lib/nova/instances/_base/a489c868f0c37da93b76227c91bb03908ac0e742
nova-compute.log.2017-05-14_21:27:09 2017-05-14 21:04:21.785 2931 INFO nova.compute.manager [req-3ea4052c-895d-4b64-9e2d-04d64c4d94ab - - - - -] [instance: 9c06017f-fd04-47f4-9c83-7bf35b6d5e9b] VM Started (Lifecycle Event)
nova-compute.log.2017-05-14_21:27:09 2017-05-14 21:04:21.851 2931 INFO nova.compute.manager [req-3ea4052c-895d-4b64-9e2d-04d64c4d94ab - - - - -] [instance: 9c06017f-fd04-47f4-9c83-7bf35b6d5e9b] VM Paused (Lifecycle Event)
nova-compute.log.2017-05-14_21:27:09 2017-05-14 21:04:21.970 2931 INFO nova.compute.manager [req-3ea4052c-895d-4b64-9e2d-04d64c4d94ab - - - - -] [instance: 9c06017f-fd04-47f4-9c83-7bf35b6d5e9b] During sync_power_state the instance has a pending task (spawning). Skip.
nova-compute.log.2017-05-14_21:27:09 2017-05-14 21:04:25.443 2931 INFO nova.virt.libvirt.imagecache [req-addc1839-2ed5-4778-b57e-5854eb7b8b09 - - - - -] image 0673dd71-34c5-4fbb-86c4-40623fbe45b4 at (/var/lib/nova/instances/_base/a489c868f0c37da93b76227c91bb03908ac0e742): checking
nova-compute.log.2017-05-14_21:27:09 2017-05-14 21:04:25.444 2931 INFO nova.virt.libvirt.imagecache [req-addc1839-2ed5-4778-b57e-5854eb7b8b09 - - - - -] image 0673dd71-34c5-4fbb-86c4-40623fbe45b4 at (/var/lib/nova/instances/_base/a489c868f0c37da93b76227c91bb03908ac0e742): in use: on this node 1 local, 0 on other nodes sharing this instance storage
nova-compute.log.2017-05-14_21:27:09 2017-05-14 21:04:25.625 2931 INFO nova.virt.libvirt.imagecache [req-addc1839-2ed5-4778-b57e-5854eb7b8b09 - - - - -] Active base files: /var/lib/nova/instances/_base/a489c868f0c37da93b76227c91bb03908ac0e742
nova-compute.log.2017-05-14_21:27:09 2017-05-14 21:04:28.713 2931 INFO nova.compute.manager [req-3ea4052c-895d-4b64-9e2d-04d64c4d94ab - - - - -] [instance: 9c06017f-fd04-47f4-9c83-7bf35b6d5e9b] VM Resumed (Lifecycle Event)
nova-compute.log.2017-05-14_21:27:09 2017-05-14 21:04:28.721 2931 INFO nova.virt.libvirt.driver [-] [instance: 9c06017f-fd04-47f4-9c83-7bf35b6d5e9b] Instance spawned successfully.
nova-compute.log.2017-05-14_21:27:09 2017-05-14 21:04:28.722 2931 INFO nova.compute.manager [req-733cf700-78d9-40a4-8234-913e9cf277eb 113d3a99c3da401fbd62cc2caa5b96d2 54fadb412c4e40cdbaed9335e4c35a9e - - -] [instance: 9c06017f-fd04-47f4-9c83-7bf35b6d5e9b] Took 20.36 seconds to spawn the instance on the hypervisor.
nova-compute.log.2017-05-14_21:27:09 2017-05-14 21:04:28.833 2931 INFO nova.compute.manager [req-3ea4052c-895d-4b64-9e2d-04d64c4d94ab - - - - -] [instance: 9c06017f-fd04-47f4-9c83-7bf35b6d5e9b] During sync_power_state the instance has a pending task (spawning). Skip.
nova-compute.log.2017-05-14_21:27:09 2017-05-14 21:04:28.834 2931 INFO nova.compute.manager [req-3ea4052c-895d-4b64-9e2d-04d64c4d94ab - - - - -] [instance: 9c06017f-fd04-47f4-9c83-7bf35b6d5e9b] VM Resumed (Lifecycle Event)
nova-compute.log.2017-05-14_21:27:09 2017-05-14 21:04:28.854 2931 INFO nova.compute.manager [req-733cf700-78d9-40a4-8234-913e9cf277eb 113d3a99c3da401fbd62cc2caa5b96d2 54fadb412c4e40cdbaed9335e4c35a9e - - -] [instance: 9c06017f-fd04-47f4-9c83-7bf35b6d5e9b] Took 21.13 seconds to build instance.
nova-compute.log.2017-05-14_21:27:09 2017-05-14 21:04:30.144 2931 INFO nova.virt.libvirt.imagecache [req-addc1839-2ed5-4778-b57e-5854eb7b8b09 - - - - -] image 0673dd71-34c5-4fbb-86c4-40623fbe45b4 at (/var/lib/nova/instances/_base/a489c868f0c37da93b76227c91bb03908ac0e742): checking
nova-compute.log.2017-05-14_21:27:09 2017-05-14 21:04:30.146 2931 INFO nova.virt.libvirt.imagecache [req-addc1839-2ed5-4778-b57e-5854eb7b8b09 - - - - -] image 0673dd71-34c5-4fbb-86c4-40623fbe45b4 at (/var/lib/nova/instances/_base/a489c868f0c37da93b76227c91bb03908ac0e742): in use: on this node 1 local, 0 on other nodes sharing this instance storage
nova-compute.log.2017-05-14_21:27:09 2017-05-14 21:04:30.325 2931 INFO nova.virt.libvirt.imagecache [req-addc1839-2ed5-4778-b57e-5854eb7b8b09 - - - - -] Active base files: /var/lib/nova/instances/_base/a489c868f0c37da93b76227c91bb03908ac0e742
nova-compute.log.2017-05-14_21:27:09 2017-05-14 21:04:35.382 2931 INFO nova.virt.libvirt.imagecache [req-addc1839-2ed5-4778-b57e-5854eb7b8b09 - - - - -] image 0673dd71-34c5-4fbb-86c4-40623fbe45b4 at (/var/lib/nova/instances/_base/a489c868f0c37da93b76227c91bb03908ac0e742): checking
nova-compute.log.2017-05-14_21:27:09 2017-05-14 21:04:35.383 2931 INFO nova.virt.libvirt.imagecache [req-addc1839-2ed5-4778-b57e-5854eb7b8b09 - - - - -] image 0673dd71-34c5-4fbb-86c4-40623fbe45b4 at (/var/lib/nova/instances/_base/a489c868f0c37da93b76227c91bb03908ac0e742): in use: on this node 1 local, 0 on other nodes sharing this instance storage
nova-compute.log.2017-05-14_21:27:09 2017-05-14 21:04:35.570 2931 INFO nova.virt.libvirt.imagecache [req-addc1839-2ed5-4778-b57e-5854eb7b8b09 - - - - -] Active base files: /var/lib/nova/instances/_base/a489c868f0c37da93b76227c91bb03908ac0e742
nova-compute.log.2017-05-14_21:27:09 2017-05-14 21:04:36.183 2931 INFO nova.compute.manager [req-f780b7d9-c646-419b-825c-3525a4a31fd7 113d3a99c3da401fbd62cc2caa5b96d2 54fadb412c4e40cdbaed9335e4c35a9e - - -] [instance: 9c06017f-fd04-47f4-9c83-7bf35b6d5e9b] Terminating instance
nova-compute.log.2017-05-14_21:27:09 2017-05-14 21:04:36.400 2931 INFO nova.virt.libvirt.driver [-] [instance: 9c06017f-fd04-47f4-9c83-7bf35b6d5e9b] Instance destroyed successfully.
nova-compute.log.2017-05-14_21:27:09 2017-05-14 21:04:37.084 2931 INFO nova.virt.libvirt.driver [req-f780b7d9-c646-419b-825c-3525a4a31fd7 113d3a99c3da401fbd62cc2caa5b96d2 54fadb412c4e40cdbaed9335e4c35a9e - - -] [instance: 9c06017f-fd04-47f4-9c83-7bf35b6d5e9b] Deleting instance files /var/lib/nova/instances/9c06017f-fd04-47f4-9c83-7bf35b6d5e9b_del
nova-compute.log.2017-05-14_21:27:09 2017-05-14 21:04:37.086 2931 INFO nova.virt.libvirt.driver [req-f780b7d9-c646-419b-825c-3525a4a31fd7 113d3a99c3da401fbd62cc2caa5b96d2 54fadb412c4e40cdbaed9335e4c35a9e - - -] [instance: 9c06017f-fd04-47f4-9c83-7bf35b6d5e9b] Deletion of /var/lib/nova/instances/9c06017f-fd04-47f4-9c83-7bf35b6d5e9b_del complete
nova-compute.log.2017-05-14_21:27:09 2017-05-14 21:04:37.312 2931 INFO nova.compute.manager [req-f780b7d9-c646-419b-825c-3525a4a31fd7 113d3a99c3da401fbd62cc2caa5b96d2 54fadb412c4e40cdbaed9335e4c35a9e - - -] [instance: 9c06017f-fd04-47f4-9c83-7bf35b6d5e9b] Took 1.12 seconds to destroy the instance on the hypervisor.
nova-compute.log.2017-05-14_21:27:09 2017-05-14 21:04:37.771 2931 INFO nova.compute.manager [req-f780b7d9-c646-419b-825c-3525a4a31fd7 113d3a99c3da401fbd62cc2caa5b96d2 54fadb412c4e40cdbaed9335e4c35a9e - - -] [instance: 9c06017f-fd04-47f4-9c83-7bf35b6d5e9b] Took 0.46 seconds to deallocate network for instance.
nova-compute.log.2017-05-14_21:27:09 2017-05-14 21:04:40.601 2931 WARNING nova.virt.libvirt.imagecache [req-addc1839-2ed5-4778-b57e-5854eb7b8b09 - - - - -] Unknown base file: /var/lib/nova/instances/_base/a489c868f0c37da93b76227c91bb03908ac0e742
nova-compute.log.2017-05-14_21:27:09 2017-05-14 21:04:40.602 2931 INFO nova.virt.libvirt.imagecache [req-addc1839-2ed5-4778-b57e-5854eb7b8b09 - - - - -] Removable base files: /var/lib/nova/instances/_base/a489c868f0c37da93b76227c91bb03908ac0e742
nova-compute.log.2017-05-14_21:27:09 2017-05-14 21:04:40.603 2931 INFO nova.virt.libvirt.imagecache [req-addc1839-2ed5-4778-b57e-5854eb7b8b09 - - - - -] Removing base or swap file: /var/lib/nova/instances/_base/a489c868f0c37da93b76227c91bb03908ac0e742
nova-compute.log.2017-05-14_21:27:09 2017-05-14 21:04:49.646 2931 INFO nova.compute.claims [req-237280e3-a869-4166-92b1-23b6310d0b55 113d3a99c3da401fbd62cc2caa5b96d2 54fadb412c4e40cdbaed9335e4c35a9e - - -] [instance: 322a408a-1634-4800-b3d5-b62e7a9cc2ab] Attempting claim: memory 2048 MB, disk 20 GB, vcpus 1 CPU
nova-compute.log.2017-05-14_21:27:09 2017-05-14 21:04:49.647 2931 INFO nova.compute.claims [req-237280e3-a869-4166-92b1-23b6310d0b55 113d3a99c3da401fbd62cc2caa5b96d2 54fadb412c4e40cdbaed9335e4c35a9e - - -] [instance: 322a408a-1634-4800-b3d5-b62e7a9cc2ab] Total memory: 64172 MB, used: 512.00 MB
nova-compute.log.2017-05-14_21:27:09 2017-05-14 21:04:49.648 2931 INFO nova.compute.claims [req-237280e3-a869-4166-92b1-23b6310d0b55 113d3a99c3da401fbd62cc2caa5b96d2 54fadb412c4e40cdbaed9335e4c35a9e - - -] [instance: 322a408a-1634-4800-b3d5-b62e7a9cc2ab] memory limit: 96258.00 MB, free: 95746.00 MB
nova-compute.log.2017-05-14_21:27:09 2017-05-14 21:04:49.649 2931 INFO nova.compute.claims [req-237280e3-a869-4166-92b1-23b6310d0b55 113d3a99c3da401fbd62cc2caa5b96d2 54fadb412c4e40cdbaed9335e4c35a9e - - -] [instance: 322a408a-1634-4800-b3d5-b62e7a9cc2ab] Total disk: 15 GB, used: 0.00 GB
nova-compute.log.2017-05-14_21:27:09 2017-05-14 21:04:49.649 2931 INFO nova.compute.claims [req-237280e3-a869-4166-92b1-23b6310d0b55 113d3a99c3da401fbd62cc2caa5b96d2 54fadb412c4e40cdbaed9335e4c35a9e - - -] [instance: 322a408a-1634-4800-b3d5-b62e7a9cc2ab] disk limit not specified, defaulting to unlimited
nova-compute.log.2017-05-14_21:27:09 2017-05-14 21:04:49.650 2931 INFO nova.compute.claims [req-237280e3-a869-4166-92b1-23b6310d0b55 113d3a99c3da401fbd62cc2caa5b96d2 54fadb412c4e40cdbaed9335e4c35a9e - - -] [instance: 322a408a-1634-4800-b3d5-b62e7a9cc2ab] Total vcpu: 16 VCPU, used: 0.00 VCPU
nova-compute.log.2017-05-14_21:27:09 2017-05-14 21:04:49.651 2931 INFO nova.compute.claims [req-237280e3-a869-4166-92b1-23b6310d0b55 113d3a99c3da401fbd62cc2caa5b96d2 54fadb412c4e40cdbaed9335e4c35a9e - - -] [instance: 322a408a-1634-4800-b3d5-b62e7a9cc2ab] vcpu limit not specified, defaulting to unlimited
nova-compute.log.2017-05-14_21:27:09 2017-05-14 21:04:49.678 2931 INFO nova.compute.claims [req-237280e3-a869-4166-92b1-23b6310d0b55 113d3a99c3da401fbd62cc2caa5b96d2 54fadb412c4e40cdbaed9335e4c35a9e - - -] [instance: 322a408a-1634-4800-b3d5-b62e7a9cc2ab] Claim successful
nova-compute.log.2017-05-14_21:27:09 2017-05-14 21:04:50.261 2931 INFO nova.virt.libvirt.driver [req-237280e3-a869-4166-92b1-23b6310d0b55 113d3a99c3da401fbd62cc2caa5b96d2 54fadb412c4e40cdbaed9335e4c35a9e - - -] [instance: 322a408a-1634-4800-b3d5-b62e7a9cc2ab] Creating image
nova-compute.log.2017-05-14_21:27:09 2017-05-14 21:04:51.405 2931 INFO nova.compute.manager [-] [instance: 9c06017f-fd04-47f4-9c83-7bf35b6d5e9b] VM Stopped (Lifecycle Event)
nova-compute.log.2017-05-14_21:27:09 2017-05-14 21:05:00.205 2931 INFO nova.virt.libvirt.imagecache [req-addc1839-2ed5-4778-b57e-5854eb7b8b09 - - - - -] image 0673dd71-34c5-4fbb-86c4-40623fbe45b4 at (/var/lib/nova/instances/_base/a489c868f0c37da93b76227c91bb03908ac0e742): checking
nova-compute.log.2017-05-14_21:27:09 2017-05-14 21:05:00.206 2931 INFO nova.virt.libvirt.imagecache [req-addc1839-2ed5-4778-b57e-5854eb7b8b09 - - - - -] image 0673dd71-34c5-4fbb-86c4-40623fbe45b4 at (/var/lib/nova/instances/_base/a489c868f0c37da93b76227c91bb03908ac0e742): in use: on this node 1 local, 0 on other nodes sharing this instance storage
nova-compute.log.2017-05-14_21:27:09 2017-05-14 21:05:00.385 2931 INFO nova.virt.libvirt.imagecache [req-addc1839-2ed5-4778-b57e-5854eb7b8b09 - - - - -] Active base files: /var/lib/nova/instances/_base/a489c868f0c37da93b76227c91bb03908ac0e742
nova-compute.log.2017-05-14_21:27:09 2017-05-14 21:05:03.232 2931 INFO nova.compute.manager [req-3ea4052c-895d-4b64-9e2d-04d64c4d94ab - - - - -] [instance: 322a408a-1634-4800-b3d5-b62e7a9cc2ab] VM Started (Lifecycle Event)
nova-compute.log.2017-05-14_21:27:09 2017-05-14 21:05:03.299 2931 INFO nova.compute.manager [req-3ea4052c-895d-4b64-9e2d-04d64c4d94ab - - - - -] [instance: 322a408a-1634-4800-b3d5-b62e7a9cc2ab] VM Paused (Lifecycle Event)
nova-compute.log.2017-05-14_21:27:09 2017-05-14 21:05:03.418 2931 INFO nova.compute.manager [req-3ea4052c-895d-4b64-9e2d-04d64c4d94ab - - - - -] [instance: 322a408a-1634-4800-b3d5-b62e7a9cc2ab] During sync_power_state the instance has a pending task (spawning). Skip.
nova-compute.log.2017-05-14_21:27:09 2017-05-14 21:05:05.145 2931 INFO nova.virt.libvirt.imagecache [req-addc1839-2ed5-4778-b57e-5854eb7b8b09 - - - - -] image 0673dd71-34c5-4fbb-86c4-40623fbe45b4 at (/var/lib/nova/instances/_base/a489c868f0c37da93b76227c91bb03908ac0e742): checking
nova-compute.log.2017-05-14_21:27:09 2017-05-14 21:05:05.146 2931 INFO nova.virt.libvirt.imagecache [req-addc1839-2ed5-4778-b57e-5854eb7b8b09 - - - - -] image 0673dd71-34c5-4fbb-86c4-40623fbe45b4 at (/var/lib/nova/instances/_base/a489c868f0c37da93b76227c91bb03908ac0e742): in use: on this node 1 local, 0 on other nodes sharing this instance storage
nova-compute.log.2017-05-14_21:27:09 2017-05-14 21:05:05.324 2931 INFO nova.virt.libvirt.imagecache [req-addc1839-2ed5-4778-b57e-5854eb7b8b09 - - - - -] Active base files: /var/lib/nova/instances/_base/a489c868f0c37da93b76227c91bb03908ac0e742
nova-compute.log.2017-05-14_21:27:09 2017-05-14 21:05:10.186 2931 INFO nova.compute.manager [req-3ea4052c-895d-4b64-9e2d-04d64c4d94ab - - - - -] [instance: 322a408a-1634-4800-b3d5-b62e7a9cc2ab] VM Resumed (Lifecycle Event)
nova-compute.log.2017-05-14_21:27:09 2017-05-14 21:05:10.197 2931 INFO nova.virt.libvirt.driver [-] [instance: 322a408a-1634-4800-b3d5-b62e7a9cc2ab] Instance spawned successfully.
nova-compute.log.2017-05-14_21:27:09 2017-05-14 21:05:10.198 2931 INFO nova.compute.manager [req-237280e3-a869-4166-92b1-23b6310d0b55 113d3a99c3da401fbd62cc2caa5b96d2 54fadb412c4e40cdbaed9335e4c35a9e - - -] [instance: 322a408a-1634-4800-b3d5-b62e7a9cc2ab] Took 19.94 seconds to spawn the instance on the hypervisor.
nova-compute.log.2017-05-14_21:27:09 2017-05-14 21:05:10.299 2931 INFO nova.compute.manager [req-3ea4052c-895d-4b64-9e2d-04d64c4d94ab - - - - -] [instance: 322a408a-1634-4800-b3d5-b62e7a9cc2ab] During sync_power_state the instance has a pending task (spawning). Skip.
nova-compute.log.2017-05-14_21:27:09 2017-05-14 21:05:10.300 2931 INFO nova.compute.manager [req-3ea4052c-895d-4b64-9e2d-04d64c4d94ab - - - - -] [instance: 322a408a-1634-4800-b3d5-b62e7a9cc2ab] VM Resumed (Lifecycle Event)
nova-compute.log.2017-05-14_21:27:09 2017-05-14 21:05:10.340 2931 INFO nova.compute.manager [req-237280e3-a869-4166-92b1-23b6310d0b55 113d3a99c3da401fbd62cc2caa5b96d2 54fadb412c4e40cdbaed9335e4c35a9e - - -] [instance: 322a408a-1634-4800-b3d5-b62e7a9cc2ab] Took 20.71 seconds to build instance.
nova-compute.log.2017-05-14_21:27:09 2017-05-14 21:05:10.382 2931 INFO nova.virt.libvirt.imagecache [req-addc1839-2ed5-4778-b57e-5854eb7b8b09 - - - - -] image 0673dd71-34c5-4fbb-86c4-40623fbe45b4 at (/var/lib/nova/instances/_base/a489c868f0c37da93b76227c91bb03908ac0e742): checking
nova-compute.log.2017-05-14_21:27:09 2017-05-14 21:05:10.383 2931 INFO nova.virt.libvirt.imagecache [req-addc1839-2ed5-4778-b57e-5854eb7b8b09 - - - - -] image 0673dd71-34c5-4fbb-86c4-40623fbe45b4 at (/var/lib/nova/instances/_base/a489c868f0c37da93b76227c91bb03908ac0e742): in use: on this node 1 local, 0 on other nodes sharing this instance storage
nova-compute.log.2017-05-14_21:27:09 2017-05-14 21:05:10.562 2931 INFO nova.virt.libvirt.imagecache [req-addc1839-2ed5-4778-b57e-5854eb7b8b09 - - - - -] Active base files: /var/lib/nova/instances/_base/a489c868f0c37da93b76227c91bb03908ac0e742
nova-compute.log.2017-05-14_21:27:09 2017-05-14 21:05:15.138 2931 INFO nova.virt.libvirt.imagecache [req-addc1839-2ed5-4778-b57e-5854eb7b8b09 - - - - -] image 0673dd71-34c5-4fbb-86c4-40623fbe45b4 at (/var/lib/nova/instances/_base/a489c868f0c37da93b76227c91bb03908ac0e742): checking
nova-compute.log.2017-05-14_21:27:09 2017-05-14 21:05:15.138 2931 INFO nova.virt.libvirt.imagecache [req-addc1839-2ed5-4778-b57e-5854eb7b8b09 - - - - -] image 0673dd71-34c5-4fbb-86c4-40623fbe45b4 at (/var/lib/nova/instances/_base/a489c868f0c37da93b76227c91bb03908ac0e742): in use: on this node 1 local, 0 on other nodes sharing this instance storage
nova-compute.log.2017-05-14_21:27:09 2017-05-14 21:05:15.309 2931 INFO nova.virt.libvirt.imagecache [req-addc1839-2ed5-4778-b57e-5854eb7b8b09 - - - - -] Active base files: /var/lib/nova/instances/_base/a489c868f0c37da93b76227c91bb03908ac0e742
nova-compute.log.2017-05-14_21:27:09 2017-05-14 21:05:16.352 2931 INFO nova.compute.resource_tracker [req-addc1839-2ed5-4778-b57e-5854eb7b8b09 - - - - -] Auditing locally available compute resources for node cp-1.slowvm1.tcloud-pg0.utah.cloudlab.us
nova-compute.log.2017-05-14_21:27:09 2017-05-14 21:05:16.841 2931 INFO nova.compute.resource_tracker [req-addc1839-2ed5-4778-b57e-5854eb7b8b09 - - - - -] Total usable vcpus: 16, total allocated vcpus: 1
nova-compute.log.2017-05-14_21:27:09 2017-05-14 21:05:16.842 2931 INFO nova.compute.resource_tracker [req-addc1839-2ed5-4778-b57e-5854eb7b8b09 - - - - -] Final resource view: name=cp-1.slowvm1.tcloud-pg0.utah.cloudlab.us phys_ram=64172MB used_ram=2560MB phys_disk=15GB used_disk=20GB total_vcpus=16 used_vcpus=1 pci_stats=[]
nova-compute.log.2017-05-14_21:27:09 2017-05-14 21:05:16.899 2931 INFO nova.compute.resource_tracker [req-addc1839-2ed5-4778-b57e-5854eb7b8b09 - - - - -] Compute_service record updated for cp-1.slowvm1.tcloud-pg0.utah.cloudlab.us:cp-1.slowvm1.tcloud-pg0.utah.cloudlab.us
nova-compute.log.2017-05-14_21:27:09 2017-05-14 21:05:18.084 2931 INFO nova.compute.manager [req-4abceae4-be95-48e5-8a9f-95ec62185fff 113d3a99c3da401fbd62cc2caa5b96d2 54fadb412c4e40cdbaed9335e4c35a9e - - -] [instance: 322a408a-1634-4800-b3d5-b62e7a9cc2ab] Terminating instance
nova-compute.log.2017-05-14_21:27:09 2017-05-14 21:05:18.300 2931 INFO nova.virt.libvirt.driver [-] [instance: 322a408a-1634-4800-b3d5-b62e7a9cc2ab] Instance destroyed successfully.
nova-compute.log.2017-05-14_21:27:09 2017-05-14 21:05:18.976 2931 INFO nova.virt.libvirt.driver [req-4abceae4-be95-48e5-8a9f-95ec62185fff 113d3a99c3da401fbd62cc2caa5b96d2 54fadb412c4e40cdbaed9335e4c35a9e - - -] [instance: 322a408a-1634-4800-b3d5-b62e7a9cc2ab] Deleting instance files /var/lib/nova/instances/322a408a-1634-4800-b3d5-b62e7a9cc2ab_del
nova-compute.log.2017-05-14_21:27:09 2017-05-14 21:05:18.978 2931 INFO nova.virt.libvirt.driver [req-4abceae4-be95-48e5-8a9f-95ec62185fff 113d3a99c3da401fbd62cc2caa5b96d2 54fadb412c4e40cdbaed9335e4c35a9e - - -] [instance: 322a408a-1634-4800-b3d5-b62e7a9cc2ab] Deletion of /var/lib/nova/instances/322a408a-1634-4800-b3d5-b62e7a9cc2ab_del complete
nova-compute.log.2017-05-14_21:27:09 2017-05-14 21:05:19.196 2931 INFO nova.compute.manager [req-4abceae4-be95-48e5-8a9f-95ec62185fff 113d3a99c3da401fbd62cc2caa5b96d2 54fadb412c4e40cdbaed9335e4c35a9e - - -] [instance: 322a408a-1634-4800-b3d5-b62e7a9cc2ab] Took 1.11 seconds to destroy the instance on the hypervisor.
nova-compute.log.2017-05-14_21:27:09 2017-05-14 21:05:19.639 2931 INFO nova.compute.manager [req-4abceae4-be95-48e5-8a9f-95ec62185fff 113d3a99c3da401fbd62cc2caa5b96d2 54fadb412c4e40cdbaed9335e4c35a9e - - -] [instance: 322a408a-1634-4800-b3d5-b62e7a9cc2ab] Took 0.44 seconds to deallocate network for instance.
nova-compute.log.2017-05-14_21:27:09 2017-05-14 21:05:20.115 2931 WARNING nova.virt.libvirt.imagecache [req-addc1839-2ed5-4778-b57e-5854eb7b8b09 - - - - -] Unknown base file: /var/lib/nova/instances/_base/a489c868f0c37da93b76227c91bb03908ac0e742
nova-compute.log.2017-05-14_21:27:09 2017-05-14 21:05:20.116 2931 INFO nova.virt.libvirt.imagecache [req-addc1839-2ed5-4778-b57e-5854eb7b8b09 - - - - -] Removable base files: /var/lib/nova/instances/_base/a489c868f0c37da93b76227c91bb03908ac0e742
nova-compute.log.2017-05-14_21:27:09 2017-05-14 21:05:20.117 2931 INFO nova.virt.libvirt.imagecache [req-addc1839-2ed5-4778-b57e-5854eb7b8b09 - - - - -] Base or swap file too young to remove: /var/lib/nova/instances/_base/a489c868f0c37da93b76227c91bb03908ac0e742
nova-compute.log.2017-05-14_21:27:09 2017-05-14 21:05:25.179 2931 WARNING nova.virt.libvirt.imagecache [req-addc1839-2ed5-4778-b57e-5854eb7b8b09 - - - - -] Unknown base file: /var/lib/nova/instances/_base/a489c868f0c37da93b76227c91bb03908ac0e742
nova-compute.log.2017-05-14_21:27:09 2017-05-14 21:05:25.180 2931 INFO nova.virt.libvirt.imagecache [req-addc1839-2ed5-4778-b57e-5854eb7b8b09 - - - - -] Removable base files: /var/lib/nova/instances/_base/a489c868f0c37da93b76227c91bb03908ac0e742
nova-compute.log.2017-05-14_21:27:09 2017-05-14 21:05:25.182 2931 INFO nova.virt.libvirt.imagecache [req-addc1839-2ed5-4778-b57e-5854eb7b8b09 - - - - -] Removing base or swap file: /var/lib/nova/instances/_base/a489c868f0c37da93b76227c91bb03908ac0e742
nova-compute.log.2017-05-14_21:27:09 2017-05-14 21:05:31.428 2931 INFO nova.compute.claims [req-bdbc1e80-4834-4989-935e-fcd2be14c94e 113d3a99c3da401fbd62cc2caa5b96d2 54fadb412c4e40cdbaed9335e4c35a9e - - -] [instance: 2f2fbbd9-db59-48c9-9119-91edfffd04c0] Attempting claim: memory 2048 MB, disk 20 GB, vcpus 1 CPU
nova-compute.log.2017-05-14_21:27:09 2017-05-14 21:05:31.429 2931 INFO nova.compute.claims [req-bdbc1e80-4834-4989-935e-fcd2be14c94e 113d3a99c3da401fbd62cc2caa5b96d2 54fadb412c4e40cdbaed9335e4c35a9e - - -] [instance: 2f2fbbd9-db59-48c9-9119-91edfffd04c0] Total memory: 64172 MB, used: 512.00 MB
nova-compute.log.2017-05-14_21:27:09 2017-05-14 21:05:31.429 2931 INFO nova.compute.claims [req-bdbc1e80-4834-4989-935e-fcd2be14c94e 113d3a99c3da401fbd62cc2caa5b96d2 54fadb412c4e40cdbaed9335e4c35a9e - - -] [instance: 2f2fbbd9-db59-48c9-9119-91edfffd04c0] memory limit: 96258.00 MB, free: 95746.00 MB
nova-compute.log.2017-05-14_21:27:09 2017-05-14 21:05:31.430 2931 INFO nova.compute.claims [req-bdbc1e80-4834-4989-935e-fcd2be14c94e 113d3a99c3da401fbd62cc2caa5b96d2 54fadb412c4e40cdbaed9335e4c35a9e - - -] [instance: 2f2fbbd9-db59-48c9-9119-91edfffd04c0] Total disk: 15 GB, used: 0.00 GB
nova-compute.log.2017-05-14_21:27:09 2017-05-14 21:05:31.430 2931 INFO nova.compute.claims [req-bdbc1e80-4834-4989-935e-fcd2be14c94e 113d3a99c3da401fbd62cc2caa5b96d2 54fadb412c4e40cdbaed9335e4c35a9e - - -] [instance: 2f2fbbd9-db59-48c9-9119-91edfffd04c0] disk limit not specified, defaulting to unlimited
nova-compute.log.2017-05-14_21:27:09 2017-05-14 21:05:31.431 2931 INFO nova.compute.claims [req-bdbc1e80-4834-4989-935e-fcd2be14c94e 113d3a99c3da401fbd62cc2caa5b96d2 54fadb412c4e40cdbaed9335e4c35a9e - - -] [instance: 2f2fbbd9-db59-48c9-9119-91edfffd04c0] Total vcpu: 16 VCPU, used: 0.00 VCPU
nova-compute.log.2017-05-14_21:27:09 2017-05-14 21:05:31.432 2931 INFO nova.compute.claims [req-bdbc1e80-4834-4989-935e-fcd2be14c94e 113d3a99c3da401fbd62cc2caa5b96d2 54fadb412c4e40cdbaed9335e4c35a9e - - -] [instance: 2f2fbbd9-db59-48c9-9119-91edfffd04c0] vcpu limit not specified, defaulting to unlimited
nova-compute.log.2017-05-14_21:27:09 2017-05-14 21:05:31.467 2931 INFO nova.compute.claims [req-bdbc1e80-4834-4989-935e-fcd2be14c94e 113d3a99c3da401fbd62cc2caa5b96d2 54fadb412c4e40cdbaed9335e4c35a9e - - -] [instance: 2f2fbbd9-db59-48c9-9119-91edfffd04c0] Claim successful
nova-compute.log.2017-05-14_21:27:09 2017-05-14 21:05:32.042 2931 INFO nova.virt.libvirt.driver [req-bdbc1e80-4834-4989-935e-fcd2be14c94e 113d3a99c3da401fbd62cc2caa5b96d2 54fadb412c4e40cdbaed9335e4c35a9e - - -] [instance: 2f2fbbd9-db59-48c9-9119-91edfffd04c0] Creating image
nova-compute.log.2017-05-14_21:27:09 2017-05-14 21:05:33.298 2931 INFO nova.compute.manager [-] [instance: 322a408a-1634-4800-b3d5-b62e7a9cc2ab] VM Stopped (Lifecycle Event)
nova-compute.log.2017-05-14_21:27:09 2017-05-14 21:05:44.858 2931 INFO nova.compute.manager [req-3ea4052c-895d-4b64-9e2d-04d64c4d94ab - - - - -] [instance: 2f2fbbd9-db59-48c9-9119-91edfffd04c0] VM Started (Lifecycle Event)
nova-compute.log.2017-05-14_21:27:09 2017-05-14 21:05:44.923 2931 INFO nova.compute.manager [req-3ea4052c-895d-4b64-9e2d-04d64c4d94ab - - - - -] [instance: 2f2fbbd9-db59-48c9-9119-91edfffd04c0] VM Paused (Lifecycle Event)
nova-compute.log.2017-05-14_21:27:09 2017-05-14 21:05:45.048 2931 INFO nova.compute.manager [req-3ea4052c-895d-4b64-9e2d-04d64c4d94ab - - - - -] [instance: 2f2fbbd9-db59-48c9-9119-91edfffd04c0] During sync_power_state the instance has a pending task (spawning). Skip.
nova-compute.log.2017-05-14_21:27:09 2017-05-14 21:05:45.312 2931 INFO nova.virt.libvirt.imagecache [req-addc1839-2ed5-4778-b57e-5854eb7b8b09 - - - - -] image 0673dd71-34c5-4fbb-86c4-40623fbe45b4 at (/var/lib/nova/instances/_base/a489c868f0c37da93b76227c91bb03908ac0e742): checking
nova-compute.log.2017-05-14_21:27:09 2017-05-14 21:05:45.313 2931 INFO nova.virt.libvirt.imagecache [req-addc1839-2ed5-4778-b57e-5854eb7b8b09 - - - - -] image 0673dd71-34c5-4fbb-86c4-40623fbe45b4 at (/var/lib/nova/instances/_base/a489c868f0c37da93b76227c91bb03908ac0e742): in use: on this node 1 local, 0 on other nodes sharing this instance storage
nova-compute.log.2017-05-14_21:27:09 2017-05-14 21:05:45.498 2931 INFO nova.virt.libvirt.imagecache [req-addc1839-2ed5-4778-b57e-5854eb7b8b09 - - - - -] Active base files: /var/lib/nova/instances/_base/a489c868f0c37da93b76227c91bb03908ac0e742
nova-compute.log.2017-05-14_21:27:09 2017-05-14 21:05:50.157 2931 INFO nova.virt.libvirt.imagecache [req-addc1839-2ed5-4778-b57e-5854eb7b8b09 - - - - -] image 0673dd71-34c5-4fbb-86c4-40623fbe45b4 at (/var/lib/nova/instances/_base/a489c868f0c37da93b76227c91bb03908ac0e742): checking
nova-compute.log.2017-05-14_21:27:09 2017-05-14 21:05:50.158 2931 INFO nova.virt.libvirt.imagecache [req-addc1839-2ed5-4778-b57e-5854eb7b8b09 - - - - -] image 0673dd71-34c5-4fbb-86c4-40623fbe45b4 at (/var/lib/nova/instances/_base/a489c868f0c37da93b76227c91bb03908ac0e742): in use: on this node 1 local, 0 on other nodes sharing this instance storage
nova-compute.log.2017-05-14_21:27:09 2017-05-14 21:05:50.337 2931 INFO nova.virt.libvirt.imagecache [req-addc1839-2ed5-4778-b57e-5854eb7b8b09 - - - - -] Active base files: /var/lib/nova/instances/_base/a489c868f0c37da93b76227c91bb03908ac0e742
nova-compute.log.2017-05-14_21:27:09 2017-05-14 21:05:51.496 2931 INFO nova.compute.manager [req-3ea4052c-895d-4b64-9e2d-04d64c4d94ab - - - - -] [instance: 2f2fbbd9-db59-48c9-9119-91edfffd04c0] VM Resumed (Lifecycle Event)
nova-compute.log.2017-05-14_21:27:09 2017-05-14 21:05:51.505 2931 INFO nova.virt.libvirt.driver [-] [instance: 2f2fbbd9-db59-48c9-9119-91edfffd04c0] Instance spawned successfully.
nova-compute.log.2017-05-14_21:27:09 2017-05-14 21:05:51.505 2931 INFO nova.compute.manager [req-bdbc1e80-4834-4989-935e-fcd2be14c94e 113d3a99c3da401fbd62cc2caa5b96d2 54fadb412c4e40cdbaed9335e4c35a9e - - -] [instance: 2f2fbbd9-db59-48c9-9119-91edfffd04c0] Took 19.46 seconds to spawn the instance on the hypervisor.
nova-compute.log.2017-05-14_21:27:09 2017-05-14 21:05:51.622 2931 INFO nova.compute.manager [req-3ea4052c-895d-4b64-9e2d-04d64c4d94ab - - - - -] [instance: 2f2fbbd9-db59-48c9-9119-91edfffd04c0] During sync_power_state the instance has a pending task (spawning). Skip.
nova-compute.log.2017-05-14_21:27:09 2017-05-14 21:05:51.623 2931 INFO nova.compute.manager [req-3ea4052c-895d-4b64-9e2d-04d64c4d94ab - - - - -] [instance: 2f2fbbd9-db59-48c9-9119-91edfffd04c0] VM Resumed (Lifecycle Event)
nova-compute.log.2017-05-14_21:27:09 2017-05-14 21:05:51.641 2931 INFO nova.compute.manager [req-bdbc1e80-4834-4989-935e-fcd2be14c94e 113d3a99c3da401fbd62cc2caa5b96d2 54fadb412c4e40cdbaed9335e4c35a9e - - -] [instance: 2f2fbbd9-db59-48c9-9119-91edfffd04c0] Took 20.22 seconds to build instance.
nova-compute.log.2017-05-14_21:27:09 2017-05-14 21:05:55.391 2931 INFO nova.virt.libvirt.imagecache [req-addc1839-2ed5-4778-b57e-5854eb7b8b09 - - - - -] image 0673dd71-34c5-4fbb-86c4-40623fbe45b4 at (/var/lib/nova/instances/_base/a489c868f0c37da93b76227c91bb03908ac0e742): checking
nova-compute.log.2017-05-14_21:27:09 2017-05-14 21:05:55.392 2931 INFO nova.virt.libvirt.imagecache [req-addc1839-2ed5-4778-b57e-5854eb7b8b09 - - - - -] image 0673dd71-34c5-4fbb-86c4-40623fbe45b4 at (/var/lib/nova/instances/_base/a489c868f0c37da93b76227c91bb03908ac0e742): in use: on this node 1 local, 0 on other nodes sharing this instance storage
nova-compute.log.2017-05-14_21:27:09 2017-05-14 21:05:55.574 2931 INFO nova.virt.libvirt.imagecache [req-addc1839-2ed5-4778-b57e-5854eb7b8b09 - - - - -] Active base files: /var/lib/nova/instances/_base/a489c868f0c37da93b76227c91bb03908ac0e742
nova-compute.log.2017-05-14_21:27:09 2017-05-14 21:05:59.822 2931 INFO nova.compute.manager [req-ac0b695b-b1f1-4632-8a70-b6a9856f9861 113d3a99c3da401fbd62cc2caa5b96d2 54fadb412c4e40cdbaed9335e4c35a9e - - -] [instance: 2f2fbbd9-db59-48c9-9119-91edfffd04c0] Terminating instance
nova-compute.log.2017-05-14_21:27:09 2017-05-14 21:06:00.039 2931 INFO nova.virt.libvirt.driver [-] [instance: 2f2fbbd9-db59-48c9-9119-91edfffd04c0] Instance destroyed successfully.
nova-compute.log.2017-05-14_21:27:09 2017-05-14 21:06:00.627 2931 INFO nova.virt.libvirt.imagecache [req-addc1839-2ed5-4778-b57e-5854eb7b8b09 - - - - -] image 0673dd71-34c5-4fbb-86c4-40623fbe45b4 at (/var/lib/nova/instances/_base/a489c868f0c37da93b76227c91bb03908ac0e742): checking
nova-compute.log.2017-05-14_21:27:09 2017-05-14 21:06:00.628 2931 INFO nova.virt.libvirt.imagecache [req-addc1839-2ed5-4778-b57e-5854eb7b8b09 - - - - -] image 0673dd71-34c5-4fbb-86c4-40623fbe45b4 at (/var/lib/nova/instances/_base/a489c868f0c37da93b76227c91bb03908ac0e742): in use: on this node 1 local, 0 on other nodes sharing this instance storage
nova-compute.log.2017-05-14_21:27:09 2017-05-14 21:06:00.730 2931 INFO nova.virt.libvirt.driver [req-ac0b695b-b1f1-4632-8a70-b6a9856f9861 113d3a99c3da401fbd62cc2caa5b96d2 54fadb412c4e40cdbaed9335e4c35a9e - - -] [instance: 2f2fbbd9-db59-48c9-9119-91edfffd04c0] Deleting instance files /var/lib/nova/instances/2f2fbbd9-db59-48c9-9119-91edfffd04c0_del
nova-compute.log.2017-05-14_21:27:09 2017-05-14 21:06:00.732 2931 INFO nova.virt.libvirt.driver [req-ac0b695b-b1f1-4632-8a70-b6a9856f9861 113d3a99c3da401fbd62cc2caa5b96d2 54fadb412c4e40cdbaed9335e4c35a9e - - -] [instance: 2f2fbbd9-db59-48c9-9119-91edfffd04c0] Deletion of /var/lib/nova/instances/2f2fbbd9-db59-48c9-9119-91edfffd04c0_del complete
nova-compute.log.2017-05-14_21:27:09 2017-05-14 21:06:00.739 2931 INFO nova.virt.libvirt.imagecache [req-addc1839-2ed5-4778-b57e-5854eb7b8b09 - - - - -] Active base files: /var/lib/nova/instances/_base/a489c868f0c37da93b76227c91bb03908ac0e742
nova-compute.log.2017-05-14_21:27:09 2017-05-14 21:06:00.850 2931 INFO nova.compute.manager [req-ac0b695b-b1f1-4632-8a70-b6a9856f9861 113d3a99c3da401fbd62cc2caa5b96d2 54fadb412c4e40cdbaed9335e4c35a9e - - -] [instance: 2f2fbbd9-db59-48c9-9119-91edfffd04c0] Took 1.02 seconds to destroy the instance on the hypervisor.
nova-compute.log.2017-05-14_21:27:09 2017-05-14 21:06:01.311 2931 INFO nova.compute.manager [req-ac0b695b-b1f1-4632-8a70-b6a9856f9861 113d3a99c3da401fbd62cc2caa5b96d2 54fadb412c4e40cdbaed9335e4c35a9e - - -] [instance: 2f2fbbd9-db59-48c9-9119-91edfffd04c0] Took 0.46 seconds to deallocate network for instance.
nova-compute.log.2017-05-14_21:27:09 2017-05-14 21:06:05.114 2931 WARNING nova.virt.libvirt.imagecache [req-addc1839-2ed5-4778-b57e-5854eb7b8b09 - - - - -] Unknown base file: /var/lib/nova/instances/_base/a489c868f0c37da93b76227c91bb03908ac0e742
nova-compute.log.2017-05-14_21:27:09 2017-05-14 21:06:05.115 2931 INFO nova.virt.libvirt.imagecache [req-addc1839-2ed5-4778-b57e-5854eb7b8b09 - - - - -] Removable base files: /var/lib/nova/instances/_base/a489c868f0c37da93b76227c91bb03908ac0e742
nova-compute.log.2017-05-14_21:27:09 2017-05-14 21:06:05.116 2931 INFO nova.virt.libvirt.imagecache [req-addc1839-2ed5-4778-b57e-5854eb7b8b09 - - - - -] Base or swap file too young to remove: /var/lib/nova/instances/_base/a489c868f0c37da93b76227c91bb03908ac0e742
nova-compute.log.2017-05-14_21:27:09 2017-05-14 21:06:10.144 2931 WARNING nova.virt.libvirt.imagecache [req-addc1839-2ed5-4778-b57e-5854eb7b8b09 - - - - -] Unknown base file: /var/lib/nova/instances/_base/a489c868f0c37da93b76227c91bb03908ac0e742
nova-compute.log.2017-05-14_21:27:09 2017-05-14 21:06:10.145 2931 INFO nova.virt.libvirt.imagecache [req-addc1839-2ed5-4778-b57e-5854eb7b8b09 - - - - -] Removable base files: /var/lib/nova/instances/_base/a489c868f0c37da93b76227c91bb03908ac0e742
nova-compute.log.2017-05-14_21:27:09 2017-05-14 21:06:10.146 2931 INFO nova.virt.libvirt.imagecache [req-addc1839-2ed5-4778-b57e-5854eb7b8b09 - - - - -] Removing base or swap file: /var/lib/nova/instances/_base/a489c868f0c37da93b76227c91bb03908ac0e742
nova-compute.log.2017-05-14_21:27:09 2017-05-14 21:06:13.256 2931 INFO nova.compute.claims [req-1248a858-d5ef-4713-9283-eceb80fd7626 113d3a99c3da401fbd62cc2caa5b96d2 54fadb412c4e40cdbaed9335e4c35a9e - - -] [instance: 95bcbad0-0f31-4cfe-a4cb-c41a24c03d87] Attempting claim: memory 2048 MB, disk 20 GB, vcpus 1 CPU
nova-compute.log.2017-05-14_21:27:09 2017-05-14 21:06:13.258 2931 INFO nova.compute.claims [req-1248a858-d5ef-4713-9283-eceb80fd7626 113d3a99c3da401fbd62cc2caa5b96d2 54fadb412c4e40cdbaed9335e4c35a9e - - -] [instance: 95bcbad0-0f31-4cfe-a4cb-c41a24c03d87] Total memory: 64172 MB, used: 512.00 MB
nova-compute.log.2017-05-14_21:27:09 2017-05-14 21:06:13.259 2931 INFO nova.compute.claims [req-1248a858-d5ef-4713-9283-eceb80fd7626 113d3a99c3da401fbd62cc2caa5b96d2 54fadb412c4e40cdbaed9335e4c35a9e - - -] [instance: 95bcbad0-0f31-4cfe-a4cb-c41a24c03d87] memory limit: 96258.00 MB, free: 95746.00 MB
nova-compute.log.2017-05-14_21:27:09 2017-05-14 21:06:13.260 2931 INFO nova.compute.claims [req-1248a858-d5ef-4713-9283-eceb80fd7626 113d3a99c3da401fbd62cc2caa5b96d2 54fadb412c4e40cdbaed9335e4c35a9e - - -] [instance: 95bcbad0-0f31-4cfe-a4cb-c41a24c03d87] Total disk: 15 GB, used: 0.00 GB
nova-compute.log.2017-05-14_21:27:09 2017-05-14 21:06:13.261 2931 INFO nova.compute.claims [req-1248a858-d5ef-4713-9283-eceb80fd7626 113d3a99c3da401fbd62cc2caa5b96d2 54fadb412c4e40cdbaed9335e4c35a9e - - -] [instance: 95bcbad0-0f31-4cfe-a4cb-c41a24c03d87] disk limit not specified, defaulting to unlimited
nova-compute.log.2017-05-14_21:27:09 2017-05-14 21:06:13.261 2931 INFO nova.compute.claims [req-1248a858-d5ef-4713-9283-eceb80fd7626 113d3a99c3da401fbd62cc2caa5b96d2 54fadb412c4e40cdbaed9335e4c35a9e - - -] [instance: 95bcbad0-0f31-4cfe-a4cb-c41a24c03d87] Total vcpu: 16 VCPU, used: 0.00 VCPU
nova-compute.log.2017-05-14_21:27:09 2017-05-14 21:06:13.261 2931 INFO nova.compute.claims [req-1248a858-d5ef-4713-9283-eceb80fd7626 113d3a99c3da401fbd62cc2caa5b96d2 54fadb412c4e40cdbaed9335e4c35a9e - - -] [instance: 95bcbad0-0f31-4cfe-a4cb-c41a24c03d87] vcpu limit not specified, defaulting to unlimited
nova-compute.log.2017-05-14_21:27:09 2017-05-14 21:06:13.298 2931 INFO nova.compute.claims [req-1248a858-d5ef-4713-9283-eceb80fd7626 113d3a99c3da401fbd62cc2caa5b96d2 54fadb412c4e40cdbaed9335e4c35a9e - - -] [instance: 95bcbad0-0f31-4cfe-a4cb-c41a24c03d87] Claim successful
nova-compute.log.2017-05-14_21:27:09 2017-05-14 21:06:13.873 2931 INFO nova.virt.libvirt.driver [req-1248a858-d5ef-4713-9283-eceb80fd7626 113d3a99c3da401fbd62cc2caa5b96d2 54fadb412c4e40cdbaed9335e4c35a9e - - -] [instance: 95bcbad0-0f31-4cfe-a4cb-c41a24c03d87] Creating image
nova-compute.log.2017-05-14_21:27:09 2017-05-14 21:06:15.036 2931 INFO nova.compute.manager [-] [instance: 2f2fbbd9-db59-48c9-9119-91edfffd04c0] VM Stopped (Lifecycle Event)
nova-compute.log.2017-05-14_21:27:09 2017-05-14 21:06:18.128 2931 INFO nova.compute.resource_tracker [req-addc1839-2ed5-4778-b57e-5854eb7b8b09 - - - - -] Auditing locally available compute resources for node cp-1.slowvm1.tcloud-pg0.utah.cloudlab.us
nova-compute.log.2017-05-14_21:27:09 2017-05-14 21:06:18.464 2931 INFO nova.compute.resource_tracker [req-addc1839-2ed5-4778-b57e-5854eb7b8b09 - - - - -] Total usable vcpus: 16, total allocated vcpus: 1
nova-compute.log.2017-05-14_21:27:09 2017-05-14 21:06:18.465 2931 INFO nova.compute.resource_tracker [req-addc1839-2ed5-4778-b57e-5854eb7b8b09 - - - - -] Final resource view: name=cp-1.slowvm1.tcloud-pg0.utah.cloudlab.us phys_ram=64172MB used_ram=2560MB phys_disk=15GB used_disk=20GB total_vcpus=16 used_vcpus=1 pci_stats=[]
nova-compute.log.2017-05-14_21:27:09 2017-05-14 21:06:18.526 2931 INFO nova.compute.resource_tracker [req-addc1839-2ed5-4778-b57e-5854eb7b8b09 - - - - -] Compute_service record updated for cp-1.slowvm1.tcloud-pg0.utah.cloudlab.us:cp-1.slowvm1.tcloud-pg0.utah.cloudlab.us
nova-compute.log.2017-05-14_21:27:09 2017-05-14 21:06:25.245 2931 INFO nova.virt.libvirt.imagecache [req-addc1839-2ed5-4778-b57e-5854eb7b8b09 - - - - -] image 0673dd71-34c5-4fbb-86c4-40623fbe45b4 at (/var/lib/nova/instances/_base/a489c868f0c37da93b76227c91bb03908ac0e742): checking
nova-compute.log.2017-05-14_21:27:09 2017-05-14 21:06:25.246 2931 INFO nova.virt.libvirt.imagecache [req-addc1839-2ed5-4778-b57e-5854eb7b8b09 - - - - -] image 0673dd71-34c5-4fbb-86c4-40623fbe45b4 at (/var/lib/nova/instances/_base/a489c868f0c37da93b76227c91bb03908ac0e742): in use: on this node 1 local, 0 on other nodes sharing this instance storage
nova-compute.log.2017-05-14_21:27:09 2017-05-14 21:06:25.435 2931 INFO nova.virt.libvirt.imagecache [req-addc1839-2ed5-4778-b57e-5854eb7b8b09 - - - - -] Active base files: /var/lib/nova/instances/_base/a489c868f0c37da93b76227c91bb03908ac0e742
nova-compute.log.2017-05-14_21:27:09 2017-05-14 21:06:27.199 2931 INFO nova.compute.manager [req-3ea4052c-895d-4b64-9e2d-04d64c4d94ab - - - - -] [instance: 95bcbad0-0f31-4cfe-a4cb-c41a24c03d87] VM Started (Lifecycle Event)
nova-compute.log.2017-05-14_21:27:09 2017-05-14 21:06:27.260 2931 INFO nova.compute.manager [req-3ea4052c-895d-4b64-9e2d-04d64c4d94ab - - - - -] [instance: 95bcbad0-0f31-4cfe-a4cb-c41a24c03d87] VM Paused (Lifecycle Event)
nova-compute.log.2017-05-14_21:27:09 2017-05-14 21:06:27.377 2931 INFO nova.compute.manager [req-3ea4052c-895d-4b64-9e2d-04d64c4d94ab - - - - -] [instance: 95bcbad0-0f31-4cfe-a4cb-c41a24c03d87] During sync_power_state the instance has a pending task (spawning). Skip.
nova-compute.log.2017-05-14_21:27:09 2017-05-14 21:06:30.136 2931 INFO nova.virt.libvirt.imagecache [req-addc1839-2ed5-4778-b57e-5854eb7b8b09 - - - - -] image 0673dd71-34c5-4fbb-86c4-40623fbe45b4 at (/var/lib/nova/instances/_base/a489c868f0c37da93b76227c91bb03908ac0e742): checking
nova-compute.log.2017-05-14_21:27:09 2017-05-14 21:06:30.137 2931 INFO nova.virt.libvirt.imagecache [req-addc1839-2ed5-4778-b57e-5854eb7b8b09 - - - - -] image 0673dd71-34c5-4fbb-86c4-40623fbe45b4 at (/var/lib/nova/instances/_base/a489c868f0c37da93b76227c91bb03908ac0e742): in use: on this node 1 local, 0 on other nodes sharing this instance storage
nova-compute.log.2017-05-14_21:27:09 2017-05-14 21:06:30.315 2931 INFO nova.virt.libvirt.imagecache [req-addc1839-2ed5-4778-b57e-5854eb7b8b09 - - - - -] Active base files: /var/lib/nova/instances/_base/a489c868f0c37da93b76227c91bb03908ac0e742
nova-compute.log.2017-05-14_21:27:09 2017-05-14 21:06:34.871 2931 INFO nova.compute.manager [req-3ea4052c-895d-4b64-9e2d-04d64c4d94ab - - - - -] [instance: 95bcbad0-0f31-4cfe-a4cb-c41a24c03d87] VM Resumed (Lifecycle Event)
nova-compute.log.2017-05-14_21:27:09 2017-05-14 21:06:34.879 2931 INFO nova.virt.libvirt.driver [-] [instance: 95bcbad0-0f31-4cfe-a4cb-c41a24c03d87] Instance spawned successfully.
nova-compute.log.2017-05-14_21:27:09 2017-05-14 21:06:34.881 2931 INFO nova.compute.manager [req-1248a858-d5ef-4713-9283-eceb80fd7626 113d3a99c3da401fbd62cc2caa5b96d2 54fadb412c4e40cdbaed9335e4c35a9e - - -] [instance: 95bcbad0-0f31-4cfe-a4cb-c41a24c03d87] Took 21.01 seconds to spawn the instance on the hypervisor.
nova-compute.log.2017-05-14_21:27:09 2017-05-14 21:06:34.991 2931 INFO nova.compute.manager [req-3ea4052c-895d-4b64-9e2d-04d64c4d94ab - - - - -] [instance: 95bcbad0-0f31-4cfe-a4cb-c41a24c03d87] During sync_power_state the instance has a pending task (spawning). Skip.
nova-compute.log.2017-05-14_21:27:09 2017-05-14 21:06:34.992 2931 INFO nova.compute.manager [req-3ea4052c-895d-4b64-9e2d-04d64c4d94ab - - - - -] [instance: 95bcbad0-0f31-4cfe-a4cb-c41a24c03d87] VM Resumed (Lifecycle Event)
nova-compute.log.2017-05-14_21:27:09 2017-05-14 21:06:35.010 2931 INFO nova.compute.manager [req-1248a858-d5ef-4713-9283-eceb80fd7626 113d3a99c3da401fbd62cc2caa5b96d2 54fadb412c4e40cdbaed9335e4c35a9e - - -] [instance: 95bcbad0-0f31-4cfe-a4cb-c41a24c03d87] Took 21.77 seconds to build instance.
nova-compute.log.2017-05-14_21:27:09 2017-05-14 21:06:35.138 2931 INFO nova.virt.libvirt.imagecache [req-addc1839-2ed5-4778-b57e-5854eb7b8b09 - - - - -] image 0673dd71-34c5-4fbb-86c4-40623fbe45b4 at (/var/lib/nova/instances/_base/a489c868f0c37da93b76227c91bb03908ac0e742): checking
nova-compute.log.2017-05-14_21:27:09 2017-05-14 21:06:35.139 2931 INFO nova.virt.libvirt.imagecache [req-addc1839-2ed5-4778-b57e-5854eb7b8b09 - - - - -] image 0673dd71-34c5-4fbb-86c4-40623fbe45b4 at (/var/lib/nova/instances/_base/a489c868f0c37da93b76227c91bb03908ac0e742): in use: on this node 1 local, 0 on other nodes sharing this instance storage
nova-compute.log.2017-05-14_21:27:09 2017-05-14 21:06:35.310 2931 INFO nova.virt.libvirt.imagecache [req-addc1839-2ed5-4778-b57e-5854eb7b8b09 - - - - -] Active base files: /var/lib/nova/instances/_base/a489c868f0c37da93b76227c91bb03908ac0e742
nova-compute.log.2017-05-14_21:27:09 2017-05-14 21:06:40.362 2931 INFO nova.virt.libvirt.imagecache [req-addc1839-2ed5-4778-b57e-5854eb7b8b09 - - - - -] image 0673dd71-34c5-4fbb-86c4-40623fbe45b4 at (/var/lib/nova/instances/_base/a489c868f0c37da93b76227c91bb03908ac0e742): checking
nova-compute.log.2017-05-14_21:27:09 2017-05-14 21:06:40.363 2931 INFO nova.virt.libvirt.imagecache [req-addc1839-2ed5-4778-b57e-5854eb7b8b09 - - - - -] image 0673dd71-34c5-4fbb-86c4-40623fbe45b4 at (/var/lib/nova/instances/_base/a489c868f0c37da93b76227c91bb03908ac0e742): in use: on this node 1 local, 0 on other nodes sharing this instance storage
nova-compute.log.2017-05-14_21:27:09 2017-05-14 21:06:40.543 2931 INFO nova.virt.libvirt.imagecache [req-addc1839-2ed5-4778-b57e-5854eb7b8b09 - - - - -] Active base files: /var/lib/nova/instances/_base/a489c868f0c37da93b76227c91bb03908ac0e742
nova-compute.log.2017-05-14_21:27:09 2017-05-14 21:06:43.321 2931 INFO nova.compute.manager [req-c9869532-b314-47b5-8967-c8f237e10f58 113d3a99c3da401fbd62cc2caa5b96d2 54fadb412c4e40cdbaed9335e4c35a9e - - -] [instance: 95bcbad0-0f31-4cfe-a4cb-c41a24c03d87] Terminating instance
nova-compute.log.2017-05-14_21:27:09 2017-05-14 21:06:43.537 2931 INFO nova.virt.libvirt.driver [-] [instance: 95bcbad0-0f31-4cfe-a4cb-c41a24c03d87] Instance destroyed successfully.
nova-compute.log.2017-05-14_21:27:09 2017-05-14 21:06:44.216 2931 INFO nova.virt.libvirt.driver [req-c9869532-b314-47b5-8967-c8f237e10f58 113d3a99c3da401fbd62cc2caa5b96d2 54fadb412c4e40cdbaed9335e4c35a9e - - -] [instance: 95bcbad0-0f31-4cfe-a4cb-c41a24c03d87] Deleting instance files /var/lib/nova/instances/95bcbad0-0f31-4cfe-a4cb-c41a24c03d87_del
nova-compute.log.2017-05-14_21:27:09 2017-05-14 21:06:44.218 2931 INFO nova.virt.libvirt.driver [req-c9869532-b314-47b5-8967-c8f237e10f58 113d3a99c3da401fbd62cc2caa5b96d2 54fadb412c4e40cdbaed9335e4c35a9e - - -] [instance: 95bcbad0-0f31-4cfe-a4cb-c41a24c03d87] Deletion of /var/lib/nova/instances/95bcbad0-0f31-4cfe-a4cb-c41a24c03d87_del complete
nova-compute.log.2017-05-14_21:27:09 2017-05-14 21:06:44.338 2931 INFO nova.compute.manager [req-c9869532-b314-47b5-8967-c8f237e10f58 113d3a99c3da401fbd62cc2caa5b96d2 54fadb412c4e40cdbaed9335e4c35a9e - - -] [instance: 95bcbad0-0f31-4cfe-a4cb-c41a24c03d87] Took 1.01 seconds to destroy the instance on the hypervisor.
nova-compute.log.2017-05-14_21:27:09 2017-05-14 21:06:44.774 2931 INFO nova.compute.manager [req-c9869532-b314-47b5-8967-c8f237e10f58 113d3a99c3da401fbd62cc2caa5b96d2 54fadb412c4e40cdbaed9335e4c35a9e - - -] [instance: 95bcbad0-0f31-4cfe-a4cb-c41a24c03d87] Took 0.44 seconds to deallocate network for instance.
nova-compute.log.2017-05-14_21:27:09 2017-05-14 21:06:45.573 2931 WARNING nova.virt.libvirt.imagecache [req-addc1839-2ed5-4778-b57e-5854eb7b8b09 - - - - -] Unknown base file: /var/lib/nova/instances/_base/a489c868f0c37da93b76227c91bb03908ac0e742
nova-compute.log.2017-05-14_21:27:09 2017-05-14 21:06:45.574 2931 INFO nova.virt.libvirt.imagecache [req-addc1839-2ed5-4778-b57e-5854eb7b8b09 - - - - -] Removable base files: /var/lib/nova/instances/_base/a489c868f0c37da93b76227c91bb03908ac0e742
nova-compute.log.2017-05-14_21:27:09 2017-05-14 21:06:45.576 2931 INFO nova.virt.libvirt.imagecache [req-addc1839-2ed5-4778-b57e-5854eb7b8b09 - - - - -] Removing base or swap file: /var/lib/nova/instances/_base/a489c868f0c37da93b76227c91bb03908ac0e742
nova-compute.log.2017-05-14_21:27:09 2017-05-14 21:06:56.690 2931 INFO nova.compute.claims [req-742f05b1-6041-429d-bbac-9c7ff4152132 113d3a99c3da401fbd62cc2caa5b96d2 54fadb412c4e40cdbaed9335e4c35a9e - - -] [instance: d7c7b763-9427-47d2-ace3-08035a001514] Attempting claim: memory 2048 MB, disk 20 GB, vcpus 1 CPU
nova-compute.log.2017-05-14_21:27:09 2017-05-14 21:06:56.691 2931 INFO nova.compute.claims [req-742f05b1-6041-429d-bbac-9c7ff4152132 113d3a99c3da401fbd62cc2caa5b96d2 54fadb412c4e40cdbaed9335e4c35a9e - - -] [instance: d7c7b763-9427-47d2-ace3-08035a001514] Total memory: 64172 MB, used: 512.00 MB
nova-compute.log.2017-05-14_21:27:09 2017-05-14 21:06:56.691 2931 INFO nova.compute.claims [req-742f05b1-6041-429d-bbac-9c7ff4152132 113d3a99c3da401fbd62cc2caa5b96d2 54fadb412c4e40cdbaed9335e4c35a9e - - -] [instance: d7c7b763-9427-47d2-ace3-08035a001514] memory limit: 96258.00 MB, free: 95746.00 MB
nova-compute.log.2017-05-14_21:27:09 2017-05-14 21:06:56.692 2931 INFO nova.compute.claims [req-742f05b1-6041-429d-bbac-9c7ff4152132 113d3a99c3da401fbd62cc2caa5b96d2 54fadb412c4e40cdbaed9335e4c35a9e - - -] [instance: d7c7b763-9427-47d2-ace3-08035a001514] Total disk: 15 GB, used: 0.00 GB
nova-compute.log.2017-05-14_21:27:09 2017-05-14 21:06:56.692 2931 INFO nova.compute.claims [req-742f05b1-6041-429d-bbac-9c7ff4152132 113d3a99c3da401fbd62cc2caa5b96d2 54fadb412c4e40cdbaed9335e4c35a9e - - -] [instance: d7c7b763-9427-47d2-ace3-08035a001514] disk limit not specified, defaulting to unlimited
nova-compute.log.2017-05-14_21:27:09 2017-05-14 21:06:56.693 2931 INFO nova.compute.claims [req-742f05b1-6041-429d-bbac-9c7ff4152132 113d3a99c3da401fbd62cc2caa5b96d2 54fadb412c4e40cdbaed9335e4c35a9e - - -] [instance: d7c7b763-9427-47d2-ace3-08035a001514] Total vcpu: 16 VCPU, used: 0.00 VCPU
nova-compute.log.2017-05-14_21:27:09 2017-05-14 21:06:56.693 2931 INFO nova.compute.claims [req-742f05b1-6041-429d-bbac-9c7ff4152132 113d3a99c3da401fbd62cc2caa5b96d2 54fadb412c4e40cdbaed9335e4c35a9e - - -] [instance: d7c7b763-9427-47d2-ace3-08035a001514] vcpu limit not specified, defaulting to unlimited
nova-compute.log.2017-05-14_21:27:09 2017-05-14 21:06:56.723 2931 INFO nova.compute.claims [req-742f05b1-6041-429d-bbac-9c7ff4152132 113d3a99c3da401fbd62cc2caa5b96d2 54fadb412c4e40cdbaed9335e4c35a9e - - -] [instance: d7c7b763-9427-47d2-ace3-08035a001514] Claim successful
nova-compute.log.2017-05-14_21:27:09 2017-05-14 21:06:57.297 2931 INFO nova.virt.libvirt.driver [req-742f05b1-6041-429d-bbac-9c7ff4152132 113d3a99c3da401fbd62cc2caa5b96d2 54fadb412c4e40cdbaed9335e4c35a9e - - -] [instance: d7c7b763-9427-47d2-ace3-08035a001514] Creating image
nova-compute.log.2017-05-14_21:27:09 2017-05-14 21:06:58.536 2931 INFO nova.compute.manager [-] [instance: 95bcbad0-0f31-4cfe-a4cb-c41a24c03d87] VM Stopped (Lifecycle Event)
nova-compute.log.2017-05-14_21:27:09 2017-05-14 21:07:10.033 2931 INFO nova.compute.manager [req-3ea4052c-895d-4b64-9e2d-04d64c4d94ab - - - - -] [instance: d7c7b763-9427-47d2-ace3-08035a001514] VM Started (Lifecycle Event)
nova-compute.log.2017-05-14_21:27:09 2017-05-14 21:07:10.094 2931 INFO nova.compute.manager [req-3ea4052c-895d-4b64-9e2d-04d64c4d94ab - - - - -] [instance: d7c7b763-9427-47d2-ace3-08035a001514] VM Paused (Lifecycle Event)
nova-compute.log.2017-05-14_21:27:09 2017-05-14 21:07:10.193 2931 INFO nova.virt.libvirt.imagecache [req-addc1839-2ed5-4778-b57e-5854eb7b8b09 - - - - -] image 0673dd71-34c5-4fbb-86c4-40623fbe45b4 at (/var/lib/nova/instances/_base/a489c868f0c37da93b76227c91bb03908ac0e742): checking
nova-compute.log.2017-05-14_21:27:09 2017-05-14 21:07:10.194 2931 INFO nova.virt.libvirt.imagecache [req-addc1839-2ed5-4778-b57e-5854eb7b8b09 - - - - -] image 0673dd71-34c5-4fbb-86c4-40623fbe45b4 at (/var/lib/nova/instances/_base/a489c868f0c37da93b76227c91bb03908ac0e742): in use: on this node 1 local, 0 on other nodes sharing this instance storage
nova-compute.log.2017-05-14_21:27:09 2017-05-14 21:07:10.229 2931 INFO nova.compute.manager [req-3ea4052c-895d-4b64-9e2d-04d64c4d94ab - - - - -] [instance: d7c7b763-9427-47d2-ace3-08035a001514] During sync_power_state the instance has a pending task (spawning). Skip.
nova-compute.log.2017-05-14_21:27:09 2017-05-14 21:07:10.382 2931 INFO nova.virt.libvirt.imagecache [req-addc1839-2ed5-4778-b57e-5854eb7b8b09 - - - - -] Active base files: /var/lib/nova/instances/_base/a489c868f0c37da93b76227c91bb03908ac0e742
nova-compute.log.2017-05-14_21:27:09 2017-05-14 21:07:15.137 2931 INFO nova.virt.libvirt.imagecache [req-addc1839-2ed5-4778-b57e-5854eb7b8b09 - - - - -] image 0673dd71-34c5-4fbb-86c4-40623fbe45b4 at (/var/lib/nova/instances/_base/a489c868f0c37da93b76227c91bb03908ac0e742): checking
nova-compute.log.2017-05-14_21:27:09 2017-05-14 21:07:15.138 2931 INFO nova.virt.libvirt.imagecache [req-addc1839-2ed5-4778-b57e-5854eb7b8b09 - - - - -] image 0673dd71-34c5-4fbb-86c4-40623fbe45b4 at (/var/lib/nova/instances/_base/a489c868f0c37da93b76227c91bb03908ac0e742): in use: on this node 1 local, 0 on other nodes sharing this instance storage
nova-compute.log.2017-05-14_21:27:09 2017-05-14 21:07:15.321 2931 INFO nova.virt.libvirt.imagecache [req-addc1839-2ed5-4778-b57e-5854eb7b8b09 - - - - -] Active base files: /var/lib/nova/instances/_base/a489c868f0c37da93b76227c91bb03908ac0e742
nova-compute.log.2017-05-14_21:27:09 2017-05-14 21:07:16.489 2931 INFO nova.compute.manager [req-3ea4052c-895d-4b64-9e2d-04d64c4d94ab - - - - -] [instance: d7c7b763-9427-47d2-ace3-08035a001514] VM Resumed (Lifecycle Event)
nova-compute.log.2017-05-14_21:27:09 2017-05-14 21:07:16.498 2931 INFO nova.virt.libvirt.driver [-] [instance: d7c7b763-9427-47d2-ace3-08035a001514] Instance spawned successfully.
nova-compute.log.2017-05-14_21:27:09 2017-05-14 21:07:16.499 2931 INFO nova.compute.manager [req-742f05b1-6041-429d-bbac-9c7ff4152132 113d3a99c3da401fbd62cc2caa5b96d2 54fadb412c4e40cdbaed9335e4c35a9e - - -] [instance: d7c7b763-9427-47d2-ace3-08035a001514] Took 19.20 seconds to spawn the instance on the hypervisor.
nova-compute.log.2017-05-14_21:27:09 2017-05-14 21:07:16.607 2931 INFO nova.compute.manager [req-3ea4052c-895d-4b64-9e2d-04d64c4d94ab - - - - -] [instance: d7c7b763-9427-47d2-ace3-08035a001514] During sync_power_state the instance has a pending task (spawning). Skip.
nova-compute.log.2017-05-14_21:27:09 2017-05-14 21:07:16.608 2931 INFO nova.compute.manager [req-3ea4052c-895d-4b64-9e2d-04d64c4d94ab - - - - -] [instance: d7c7b763-9427-47d2-ace3-08035a001514] VM Resumed (Lifecycle Event)
nova-compute.log.2017-05-14_21:27:09 2017-05-14 21:07:16.683 2931 INFO nova.compute.manager [req-742f05b1-6041-429d-bbac-9c7ff4152132 113d3a99c3da401fbd62cc2caa5b96d2 54fadb412c4e40cdbaed9335e4c35a9e - - -] [instance: d7c7b763-9427-47d2-ace3-08035a001514] Took 20.00 seconds to build instance.
nova-compute.log.2017-05-14_21:27:09 2017-05-14 21:07:19.337 2931 INFO nova.compute.resource_tracker [req-addc1839-2ed5-4778-b57e-5854eb7b8b09 - - - - -] Auditing locally available compute resources for node cp-1.slowvm1.tcloud-pg0.utah.cloudlab.us
nova-compute.log.2017-05-14_21:27:09 2017-05-14 21:07:19.902 2931 INFO nova.compute.resource_tracker [req-addc1839-2ed5-4778-b57e-5854eb7b8b09 - - - - -] Total usable vcpus: 16, total allocated vcpus: 1
nova-compute.log.2017-05-14_21:27:09 2017-05-14 21:07:19.903 2931 INFO nova.compute.resource_tracker [req-addc1839-2ed5-4778-b57e-5854eb7b8b09 - - - - -] Final resource view: name=cp-1.slowvm1.tcloud-pg0.utah.cloudlab.us phys_ram=64172MB used_ram=2560MB phys_disk=15GB used_disk=20GB total_vcpus=16 used_vcpus=1 pci_stats=[]
nova-compute.log.2017-05-14_21:27:09 2017-05-14 21:07:19.981 2931 INFO nova.compute.resource_tracker [req-addc1839-2ed5-4778-b57e-5854eb7b8b09 - - - - -] Compute_service record updated for cp-1.slowvm1.tcloud-pg0.utah.cloudlab.us:cp-1.slowvm1.tcloud-pg0.utah.cloudlab.us
nova-compute.log.2017-05-14_21:27:09 2017-05-14 21:07:20.153 2931 INFO nova.virt.libvirt.imagecache [req-addc1839-2ed5-4778-b57e-5854eb7b8b09 - - - - -] image 0673dd71-34c5-4fbb-86c4-40623fbe45b4 at (/var/lib/nova/instances/_base/a489c868f0c37da93b76227c91bb03908ac0e742): checking
nova-compute.log.2017-05-14_21:27:09 2017-05-14 21:07:20.154 2931 INFO nova.virt.libvirt.imagecache [req-addc1839-2ed5-4778-b57e-5854eb7b8b09 - - - - -] image 0673dd71-34c5-4fbb-86c4-40623fbe45b4 at (/var/lib/nova/instances/_base/a489c868f0c37da93b76227c91bb03908ac0e742): in use: on this node 1 local, 0 on other nodes sharing this instance storage
nova-compute.log.2017-05-14_21:27:09 2017-05-14 21:07:20.319 2931 INFO nova.virt.libvirt.imagecache [req-addc1839-2ed5-4778-b57e-5854eb7b8b09 - - - - -] Active base files: /var/lib/nova/instances/_base/a489c868f0c37da93b76227c91bb03908ac0e742
nova-compute.log.2017-05-14_21:27:09 2017-05-14 21:07:23.821 2931 INFO nova.compute.manager [req-0d37f952-d12a-4f41-9e04-39d5124cf7f6 113d3a99c3da401fbd62cc2caa5b96d2 54fadb412c4e40cdbaed9335e4c35a9e - - -] [instance: d7c7b763-9427-47d2-ace3-08035a001514] Terminating instance
nova-compute.log.2017-05-14_21:27:09 2017-05-14 21:07:24.039 2931 INFO nova.virt.libvirt.driver [-] [instance: d7c7b763-9427-47d2-ace3-08035a001514] Instance destroyed successfully.
nova-compute.log.2017-05-14_21:27:09 2017-05-14 21:07:24.716 2931 INFO nova.virt.libvirt.driver [req-0d37f952-d12a-4f41-9e04-39d5124cf7f6 113d3a99c3da401fbd62cc2caa5b96d2 54fadb412c4e40cdbaed9335e4c35a9e - - -] [instance: d7c7b763-9427-47d2-ace3-08035a001514] Deleting instance files /var/lib/nova/instances/d7c7b763-9427-47d2-ace3-08035a001514_del
nova-compute.log.2017-05-14_21:27:09 2017-05-14 21:07:24.717 2931 INFO nova.virt.libvirt.driver [req-0d37f952-d12a-4f41-9e04-39d5124cf7f6 113d3a99c3da401fbd62cc2caa5b96d2 54fadb412c4e40cdbaed9335e4c35a9e - - -] [instance: d7c7b763-9427-47d2-ace3-08035a001514] Deletion of /var/lib/nova/instances/d7c7b763-9427-47d2-ace3-08035a001514_del complete
nova-compute.log.2017-05-14_21:27:09 2017-05-14 21:07:24.842 2931 INFO nova.compute.manager [req-0d37f952-d12a-4f41-9e04-39d5124cf7f6 113d3a99c3da401fbd62cc2caa5b96d2 54fadb412c4e40cdbaed9335e4c35a9e - - -] [instance: d7c7b763-9427-47d2-ace3-08035a001514] Took 1.01 seconds to destroy the instance on the hypervisor.
nova-compute.log.2017-05-14_21:27:09 2017-05-14 21:07:25.302 2931 INFO nova.compute.manager [req-0d37f952-d12a-4f41-9e04-39d5124cf7f6 113d3a99c3da401fbd62cc2caa5b96d2 54fadb412c4e40cdbaed9335e4c35a9e - - -] [instance: d7c7b763-9427-47d2-ace3-08035a001514] Took 0.46 seconds to deallocate network for instance.
nova-compute.log.2017-05-14_21:27:09 2017-05-14 21:07:25.782 2931 WARNING nova.virt.libvirt.imagecache [req-addc1839-2ed5-4778-b57e-5854eb7b8b09 - - - - -] Unknown base file: /var/lib/nova/instances/_base/a489c868f0c37da93b76227c91bb03908ac0e742
nova-compute.log.2017-05-14_21:27:09 2017-05-14 21:07:25.783 2931 INFO nova.virt.libvirt.imagecache [req-addc1839-2ed5-4778-b57e-5854eb7b8b09 - - - - -] Removable base files: /var/lib/nova/instances/_base/a489c868f0c37da93b76227c91bb03908ac0e742
nova-compute.log.2017-05-14_21:27:09 2017-05-14 21:07:25.784 2931 INFO nova.virt.libvirt.imagecache [req-addc1839-2ed5-4778-b57e-5854eb7b8b09 - - - - -] Removing base or swap file: /var/lib/nova/instances/_base/a489c868f0c37da93b76227c91bb03908ac0e742
nova-compute.log.2017-05-14_21:27:09 2017-05-14 21:07:37.102 2931 INFO nova.compute.claims [req-d6143bd4-9784-4e95-a0c8-83fba00530b6 113d3a99c3da401fbd62cc2caa5b96d2 54fadb412c4e40cdbaed9335e4c35a9e - - -] [instance: 544fd51c-4edc-4780-baae-ba1d80a0acfc] Attempting claim: memory 2048 MB, disk 20 GB, vcpus 1 CPU
nova-compute.log.2017-05-14_21:27:09 2017-05-14 21:07:37.103 2931 INFO nova.compute.claims [req-d6143bd4-9784-4e95-a0c8-83fba00530b6 113d3a99c3da401fbd62cc2caa5b96d2 54fadb412c4e40cdbaed9335e4c35a9e - - -] [instance: 544fd51c-4edc-4780-baae-ba1d80a0acfc] Total memory: 64172 MB, used: 512.00 MB
nova-compute.log.2017-05-14_21:27:09 2017-05-14 21:07:37.103 2931 INFO nova.compute.claims [req-d6143bd4-9784-4e95-a0c8-83fba00530b6 113d3a99c3da401fbd62cc2caa5b96d2 54fadb412c4e40cdbaed9335e4c35a9e - - -] [instance: 544fd51c-4edc-4780-baae-ba1d80a0acfc] memory limit: 96258.00 MB, free: 95746.00 MB
nova-compute.log.2017-05-14_21:27:09 2017-05-14 21:07:37.104 2931 INFO nova.compute.claims [req-d6143bd4-9784-4e95-a0c8-83fba00530b6 113d3a99c3da401fbd62cc2caa5b96d2 54fadb412c4e40cdbaed9335e4c35a9e - - -] [instance: 544fd51c-4edc-4780-baae-ba1d80a0acfc] Total disk: 15 GB, used: 0.00 GB
nova-compute.log.2017-05-14_21:27:09 2017-05-14 21:07:37.105 2931 INFO nova.compute.claims [req-d6143bd4-9784-4e95-a0c8-83fba00530b6 113d3a99c3da401fbd62cc2caa5b96d2 54fadb412c4e40cdbaed9335e4c35a9e - - -] [instance: 544fd51c-4edc-4780-baae-ba1d80a0acfc] disk limit not specified, defaulting to unlimited
nova-compute.log.2017-05-14_21:27:09 2017-05-14 21:07:37.105 2931 INFO nova.compute.claims [req-d6143bd4-9784-4e95-a0c8-83fba00530b6 113d3a99c3da401fbd62cc2caa5b96d2 54fadb412c4e40cdbaed9335e4c35a9e - - -] [instance: 544fd51c-4edc-4780-baae-ba1d80a0acfc] Total vcpu: 16 VCPU, used: 0.00 VCPU
nova-compute.log.2017-05-14_21:27:09 2017-05-14 21:07:37.106 2931 INFO nova.compute.claims [req-d6143bd4-9784-4e95-a0c8-83fba00530b6 113d3a99c3da401fbd62cc2caa5b96d2 54fadb412c4e40cdbaed9335e4c35a9e - - -] [instance: 544fd51c-4edc-4780-baae-ba1d80a0acfc] vcpu limit not specified, defaulting to unlimited
nova-compute.log.2017-05-14_21:27:09 2017-05-14 21:07:37.138 2931 INFO nova.compute.claims [req-d6143bd4-9784-4e95-a0c8-83fba00530b6 113d3a99c3da401fbd62cc2caa5b96d2 54fadb412c4e40cdbaed9335e4c35a9e - - -] [instance: 544fd51c-4edc-4780-baae-ba1d80a0acfc] Claim successful
nova-compute.log.2017-05-14_21:27:09 2017-05-14 21:07:37.924 2931 INFO nova.virt.libvirt.driver [req-d6143bd4-9784-4e95-a0c8-83fba00530b6 113d3a99c3da401fbd62cc2caa5b96d2 54fadb412c4e40cdbaed9335e4c35a9e - - -] [instance: 544fd51c-4edc-4780-baae-ba1d80a0acfc] Creating image
nova-compute.log.2017-05-14_21:27:09 2017-05-14 21:07:39.036 2931 INFO nova.compute.manager [-] [instance: d7c7b763-9427-47d2-ace3-08035a001514] VM Stopped (Lifecycle Event)
nova-compute.log.2017-05-14_21:27:09 2017-05-14 21:08:10.227 2931 INFO nova.virt.libvirt.imagecache [req-addc1839-2ed5-4778-b57e-5854eb7b8b09 - - - - -] image 0673dd71-34c5-4fbb-86c4-40623fbe45b4 at (/var/lib/nova/instances/_base/a489c868f0c37da93b76227c91bb03908ac0e742): checking
nova-compute.log.2017-05-14_21:27:09 2017-05-14 21:08:10.228 2931 INFO nova.virt.libvirt.imagecache [req-addc1839-2ed5-4778-b57e-5854eb7b8b09 - - - - -] image 0673dd71-34c5-4fbb-86c4-40623fbe45b4 at (/var/lib/nova/instances/_base/a489c868f0c37da93b76227c91bb03908ac0e742): in use: on this node 1 local, 0 on other nodes sharing this instance storage
nova-compute.log.2017-05-14_21:27:09 2017-05-14 21:08:10.421 2931 INFO nova.virt.libvirt.imagecache [req-addc1839-2ed5-4778-b57e-5854eb7b8b09 - - - - -] Active base files: /var/lib/nova/instances/_base/a489c868f0c37da93b76227c91bb03908ac0e742
nova-compute.log.2017-05-14_21:27:09 2017-05-14 21:08:12.571 2931 INFO nova.compute.manager [req-3ea4052c-895d-4b64-9e2d-04d64c4d94ab - - - - -] [instance: 544fd51c-4edc-4780-baae-ba1d80a0acfc] VM Started (Lifecycle Event)
nova-compute.log.2017-05-14_21:27:09 2017-05-14 21:08:12.636 2931 INFO nova.compute.manager [req-3ea4052c-895d-4b64-9e2d-04d64c4d94ab - - - - -] [instance: 544fd51c-4edc-4780-baae-ba1d80a0acfc] VM Paused (Lifecycle Event)
nova-compute.log.2017-05-14_21:27:09 2017-05-14 21:08:12.757 2931 INFO nova.compute.manager [req-3ea4052c-895d-4b64-9e2d-04d64c4d94ab - - - - -] [instance: 544fd51c-4edc-4780-baae-ba1d80a0acfc] During sync_power_state the instance has a pending task (spawning). Skip.
nova-compute.log.2017-05-14_21:27:09 2017-05-14 21:08:15.138 2931 INFO nova.virt.libvirt.imagecache [req-addc1839-2ed5-4778-b57e-5854eb7b8b09 - - - - -] image 0673dd71-34c5-4fbb-86c4-40623fbe45b4 at (/var/lib/nova/instances/_base/a489c868f0c37da93b76227c91bb03908ac0e742): checking
nova-compute.log.2017-05-14_21:27:09 2017-05-14 21:08:15.139 2931 INFO nova.virt.libvirt.imagecache [req-addc1839-2ed5-4778-b57e-5854eb7b8b09 - - - - -] image 0673dd71-34c5-4fbb-86c4-40623fbe45b4 at (/var/lib/nova/instances/_base/a489c868f0c37da93b76227c91bb03908ac0e742): in use: on this node 1 local, 0 on other nodes sharing this instance storage
nova-compute.log.2017-05-14_21:27:09 2017-05-14 21:08:15.318 2931 INFO nova.virt.libvirt.imagecache [req-addc1839-2ed5-4778-b57e-5854eb7b8b09 - - - - -] Active base files: /var/lib/nova/instances/_base/a489c868f0c37da93b76227c91bb03908ac0e742
nova-compute.log.2017-05-14_21:27:09 2017-05-14 21:08:19.729 2931 INFO nova.compute.manager [req-3ea4052c-895d-4b64-9e2d-04d64c4d94ab - - - - -] [instance: 544fd51c-4edc-4780-baae-ba1d80a0acfc] VM Resumed (Lifecycle Event)
nova-compute.log.2017-05-14_21:27:09 2017-05-14 21:08:19.735 2931 INFO nova.virt.libvirt.driver [-] [instance: 544fd51c-4edc-4780-baae-ba1d80a0acfc] Instance spawned successfully.
nova-compute.log.2017-05-14_21:27:09 2017-05-14 21:08:19.736 2931 INFO nova.compute.manager [req-d6143bd4-9784-4e95-a0c8-83fba00530b6 113d3a99c3da401fbd62cc2caa5b96d2 54fadb412c4e40cdbaed9335e4c35a9e - - -] [instance: 544fd51c-4edc-4780-baae-ba1d80a0acfc] Took 41.81 seconds to spawn the instance on the hypervisor.
nova-compute.log.2017-05-14_21:27:09 2017-05-14 21:08:19.873 2931 INFO nova.compute.manager [req-3ea4052c-895d-4b64-9e2d-04d64c4d94ab - - - - -] [instance: 544fd51c-4edc-4780-baae-ba1d80a0acfc] During sync_power_state the instance has a pending task (spawning). Skip.
nova-compute.log.2017-05-14_21:27:09 2017-05-14 21:08:19.874 2931 INFO nova.compute.manager [req-3ea4052c-895d-4b64-9e2d-04d64c4d94ab - - - - -] [instance: 544fd51c-4edc-4780-baae-ba1d80a0acfc] VM Resumed (Lifecycle Event)
nova-compute.log.2017-05-14_21:27:09 2017-05-14 21:08:19.900 2931 INFO nova.compute.manager [req-d6143bd4-9784-4e95-a0c8-83fba00530b6 113d3a99c3da401fbd62cc2caa5b96d2 54fadb412c4e40cdbaed9335e4c35a9e - - -] [instance: 544fd51c-4edc-4780-baae-ba1d80a0acfc] Took 42.81 seconds to build instance.
nova-compute.log.2017-05-14_21:27:09 2017-05-14 21:08:20.140 2931 INFO nova.virt.libvirt.imagecache [req-addc1839-2ed5-4778-b57e-5854eb7b8b09 - - - - -] image 0673dd71-34c5-4fbb-86c4-40623fbe45b4 at (/var/lib/nova/instances/_base/a489c868f0c37da93b76227c91bb03908ac0e742): checking
nova-compute.log.2017-05-14_21:27:09 2017-05-14 21:08:20.141 2931 INFO nova.virt.libvirt.imagecache [req-addc1839-2ed5-4778-b57e-5854eb7b8b09 - - - - -] image 0673dd71-34c5-4fbb-86c4-40623fbe45b4 at (/var/lib/nova/instances/_base/a489c868f0c37da93b76227c91bb03908ac0e742): in use: on this node 1 local, 0 on other nodes sharing this instance storage
nova-compute.log.2017-05-14_21:27:09 2017-05-14 21:08:20.319 2931 INFO nova.virt.libvirt.imagecache [req-addc1839-2ed5-4778-b57e-5854eb7b8b09 - - - - -] Active base files: /var/lib/nova/instances/_base/a489c868f0c37da93b76227c91bb03908ac0e742
nova-compute.log.2017-05-14_21:27:09 2017-05-14 21:08:21.363 2931 INFO nova.compute.resource_tracker [req-addc1839-2ed5-4778-b57e-5854eb7b8b09 - - - - -] Auditing locally available compute resources for node cp-1.slowvm1.tcloud-pg0.utah.cloudlab.us
nova-compute.log.2017-05-14_21:27:09 2017-05-14 21:08:21.881 2931 INFO nova.compute.resource_tracker [req-addc1839-2ed5-4778-b57e-5854eb7b8b09 - - - - -] Total usable vcpus: 16, total allocated vcpus: 1
nova-compute.log.2017-05-14_21:27:09 2017-05-14 21:08:21.881 2931 INFO nova.compute.resource_tracker [req-addc1839-2ed5-4778-b57e-5854eb7b8b09 - - - - -] Final resource view: name=cp-1.slowvm1.tcloud-pg0.utah.cloudlab.us phys_ram=64172MB used_ram=2560MB phys_disk=15GB used_disk=20GB total_vcpus=16 used_vcpus=1 pci_stats=[]
nova-compute.log.2017-05-14_21:27:09 2017-05-14 21:08:21.940 2931 INFO nova.compute.resource_tracker [req-addc1839-2ed5-4778-b57e-5854eb7b8b09 - - - - -] Compute_service record updated for cp-1.slowvm1.tcloud-pg0.utah.cloudlab.us:cp-1.slowvm1.tcloud-pg0.utah.cloudlab.us
nova-compute.log.2017-05-14_21:27:09 2017-05-14 21:08:25.794 2931 INFO nova.virt.libvirt.imagecache [req-addc1839-2ed5-4778-b57e-5854eb7b8b09 - - - - -] image 0673dd71-34c5-4fbb-86c4-40623fbe45b4 at (/var/lib/nova/instances/_base/a489c868f0c37da93b76227c91bb03908ac0e742): checking
nova-compute.log.2017-05-14_21:27:09 2017-05-14 21:08:25.795 2931 INFO nova.virt.libvirt.imagecache [req-addc1839-2ed5-4778-b57e-5854eb7b8b09 - - - - -] image 0673dd71-34c5-4fbb-86c4-40623fbe45b4 at (/var/lib/nova/instances/_base/a489c868f0c37da93b76227c91bb03908ac0e742): in use: on this node 1 local, 0 on other nodes sharing this instance storage
nova-compute.log.2017-05-14_21:27:09 2017-05-14 21:08:25.968 2931 INFO nova.virt.libvirt.imagecache [req-addc1839-2ed5-4778-b57e-5854eb7b8b09 - - - - -] Active base files: /var/lib/nova/instances/_base/a489c868f0c37da93b76227c91bb03908ac0e742
nova-compute.log.2017-05-14_21:27:09 2017-05-14 21:08:27.296 2931 INFO nova.compute.manager [req-483e1cca-e99f-4342-bee7-8b1c7a6b36e1 113d3a99c3da401fbd62cc2caa5b96d2 54fadb412c4e40cdbaed9335e4c35a9e - - -] [instance: 544fd51c-4edc-4780-baae-ba1d80a0acfc] Terminating instance
nova-compute.log.2017-05-14_21:27:09 2017-05-14 21:08:27.511 2931 INFO nova.virt.libvirt.driver [-] [instance: 544fd51c-4edc-4780-baae-ba1d80a0acfc] Instance destroyed successfully.
nova-compute.log.2017-05-14_21:27:09 2017-05-14 21:08:28.178 2931 INFO nova.virt.libvirt.driver [req-483e1cca-e99f-4342-bee7-8b1c7a6b36e1 113d3a99c3da401fbd62cc2caa5b96d2 54fadb412c4e40cdbaed9335e4c35a9e - - -] [instance: 544fd51c-4edc-4780-baae-ba1d80a0acfc] Deleting instance files /var/lib/nova/instances/544fd51c-4edc-4780-baae-ba1d80a0acfc_del
nova-compute.log.2017-05-14_21:27:09 2017-05-14 21:08:28.179 2931 INFO nova.virt.libvirt.driver [req-483e1cca-e99f-4342-bee7-8b1c7a6b36e1 113d3a99c3da401fbd62cc2caa5b96d2 54fadb412c4e40cdbaed9335e4c35a9e - - -] [instance: 544fd51c-4edc-4780-baae-ba1d80a0acfc] Deletion of /var/lib/nova/instances/544fd51c-4edc-4780-baae-ba1d80a0acfc_del complete
nova-compute.log.2017-05-14_21:27:09 2017-05-14 21:08:28.299 2931 INFO nova.compute.manager [req-483e1cca-e99f-4342-bee7-8b1c7a6b36e1 113d3a99c3da401fbd62cc2caa5b96d2 54fadb412c4e40cdbaed9335e4c35a9e - - -] [instance: 544fd51c-4edc-4780-baae-ba1d80a0acfc] Took 1.00 seconds to destroy the instance on the hypervisor.
nova-compute.log.2017-05-14_21:27:09 2017-05-14 21:08:28.836 2931 INFO nova.compute.manager [req-483e1cca-e99f-4342-bee7-8b1c7a6b36e1 113d3a99c3da401fbd62cc2caa5b96d2 54fadb412c4e40cdbaed9335e4c35a9e - - -] [instance: 544fd51c-4edc-4780-baae-ba1d80a0acfc] Took 0.54 seconds to deallocate network for instance.
nova-compute.log.2017-05-14_21:27:09 2017-05-14 21:08:30.993 2931 WARNING nova.virt.libvirt.imagecache [req-addc1839-2ed5-4778-b57e-5854eb7b8b09 - - - - -] Unknown base file: /var/lib/nova/instances/_base/a489c868f0c37da93b76227c91bb03908ac0e742
nova-compute.log.2017-05-14_21:27:09 2017-05-14 21:08:30.994 2931 INFO nova.virt.libvirt.imagecache [req-addc1839-2ed5-4778-b57e-5854eb7b8b09 - - - - -] Removable base files: /var/lib/nova/instances/_base/a489c868f0c37da93b76227c91bb03908ac0e742
nova-compute.log.2017-05-14_21:27:09 2017-05-14 21:08:30.994 2931 INFO nova.virt.libvirt.imagecache [req-addc1839-2ed5-4778-b57e-5854eb7b8b09 - - - - -] Removing base or swap file: /var/lib/nova/instances/_base/a489c868f0c37da93b76227c91bb03908ac0e742
nova-compute.log.2017-05-14_21:27:09 2017-05-14 21:08:40.907 2931 INFO nova.compute.claims [req-16d20912-7091-4f34-98c5-c48af9cfb809 113d3a99c3da401fbd62cc2caa5b96d2 54fadb412c4e40cdbaed9335e4c35a9e - - -] [instance: ae651dff-c7ad-43d6-ac96-bbcd820ccca8] Attempting claim: memory 2048 MB, disk 20 GB, vcpus 1 CPU
nova-compute.log.2017-05-14_21:27:09 2017-05-14 21:08:40.908 2931 INFO nova.compute.claims [req-16d20912-7091-4f34-98c5-c48af9cfb809 113d3a99c3da401fbd62cc2caa5b96d2 54fadb412c4e40cdbaed9335e4c35a9e - - -] [instance: ae651dff-c7ad-43d6-ac96-bbcd820ccca8] Total memory: 64172 MB, used: 512.00 MB
nova-compute.log.2017-05-14_21:27:09 2017-05-14 21:08:40.908 2931 INFO nova.compute.claims [req-16d20912-7091-4f34-98c5-c48af9cfb809 113d3a99c3da401fbd62cc2caa5b96d2 54fadb412c4e40cdbaed9335e4c35a9e - - -] [instance: ae651dff-c7ad-43d6-ac96-bbcd820ccca8] memory limit: 96258.00 MB, free: 95746.00 MB
nova-compute.log.2017-05-14_21:27:09 2017-05-14 21:08:40.909 2931 INFO nova.compute.claims [req-16d20912-7091-4f34-98c5-c48af9cfb809 113d3a99c3da401fbd62cc2caa5b96d2 54fadb412c4e40cdbaed9335e4c35a9e - - -] [instance: ae651dff-c7ad-43d6-ac96-bbcd820ccca8] Total disk: 15 GB, used: 0.00 GB
nova-compute.log.2017-05-14_21:27:09 2017-05-14 21:08:40.909 2931 INFO nova.compute.claims [req-16d20912-7091-4f34-98c5-c48af9cfb809 113d3a99c3da401fbd62cc2caa5b96d2 54fadb412c4e40cdbaed9335e4c35a9e - - -] [instance: ae651dff-c7ad-43d6-ac96-bbcd820ccca8] disk limit not specified, defaulting to unlimited
nova-compute.log.2017-05-14_21:27:09 2017-05-14 21:08:40.910 2931 INFO nova.compute.claims [req-16d20912-7091-4f34-98c5-c48af9cfb809 113d3a99c3da401fbd62cc2caa5b96d2 54fadb412c4e40cdbaed9335e4c35a9e - - -] [instance: ae651dff-c7ad-43d6-ac96-bbcd820ccca8] Total vcpu: 16 VCPU, used: 0.00 VCPU
nova-compute.log.2017-05-14_21:27:09 2017-05-14 21:08:40.910 2931 INFO nova.compute.claims [req-16d20912-7091-4f34-98c5-c48af9cfb809 113d3a99c3da401fbd62cc2caa5b96d2 54fadb412c4e40cdbaed9335e4c35a9e - - -] [instance: ae651dff-c7ad-43d6-ac96-bbcd820ccca8] vcpu limit not specified, defaulting to unlimited
nova-compute.log.2017-05-14_21:27:09 2017-05-14 21:08:40.950 2931 INFO nova.compute.claims [req-16d20912-7091-4f34-98c5-c48af9cfb809 113d3a99c3da401fbd62cc2caa5b96d2 54fadb412c4e40cdbaed9335e4c35a9e - - -] [instance: ae651dff-c7ad-43d6-ac96-bbcd820ccca8] Claim successful
nova-compute.log.2017-05-14_21:27:09 2017-05-14 21:08:41.622 2931 INFO nova.virt.libvirt.driver [req-16d20912-7091-4f34-98c5-c48af9cfb809 113d3a99c3da401fbd62cc2caa5b96d2 54fadb412c4e40cdbaed9335e4c35a9e - - -] [instance: ae651dff-c7ad-43d6-ac96-bbcd820ccca8] Creating image
nova-compute.log.2017-05-14_21:27:09 2017-05-14 21:08:42.508 2931 INFO nova.compute.manager [-] [instance: 544fd51c-4edc-4780-baae-ba1d80a0acfc] VM Stopped (Lifecycle Event)
nova-compute.log.2017-05-14_21:27:09 2017-05-14 21:09:04.066 2931 INFO nova.compute.manager [req-3ea4052c-895d-4b64-9e2d-04d64c4d94ab - - - - -] [instance: ae651dff-c7ad-43d6-ac96-bbcd820ccca8] VM Started (Lifecycle Event)
nova-compute.log.2017-05-14_21:27:09 2017-05-14 21:09:04.145 2931 INFO nova.compute.manager [req-3ea4052c-895d-4b64-9e2d-04d64c4d94ab - - - - -] [instance: ae651dff-c7ad-43d6-ac96-bbcd820ccca8] VM Paused (Lifecycle Event)
nova-compute.log.2017-05-14_21:27:09 2017-05-14 21:09:04.268 2931 INFO nova.compute.manager [req-3ea4052c-895d-4b64-9e2d-04d64c4d94ab - - - - -] [instance: ae651dff-c7ad-43d6-ac96-bbcd820ccca8] During sync_power_state the instance has a pending task (spawning). Skip.
nova-compute.log.2017-05-14_21:27:09 2017-05-14 21:09:05.137 2931 INFO nova.virt.libvirt.imagecache [req-addc1839-2ed5-4778-b57e-5854eb7b8b09 - - - - -] image 0673dd71-34c5-4fbb-86c4-40623fbe45b4 at (/var/lib/nova/instances/_base/a489c868f0c37da93b76227c91bb03908ac0e742): checking
nova-compute.log.2017-05-14_21:27:09 2017-05-14 21:09:05.138 2931 INFO nova.virt.libvirt.imagecache [req-addc1839-2ed5-4778-b57e-5854eb7b8b09 - - - - -] image 0673dd71-34c5-4fbb-86c4-40623fbe45b4 at (/var/lib/nova/instances/_base/a489c868f0c37da93b76227c91bb03908ac0e742): in use: on this node 1 local, 0 on other nodes sharing this instance storage
nova-compute.log.2017-05-14_21:27:09 2017-05-14 21:09:05.325 2931 INFO nova.virt.libvirt.imagecache [req-addc1839-2ed5-4778-b57e-5854eb7b8b09 - - - - -] Active base files: /var/lib/nova/instances/_base/a489c868f0c37da93b76227c91bb03908ac0e742
nova-compute.log.2017-05-14_21:27:09 2017-05-14 21:09:10.379 2931 INFO nova.virt.libvirt.imagecache [req-addc1839-2ed5-4778-b57e-5854eb7b8b09 - - - - -] image 0673dd71-34c5-4fbb-86c4-40623fbe45b4 at (/var/lib/nova/instances/_base/a489c868f0c37da93b76227c91bb03908ac0e742): checking
nova-compute.log.2017-05-14_21:27:09 2017-05-14 21:09:10.380 2931 INFO nova.virt.libvirt.imagecache [req-addc1839-2ed5-4778-b57e-5854eb7b8b09 - - - - -] image 0673dd71-34c5-4fbb-86c4-40623fbe45b4 at (/var/lib/nova/instances/_base/a489c868f0c37da93b76227c91bb03908ac0e742): in use: on this node 1 local, 0 on other nodes sharing this instance storage
nova-compute.log.2017-05-14_21:27:09 2017-05-14 21:09:10.562 2931 INFO nova.virt.libvirt.imagecache [req-addc1839-2ed5-4778-b57e-5854eb7b8b09 - - - - -] Active base files: /var/lib/nova/instances/_base/a489c868f0c37da93b76227c91bb03908ac0e742
nova-compute.log.2017-05-14_21:27:09 2017-05-14 21:09:11.073 2931 INFO nova.compute.manager [req-3ea4052c-895d-4b64-9e2d-04d64c4d94ab - - - - -] [instance: ae651dff-c7ad-43d6-ac96-bbcd820ccca8] VM Resumed (Lifecycle Event)
nova-compute.log.2017-05-14_21:27:09 2017-05-14 21:09:11.080 2931 INFO nova.virt.libvirt.driver [-] [instance: ae651dff-c7ad-43d6-ac96-bbcd820ccca8] Instance spawned successfully.
nova-compute.log.2017-05-14_21:27:09 2017-05-14 21:09:11.081 2931 INFO nova.compute.manager [req-16d20912-7091-4f34-98c5-c48af9cfb809 113d3a99c3da401fbd62cc2caa5b96d2 54fadb412c4e40cdbaed9335e4c35a9e - - -] [instance: ae651dff-c7ad-43d6-ac96-bbcd820ccca8] Took 29.46 seconds to spawn the instance on the hypervisor.
nova-compute.log.2017-05-14_21:27:09 2017-05-14 21:09:11.189 2931 INFO nova.compute.manager [req-3ea4052c-895d-4b64-9e2d-04d64c4d94ab - - - - -] [instance: ae651dff-c7ad-43d6-ac96-bbcd820ccca8] During sync_power_state the instance has a pending task (spawning). Skip.
nova-compute.log.2017-05-14_21:27:09 2017-05-14 21:09:11.189 2931 INFO nova.compute.manager [req-3ea4052c-895d-4b64-9e2d-04d64c4d94ab - - - - -] [instance: ae651dff-c7ad-43d6-ac96-bbcd820ccca8] VM Resumed (Lifecycle Event)
nova-compute.log.2017-05-14_21:27:09 2017-05-14 21:09:11.213 2931 INFO nova.compute.manager [req-16d20912-7091-4f34-98c5-c48af9cfb809 113d3a99c3da401fbd62cc2caa5b96d2 54fadb412c4e40cdbaed9335e4c35a9e - - -] [instance: ae651dff-c7ad-43d6-ac96-bbcd820ccca8] Took 30.32 seconds to build instance.
nova-compute.log.2017-05-14_21:27:09 2017-05-14 21:09:15.144 2931 INFO nova.virt.libvirt.imagecache [req-addc1839-2ed5-4778-b57e-5854eb7b8b09 - - - - -] image 0673dd71-34c5-4fbb-86c4-40623fbe45b4 at (/var/lib/nova/instances/_base/a489c868f0c37da93b76227c91bb03908ac0e742): checking
nova-compute.log.2017-05-14_21:27:09 2017-05-14 21:09:15.145 2931 INFO nova.virt.libvirt.imagecache [req-addc1839-2ed5-4778-b57e-5854eb7b8b09 - - - - -] image 0673dd71-34c5-4fbb-86c4-40623fbe45b4 at (/var/lib/nova/instances/_base/a489c868f0c37da93b76227c91bb03908ac0e742): in use: on this node 1 local, 0 on other nodes sharing this instance storage
nova-compute.log.2017-05-14_21:27:09 2017-05-14 21:09:15.327 2931 INFO nova.virt.libvirt.imagecache [req-addc1839-2ed5-4778-b57e-5854eb7b8b09 - - - - -] Active base files: /var/lib/nova/instances/_base/a489c868f0c37da93b76227c91bb03908ac0e742
nova-compute.log.2017-05-14_21:27:09 2017-05-14 21:09:18.366 2931 INFO nova.compute.manager [req-0b12097e-0fb6-4027-a9e5-2ca95ddf35f6 113d3a99c3da401fbd62cc2caa5b96d2 54fadb412c4e40cdbaed9335e4c35a9e - - -] [instance: ae651dff-c7ad-43d6-ac96-bbcd820ccca8] Terminating instance
nova-compute.log.2017-05-14_21:27:09 2017-05-14 21:09:18.581 2931 INFO nova.virt.libvirt.driver [-] [instance: ae651dff-c7ad-43d6-ac96-bbcd820ccca8] Instance destroyed successfully.
nova-compute.log.2017-05-14_21:27:09 2017-05-14 21:09:19.282 2931 INFO nova.virt.libvirt.driver [req-0b12097e-0fb6-4027-a9e5-2ca95ddf35f6 113d3a99c3da401fbd62cc2caa5b96d2 54fadb412c4e40cdbaed9335e4c35a9e - - -] [instance: ae651dff-c7ad-43d6-ac96-bbcd820ccca8] Deleting instance files /var/lib/nova/instances/ae651dff-c7ad-43d6-ac96-bbcd820ccca8_del
nova-compute.log.2017-05-14_21:27:09 2017-05-14 21:09:19.285 2931 INFO nova.virt.libvirt.driver [req-0b12097e-0fb6-4027-a9e5-2ca95ddf35f6 113d3a99c3da401fbd62cc2caa5b96d2 54fadb412c4e40cdbaed9335e4c35a9e - - -] [instance: ae651dff-c7ad-43d6-ac96-bbcd820ccca8] Deletion of /var/lib/nova/instances/ae651dff-c7ad-43d6-ac96-bbcd820ccca8_del complete
nova-compute.log.2017-05-14_21:27:09 2017-05-14 21:09:19.401 2931 INFO nova.compute.manager [req-0b12097e-0fb6-4027-a9e5-2ca95ddf35f6 113d3a99c3da401fbd62cc2caa5b96d2 54fadb412c4e40cdbaed9335e4c35a9e - - -] [instance: ae651dff-c7ad-43d6-ac96-bbcd820ccca8] Took 1.03 seconds to destroy the instance on the hypervisor.
nova-compute.log.2017-05-14_21:27:09 2017-05-14 21:09:19.846 2931 INFO nova.compute.manager [req-0b12097e-0fb6-4027-a9e5-2ca95ddf35f6 113d3a99c3da401fbd62cc2caa5b96d2 54fadb412c4e40cdbaed9335e4c35a9e - - -] [instance: ae651dff-c7ad-43d6-ac96-bbcd820ccca8] Took 0.44 seconds to deallocate network for instance.
nova-compute.log.2017-05-14_21:27:09 2017-05-14 21:09:20.113 2931 WARNING nova.virt.libvirt.imagecache [req-addc1839-2ed5-4778-b57e-5854eb7b8b09 - - - - -] Unknown base file: /var/lib/nova/instances/_base/a489c868f0c37da93b76227c91bb03908ac0e742
nova-compute.log.2017-05-14_21:27:09 2017-05-14 21:09:20.114 2931 INFO nova.virt.libvirt.imagecache [req-addc1839-2ed5-4778-b57e-5854eb7b8b09 - - - - -] Removable base files: /var/lib/nova/instances/_base/a489c868f0c37da93b76227c91bb03908ac0e742
nova-compute.log.2017-05-14_21:27:09 2017-05-14 21:09:20.115 2931 INFO nova.virt.libvirt.imagecache [req-addc1839-2ed5-4778-b57e-5854eb7b8b09 - - - - -] Base or swap file too young to remove: /var/lib/nova/instances/_base/a489c868f0c37da93b76227c91bb03908ac0e742
nova-compute.log.2017-05-14_21:27:09 2017-05-14 21:09:23.165 2931 INFO nova.compute.resource_tracker [req-addc1839-2ed5-4778-b57e-5854eb7b8b09 - - - - -] Auditing locally available compute resources for node cp-1.slowvm1.tcloud-pg0.utah.cloudlab.us
nova-compute.log.2017-05-14_21:27:09 2017-05-14 21:09:23.498 2931 INFO nova.compute.resource_tracker [req-addc1839-2ed5-4778-b57e-5854eb7b8b09 - - - - -] Total usable vcpus: 16, total allocated vcpus: 0
nova-compute.log.2017-05-14_21:27:09 2017-05-14 21:09:23.499 2931 INFO nova.compute.resource_tracker [req-addc1839-2ed5-4778-b57e-5854eb7b8b09 - - - - -] Final resource view: name=cp-1.slowvm1.tcloud-pg0.utah.cloudlab.us phys_ram=64172MB used_ram=512MB phys_disk=15GB used_disk=0GB total_vcpus=16 used_vcpus=0 pci_stats=[]
nova-compute.log.2017-05-14_21:27:09 2017-05-14 21:09:23.562 2931 INFO nova.compute.resource_tracker [req-addc1839-2ed5-4778-b57e-5854eb7b8b09 - - - - -] Compute_service record updated for cp-1.slowvm1.tcloud-pg0.utah.cloudlab.us:cp-1.slowvm1.tcloud-pg0.utah.cloudlab.us
nova-compute.log.2017-05-14_21:27:09 2017-05-14 21:09:25.113 2931 WARNING nova.virt.libvirt.imagecache [req-addc1839-2ed5-4778-b57e-5854eb7b8b09 - - - - -] Unknown base file: /var/lib/nova/instances/_base/a489c868f0c37da93b76227c91bb03908ac0e742
nova-compute.log.2017-05-14_21:27:09 2017-05-14 21:09:25.114 2931 INFO nova.virt.libvirt.imagecache [req-addc1839-2ed5-4778-b57e-5854eb7b8b09 - - - - -] Removable base files: /var/lib/nova/instances/_base/a489c868f0c37da93b76227c91bb03908ac0e742
nova-compute.log.2017-05-14_21:27:09 2017-05-14 21:09:25.115 2931 INFO nova.virt.libvirt.imagecache [req-addc1839-2ed5-4778-b57e-5854eb7b8b09 - - - - -] Removing base or swap file: /var/lib/nova/instances/_base/a489c868f0c37da93b76227c91bb03908ac0e742
nova-compute.log.2017-05-14_21:27:09 2017-05-14 21:09:31.956 2931 INFO nova.compute.claims [req-dcc7ec21-89c5-4c9f-bb13-b4725db9edd6 113d3a99c3da401fbd62cc2caa5b96d2 54fadb412c4e40cdbaed9335e4c35a9e - - -] [instance: 90b447c2-73bd-49fd-bf8c-358c7e16db84] Attempting claim: memory 2048 MB, disk 20 GB, vcpus 1 CPU
nova-compute.log.2017-05-14_21:27:09 2017-05-14 21:09:31.956 2931 INFO nova.compute.claims [req-dcc7ec21-89c5-4c9f-bb13-b4725db9edd6 113d3a99c3da401fbd62cc2caa5b96d2 54fadb412c4e40cdbaed9335e4c35a9e - - -] [instance: 90b447c2-73bd-49fd-bf8c-358c7e16db84] Total memory: 64172 MB, used: 512.00 MB
nova-compute.log.2017-05-14_21:27:09 2017-05-14 21:09:31.957 2931 INFO nova.compute.claims [req-dcc7ec21-89c5-4c9f-bb13-b4725db9edd6 113d3a99c3da401fbd62cc2caa5b96d2 54fadb412c4e40cdbaed9335e4c35a9e - - -] [instance: 90b447c2-73bd-49fd-bf8c-358c7e16db84] memory limit: 96258.00 MB, free: 95746.00 MB
nova-compute.log.2017-05-14_21:27:09 2017-05-14 21:09:31.957 2931 INFO nova.compute.claims [req-dcc7ec21-89c5-4c9f-bb13-b4725db9edd6 113d3a99c3da401fbd62cc2caa5b96d2 54fadb412c4e40cdbaed9335e4c35a9e - - -] [instance: 90b447c2-73bd-49fd-bf8c-358c7e16db84] Total disk: 15 GB, used: 0.00 GB
nova-compute.log.2017-05-14_21:27:09 2017-05-14 21:09:31.958 2931 INFO nova.compute.claims [req-dcc7ec21-89c5-4c9f-bb13-b4725db9edd6 113d3a99c3da401fbd62cc2caa5b96d2 54fadb412c4e40cdbaed9335e4c35a9e - - -] [instance: 90b447c2-73bd-49fd-bf8c-358c7e16db84] disk limit not specified, defaulting to unlimited
nova-compute.log.2017-05-14_21:27:09 2017-05-14 21:09:31.958 2931 INFO nova.compute.claims [req-dcc7ec21-89c5-4c9f-bb13-b4725db9edd6 113d3a99c3da401fbd62cc2caa5b96d2 54fadb412c4e40cdbaed9335e4c35a9e - - -] [instance: 90b447c2-73bd-49fd-bf8c-358c7e16db84] Total vcpu: 16 VCPU, used: 0.00 VCPU
nova-compute.log.2017-05-14_21:27:09 2017-05-14 21:09:31.959 2931 INFO nova.compute.claims [req-dcc7ec21-89c5-4c9f-bb13-b4725db9edd6 113d3a99c3da401fbd62cc2caa5b96d2 54fadb412c4e40cdbaed9335e4c35a9e - - -] [instance: 90b447c2-73bd-49fd-bf8c-358c7e16db84] vcpu limit not specified, defaulting to unlimited
nova-compute.log.2017-05-14_21:27:09 2017-05-14 21:09:31.991 2931 INFO nova.compute.claims [req-dcc7ec21-89c5-4c9f-bb13-b4725db9edd6 113d3a99c3da401fbd62cc2caa5b96d2 54fadb412c4e40cdbaed9335e4c35a9e - - -] [instance: 90b447c2-73bd-49fd-bf8c-358c7e16db84] Claim successful
nova-compute.log.2017-05-14_21:27:09 2017-05-14 21:09:32.603 2931 INFO nova.virt.libvirt.driver [req-dcc7ec21-89c5-4c9f-bb13-b4725db9edd6 113d3a99c3da401fbd62cc2caa5b96d2 54fadb412c4e40cdbaed9335e4c35a9e - - -] [instance: 90b447c2-73bd-49fd-bf8c-358c7e16db84] Creating image
nova-compute.log.2017-05-14_21:27:09 2017-05-14 21:09:33.816 2931 INFO nova.compute.manager [-] [instance: ae651dff-c7ad-43d6-ac96-bbcd820ccca8] VM Stopped (Lifecycle Event)
nova-compute.log.2017-05-14_21:27:09 2017-05-14 21:09:45.233 2931 INFO nova.virt.libvirt.imagecache [req-addc1839-2ed5-4778-b57e-5854eb7b8b09 - - - - -] image 0673dd71-34c5-4fbb-86c4-40623fbe45b4 at (/var/lib/nova/instances/_base/a489c868f0c37da93b76227c91bb03908ac0e742): checking
nova-compute.log.2017-05-14_21:27:09 2017-05-14 21:09:45.234 2931 INFO nova.virt.libvirt.imagecache [req-addc1839-2ed5-4778-b57e-5854eb7b8b09 - - - - -] image 0673dd71-34c5-4fbb-86c4-40623fbe45b4 at (/var/lib/nova/instances/_base/a489c868f0c37da93b76227c91bb03908ac0e742): in use: on this node 1 local, 0 on other nodes sharing this instance storage
nova-compute.log.2017-05-14_21:27:09 2017-05-14 21:09:45.417 2931 INFO nova.virt.libvirt.imagecache [req-addc1839-2ed5-4778-b57e-5854eb7b8b09 - - - - -] Active base files: /var/lib/nova/instances/_base/a489c868f0c37da93b76227c91bb03908ac0e742
nova-compute.log.2017-05-14_21:27:09 2017-05-14 21:09:45.617 2931 INFO nova.compute.manager [req-3ea4052c-895d-4b64-9e2d-04d64c4d94ab - - - - -] [instance: 90b447c2-73bd-49fd-bf8c-358c7e16db84] VM Started (Lifecycle Event)
nova-compute.log.2017-05-14_21:27:09 2017-05-14 21:09:45.683 2931 INFO nova.compute.manager [req-3ea4052c-895d-4b64-9e2d-04d64c4d94ab - - - - -] [instance: 90b447c2-73bd-49fd-bf8c-358c7e16db84] VM Paused (Lifecycle Event)
nova-compute.log.2017-05-14_21:27:09 2017-05-14 21:09:45.811 2931 INFO nova.compute.manager [req-3ea4052c-895d-4b64-9e2d-04d64c4d94ab - - - - -] [instance: 90b447c2-73bd-49fd-bf8c-358c7e16db84] During sync_power_state the instance has a pending task (spawning). Skip.
nova-compute.log.2017-05-14_21:27:09 2017-05-14 21:09:50.467 2931 INFO nova.virt.libvirt.imagecache [req-addc1839-2ed5-4778-b57e-5854eb7b8b09 - - - - -] image 0673dd71-34c5-4fbb-86c4-40623fbe45b4 at (/var/lib/nova/instances/_base/a489c868f0c37da93b76227c91bb03908ac0e742): checking
nova-compute.log.2017-05-14_21:27:09 2017-05-14 21:09:50.468 2931 INFO nova.virt.libvirt.imagecache [req-addc1839-2ed5-4778-b57e-5854eb7b8b09 - - - - -] image 0673dd71-34c5-4fbb-86c4-40623fbe45b4 at (/var/lib/nova/instances/_base/a489c868f0c37da93b76227c91bb03908ac0e742): in use: on this node 1 local, 0 on other nodes sharing this instance storage
nova-compute.log.2017-05-14_21:27:09 2017-05-14 21:09:50.656 2931 INFO nova.virt.libvirt.imagecache [req-addc1839-2ed5-4778-b57e-5854eb7b8b09 - - - - -] Active base files: /var/lib/nova/instances/_base/a489c868f0c37da93b76227c91bb03908ac0e742
nova-compute.log.2017-05-14_21:27:09 2017-05-14 21:09:52.489 2931 INFO nova.compute.manager [req-3ea4052c-895d-4b64-9e2d-04d64c4d94ab - - - - -] [instance: 90b447c2-73bd-49fd-bf8c-358c7e16db84] VM Resumed (Lifecycle Event)
nova-compute.log.2017-05-14_21:27:09 2017-05-14 21:09:52.495 2931 INFO nova.virt.libvirt.driver [-] [instance: 90b447c2-73bd-49fd-bf8c-358c7e16db84] Instance spawned successfully.
nova-compute.log.2017-05-14_21:27:09 2017-05-14 21:09:52.496 2931 INFO nova.compute.manager [req-dcc7ec21-89c5-4c9f-bb13-b4725db9edd6 113d3a99c3da401fbd62cc2caa5b96d2 54fadb412c4e40cdbaed9335e4c35a9e - - -] [instance: 90b447c2-73bd-49fd-bf8c-358c7e16db84] Took 19.89 seconds to spawn the instance on the hypervisor.
nova-compute.log.2017-05-14_21:27:09 2017-05-14 21:09:52.603 2931 INFO nova.compute.manager [req-3ea4052c-895d-4b64-9e2d-04d64c4d94ab - - - - -] [instance: 90b447c2-73bd-49fd-bf8c-358c7e16db84] During sync_power_state the instance has a pending task (spawning). Skip.
nova-compute.log.2017-05-14_21:27:09 2017-05-14 21:09:52.605 2931 INFO nova.compute.manager [req-3ea4052c-895d-4b64-9e2d-04d64c4d94ab - - - - -] [instance: 90b447c2-73bd-49fd-bf8c-358c7e16db84] VM Resumed (Lifecycle Event)
nova-compute.log.2017-05-14_21:27:09 2017-05-14 21:09:52.636 2931 INFO nova.compute.manager [req-dcc7ec21-89c5-4c9f-bb13-b4725db9edd6 113d3a99c3da401fbd62cc2caa5b96d2 54fadb412c4e40cdbaed9335e4c35a9e - - -] [instance: 90b447c2-73bd-49fd-bf8c-358c7e16db84] Took 20.69 seconds to build instance.
nova-compute.log.2017-05-14_21:27:09 2017-05-14 21:09:55.710 2931 INFO nova.virt.libvirt.imagecache [req-addc1839-2ed5-4778-b57e-5854eb7b8b09 - - - - -] image 0673dd71-34c5-4fbb-86c4-40623fbe45b4 at (/var/lib/nova/instances/_base/a489c868f0c37da93b76227c91bb03908ac0e742): checking
nova-compute.log.2017-05-14_21:27:09 2017-05-14 21:09:55.711 2931 INFO nova.virt.libvirt.imagecache [req-addc1839-2ed5-4778-b57e-5854eb7b8b09 - - - - -] image 0673dd71-34c5-4fbb-86c4-40623fbe45b4 at (/var/lib/nova/instances/_base/a489c868f0c37da93b76227c91bb03908ac0e742): in use: on this node 1 local, 0 on other nodes sharing this instance storage
nova-compute.log.2017-05-14_21:27:09 2017-05-14 21:09:55.880 2931 INFO nova.virt.libvirt.imagecache [req-addc1839-2ed5-4778-b57e-5854eb7b8b09 - - - - -] Active base files: /var/lib/nova/instances/_base/a489c868f0c37da93b76227c91bb03908ac0e742
nova-compute.log.2017-05-14_21:27:09 2017-05-14 21:10:00.314 2931 INFO nova.compute.manager [req-98a9d788-efe4-4ea4-bef7-479241d68b90 113d3a99c3da401fbd62cc2caa5b96d2 54fadb412c4e40cdbaed9335e4c35a9e - - -] [instance: 90b447c2-73bd-49fd-bf8c-358c7e16db84] Terminating instance
nova-compute.log.2017-05-14_21:27:09 2017-05-14 21:10:00.529 2931 INFO nova.virt.libvirt.driver [-] [instance: 90b447c2-73bd-49fd-bf8c-358c7e16db84] Instance destroyed successfully.
nova-compute.log.2017-05-14_21:27:09 2017-05-14 21:10:00.966 2931 INFO nova.virt.libvirt.imagecache [req-addc1839-2ed5-4778-b57e-5854eb7b8b09 - - - - -] image 0673dd71-34c5-4fbb-86c4-40623fbe45b4 at (/var/lib/nova/instances/_base/a489c868f0c37da93b76227c91bb03908ac0e742): checking
nova-compute.log.2017-05-14_21:27:09 2017-05-14 21:10:00.967 2931 INFO nova.virt.libvirt.imagecache [req-addc1839-2ed5-4778-b57e-5854eb7b8b09 - - - - -] image 0673dd71-34c5-4fbb-86c4-40623fbe45b4 at (/var/lib/nova/instances/_base/a489c868f0c37da93b76227c91bb03908ac0e742): in use: on this node 1 local, 0 on other nodes sharing this instance storage
nova-compute.log.2017-05-14_21:27:09 2017-05-14 21:10:01.156 2931 INFO nova.virt.libvirt.imagecache [req-addc1839-2ed5-4778-b57e-5854eb7b8b09 - - - - -] Active base files: /var/lib/nova/instances/_base/a489c868f0c37da93b76227c91bb03908ac0e742
nova-compute.log.2017-05-14_21:27:09 2017-05-14 21:10:01.230 2931 INFO nova.virt.libvirt.driver [req-98a9d788-efe4-4ea4-bef7-479241d68b90 113d3a99c3da401fbd62cc2caa5b96d2 54fadb412c4e40cdbaed9335e4c35a9e - - -] [instance: 90b447c2-73bd-49fd-bf8c-358c7e16db84] Deleting instance files /var/lib/nova/instances/90b447c2-73bd-49fd-bf8c-358c7e16db84_del
nova-compute.log.2017-05-14_21:27:09 2017-05-14 21:10:01.233 2931 INFO nova.virt.libvirt.driver [req-98a9d788-efe4-4ea4-bef7-479241d68b90 113d3a99c3da401fbd62cc2caa5b96d2 54fadb412c4e40cdbaed9335e4c35a9e - - -] [instance: 90b447c2-73bd-49fd-bf8c-358c7e16db84] Deletion of /var/lib/nova/instances/90b447c2-73bd-49fd-bf8c-358c7e16db84_del complete
nova-compute.log.2017-05-14_21:27:09 2017-05-14 21:10:01.349 2931 INFO nova.compute.manager [req-98a9d788-efe4-4ea4-bef7-479241d68b90 113d3a99c3da401fbd62cc2caa5b96d2 54fadb412c4e40cdbaed9335e4c35a9e - - -] [instance: 90b447c2-73bd-49fd-bf8c-358c7e16db84] Took 1.03 seconds to destroy the instance on the hypervisor.
nova-compute.log.2017-05-14_21:27:09 2017-05-14 21:10:01.794 2931 INFO nova.compute.manager [req-98a9d788-efe4-4ea4-bef7-479241d68b90 113d3a99c3da401fbd62cc2caa5b96d2 54fadb412c4e40cdbaed9335e4c35a9e - - -] [instance: 90b447c2-73bd-49fd-bf8c-358c7e16db84] Took 0.44 seconds to deallocate network for instance.
nova-compute.log.2017-05-14_21:27:09 2017-05-14 21:10:06.186 2931 WARNING nova.virt.libvirt.imagecache [req-addc1839-2ed5-4778-b57e-5854eb7b8b09 - - - - -] Unknown base file: /var/lib/nova/instances/_base/a489c868f0c37da93b76227c91bb03908ac0e742
nova-compute.log.2017-05-14_21:27:09 2017-05-14 21:10:06.187 2931 INFO nova.virt.libvirt.imagecache [req-addc1839-2ed5-4778-b57e-5854eb7b8b09 - - - - -] Removable base files: /var/lib/nova/instances/_base/a489c868f0c37da93b76227c91bb03908ac0e742
nova-compute.log.2017-05-14_21:27:09 2017-05-14 21:10:06.189 2931 INFO nova.virt.libvirt.imagecache [req-addc1839-2ed5-4778-b57e-5854eb7b8b09 - - - - -] Removing base or swap file: /var/lib/nova/instances/_base/a489c868f0c37da93b76227c91bb03908ac0e742
nova-compute.log.2017-05-14_21:27:09 2017-05-14 21:10:13.647 2931 INFO nova.compute.claims [req-578a2943-ad73-4f69-93f1-4f45008bf8fd 113d3a99c3da401fbd62cc2caa5b96d2 54fadb412c4e40cdbaed9335e4c35a9e - - -] [instance: 56abb95b-c1e8-4e00-a172-31ccd11bbb46] Attempting claim: memory 2048 MB, disk 20 GB, vcpus 1 CPU
nova-compute.log.2017-05-14_21:27:09 2017-05-14 21:10:13.648 2931 INFO nova.compute.claims [req-578a2943-ad73-4f69-93f1-4f45008bf8fd 113d3a99c3da401fbd62cc2caa5b96d2 54fadb412c4e40cdbaed9335e4c35a9e - - -] [instance: 56abb95b-c1e8-4e00-a172-31ccd11bbb46] Total memory: 64172 MB, used: 512.00 MB
nova-compute.log.2017-05-14_21:27:09 2017-05-14 21:10:13.648 2931 INFO nova.compute.claims [req-578a2943-ad73-4f69-93f1-4f45008bf8fd 113d3a99c3da401fbd62cc2caa5b96d2 54fadb412c4e40cdbaed9335e4c35a9e - - -] [instance: 56abb95b-c1e8-4e00-a172-31ccd11bbb46] memory limit: 96258.00 MB, free: 95746.00 MB
nova-compute.log.2017-05-14_21:27:09 2017-05-14 21:10:13.649 2931 INFO nova.compute.claims [req-578a2943-ad73-4f69-93f1-4f45008bf8fd 113d3a99c3da401fbd62cc2caa5b96d2 54fadb412c4e40cdbaed9335e4c35a9e - - -] [instance: 56abb95b-c1e8-4e00-a172-31ccd11bbb46] Total disk: 15 GB, used: 0.00 GB
nova-compute.log.2017-05-14_21:27:09 2017-05-14 21:10:13.649 2931 INFO nova.compute.claims [req-578a2943-ad73-4f69-93f1-4f45008bf8fd 113d3a99c3da401fbd62cc2caa5b96d2 54fadb412c4e40cdbaed9335e4c35a9e - - -] [instance: 56abb95b-c1e8-4e00-a172-31ccd11bbb46] disk limit not specified, defaulting to unlimited
nova-compute.log.2017-05-14_21:27:09 2017-05-14 21:10:13.649 2931 INFO nova.compute.claims [req-578a2943-ad73-4f69-93f1-4f45008bf8fd 113d3a99c3da401fbd62cc2caa5b96d2 54fadb412c4e40cdbaed9335e4c35a9e - - -] [instance: 56abb95b-c1e8-4e00-a172-31ccd11bbb46] Total vcpu: 16 VCPU, used: 0.00 VCPU
nova-compute.log.2017-05-14_21:27:09 2017-05-14 21:10:13.650 2931 INFO nova.compute.claims [req-578a2943-ad73-4f69-93f1-4f45008bf8fd 113d3a99c3da401fbd62cc2caa5b96d2 54fadb412c4e40cdbaed9335e4c35a9e - - -] [instance: 56abb95b-c1e8-4e00-a172-31ccd11bbb46] vcpu limit not specified, defaulting to unlimited
nova-compute.log.2017-05-14_21:27:09 2017-05-14 21:10:13.681 2931 INFO nova.compute.claims [req-578a2943-ad73-4f69-93f1-4f45008bf8fd 113d3a99c3da401fbd62cc2caa5b96d2 54fadb412c4e40cdbaed9335e4c35a9e - - -] [instance: 56abb95b-c1e8-4e00-a172-31ccd11bbb46] Claim successful
nova-compute.log.2017-05-14_21:27:09 2017-05-14 21:10:14.283 2931 INFO nova.virt.libvirt.driver [req-578a2943-ad73-4f69-93f1-4f45008bf8fd 113d3a99c3da401fbd62cc2caa5b96d2 54fadb412c4e40cdbaed9335e4c35a9e - - -] [instance: 56abb95b-c1e8-4e00-a172-31ccd11bbb46] Creating image
nova-compute.log.2017-05-14_21:27:09 2017-05-14 21:10:15.603 2931 INFO nova.compute.manager [-] [instance: 90b447c2-73bd-49fd-bf8c-358c7e16db84] VM Stopped (Lifecycle Event)
nova-compute.log.2017-05-14_21:27:09 2017-05-14 21:10:24.183 2931 INFO nova.compute.resource_tracker [req-addc1839-2ed5-4778-b57e-5854eb7b8b09 - - - - -] Auditing locally available compute resources for node cp-1.slowvm1.tcloud-pg0.utah.cloudlab.us
nova-compute.log.2017-05-14_21:27:09 2017-05-14 21:10:24.597 2931 INFO nova.compute.resource_tracker [req-addc1839-2ed5-4778-b57e-5854eb7b8b09 - - - - -] Total usable vcpus: 16, total allocated vcpus: 1
nova-compute.log.2017-05-14_21:27:09 2017-05-14 21:10:24.598 2931 INFO nova.compute.resource_tracker [req-addc1839-2ed5-4778-b57e-5854eb7b8b09 - - - - -] Final resource view: name=cp-1.slowvm1.tcloud-pg0.utah.cloudlab.us phys_ram=64172MB used_ram=2560MB phys_disk=15GB used_disk=20GB total_vcpus=16 used_vcpus=1 pci_stats=[]
nova-compute.log.2017-05-14_21:27:09 2017-05-14 21:10:24.652 2931 INFO nova.compute.resource_tracker [req-addc1839-2ed5-4778-b57e-5854eb7b8b09 - - - - -] Compute_service record updated for cp-1.slowvm1.tcloud-pg0.utah.cloudlab.us:cp-1.slowvm1.tcloud-pg0.utah.cloudlab.us
nova-compute.log.2017-05-14_21:27:09 2017-05-14 21:10:25.140 2931 INFO nova.virt.libvirt.imagecache [req-addc1839-2ed5-4778-b57e-5854eb7b8b09 - - - - -] image 0673dd71-34c5-4fbb-86c4-40623fbe45b4 at (/var/lib/nova/instances/_base/a489c868f0c37da93b76227c91bb03908ac0e742): checking
nova-compute.log.2017-05-14_21:27:09 2017-05-14 21:10:25.141 2931 INFO nova.virt.libvirt.imagecache [req-addc1839-2ed5-4778-b57e-5854eb7b8b09 - - - - -] image 0673dd71-34c5-4fbb-86c4-40623fbe45b4 at (/var/lib/nova/instances/_base/a489c868f0c37da93b76227c91bb03908ac0e742): in use: on this node 1 local, 0 on other nodes sharing this instance storage
nova-compute.log.2017-05-14_21:27:09 2017-05-14 21:10:25.317 2931 INFO nova.virt.libvirt.imagecache [req-addc1839-2ed5-4778-b57e-5854eb7b8b09 - - - - -] Active base files: /var/lib/nova/instances/_base/a489c868f0c37da93b76227c91bb03908ac0e742
nova-compute.log.2017-05-14_21:27:09 2017-05-14 21:10:27.437 2931 INFO nova.compute.manager [req-3ea4052c-895d-4b64-9e2d-04d64c4d94ab - - - - -] [instance: 56abb95b-c1e8-4e00-a172-31ccd11bbb46] VM Started (Lifecycle Event)
nova-compute.log.2017-05-14_21:27:09 2017-05-14 21:10:27.502 2931 INFO nova.compute.manager [req-3ea4052c-895d-4b64-9e2d-04d64c4d94ab - - - - -] [instance: 56abb95b-c1e8-4e00-a172-31ccd11bbb46] VM Paused (Lifecycle Event)
nova-compute.log.2017-05-14_21:27:09 2017-05-14 21:10:27.619 2931 INFO nova.compute.manager [req-3ea4052c-895d-4b64-9e2d-04d64c4d94ab - - - - -] [instance: 56abb95b-c1e8-4e00-a172-31ccd11bbb46] During sync_power_state the instance has a pending task (spawning). Skip.
nova-compute.log.2017-05-14_21:27:09 2017-05-14 21:10:30.412 2931 INFO nova.virt.libvirt.imagecache [req-addc1839-2ed5-4778-b57e-5854eb7b8b09 - - - - -] image 0673dd71-34c5-4fbb-86c4-40623fbe45b4 at (/var/lib/nova/instances/_base/a489c868f0c37da93b76227c91bb03908ac0e742): checking
nova-compute.log.2017-05-14_21:27:09 2017-05-14 21:10:30.413 2931 INFO nova.virt.libvirt.imagecache [req-addc1839-2ed5-4778-b57e-5854eb7b8b09 - - - - -] image 0673dd71-34c5-4fbb-86c4-40623fbe45b4 at (/var/lib/nova/instances/_base/a489c868f0c37da93b76227c91bb03908ac0e742): in use: on this node 1 local, 0 on other nodes sharing this instance storage
nova-compute.log.2017-05-14_21:27:09 2017-05-14 21:10:30.592 2931 INFO nova.virt.libvirt.imagecache [req-addc1839-2ed5-4778-b57e-5854eb7b8b09 - - - - -] Active base files: /var/lib/nova/instances/_base/a489c868f0c37da93b76227c91bb03908ac0e742
nova-compute.log.2017-05-14_21:27:09 2017-05-14 21:10:33.855 2931 INFO nova.compute.manager [req-3ea4052c-895d-4b64-9e2d-04d64c4d94ab - - - - -] [instance: 56abb95b-c1e8-4e00-a172-31ccd11bbb46] VM Resumed (Lifecycle Event)
nova-compute.log.2017-05-14_21:27:09 2017-05-14 21:10:33.865 2931 INFO nova.virt.libvirt.driver [-] [instance: 56abb95b-c1e8-4e00-a172-31ccd11bbb46] Instance spawned successfully.
nova-compute.log.2017-05-14_21:27:09 2017-05-14 21:10:33.865 2931 INFO nova.compute.manager [req-578a2943-ad73-4f69-93f1-4f45008bf8fd 113d3a99c3da401fbd62cc2caa5b96d2 54fadb412c4e40cdbaed9335e4c35a9e - - -] [instance: 56abb95b-c1e8-4e00-a172-31ccd11bbb46] Took 19.58 seconds to spawn the instance on the hypervisor.
nova-compute.log.2017-05-14_21:27:09 2017-05-14 21:10:34.013 2931 INFO nova.compute.manager [req-578a2943-ad73-4f69-93f1-4f45008bf8fd 113d3a99c3da401fbd62cc2caa5b96d2 54fadb412c4e40cdbaed9335e4c35a9e - - -] [instance: 56abb95b-c1e8-4e00-a172-31ccd11bbb46] Took 20.37 seconds to build instance.
nova-compute.log.2017-05-14_21:27:09 2017-05-14 21:10:34.101 2931 INFO nova.compute.manager [req-3ea4052c-895d-4b64-9e2d-04d64c4d94ab - - - - -] [instance: 56abb95b-c1e8-4e00-a172-31ccd11bbb46] VM Resumed (Lifecycle Event)
nova-compute.log.2017-05-14_21:27:09 2017-05-14 21:10:35.142 2931 INFO nova.virt.libvirt.imagecache [req-addc1839-2ed5-4778-b57e-5854eb7b8b09 - - - - -] image 0673dd71-34c5-4fbb-86c4-40623fbe45b4 at (/var/lib/nova/instances/_base/a489c868f0c37da93b76227c91bb03908ac0e742): checking
nova-compute.log.2017-05-14_21:27:09 2017-05-14 21:10:35.143 2931 INFO nova.virt.libvirt.imagecache [req-addc1839-2ed5-4778-b57e-5854eb7b8b09 - - - - -] image 0673dd71-34c5-4fbb-86c4-40623fbe45b4 at (/var/lib/nova/instances/_base/a489c868f0c37da93b76227c91bb03908ac0e742): in use: on this node 1 local, 0 on other nodes sharing this instance storage
nova-compute.log.2017-05-14_21:27:09 2017-05-14 21:10:35.307 2931 INFO nova.virt.libvirt.imagecache [req-addc1839-2ed5-4778-b57e-5854eb7b8b09 - - - - -] Active base files: /var/lib/nova/instances/_base/a489c868f0c37da93b76227c91bb03908ac0e742
nova-compute.log.2017-05-14_21:27:09 2017-05-14 21:10:40.140 2931 INFO nova.virt.libvirt.imagecache [req-addc1839-2ed5-4778-b57e-5854eb7b8b09 - - - - -] image 0673dd71-34c5-4fbb-86c4-40623fbe45b4 at (/var/lib/nova/instances/_base/a489c868f0c37da93b76227c91bb03908ac0e742): checking
nova-compute.log.2017-05-14_21:27:09 2017-05-14 21:10:40.141 2931 INFO nova.virt.libvirt.imagecache [req-addc1839-2ed5-4778-b57e-5854eb7b8b09 - - - - -] image 0673dd71-34c5-4fbb-86c4-40623fbe45b4 at (/var/lib/nova/instances/_base/a489c868f0c37da93b76227c91bb03908ac0e742): in use: on this node 1 local, 0 on other nodes sharing this instance storage
nova-compute.log.2017-05-14_21:27:09 2017-05-14 21:10:40.315 2931 INFO nova.virt.libvirt.imagecache [req-addc1839-2ed5-4778-b57e-5854eb7b8b09 - - - - -] Active base files: /var/lib/nova/instances/_base/a489c868f0c37da93b76227c91bb03908ac0e742
nova-compute.log.2017-05-14_21:27:09 2017-05-14 21:10:42.038 2931 INFO nova.compute.manager [req-e72d4775-96c9-4499-b1c1-ff23906f3221 113d3a99c3da401fbd62cc2caa5b96d2 54fadb412c4e40cdbaed9335e4c35a9e - - -] [instance: 56abb95b-c1e8-4e00-a172-31ccd11bbb46] Terminating instance
nova-compute.log.2017-05-14_21:27:09 2017-05-14 21:10:42.254 2931 INFO nova.virt.libvirt.driver [-] [instance: 56abb95b-c1e8-4e00-a172-31ccd11bbb46] Instance destroyed successfully.
nova-compute.log.2017-05-14_21:27:09 2017-05-14 21:10:42.956 2931 INFO nova.virt.libvirt.driver [req-e72d4775-96c9-4499-b1c1-ff23906f3221 113d3a99c3da401fbd62cc2caa5b96d2 54fadb412c4e40cdbaed9335e4c35a9e - - -] [instance: 56abb95b-c1e8-4e00-a172-31ccd11bbb46] Deleting instance files /var/lib/nova/instances/56abb95b-c1e8-4e00-a172-31ccd11bbb46_del
nova-compute.log.2017-05-14_21:27:09 2017-05-14 21:10:42.957 2931 INFO nova.virt.libvirt.driver [req-e72d4775-96c9-4499-b1c1-ff23906f3221 113d3a99c3da401fbd62cc2caa5b96d2 54fadb412c4e40cdbaed9335e4c35a9e - - -] [instance: 56abb95b-c1e8-4e00-a172-31ccd11bbb46] Deletion of /var/lib/nova/instances/56abb95b-c1e8-4e00-a172-31ccd11bbb46_del complete
nova-compute.log.2017-05-14_21:27:09 2017-05-14 21:10:43.065 2931 INFO nova.compute.manager [req-e72d4775-96c9-4499-b1c1-ff23906f3221 113d3a99c3da401fbd62cc2caa5b96d2 54fadb412c4e40cdbaed9335e4c35a9e - - -] [instance: 56abb95b-c1e8-4e00-a172-31ccd11bbb46] Took 1.02 seconds to destroy the instance on the hypervisor.
nova-compute.log.2017-05-14_21:27:09 2017-05-14 21:10:43.542 2931 INFO nova.compute.manager [req-e72d4775-96c9-4499-b1c1-ff23906f3221 113d3a99c3da401fbd62cc2caa5b96d2 54fadb412c4e40cdbaed9335e4c35a9e - - -] [instance: 56abb95b-c1e8-4e00-a172-31ccd11bbb46] Took 0.48 seconds to deallocate network for instance.
nova-compute.log.2017-05-14_21:27:09 2017-05-14 21:10:45.346 2931 WARNING nova.virt.libvirt.imagecache [req-addc1839-2ed5-4778-b57e-5854eb7b8b09 - - - - -] Unknown base file: /var/lib/nova/instances/_base/a489c868f0c37da93b76227c91bb03908ac0e742
nova-compute.log.2017-05-14_21:27:09 2017-05-14 21:10:45.347 2931 INFO nova.virt.libvirt.imagecache [req-addc1839-2ed5-4778-b57e-5854eb7b8b09 - - - - -] Removable base files: /var/lib/nova/instances/_base/a489c868f0c37da93b76227c91bb03908ac0e742
nova-compute.log.2017-05-14_21:27:09 2017-05-14 21:10:45.348 2931 INFO nova.virt.libvirt.imagecache [req-addc1839-2ed5-4778-b57e-5854eb7b8b09 - - - - -] Removing base or swap file: /var/lib/nova/instances/_base/a489c868f0c37da93b76227c91bb03908ac0e742
nova-compute.log.2017-05-14_21:27:09 2017-05-14 21:10:55.443 2931 INFO nova.compute.claims [req-8d3daad2-0640-4f7a-8a93-a892a4dcef4d 113d3a99c3da401fbd62cc2caa5b96d2 54fadb412c4e40cdbaed9335e4c35a9e - - -] [instance: 620fe77d-bd27-4f1c-af47-0e09596b3fa3] Attempting claim: memory 2048 MB, disk 20 GB, vcpus 1 CPU
nova-compute.log.2017-05-14_21:27:09 2017-05-14 21:10:55.443 2931 INFO nova.compute.claims [req-8d3daad2-0640-4f7a-8a93-a892a4dcef4d 113d3a99c3da401fbd62cc2caa5b96d2 54fadb412c4e40cdbaed9335e4c35a9e - - -] [instance: 620fe77d-bd27-4f1c-af47-0e09596b3fa3] Total memory: 64172 MB, used: 512.00 MB
nova-compute.log.2017-05-14_21:27:09 2017-05-14 21:10:55.444 2931 INFO nova.compute.claims [req-8d3daad2-0640-4f7a-8a93-a892a4dcef4d 113d3a99c3da401fbd62cc2caa5b96d2 54fadb412c4e40cdbaed9335e4c35a9e - - -] [instance: 620fe77d-bd27-4f1c-af47-0e09596b3fa3] memory limit: 96258.00 MB, free: 95746.00 MB
nova-compute.log.2017-05-14_21:27:09 2017-05-14 21:10:55.444 2931 INFO nova.compute.claims [req-8d3daad2-0640-4f7a-8a93-a892a4dcef4d 113d3a99c3da401fbd62cc2caa5b96d2 54fadb412c4e40cdbaed9335e4c35a9e - - -] [instance: 620fe77d-bd27-4f1c-af47-0e09596b3fa3] Total disk: 15 GB, used: 0.00 GB
nova-compute.log.2017-05-14_21:27:09 2017-05-14 21:10:55.445 2931 INFO nova.compute.claims [req-8d3daad2-0640-4f7a-8a93-a892a4dcef4d 113d3a99c3da401fbd62cc2caa5b96d2 54fadb412c4e40cdbaed9335e4c35a9e - - -] [instance: 620fe77d-bd27-4f1c-af47-0e09596b3fa3] disk limit not specified, defaulting to unlimited
nova-compute.log.2017-05-14_21:27:09 2017-05-14 21:10:55.445 2931 INFO nova.compute.claims [req-8d3daad2-0640-4f7a-8a93-a892a4dcef4d 113d3a99c3da401fbd62cc2caa5b96d2 54fadb412c4e40cdbaed9335e4c35a9e - - -] [instance: 620fe77d-bd27-4f1c-af47-0e09596b3fa3] Total vcpu: 16 VCPU, used: 0.00 VCPU
nova-compute.log.2017-05-14_21:27:09 2017-05-14 21:10:55.446 2931 INFO nova.compute.claims [req-8d3daad2-0640-4f7a-8a93-a892a4dcef4d 113d3a99c3da401fbd62cc2caa5b96d2 54fadb412c4e40cdbaed9335e4c35a9e - - -] [instance: 620fe77d-bd27-4f1c-af47-0e09596b3fa3] vcpu limit not specified, defaulting to unlimited
nova-compute.log.2017-05-14_21:27:09 2017-05-14 21:10:55.478 2931 INFO nova.compute.claims [req-8d3daad2-0640-4f7a-8a93-a892a4dcef4d 113d3a99c3da401fbd62cc2caa5b96d2 54fadb412c4e40cdbaed9335e4c35a9e - - -] [instance: 620fe77d-bd27-4f1c-af47-0e09596b3fa3] Claim successful
nova-compute.log.2017-05-14_21:27:09 2017-05-14 21:10:56.048 2931 INFO nova.virt.libvirt.driver [req-8d3daad2-0640-4f7a-8a93-a892a4dcef4d 113d3a99c3da401fbd62cc2caa5b96d2 54fadb412c4e40cdbaed9335e4c35a9e - - -] [instance: 620fe77d-bd27-4f1c-af47-0e09596b3fa3] Creating image
nova-compute.log.2017-05-14_21:27:09 2017-05-14 21:10:57.251 2931 INFO nova.compute.manager [-] [instance: 56abb95b-c1e8-4e00-a172-31ccd11bbb46] VM Stopped (Lifecycle Event)
nova-compute.log.2017-05-14_21:27:09 2017-05-14 21:11:08.645 2931 INFO nova.compute.manager [req-3ea4052c-895d-4b64-9e2d-04d64c4d94ab - - - - -] [instance: 620fe77d-bd27-4f1c-af47-0e09596b3fa3] VM Started (Lifecycle Event)
nova-compute.log.2017-05-14_21:27:09 2017-05-14 21:11:08.706 2931 INFO nova.compute.manager [req-3ea4052c-895d-4b64-9e2d-04d64c4d94ab - - - - -] [instance: 620fe77d-bd27-4f1c-af47-0e09596b3fa3] VM Paused (Lifecycle Event)
nova-compute.log.2017-05-14_21:27:09 2017-05-14 21:11:08.826 2931 INFO nova.compute.manager [req-3ea4052c-895d-4b64-9e2d-04d64c4d94ab - - - - -] [instance: 620fe77d-bd27-4f1c-af47-0e09596b3fa3] During sync_power_state the instance has a pending task (spawning). Skip.
nova-compute.log.2017-05-14_21:27:09 2017-05-14 21:11:10.142 2931 INFO nova.virt.libvirt.imagecache [req-addc1839-2ed5-4778-b57e-5854eb7b8b09 - - - - -] image 0673dd71-34c5-4fbb-86c4-40623fbe45b4 at (/var/lib/nova/instances/_base/a489c868f0c37da93b76227c91bb03908ac0e742): checking
nova-compute.log.2017-05-14_21:27:09 2017-05-14 21:11:10.144 2931 INFO nova.virt.libvirt.imagecache [req-addc1839-2ed5-4778-b57e-5854eb7b8b09 - - - - -] image 0673dd71-34c5-4fbb-86c4-40623fbe45b4 at (/var/lib/nova/instances/_base/a489c868f0c37da93b76227c91bb03908ac0e742): in use: on this node 1 local, 0 on other nodes sharing this instance storage
nova-compute.log.2017-05-14_21:27:09 2017-05-14 21:11:10.322 2931 INFO nova.virt.libvirt.imagecache [req-addc1839-2ed5-4778-b57e-5854eb7b8b09 - - - - -] Active base files: /var/lib/nova/instances/_base/a489c868f0c37da93b76227c91bb03908ac0e742
nova-compute.log.2017-05-14_21:27:09 2017-05-14 21:11:15.257 2931 INFO nova.compute.manager [req-3ea4052c-895d-4b64-9e2d-04d64c4d94ab - - - - -] [instance: 620fe77d-bd27-4f1c-af47-0e09596b3fa3] VM Resumed (Lifecycle Event)
nova-compute.log.2017-05-14_21:27:09 2017-05-14 21:11:15.266 2931 INFO nova.virt.libvirt.driver [-] [instance: 620fe77d-bd27-4f1c-af47-0e09596b3fa3] Instance spawned successfully.
nova-compute.log.2017-05-14_21:27:09 2017-05-14 21:11:15.266 2931 INFO nova.compute.manager [req-8d3daad2-0640-4f7a-8a93-a892a4dcef4d 113d3a99c3da401fbd62cc2caa5b96d2 54fadb412c4e40cdbaed9335e4c35a9e - - -] [instance: 620fe77d-bd27-4f1c-af47-0e09596b3fa3] Took 19.22 seconds to spawn the instance on the hypervisor.
nova-compute.log.2017-05-14_21:27:09 2017-05-14 21:11:15.366 2931 INFO nova.virt.libvirt.imagecache [req-addc1839-2ed5-4778-b57e-5854eb7b8b09 - - - - -] image 0673dd71-34c5-4fbb-86c4-40623fbe45b4 at (/var/lib/nova/instances/_base/a489c868f0c37da93b76227c91bb03908ac0e742): checking
nova-compute.log.2017-05-14_21:27:09 2017-05-14 21:11:15.367 2931 INFO nova.virt.libvirt.imagecache [req-addc1839-2ed5-4778-b57e-5854eb7b8b09 - - - - -] image 0673dd71-34c5-4fbb-86c4-40623fbe45b4 at (/var/lib/nova/instances/_base/a489c868f0c37da93b76227c91bb03908ac0e742): in use: on this node 1 local, 0 on other nodes sharing this instance storage
nova-compute.log.2017-05-14_21:27:09 2017-05-14 21:11:15.396 2931 INFO nova.compute.manager [req-3ea4052c-895d-4b64-9e2d-04d64c4d94ab - - - - -] [instance: 620fe77d-bd27-4f1c-af47-0e09596b3fa3] During sync_power_state the instance has a pending task (spawning). Skip.
nova-compute.log.2017-05-14_21:27:09 2017-05-14 21:11:15.397 2931 INFO nova.compute.manager [req-3ea4052c-895d-4b64-9e2d-04d64c4d94ab - - - - -] [instance: 620fe77d-bd27-4f1c-af47-0e09596b3fa3] VM Resumed (Lifecycle Event)
nova-compute.log.2017-05-14_21:27:09 2017-05-14 21:11:15.415 2931 INFO nova.compute.manager [req-8d3daad2-0640-4f7a-8a93-a892a4dcef4d 113d3a99c3da401fbd62cc2caa5b96d2 54fadb412c4e40cdbaed9335e4c35a9e - - -] [instance: 620fe77d-bd27-4f1c-af47-0e09596b3fa3] Took 19.98 seconds to build instance.
nova-compute.log.2017-05-14_21:27:09 2017-05-14 21:11:15.544 2931 INFO nova.virt.libvirt.imagecache [req-addc1839-2ed5-4778-b57e-5854eb7b8b09 - - - - -] Active base files: /var/lib/nova/instances/_base/a489c868f0c37da93b76227c91bb03908ac0e742
nova-compute.log.2017-05-14_21:27:09 2017-05-14 21:11:20.142 2931 INFO nova.virt.libvirt.imagecache [req-addc1839-2ed5-4778-b57e-5854eb7b8b09 - - - - -] image 0673dd71-34c5-4fbb-86c4-40623fbe45b4 at (/var/lib/nova/instances/_base/a489c868f0c37da93b76227c91bb03908ac0e742): checking
nova-compute.log.2017-05-14_21:27:09 2017-05-14 21:11:20.143 2931 INFO nova.virt.libvirt.imagecache [req-addc1839-2ed5-4778-b57e-5854eb7b8b09 - - - - -] image 0673dd71-34c5-4fbb-86c4-40623fbe45b4 at (/var/lib/nova/instances/_base/a489c868f0c37da93b76227c91bb03908ac0e742): in use: on this node 1 local, 0 on other nodes sharing this instance storage
nova-compute.log.2017-05-14_21:27:09 2017-05-14 21:11:20.311 2931 INFO nova.virt.libvirt.imagecache [req-addc1839-2ed5-4778-b57e-5854eb7b8b09 - - - - -] Active base files: /var/lib/nova/instances/_base/a489c868f0c37da93b76227c91bb03908ac0e742
nova-compute.log.2017-05-14_21:27:09 2017-05-14 21:11:22.258 2931 INFO nova.compute.manager [req-74216bdc-e0ae-428f-97dc-fc325b6d062e 113d3a99c3da401fbd62cc2caa5b96d2 54fadb412c4e40cdbaed9335e4c35a9e - - -] [instance: 620fe77d-bd27-4f1c-af47-0e09596b3fa3] Terminating instance
nova-compute.log.2017-05-14_21:27:09 2017-05-14 21:11:22.474 2931 INFO nova.virt.libvirt.driver [-] [instance: 620fe77d-bd27-4f1c-af47-0e09596b3fa3] Instance destroyed successfully.
nova-compute.log.2017-05-14_21:27:09 2017-05-14 21:11:23.142 2931 INFO nova.virt.libvirt.driver [req-74216bdc-e0ae-428f-97dc-fc325b6d062e 113d3a99c3da401fbd62cc2caa5b96d2 54fadb412c4e40cdbaed9335e4c35a9e - - -] [instance: 620fe77d-bd27-4f1c-af47-0e09596b3fa3] Deleting instance files /var/lib/nova/instances/620fe77d-bd27-4f1c-af47-0e09596b3fa3_del
nova-compute.log.2017-05-14_21:27:09 2017-05-14 21:11:23.145 2931 INFO nova.virt.libvirt.driver [req-74216bdc-e0ae-428f-97dc-fc325b6d062e 113d3a99c3da401fbd62cc2caa5b96d2 54fadb412c4e40cdbaed9335e4c35a9e - - -] [instance: 620fe77d-bd27-4f1c-af47-0e09596b3fa3] Deletion of /var/lib/nova/instances/620fe77d-bd27-4f1c-af47-0e09596b3fa3_del complete
nova-compute.log.2017-05-14_21:27:09 2017-05-14 21:11:23.276 2931 INFO nova.compute.manager [req-74216bdc-e0ae-428f-97dc-fc325b6d062e 113d3a99c3da401fbd62cc2caa5b96d2 54fadb412c4e40cdbaed9335e4c35a9e - - -] [instance: 620fe77d-bd27-4f1c-af47-0e09596b3fa3] Took 1.01 seconds to destroy the instance on the hypervisor.
nova-compute.log.2017-05-14_21:27:09 2017-05-14 21:11:23.717 2931 INFO nova.compute.manager [req-74216bdc-e0ae-428f-97dc-fc325b6d062e 113d3a99c3da401fbd62cc2caa5b96d2 54fadb412c4e40cdbaed9335e4c35a9e - - -] [instance: 620fe77d-bd27-4f1c-af47-0e09596b3fa3] Took 0.44 seconds to deallocate network for instance.
nova-compute.log.2017-05-14_21:27:09 2017-05-14 21:11:25.114 2931 WARNING nova.virt.libvirt.imagecache [req-addc1839-2ed5-4778-b57e-5854eb7b8b09 - - - - -] Unknown base file: /var/lib/nova/instances/_base/a489c868f0c37da93b76227c91bb03908ac0e742
nova-compute.log.2017-05-14_21:27:09 2017-05-14 21:11:25.115 2931 INFO nova.virt.libvirt.imagecache [req-addc1839-2ed5-4778-b57e-5854eb7b8b09 - - - - -] Removable base files: /var/lib/nova/instances/_base/a489c868f0c37da93b76227c91bb03908ac0e742
nova-compute.log.2017-05-14_21:27:09 2017-05-14 21:11:25.117 2931 INFO nova.virt.libvirt.imagecache [req-addc1839-2ed5-4778-b57e-5854eb7b8b09 - - - - -] Base or swap file too young to remove: /var/lib/nova/instances/_base/a489c868f0c37da93b76227c91bb03908ac0e742
nova-compute.log.2017-05-14_21:27:09 2017-05-14 21:11:26.131 2931 INFO nova.compute.resource_tracker [req-addc1839-2ed5-4778-b57e-5854eb7b8b09 - - - - -] Auditing locally available compute resources for node cp-1.slowvm1.tcloud-pg0.utah.cloudlab.us
nova-compute.log.2017-05-14_21:27:09 2017-05-14 21:11:26.438 2931 INFO nova.compute.resource_tracker [req-addc1839-2ed5-4778-b57e-5854eb7b8b09 - - - - -] Total usable vcpus: 16, total allocated vcpus: 0
nova-compute.log.2017-05-14_21:27:09 2017-05-14 21:11:26.439 2931 INFO nova.compute.resource_tracker [req-addc1839-2ed5-4778-b57e-5854eb7b8b09 - - - - -] Final resource view: name=cp-1.slowvm1.tcloud-pg0.utah.cloudlab.us phys_ram=64172MB used_ram=512MB phys_disk=15GB used_disk=0GB total_vcpus=16 used_vcpus=0 pci_stats=[]
nova-compute.log.2017-05-14_21:27:09 2017-05-14 21:11:26.493 2931 INFO nova.compute.resource_tracker [req-addc1839-2ed5-4778-b57e-5854eb7b8b09 - - - - -] Compute_service record updated for cp-1.slowvm1.tcloud-pg0.utah.cloudlab.us:cp-1.slowvm1.tcloud-pg0.utah.cloudlab.us
nova-compute.log.2017-05-14_21:27:09 2017-05-14 21:11:30.143 2931 WARNING nova.virt.libvirt.imagecache [req-addc1839-2ed5-4778-b57e-5854eb7b8b09 - - - - -] Unknown base file: /var/lib/nova/instances/_base/a489c868f0c37da93b76227c91bb03908ac0e742
nova-compute.log.2017-05-14_21:27:09 2017-05-14 21:11:30.144 2931 INFO nova.virt.libvirt.imagecache [req-addc1839-2ed5-4778-b57e-5854eb7b8b09 - - - - -] Removable base files: /var/lib/nova/instances/_base/a489c868f0c37da93b76227c91bb03908ac0e742
nova-compute.log.2017-05-14_21:27:09 2017-05-14 21:11:30.146 2931 INFO nova.virt.libvirt.imagecache [req-addc1839-2ed5-4778-b57e-5854eb7b8b09 - - - - -] Removing base or swap file: /var/lib/nova/instances/_base/a489c868f0c37da93b76227c91bb03908ac0e742
nova-compute.log.2017-05-14_21:27:09 2017-05-14 21:11:35.582 2931 INFO nova.compute.claims [req-61e9be21-5203-4fa2-8547-f74ee92b2fed 113d3a99c3da401fbd62cc2caa5b96d2 54fadb412c4e40cdbaed9335e4c35a9e - - -] [instance: f49bf478-6840-49bc-9d59-80cb8066e190] Attempting claim: memory 2048 MB, disk 20 GB, vcpus 1 CPU
nova-compute.log.2017-05-14_21:27:09 2017-05-14 21:11:35.583 2931 INFO nova.compute.claims [req-61e9be21-5203-4fa2-8547-f74ee92b2fed 113d3a99c3da401fbd62cc2caa5b96d2 54fadb412c4e40cdbaed9335e4c35a9e - - -] [instance: f49bf478-6840-49bc-9d59-80cb8066e190] Total memory: 64172 MB, used: 512.00 MB
nova-compute.log.2017-05-14_21:27:09 2017-05-14 21:11:35.583 2931 INFO nova.compute.claims [req-61e9be21-5203-4fa2-8547-f74ee92b2fed 113d3a99c3da401fbd62cc2caa5b96d2 54fadb412c4e40cdbaed9335e4c35a9e - - -] [instance: f49bf478-6840-49bc-9d59-80cb8066e190] memory limit: 96258.00 MB, free: 95746.00 MB
nova-compute.log.2017-05-14_21:27:09 2017-05-14 21:11:35.584 2931 INFO nova.compute.claims [req-61e9be21-5203-4fa2-8547-f74ee92b2fed 113d3a99c3da401fbd62cc2caa5b96d2 54fadb412c4e40cdbaed9335e4c35a9e - - -] [instance: f49bf478-6840-49bc-9d59-80cb8066e190] Total disk: 15 GB, used: 0.00 GB
nova-compute.log.2017-05-14_21:27:09 2017-05-14 21:11:35.584 2931 INFO nova.compute.claims [req-61e9be21-5203-4fa2-8547-f74ee92b2fed 113d3a99c3da401fbd62cc2caa5b96d2 54fadb412c4e40cdbaed9335e4c35a9e - - -] [instance: f49bf478-6840-49bc-9d59-80cb8066e190] disk limit not specified, defaulting to unlimited
nova-compute.log.2017-05-14_21:27:09 2017-05-14 21:11:35.585 2931 INFO nova.compute.claims [req-61e9be21-5203-4fa2-8547-f74ee92b2fed 113d3a99c3da401fbd62cc2caa5b96d2 54fadb412c4e40cdbaed9335e4c35a9e - - -] [instance: f49bf478-6840-49bc-9d59-80cb8066e190] Total vcpu: 16 VCPU, used: 0.00 VCPU
nova-compute.log.2017-05-14_21:27:09 2017-05-14 21:11:35.585 2931 INFO nova.compute.claims [req-61e9be21-5203-4fa2-8547-f74ee92b2fed 113d3a99c3da401fbd62cc2caa5b96d2 54fadb412c4e40cdbaed9335e4c35a9e - - -] [instance: f49bf478-6840-49bc-9d59-80cb8066e190] vcpu limit not specified, defaulting to unlimited
nova-compute.log.2017-05-14_21:27:09 2017-05-14 21:11:35.619 2931 INFO nova.compute.claims [req-61e9be21-5203-4fa2-8547-f74ee92b2fed 113d3a99c3da401fbd62cc2caa5b96d2 54fadb412c4e40cdbaed9335e4c35a9e - - -] [instance: f49bf478-6840-49bc-9d59-80cb8066e190] Claim successful
nova-compute.log.2017-05-14_21:27:09 2017-05-14 21:11:36.209 2931 INFO nova.virt.libvirt.driver [req-61e9be21-5203-4fa2-8547-f74ee92b2fed 113d3a99c3da401fbd62cc2caa5b96d2 54fadb412c4e40cdbaed9335e4c35a9e - - -] [instance: f49bf478-6840-49bc-9d59-80cb8066e190] Creating image
nova-compute.log.2017-05-14_21:27:09 2017-05-14 21:11:37.472 2931 INFO nova.compute.manager [-] [instance: 620fe77d-bd27-4f1c-af47-0e09596b3fa3] VM Stopped (Lifecycle Event)
nova-compute.log.2017-05-14_21:27:09 2017-05-14 21:11:49.227 2931 INFO nova.compute.manager [req-3ea4052c-895d-4b64-9e2d-04d64c4d94ab - - - - -] [instance: f49bf478-6840-49bc-9d59-80cb8066e190] VM Started (Lifecycle Event)
nova-compute.log.2017-05-14_21:27:09 2017-05-14 21:11:49.300 2931 INFO nova.compute.manager [req-3ea4052c-895d-4b64-9e2d-04d64c4d94ab - - - - -] [instance: f49bf478-6840-49bc-9d59-80cb8066e190] VM Paused (Lifecycle Event)
nova-compute.log.2017-05-14_21:27:09 2017-05-14 21:11:49.433 2931 INFO nova.compute.manager [req-3ea4052c-895d-4b64-9e2d-04d64c4d94ab - - - - -] [instance: f49bf478-6840-49bc-9d59-80cb8066e190] During sync_power_state the instance has a pending task (spawning). Skip.
nova-compute.log.2017-05-14_21:27:09 2017-05-14 21:11:50.560 2931 INFO nova.virt.libvirt.imagecache [req-addc1839-2ed5-4778-b57e-5854eb7b8b09 - - - - -] image 0673dd71-34c5-4fbb-86c4-40623fbe45b4 at (/var/lib/nova/instances/_base/a489c868f0c37da93b76227c91bb03908ac0e742): checking
nova-compute.log.2017-05-14_21:27:09 2017-05-14 21:11:50.561 2931 INFO nova.virt.libvirt.imagecache [req-addc1839-2ed5-4778-b57e-5854eb7b8b09 - - - - -] image 0673dd71-34c5-4fbb-86c4-40623fbe45b4 at (/var/lib/nova/instances/_base/a489c868f0c37da93b76227c91bb03908ac0e742): in use: on this node 1 local, 0 on other nodes sharing this instance storage
nova-compute.log.2017-05-14_21:27:09 2017-05-14 21:11:50.738 2931 INFO nova.virt.libvirt.imagecache [req-addc1839-2ed5-4778-b57e-5854eb7b8b09 - - - - -] Active base files: /var/lib/nova/instances/_base/a489c868f0c37da93b76227c91bb03908ac0e742
nova-compute.log.2017-05-14_21:27:09 2017-05-14 21:11:55.797 2931 INFO nova.virt.libvirt.imagecache [req-addc1839-2ed5-4778-b57e-5854eb7b8b09 - - - - -] image 0673dd71-34c5-4fbb-86c4-40623fbe45b4 at (/var/lib/nova/instances/_base/a489c868f0c37da93b76227c91bb03908ac0e742): checking
nova-compute.log.2017-05-14_21:27:09 2017-05-14 21:11:55.798 2931 INFO nova.virt.libvirt.imagecache [req-addc1839-2ed5-4778-b57e-5854eb7b8b09 - - - - -] image 0673dd71-34c5-4fbb-86c4-40623fbe45b4 at (/var/lib/nova/instances/_base/a489c868f0c37da93b76227c91bb03908ac0e742): in use: on this node 1 local, 0 on other nodes sharing this instance storage
nova-compute.log.2017-05-14_21:27:09 2017-05-14 21:11:55.974 2931 INFO nova.virt.libvirt.imagecache [req-addc1839-2ed5-4778-b57e-5854eb7b8b09 - - - - -] Active base files: /var/lib/nova/instances/_base/a489c868f0c37da93b76227c91bb03908ac0e742
nova-compute.log.2017-05-14_21:27:09 2017-05-14 21:11:56.611 2931 INFO nova.compute.manager [req-3ea4052c-895d-4b64-9e2d-04d64c4d94ab - - - - -] [instance: f49bf478-6840-49bc-9d59-80cb8066e190] VM Resumed (Lifecycle Event)
nova-compute.log.2017-05-14_21:27:09 2017-05-14 21:11:56.619 2931 INFO nova.virt.libvirt.driver [-] [instance: f49bf478-6840-49bc-9d59-80cb8066e190] Instance spawned successfully.
nova-compute.log.2017-05-14_21:27:09 2017-05-14 21:11:56.619 2931 INFO nova.compute.manager [req-61e9be21-5203-4fa2-8547-f74ee92b2fed 113d3a99c3da401fbd62cc2caa5b96d2 54fadb412c4e40cdbaed9335e4c35a9e - - -] [instance: f49bf478-6840-49bc-9d59-80cb8066e190] Took 20.41 seconds to spawn the instance on the hypervisor.
nova-compute.log.2017-05-14_21:27:09 2017-05-14 21:11:56.727 2931 INFO nova.compute.manager [req-3ea4052c-895d-4b64-9e2d-04d64c4d94ab - - - - -] [instance: f49bf478-6840-49bc-9d59-80cb8066e190] During sync_power_state the instance has a pending task (spawning). Skip.
nova-compute.log.2017-05-14_21:27:09 2017-05-14 21:11:56.728 2931 INFO nova.compute.manager [req-3ea4052c-895d-4b64-9e2d-04d64c4d94ab - - - - -] [instance: f49bf478-6840-49bc-9d59-80cb8066e190] VM Resumed (Lifecycle Event)
nova-compute.log.2017-05-14_21:27:09 2017-05-14 21:11:56.758 2931 INFO nova.compute.manager [req-61e9be21-5203-4fa2-8547-f74ee92b2fed 113d3a99c3da401fbd62cc2caa5b96d2 54fadb412c4e40cdbaed9335e4c35a9e - - -] [instance: f49bf478-6840-49bc-9d59-80cb8066e190] Took 21.18 seconds to build instance.
nova-compute.log.2017-05-14_21:27:09 2017-05-14 21:12:01.030 2931 INFO nova.virt.libvirt.imagecache [req-addc1839-2ed5-4778-b57e-5854eb7b8b09 - - - - -] image 0673dd71-34c5-4fbb-86c4-40623fbe45b4 at (/var/lib/nova/instances/_base/a489c868f0c37da93b76227c91bb03908ac0e742): checking
nova-compute.log.2017-05-14_21:27:09 2017-05-14 21:12:01.031 2931 INFO nova.virt.libvirt.imagecache [req-addc1839-2ed5-4778-b57e-5854eb7b8b09 - - - - -] image 0673dd71-34c5-4fbb-86c4-40623fbe45b4 at (/var/lib/nova/instances/_base/a489c868f0c37da93b76227c91bb03908ac0e742): in use: on this node 1 local, 0 on other nodes sharing this instance storage
nova-compute.log.2017-05-14_21:27:09 2017-05-14 21:12:01.210 2931 INFO nova.virt.libvirt.imagecache [req-addc1839-2ed5-4778-b57e-5854eb7b8b09 - - - - -] Active base files: /var/lib/nova/instances/_base/a489c868f0c37da93b76227c91bb03908ac0e742
nova-compute.log.2017-05-14_21:27:09 2017-05-14 21:12:03.979 2931 INFO nova.compute.manager [req-7becaa22-aaa9-46b1-890d-9ad1276eab98 113d3a99c3da401fbd62cc2caa5b96d2 54fadb412c4e40cdbaed9335e4c35a9e - - -] [instance: f49bf478-6840-49bc-9d59-80cb8066e190] Terminating instance
nova-compute.log.2017-05-14_21:27:09 2017-05-14 21:12:04.197 2931 INFO nova.virt.libvirt.driver [-] [instance: f49bf478-6840-49bc-9d59-80cb8066e190] Instance destroyed successfully.
nova-compute.log.2017-05-14_21:27:09 2017-05-14 21:12:04.852 2931 INFO nova.virt.libvirt.driver [req-7becaa22-aaa9-46b1-890d-9ad1276eab98 113d3a99c3da401fbd62cc2caa5b96d2 54fadb412c4e40cdbaed9335e4c35a9e - - -] [instance: f49bf478-6840-49bc-9d59-80cb8066e190] Deleting instance files /var/lib/nova/instances/f49bf478-6840-49bc-9d59-80cb8066e190_del
nova-compute.log.2017-05-14_21:27:09 2017-05-14 21:12:04.853 2931 INFO nova.virt.libvirt.driver [req-7becaa22-aaa9-46b1-890d-9ad1276eab98 113d3a99c3da401fbd62cc2caa5b96d2 54fadb412c4e40cdbaed9335e4c35a9e - - -] [instance: f49bf478-6840-49bc-9d59-80cb8066e190] Deletion of /var/lib/nova/instances/f49bf478-6840-49bc-9d59-80cb8066e190_del complete
nova-compute.log.2017-05-14_21:27:09 2017-05-14 21:12:04.978 2931 INFO nova.compute.manager [req-7becaa22-aaa9-46b1-890d-9ad1276eab98 113d3a99c3da401fbd62cc2caa5b96d2 54fadb412c4e40cdbaed9335e4c35a9e - - -] [instance: f49bf478-6840-49bc-9d59-80cb8066e190] Took 0.99 seconds to destroy the instance on the hypervisor.
nova-compute.log.2017-05-14_21:27:09 2017-05-14 21:12:05.585 2931 INFO nova.compute.manager [req-7becaa22-aaa9-46b1-890d-9ad1276eab98 113d3a99c3da401fbd62cc2caa5b96d2 54fadb412c4e40cdbaed9335e4c35a9e - - -] [instance: f49bf478-6840-49bc-9d59-80cb8066e190] Took 0.61 seconds to deallocate network for instance.
nova-compute.log.2017-05-14_21:27:09 2017-05-14 21:12:06.237 2931 WARNING nova.virt.libvirt.imagecache [req-addc1839-2ed5-4778-b57e-5854eb7b8b09 - - - - -] Unknown base file: /var/lib/nova/instances/_base/a489c868f0c37da93b76227c91bb03908ac0e742
nova-compute.log.2017-05-14_21:27:09 2017-05-14 21:12:06.238 2931 INFO nova.virt.libvirt.imagecache [req-addc1839-2ed5-4778-b57e-5854eb7b8b09 - - - - -] Removable base files: /var/lib/nova/instances/_base/a489c868f0c37da93b76227c91bb03908ac0e742
nova-compute.log.2017-05-14_21:27:09 2017-05-14 21:12:06.240 2931 INFO nova.virt.libvirt.imagecache [req-addc1839-2ed5-4778-b57e-5854eb7b8b09 - - - - -] Removing base or swap file: /var/lib/nova/instances/_base/a489c868f0c37da93b76227c91bb03908ac0e742
nova-compute.log.2017-05-14_21:27:09 2017-05-14 21:12:17.329 2931 INFO nova.compute.claims [req-cbd738f4-c9a0-4df7-9502-b5fb7d9c97a2 113d3a99c3da401fbd62cc2caa5b96d2 54fadb412c4e40cdbaed9335e4c35a9e - - -] [instance: 3767ce86-aa8a-4339-b38f-e4c3d166a4f9] Attempting claim: memory 2048 MB, disk 20 GB, vcpus 1 CPU
nova-compute.log.2017-05-14_21:27:09 2017-05-14 21:12:17.330 2931 INFO nova.compute.claims [req-cbd738f4-c9a0-4df7-9502-b5fb7d9c97a2 113d3a99c3da401fbd62cc2caa5b96d2 54fadb412c4e40cdbaed9335e4c35a9e - - -] [instance: 3767ce86-aa8a-4339-b38f-e4c3d166a4f9] Total memory: 64172 MB, used: 512.00 MB
nova-compute.log.2017-05-14_21:27:09 2017-05-14 21:12:17.332 2931 INFO nova.compute.claims [req-cbd738f4-c9a0-4df7-9502-b5fb7d9c97a2 113d3a99c3da401fbd62cc2caa5b96d2 54fadb412c4e40cdbaed9335e4c35a9e - - -] [instance: 3767ce86-aa8a-4339-b38f-e4c3d166a4f9] memory limit: 96258.00 MB, free: 95746.00 MB
nova-compute.log.2017-05-14_21:27:09 2017-05-14 21:12:17.333 2931 INFO nova.compute.claims [req-cbd738f4-c9a0-4df7-9502-b5fb7d9c97a2 113d3a99c3da401fbd62cc2caa5b96d2 54fadb412c4e40cdbaed9335e4c35a9e - - -] [instance: 3767ce86-aa8a-4339-b38f-e4c3d166a4f9] Total disk: 15 GB, used: 0.00 GB
nova-compute.log.2017-05-14_21:27:09 2017-05-14 21:12:17.333 2931 INFO nova.compute.claims [req-cbd738f4-c9a0-4df7-9502-b5fb7d9c97a2 113d3a99c3da401fbd62cc2caa5b96d2 54fadb412c4e40cdbaed9335e4c35a9e - - -] [instance: 3767ce86-aa8a-4339-b38f-e4c3d166a4f9] disk limit not specified, defaulting to unlimited
nova-compute.log.2017-05-14_21:27:09 2017-05-14 21:12:17.334 2931 INFO nova.compute.claims [req-cbd738f4-c9a0-4df7-9502-b5fb7d9c97a2 113d3a99c3da401fbd62cc2caa5b96d2 54fadb412c4e40cdbaed9335e4c35a9e - - -] [instance: 3767ce86-aa8a-4339-b38f-e4c3d166a4f9] Total vcpu: 16 VCPU, used: 0.00 VCPU
nova-compute.log.2017-05-14_21:27:09 2017-05-14 21:12:17.335 2931 INFO nova.compute.claims [req-cbd738f4-c9a0-4df7-9502-b5fb7d9c97a2 113d3a99c3da401fbd62cc2caa5b96d2 54fadb412c4e40cdbaed9335e4c35a9e - - -] [instance: 3767ce86-aa8a-4339-b38f-e4c3d166a4f9] vcpu limit not specified, defaulting to unlimited
nova-compute.log.2017-05-14_21:27:09 2017-05-14 21:12:17.369 2931 INFO nova.compute.claims [req-cbd738f4-c9a0-4df7-9502-b5fb7d9c97a2 113d3a99c3da401fbd62cc2caa5b96d2 54fadb412c4e40cdbaed9335e4c35a9e - - -] [instance: 3767ce86-aa8a-4339-b38f-e4c3d166a4f9] Claim successful
nova-compute.log.2017-05-14_21:27:09 2017-05-14 21:12:17.936 2931 INFO nova.virt.libvirt.driver [req-cbd738f4-c9a0-4df7-9502-b5fb7d9c97a2 113d3a99c3da401fbd62cc2caa5b96d2 54fadb412c4e40cdbaed9335e4c35a9e - - -] [instance: 3767ce86-aa8a-4339-b38f-e4c3d166a4f9] Creating image
nova-compute.log.2017-05-14_21:27:09 2017-05-14 21:12:19.194 2931 INFO nova.compute.manager [-] [instance: f49bf478-6840-49bc-9d59-80cb8066e190] VM Stopped (Lifecycle Event)
nova-compute.log.2017-05-14_21:27:09 2017-05-14 21:12:27.182 2931 INFO nova.compute.resource_tracker [req-addc1839-2ed5-4778-b57e-5854eb7b8b09 - - - - -] Auditing locally available compute resources for node cp-1.slowvm1.tcloud-pg0.utah.cloudlab.us
nova-compute.log.2017-05-14_21:27:09 2017-05-14 21:12:27.536 2931 INFO nova.compute.resource_tracker [req-addc1839-2ed5-4778-b57e-5854eb7b8b09 - - - - -] Total usable vcpus: 16, total allocated vcpus: 1
nova-compute.log.2017-05-14_21:27:09 2017-05-14 21:12:27.537 2931 INFO nova.compute.resource_tracker [req-addc1839-2ed5-4778-b57e-5854eb7b8b09 - - - - -] Final resource view: name=cp-1.slowvm1.tcloud-pg0.utah.cloudlab.us phys_ram=64172MB used_ram=2560MB phys_disk=15GB used_disk=20GB total_vcpus=16 used_vcpus=1 pci_stats=[]
nova-compute.log.2017-05-14_21:27:09 2017-05-14 21:12:27.599 2931 INFO nova.compute.resource_tracker [req-addc1839-2ed5-4778-b57e-5854eb7b8b09 - - - - -] Compute_service record updated for cp-1.slowvm1.tcloud-pg0.utah.cloudlab.us:cp-1.slowvm1.tcloud-pg0.utah.cloudlab.us
nova-compute.log.2017-05-14_21:27:09 2017-05-14 21:12:30.199 2931 INFO nova.virt.libvirt.imagecache [req-addc1839-2ed5-4778-b57e-5854eb7b8b09 - - - - -] image 0673dd71-34c5-4fbb-86c4-40623fbe45b4 at (/var/lib/nova/instances/_base/a489c868f0c37da93b76227c91bb03908ac0e742): checking
nova-compute.log.2017-05-14_21:27:09 2017-05-14 21:12:30.201 2931 INFO nova.virt.libvirt.imagecache [req-addc1839-2ed5-4778-b57e-5854eb7b8b09 - - - - -] image 0673dd71-34c5-4fbb-86c4-40623fbe45b4 at (/var/lib/nova/instances/_base/a489c868f0c37da93b76227c91bb03908ac0e742): in use: on this node 1 local, 0 on other nodes sharing this instance storage
nova-compute.log.2017-05-14_21:27:09 2017-05-14 21:12:30.388 2931 INFO nova.virt.libvirt.imagecache [req-addc1839-2ed5-4778-b57e-5854eb7b8b09 - - - - -] Active base files: /var/lib/nova/instances/_base/a489c868f0c37da93b76227c91bb03908ac0e742
nova-compute.log.2017-05-14_21:27:09 2017-05-14 21:12:31.228 2931 INFO nova.compute.manager [req-3ea4052c-895d-4b64-9e2d-04d64c4d94ab - - - - -] [instance: 3767ce86-aa8a-4339-b38f-e4c3d166a4f9] VM Started (Lifecycle Event)
nova-compute.log.2017-05-14_21:27:09 2017-05-14 21:12:31.296 2931 INFO nova.compute.manager [req-3ea4052c-895d-4b64-9e2d-04d64c4d94ab - - - - -] [instance: 3767ce86-aa8a-4339-b38f-e4c3d166a4f9] VM Paused (Lifecycle Event)
nova-compute.log.2017-05-14_21:27:09 2017-05-14 21:12:31.410 2931 INFO nova.compute.manager [req-3ea4052c-895d-4b64-9e2d-04d64c4d94ab - - - - -] [instance: 3767ce86-aa8a-4339-b38f-e4c3d166a4f9] During sync_power_state the instance has a pending task (spawning). Skip.
nova-compute.log.2017-05-14_21:27:09 2017-05-14 21:12:35.143 2931 INFO nova.virt.libvirt.imagecache [req-addc1839-2ed5-4778-b57e-5854eb7b8b09 - - - - -] image 0673dd71-34c5-4fbb-86c4-40623fbe45b4 at (/var/lib/nova/instances/_base/a489c868f0c37da93b76227c91bb03908ac0e742): checking
nova-compute.log.2017-05-14_21:27:09 2017-05-14 21:12:35.144 2931 INFO nova.virt.libvirt.imagecache [req-addc1839-2ed5-4778-b57e-5854eb7b8b09 - - - - -] image 0673dd71-34c5-4fbb-86c4-40623fbe45b4 at (/var/lib/nova/instances/_base/a489c868f0c37da93b76227c91bb03908ac0e742): in use: on this node 1 local, 0 on other nodes sharing this instance storage
nova-compute.log.2017-05-14_21:27:09 2017-05-14 21:12:35.323 2931 INFO nova.virt.libvirt.imagecache [req-addc1839-2ed5-4778-b57e-5854eb7b8b09 - - - - -] Active base files: /var/lib/nova/instances/_base/a489c868f0c37da93b76227c91bb03908ac0e742
nova-compute.log.2017-05-14_21:27:09 2017-05-14 21:12:38.069 2931 INFO nova.compute.manager [req-3ea4052c-895d-4b64-9e2d-04d64c4d94ab - - - - -] [instance: 3767ce86-aa8a-4339-b38f-e4c3d166a4f9] VM Resumed (Lifecycle Event)
nova-compute.log.2017-05-14_21:27:09 2017-05-14 21:12:38.080 2931 INFO nova.virt.libvirt.driver [-] [instance: 3767ce86-aa8a-4339-b38f-e4c3d166a4f9] Instance spawned successfully.
nova-compute.log.2017-05-14_21:27:09 2017-05-14 21:12:38.081 2931 INFO nova.compute.manager [req-cbd738f4-c9a0-4df7-9502-b5fb7d9c97a2 113d3a99c3da401fbd62cc2caa5b96d2 54fadb412c4e40cdbaed9335e4c35a9e - - -] [instance: 3767ce86-aa8a-4339-b38f-e4c3d166a4f9] Took 20.15 seconds to spawn the instance on the hypervisor.
nova-compute.log.2017-05-14_21:27:09 2017-05-14 21:12:38.191 2931 INFO nova.compute.manager [req-3ea4052c-895d-4b64-9e2d-04d64c4d94ab - - - - -] [instance: 3767ce86-aa8a-4339-b38f-e4c3d166a4f9] During sync_power_state the instance has a pending task (spawning). Skip.
nova-compute.log.2017-05-14_21:27:09 2017-05-14 21:12:38.192 2931 INFO nova.compute.manager [req-3ea4052c-895d-4b64-9e2d-04d64c4d94ab - - - - -] [instance: 3767ce86-aa8a-4339-b38f-e4c3d166a4f9] VM Resumed (Lifecycle Event)
nova-compute.log.2017-05-14_21:27:09 2017-05-14 21:12:38.212 2931 INFO nova.compute.manager [req-cbd738f4-c9a0-4df7-9502-b5fb7d9c97a2 113d3a99c3da401fbd62cc2caa5b96d2 54fadb412c4e40cdbaed9335e4c35a9e - - -] [instance: 3767ce86-aa8a-4339-b38f-e4c3d166a4f9] Took 20.89 seconds to build instance.
nova-compute.log.2017-05-14_21:27:09 2017-05-14 21:12:40.140 2931 INFO nova.virt.libvirt.imagecache [req-addc1839-2ed5-4778-b57e-5854eb7b8b09 - - - - -] image 0673dd71-34c5-4fbb-86c4-40623fbe45b4 at (/var/lib/nova/instances/_base/a489c868f0c37da93b76227c91bb03908ac0e742): checking
nova-compute.log.2017-05-14_21:27:09 2017-05-14 21:12:40.141 2931 INFO nova.virt.libvirt.imagecache [req-addc1839-2ed5-4778-b57e-5854eb7b8b09 - - - - -] image 0673dd71-34c5-4fbb-86c4-40623fbe45b4 at (/var/lib/nova/instances/_base/a489c868f0c37da93b76227c91bb03908ac0e742): in use: on this node 1 local, 0 on other nodes sharing this instance storage
nova-compute.log.2017-05-14_21:27:09 2017-05-14 21:12:40.324 2931 INFO nova.virt.libvirt.imagecache [req-addc1839-2ed5-4778-b57e-5854eb7b8b09 - - - - -] Active base files: /var/lib/nova/instances/_base/a489c868f0c37da93b76227c91bb03908ac0e742
nova-compute.log.2017-05-14_21:27:09 2017-05-14 21:12:45.378 2931 INFO nova.virt.libvirt.imagecache [req-addc1839-2ed5-4778-b57e-5854eb7b8b09 - - - - -] image 0673dd71-34c5-4fbb-86c4-40623fbe45b4 at (/var/lib/nova/instances/_base/a489c868f0c37da93b76227c91bb03908ac0e742): checking
nova-compute.log.2017-05-14_21:27:09 2017-05-14 21:12:45.379 2931 INFO nova.virt.libvirt.imagecache [req-addc1839-2ed5-4778-b57e-5854eb7b8b09 - - - - -] image 0673dd71-34c5-4fbb-86c4-40623fbe45b4 at (/var/lib/nova/instances/_base/a489c868f0c37da93b76227c91bb03908ac0e742): in use: on this node 1 local, 0 on other nodes sharing this instance storage
nova-compute.log.2017-05-14_21:27:09 2017-05-14 21:12:45.550 2931 INFO nova.virt.libvirt.imagecache [req-addc1839-2ed5-4778-b57e-5854eb7b8b09 - - - - -] Active base files: /var/lib/nova/instances/_base/a489c868f0c37da93b76227c91bb03908ac0e742
nova-compute.log.2017-05-14_21:27:09 2017-05-14 21:12:45.753 2931 INFO nova.compute.manager [req-bfae85cf-c585-4140-a1b9-11e87c25219f 113d3a99c3da401fbd62cc2caa5b96d2 54fadb412c4e40cdbaed9335e4c35a9e - - -] [instance: 3767ce86-aa8a-4339-b38f-e4c3d166a4f9] Terminating instance
nova-compute.log.2017-05-14_21:27:09 2017-05-14 21:12:45.970 2931 INFO nova.virt.libvirt.driver [-] [instance: 3767ce86-aa8a-4339-b38f-e4c3d166a4f9] Instance destroyed successfully.
nova-compute.log.2017-05-14_21:27:09 2017-05-14 21:12:46.655 2931 INFO nova.virt.libvirt.driver [req-bfae85cf-c585-4140-a1b9-11e87c25219f 113d3a99c3da401fbd62cc2caa5b96d2 54fadb412c4e40cdbaed9335e4c35a9e - - -] [instance: 3767ce86-aa8a-4339-b38f-e4c3d166a4f9] Deleting instance files /var/lib/nova/instances/3767ce86-aa8a-4339-b38f-e4c3d166a4f9_del
nova-compute.log.2017-05-14_21:27:09 2017-05-14 21:12:46.657 2931 INFO nova.virt.libvirt.driver [req-bfae85cf-c585-4140-a1b9-11e87c25219f 113d3a99c3da401fbd62cc2caa5b96d2 54fadb412c4e40cdbaed9335e4c35a9e - - -] [instance: 3767ce86-aa8a-4339-b38f-e4c3d166a4f9] Deletion of /var/lib/nova/instances/3767ce86-aa8a-4339-b38f-e4c3d166a4f9_del complete
nova-compute.log.2017-05-14_21:27:09 2017-05-14 21:12:46.781 2931 INFO nova.compute.manager [req-bfae85cf-c585-4140-a1b9-11e87c25219f 113d3a99c3da401fbd62cc2caa5b96d2 54fadb412c4e40cdbaed9335e4c35a9e - - -] [instance: 3767ce86-aa8a-4339-b38f-e4c3d166a4f9] Took 1.02 seconds to destroy the instance on the hypervisor.
nova-compute.log.2017-05-14_21:27:09 2017-05-14 21:12:47.256 2931 INFO nova.compute.manager [req-bfae85cf-c585-4140-a1b9-11e87c25219f 113d3a99c3da401fbd62cc2caa5b96d2 54fadb412c4e40cdbaed9335e4c35a9e - - -] [instance: 3767ce86-aa8a-4339-b38f-e4c3d166a4f9] Took 0.47 seconds to deallocate network for instance.
nova-compute.log.2017-05-14_21:27:09 2017-05-14 21:12:50.578 2931 WARNING nova.virt.libvirt.imagecache [req-addc1839-2ed5-4778-b57e-5854eb7b8b09 - - - - -] Unknown base file: /var/lib/nova/instances/_base/a489c868f0c37da93b76227c91bb03908ac0e742
nova-compute.log.2017-05-14_21:27:09 2017-05-14 21:12:50.579 2931 INFO nova.virt.libvirt.imagecache [req-addc1839-2ed5-4778-b57e-5854eb7b8b09 - - - - -] Removable base files: /var/lib/nova/instances/_base/a489c868f0c37da93b76227c91bb03908ac0e742
nova-compute.log.2017-05-14_21:27:09 2017-05-14 21:12:50.581 2931 INFO nova.virt.libvirt.imagecache [req-addc1839-2ed5-4778-b57e-5854eb7b8b09 - - - - -] Removing base or swap file: /var/lib/nova/instances/_base/a489c868f0c37da93b76227c91bb03908ac0e742
nova-compute.log.2017-05-14_21:27:09 2017-05-14 21:12:59.091 2931 INFO nova.compute.claims [req-70a53446-7b06-46c5-97e0-5e8270d9de00 113d3a99c3da401fbd62cc2caa5b96d2 54fadb412c4e40cdbaed9335e4c35a9e - - -] [instance: 9a99a4d5-4276-47ae-be46-04130b669f84] Attempting claim: memory 2048 MB, disk 20 GB, vcpus 1 CPU
nova-compute.log.2017-05-14_21:27:09 2017-05-14 21:12:59.092 2931 INFO nova.compute.claims [req-70a53446-7b06-46c5-97e0-5e8270d9de00 113d3a99c3da401fbd62cc2caa5b96d2 54fadb412c4e40cdbaed9335e4c35a9e - - -] [instance: 9a99a4d5-4276-47ae-be46-04130b669f84] Total memory: 64172 MB, used: 512.00 MB
nova-compute.log.2017-05-14_21:27:09 2017-05-14 21:12:59.093 2931 INFO nova.compute.claims [req-70a53446-7b06-46c5-97e0-5e8270d9de00 113d3a99c3da401fbd62cc2caa5b96d2 54fadb412c4e40cdbaed9335e4c35a9e - - -] [instance: 9a99a4d5-4276-47ae-be46-04130b669f84] memory limit: 96258.00 MB, free: 95746.00 MB
nova-compute.log.2017-05-14_21:27:09 2017-05-14 21:12:59.094 2931 INFO nova.compute.claims [req-70a53446-7b06-46c5-97e0-5e8270d9de00 113d3a99c3da401fbd62cc2caa5b96d2 54fadb412c4e40cdbaed9335e4c35a9e - - -] [instance: 9a99a4d5-4276-47ae-be46-04130b669f84] Total disk: 15 GB, used: 0.00 GB
nova-compute.log.2017-05-14_21:27:09 2017-05-14 21:12:59.094 2931 INFO nova.compute.claims [req-70a53446-7b06-46c5-97e0-5e8270d9de00 113d3a99c3da401fbd62cc2caa5b96d2 54fadb412c4e40cdbaed9335e4c35a9e - - -] [instance: 9a99a4d5-4276-47ae-be46-04130b669f84] disk limit not specified, defaulting to unlimited
nova-compute.log.2017-05-14_21:27:09 2017-05-14 21:12:59.095 2931 INFO nova.compute.claims [req-70a53446-7b06-46c5-97e0-5e8270d9de00 113d3a99c3da401fbd62cc2caa5b96d2 54fadb412c4e40cdbaed9335e4c35a9e - - -] [instance: 9a99a4d5-4276-47ae-be46-04130b669f84] Total vcpu: 16 VCPU, used: 0.00 VCPU
nova-compute.log.2017-05-14_21:27:09 2017-05-14 21:12:59.096 2931 INFO nova.compute.claims [req-70a53446-7b06-46c5-97e0-5e8270d9de00 113d3a99c3da401fbd62cc2caa5b96d2 54fadb412c4e40cdbaed9335e4c35a9e - - -] [instance: 9a99a4d5-4276-47ae-be46-04130b669f84] vcpu limit not specified, defaulting to unlimited
nova-compute.log.2017-05-14_21:27:09 2017-05-14 21:12:59.131 2931 INFO nova.compute.claims [req-70a53446-7b06-46c5-97e0-5e8270d9de00 113d3a99c3da401fbd62cc2caa5b96d2 54fadb412c4e40cdbaed9335e4c35a9e - - -] [instance: 9a99a4d5-4276-47ae-be46-04130b669f84] Claim successful
nova-compute.log.2017-05-14_21:27:09 2017-05-14 21:12:59.688 2931 INFO nova.virt.libvirt.driver [req-70a53446-7b06-46c5-97e0-5e8270d9de00 113d3a99c3da401fbd62cc2caa5b96d2 54fadb412c4e40cdbaed9335e4c35a9e - - -] [instance: 9a99a4d5-4276-47ae-be46-04130b669f84] Creating image
nova-compute.log.2017-05-14_21:27:09 2017-05-14 21:13:00.979 2931 INFO nova.compute.manager [-] [instance: 3767ce86-aa8a-4339-b38f-e4c3d166a4f9] VM Stopped (Lifecycle Event)
nova-compute.log.2017-05-14_21:27:09 2017-05-14 21:13:10.139 2931 INFO nova.virt.libvirt.imagecache [req-addc1839-2ed5-4778-b57e-5854eb7b8b09 - - - - -] image 0673dd71-34c5-4fbb-86c4-40623fbe45b4 at (/var/lib/nova/instances/_base/a489c868f0c37da93b76227c91bb03908ac0e742): checking
nova-compute.log.2017-05-14_21:27:09 2017-05-14 21:13:10.141 2931 INFO nova.virt.libvirt.imagecache [req-addc1839-2ed5-4778-b57e-5854eb7b8b09 - - - - -] image 0673dd71-34c5-4fbb-86c4-40623fbe45b4 at (/var/lib/nova/instances/_base/a489c868f0c37da93b76227c91bb03908ac0e742): in use: on this node 1 local, 0 on other nodes sharing this instance storage
nova-compute.log.2017-05-14_21:27:09 2017-05-14 21:13:10.319 2931 INFO nova.virt.libvirt.imagecache [req-addc1839-2ed5-4778-b57e-5854eb7b8b09 - - - - -] Active base files: /var/lib/nova/instances/_base/a489c868f0c37da93b76227c91bb03908ac0e742
nova-compute.log.2017-05-14_21:27:09 2017-05-14 21:13:12.623 2931 INFO nova.compute.manager [req-3ea4052c-895d-4b64-9e2d-04d64c4d94ab - - - - -] [instance: 9a99a4d5-4276-47ae-be46-04130b669f84] VM Started (Lifecycle Event)
nova-compute.log.2017-05-14_21:27:09 2017-05-14 21:13:12.687 2931 INFO nova.compute.manager [req-3ea4052c-895d-4b64-9e2d-04d64c4d94ab - - - - -] [instance: 9a99a4d5-4276-47ae-be46-04130b669f84] VM Paused (Lifecycle Event)
nova-compute.log.2017-05-14_21:27:09 2017-05-14 21:13:12.911 2931 INFO nova.compute.manager [req-3ea4052c-895d-4b64-9e2d-04d64c4d94ab - - - - -] [instance: 9a99a4d5-4276-47ae-be46-04130b669f84] During sync_power_state the instance has a pending task (spawning). Skip.
nova-compute.log.2017-05-14_21:27:09 2017-05-14 21:13:15.377 2931 INFO nova.virt.libvirt.imagecache [req-addc1839-2ed5-4778-b57e-5854eb7b8b09 - - - - -] image 0673dd71-34c5-4fbb-86c4-40623fbe45b4 at (/var/lib/nova/instances/_base/a489c868f0c37da93b76227c91bb03908ac0e742): checking
nova-compute.log.2017-05-14_21:27:09 2017-05-14 21:13:15.378 2931 INFO nova.virt.libvirt.imagecache [req-addc1839-2ed5-4778-b57e-5854eb7b8b09 - - - - -] image 0673dd71-34c5-4fbb-86c4-40623fbe45b4 at (/var/lib/nova/instances/_base/a489c868f0c37da93b76227c91bb03908ac0e742): in use: on this node 1 local, 0 on other nodes sharing this instance storage
nova-compute.log.2017-05-14_21:27:09 2017-05-14 21:13:15.557 2931 INFO nova.virt.libvirt.imagecache [req-addc1839-2ed5-4778-b57e-5854eb7b8b09 - - - - -] Active base files: /var/lib/nova/instances/_base/a489c868f0c37da93b76227c91bb03908ac0e742
nova-compute.log.2017-05-14_21:27:09 2017-05-14 21:13:19.376 2931 INFO nova.compute.manager [req-3ea4052c-895d-4b64-9e2d-04d64c4d94ab - - - - -] [instance: 9a99a4d5-4276-47ae-be46-04130b669f84] VM Resumed (Lifecycle Event)
nova-compute.log.2017-05-14_21:27:09 2017-05-14 21:13:19.387 2931 INFO nova.virt.libvirt.driver [-] [instance: 9a99a4d5-4276-47ae-be46-04130b669f84] Instance spawned successfully.
nova-compute.log.2017-05-14_21:27:09 2017-05-14 21:13:19.388 2931 INFO nova.compute.manager [req-70a53446-7b06-46c5-97e0-5e8270d9de00 113d3a99c3da401fbd62cc2caa5b96d2 54fadb412c4e40cdbaed9335e4c35a9e - - -] [instance: 9a99a4d5-4276-47ae-be46-04130b669f84] Took 19.70 seconds to spawn the instance on the hypervisor.
nova-compute.log.2017-05-14_21:27:09 2017-05-14 21:13:19.499 2931 INFO nova.compute.manager [req-3ea4052c-895d-4b64-9e2d-04d64c4d94ab - - - - -] [instance: 9a99a4d5-4276-47ae-be46-04130b669f84] During sync_power_state the instance has a pending task (spawning). Skip.
nova-compute.log.2017-05-14_21:27:09 2017-05-14 21:13:19.500 2931 INFO nova.compute.manager [req-3ea4052c-895d-4b64-9e2d-04d64c4d94ab - - - - -] [instance: 9a99a4d5-4276-47ae-be46-04130b669f84] VM Resumed (Lifecycle Event)
nova-compute.log.2017-05-14_21:27:09 2017-05-14 21:13:19.529 2931 INFO nova.compute.manager [req-70a53446-7b06-46c5-97e0-5e8270d9de00 113d3a99c3da401fbd62cc2caa5b96d2 54fadb412c4e40cdbaed9335e4c35a9e - - -] [instance: 9a99a4d5-4276-47ae-be46-04130b669f84] Took 20.45 seconds to build instance.
nova-compute.log.2017-05-14_21:27:09 2017-05-14 21:13:20.132 2931 INFO nova.virt.libvirt.imagecache [req-addc1839-2ed5-4778-b57e-5854eb7b8b09 - - - - -] image 0673dd71-34c5-4fbb-86c4-40623fbe45b4 at (/var/lib/nova/instances/_base/a489c868f0c37da93b76227c91bb03908ac0e742): checking
nova-compute.log.2017-05-14_21:27:09 2017-05-14 21:13:20.133 2931 INFO nova.virt.libvirt.imagecache [req-addc1839-2ed5-4778-b57e-5854eb7b8b09 - - - - -] image 0673dd71-34c5-4fbb-86c4-40623fbe45b4 at (/var/lib/nova/instances/_base/a489c868f0c37da93b76227c91bb03908ac0e742): in use: on this node 1 local, 0 on other nodes sharing this instance storage
nova-compute.log.2017-05-14_21:27:09 2017-05-14 21:13:20.297 2931 INFO nova.virt.libvirt.imagecache [req-addc1839-2ed5-4778-b57e-5854eb7b8b09 - - - - -] Active base files: /var/lib/nova/instances/_base/a489c868f0c37da93b76227c91bb03908ac0e742
nova-compute.log.2017-05-14_21:27:09 2017-05-14 21:13:25.351 2931 INFO nova.virt.libvirt.imagecache [req-addc1839-2ed5-4778-b57e-5854eb7b8b09 - - - - -] image 0673dd71-34c5-4fbb-86c4-40623fbe45b4 at (/var/lib/nova/instances/_base/a489c868f0c37da93b76227c91bb03908ac0e742): checking
nova-compute.log.2017-05-14_21:27:09 2017-05-14 21:13:25.353 2931 INFO nova.virt.libvirt.imagecache [req-addc1839-2ed5-4778-b57e-5854eb7b8b09 - - - - -] image 0673dd71-34c5-4fbb-86c4-40623fbe45b4 at (/var/lib/nova/instances/_base/a489c868f0c37da93b76227c91bb03908ac0e742): in use: on this node 1 local, 0 on other nodes sharing this instance storage
nova-compute.log.2017-05-14_21:27:09 2017-05-14 21:13:25.531 2931 INFO nova.virt.libvirt.imagecache [req-addc1839-2ed5-4778-b57e-5854eb7b8b09 - - - - -] Active base files: /var/lib/nova/instances/_base/a489c868f0c37da93b76227c91bb03908ac0e742
nova-compute.log.2017-05-14_21:27:09 2017-05-14 21:13:27.136 2931 INFO nova.compute.resource_tracker [req-addc1839-2ed5-4778-b57e-5854eb7b8b09 - - - - -] Auditing locally available compute resources for node cp-1.slowvm1.tcloud-pg0.utah.cloudlab.us
nova-compute.log.2017-05-14_21:27:09 2017-05-14 21:13:27.529 2931 INFO nova.compute.manager [req-1903c3ac-9e68-4b3f-b681-416304d3928e 113d3a99c3da401fbd62cc2caa5b96d2 54fadb412c4e40cdbaed9335e4c35a9e - - -] [instance: 9a99a4d5-4276-47ae-be46-04130b669f84] Terminating instance
nova-compute.log.2017-05-14_21:27:09 2017-05-14 21:13:27.748 2931 INFO nova.virt.libvirt.driver [-] [instance: 9a99a4d5-4276-47ae-be46-04130b669f84] Instance destroyed successfully.
nova-compute.log.2017-05-14_21:27:09 2017-05-14 21:13:27.968 2931 INFO nova.compute.resource_tracker [req-addc1839-2ed5-4778-b57e-5854eb7b8b09 - - - - -] Total usable vcpus: 16, total allocated vcpus: 1
nova-compute.log.2017-05-14_21:27:09 2017-05-14 21:13:27.969 2931 INFO nova.compute.resource_tracker [req-addc1839-2ed5-4778-b57e-5854eb7b8b09 - - - - -] Final resource view: name=cp-1.slowvm1.tcloud-pg0.utah.cloudlab.us phys_ram=64172MB used_ram=2560MB phys_disk=15GB used_disk=20GB total_vcpus=16 used_vcpus=1 pci_stats=[]
nova-compute.log.2017-05-14_21:27:09 2017-05-14 21:13:28.052 2931 INFO nova.compute.resource_tracker [req-addc1839-2ed5-4778-b57e-5854eb7b8b09 - - - - -] Compute_service record updated for cp-1.slowvm1.tcloud-pg0.utah.cloudlab.us:cp-1.slowvm1.tcloud-pg0.utah.cloudlab.us
nova-compute.log.2017-05-14_21:27:09 2017-05-14 21:13:28.437 2931 INFO nova.virt.libvirt.driver [req-1903c3ac-9e68-4b3f-b681-416304d3928e 113d3a99c3da401fbd62cc2caa5b96d2 54fadb412c4e40cdbaed9335e4c35a9e - - -] [instance: 9a99a4d5-4276-47ae-be46-04130b669f84] Deleting instance files /var/lib/nova/instances/9a99a4d5-4276-47ae-be46-04130b669f84_del
nova-compute.log.2017-05-14_21:27:09 2017-05-14 21:13:28.439 2931 INFO nova.virt.libvirt.driver [req-1903c3ac-9e68-4b3f-b681-416304d3928e 113d3a99c3da401fbd62cc2caa5b96d2 54fadb412c4e40cdbaed9335e4c35a9e - - -] [instance: 9a99a4d5-4276-47ae-be46-04130b669f84] Deletion of /var/lib/nova/instances/9a99a4d5-4276-47ae-be46-04130b669f84_del complete
nova-compute.log.2017-05-14_21:27:09 2017-05-14 21:13:28.668 2931 INFO nova.compute.manager [req-1903c3ac-9e68-4b3f-b681-416304d3928e 113d3a99c3da401fbd62cc2caa5b96d2 54fadb412c4e40cdbaed9335e4c35a9e - - -] [instance: 9a99a4d5-4276-47ae-be46-04130b669f84] Took 1.13 seconds to destroy the instance on the hypervisor.
nova-compute.log.2017-05-14_21:27:09 2017-05-14 21:13:29.116 2931 INFO nova.compute.manager [req-1903c3ac-9e68-4b3f-b681-416304d3928e 113d3a99c3da401fbd62cc2caa5b96d2 54fadb412c4e40cdbaed9335e4c35a9e - - -] [instance: 9a99a4d5-4276-47ae-be46-04130b669f84] Took 0.45 seconds to deallocate network for instance.
nova-compute.log.2017-05-14_21:27:09 2017-05-14 21:13:30.150 2931 WARNING nova.virt.libvirt.imagecache [req-addc1839-2ed5-4778-b57e-5854eb7b8b09 - - - - -] Unknown base file: /var/lib/nova/instances/_base/a489c868f0c37da93b76227c91bb03908ac0e742
nova-compute.log.2017-05-14_21:27:09 2017-05-14 21:13:30.151 2931 INFO nova.virt.libvirt.imagecache [req-addc1839-2ed5-4778-b57e-5854eb7b8b09 - - - - -] Removable base files: /var/lib/nova/instances/_base/a489c868f0c37da93b76227c91bb03908ac0e742
nova-compute.log.2017-05-14_21:27:09 2017-05-14 21:13:30.153 2931 INFO nova.virt.libvirt.imagecache [req-addc1839-2ed5-4778-b57e-5854eb7b8b09 - - - - -] Base or swap file too young to remove: /var/lib/nova/instances/_base/a489c868f0c37da93b76227c91bb03908ac0e742
nova-compute.log.2017-05-14_21:27:09 2017-05-14 21:13:35.178 2931 WARNING nova.virt.libvirt.imagecache [req-addc1839-2ed5-4778-b57e-5854eb7b8b09 - - - - -] Unknown base file: /var/lib/nova/instances/_base/a489c868f0c37da93b76227c91bb03908ac0e742
nova-compute.log.2017-05-14_21:27:09 2017-05-14 21:13:35.179 2931 INFO nova.virt.libvirt.imagecache [req-addc1839-2ed5-4778-b57e-5854eb7b8b09 - - - - -] Removable base files: /var/lib/nova/instances/_base/a489c868f0c37da93b76227c91bb03908ac0e742
nova-compute.log.2017-05-14_21:27:09 2017-05-14 21:13:35.180 2931 INFO nova.virt.libvirt.imagecache [req-addc1839-2ed5-4778-b57e-5854eb7b8b09 - - - - -] Removing base or swap file: /var/lib/nova/instances/_base/a489c868f0c37da93b76227c91bb03908ac0e742
nova-compute.log.2017-05-14_21:27:09 2017-05-14 21:13:40.883 2931 INFO nova.compute.claims [req-850fe89c-95de-4129-ae34-8d21768d0776 113d3a99c3da401fbd62cc2caa5b96d2 54fadb412c4e40cdbaed9335e4c35a9e - - -] [instance: 8e7e780d-6e6f-4344-96e8-06baf256211d] Attempting claim: memory 2048 MB, disk 20 GB, vcpus 1 CPU
nova-compute.log.2017-05-14_21:27:09 2017-05-14 21:13:40.884 2931 INFO nova.compute.claims [req-850fe89c-95de-4129-ae34-8d21768d0776 113d3a99c3da401fbd62cc2caa5b96d2 54fadb412c4e40cdbaed9335e4c35a9e - - -] [instance: 8e7e780d-6e6f-4344-96e8-06baf256211d] Total memory: 64172 MB, used: 512.00 MB
nova-compute.log.2017-05-14_21:27:09 2017-05-14 21:13:40.885 2931 INFO nova.compute.claims [req-850fe89c-95de-4129-ae34-8d21768d0776 113d3a99c3da401fbd62cc2caa5b96d2 54fadb412c4e40cdbaed9335e4c35a9e - - -] [instance: 8e7e780d-6e6f-4344-96e8-06baf256211d] memory limit: 96258.00 MB, free: 95746.00 MB
nova-compute.log.2017-05-14_21:27:09 2017-05-14 21:13:40.885 2931 INFO nova.compute.claims [req-850fe89c-95de-4129-ae34-8d21768d0776 113d3a99c3da401fbd62cc2caa5b96d2 54fadb412c4e40cdbaed9335e4c35a9e - - -] [instance: 8e7e780d-6e6f-4344-96e8-06baf256211d] Total disk: 15 GB, used: 0.00 GB
nova-compute.log.2017-05-14_21:27:09 2017-05-14 21:13:40.886 2931 INFO nova.compute.claims [req-850fe89c-95de-4129-ae34-8d21768d0776 113d3a99c3da401fbd62cc2caa5b96d2 54fadb412c4e40cdbaed9335e4c35a9e - - -] [instance: 8e7e780d-6e6f-4344-96e8-06baf256211d] disk limit not specified, defaulting to unlimited
nova-compute.log.2017-05-14_21:27:09 2017-05-14 21:13:40.886 2931 INFO nova.compute.claims [req-850fe89c-95de-4129-ae34-8d21768d0776 113d3a99c3da401fbd62cc2caa5b96d2 54fadb412c4e40cdbaed9335e4c35a9e - - -] [instance: 8e7e780d-6e6f-4344-96e8-06baf256211d] Total vcpu: 16 VCPU, used: 0.00 VCPU
nova-compute.log.2017-05-14_21:27:09 2017-05-14 21:13:40.886 2931 INFO nova.compute.claims [req-850fe89c-95de-4129-ae34-8d21768d0776 113d3a99c3da401fbd62cc2caa5b96d2 54fadb412c4e40cdbaed9335e4c35a9e - - -] [instance: 8e7e780d-6e6f-4344-96e8-06baf256211d] vcpu limit not specified, defaulting to unlimited
nova-compute.log.2017-05-14_21:27:09 2017-05-14 21:13:40.926 2931 INFO nova.compute.claims [req-850fe89c-95de-4129-ae34-8d21768d0776 113d3a99c3da401fbd62cc2caa5b96d2 54fadb412c4e40cdbaed9335e4c35a9e - - -] [instance: 8e7e780d-6e6f-4344-96e8-06baf256211d] Claim successful
nova-compute.log.2017-05-14_21:27:09 2017-05-14 21:13:41.499 2931 INFO nova.virt.libvirt.driver [req-850fe89c-95de-4129-ae34-8d21768d0776 113d3a99c3da401fbd62cc2caa5b96d2 54fadb412c4e40cdbaed9335e4c35a9e - - -] [instance: 8e7e780d-6e6f-4344-96e8-06baf256211d] Creating image
nova-compute.log.2017-05-14_21:27:09 2017-05-14 21:13:42.745 2931 INFO nova.compute.manager [-] [instance: 9a99a4d5-4276-47ae-be46-04130b669f84] VM Stopped (Lifecycle Event)
nova-compute.log.2017-05-14_21:27:09 2017-05-14 21:13:54.329 2931 INFO nova.compute.manager [req-3ea4052c-895d-4b64-9e2d-04d64c4d94ab - - - - -] [instance: 8e7e780d-6e6f-4344-96e8-06baf256211d] VM Started (Lifecycle Event)
nova-compute.log.2017-05-14_21:27:09 2017-05-14 21:13:54.400 2931 INFO nova.compute.manager [req-3ea4052c-895d-4b64-9e2d-04d64c4d94ab - - - - -] [instance: 8e7e780d-6e6f-4344-96e8-06baf256211d] VM Paused (Lifecycle Event)
nova-compute.log.2017-05-14_21:27:09 2017-05-14 21:13:54.638 2931 INFO nova.compute.manager [req-3ea4052c-895d-4b64-9e2d-04d64c4d94ab - - - - -] [instance: 8e7e780d-6e6f-4344-96e8-06baf256211d] During sync_power_state the instance has a pending task (spawning). Skip.
nova-compute.log.2017-05-14_21:27:09 2017-05-14 21:13:55.291 2931 INFO nova.virt.libvirt.imagecache [req-addc1839-2ed5-4778-b57e-5854eb7b8b09 - - - - -] image 0673dd71-34c5-4fbb-86c4-40623fbe45b4 at (/var/lib/nova/instances/_base/a489c868f0c37da93b76227c91bb03908ac0e742): checking
nova-compute.log.2017-05-14_21:27:09 2017-05-14 21:13:55.293 2931 INFO nova.virt.libvirt.imagecache [req-addc1839-2ed5-4778-b57e-5854eb7b8b09 - - - - -] image 0673dd71-34c5-4fbb-86c4-40623fbe45b4 at (/var/lib/nova/instances/_base/a489c868f0c37da93b76227c91bb03908ac0e742): in use: on this node 1 local, 0 on other nodes sharing this instance storage
nova-compute.log.2017-05-14_21:27:09 2017-05-14 21:13:55.477 2931 INFO nova.virt.libvirt.imagecache [req-addc1839-2ed5-4778-b57e-5854eb7b8b09 - - - - -] Active base files: /var/lib/nova/instances/_base/a489c868f0c37da93b76227c91bb03908ac0e742
nova-compute.log.2017-05-14_21:27:09 2017-05-14 21:14:00.538 2931 INFO nova.virt.libvirt.imagecache [req-addc1839-2ed5-4778-b57e-5854eb7b8b09 - - - - -] image 0673dd71-34c5-4fbb-86c4-40623fbe45b4 at (/var/lib/nova/instances/_base/a489c868f0c37da93b76227c91bb03908ac0e742): checking
nova-compute.log.2017-05-14_21:27:09 2017-05-14 21:14:00.540 2931 INFO nova.virt.libvirt.imagecache [req-addc1839-2ed5-4778-b57e-5854eb7b8b09 - - - - -] image 0673dd71-34c5-4fbb-86c4-40623fbe45b4 at (/var/lib/nova/instances/_base/a489c868f0c37da93b76227c91bb03908ac0e742): in use: on this node 1 local, 0 on other nodes sharing this instance storage
nova-compute.log.2017-05-14_21:27:09 2017-05-14 21:14:00.724 2931 INFO nova.virt.libvirt.imagecache [req-addc1839-2ed5-4778-b57e-5854eb7b8b09 - - - - -] Active base files: /var/lib/nova/instances/_base/a489c868f0c37da93b76227c91bb03908ac0e742
nova-compute.log.2017-05-14_21:27:09 2017-05-14 21:14:00.765 2931 INFO nova.compute.manager [req-3ea4052c-895d-4b64-9e2d-04d64c4d94ab - - - - -] [instance: 8e7e780d-6e6f-4344-96e8-06baf256211d] VM Resumed (Lifecycle Event)
nova-compute.log.2017-05-14_21:27:09 2017-05-14 21:14:00.773 2931 INFO nova.virt.libvirt.driver [-] [instance: 8e7e780d-6e6f-4344-96e8-06baf256211d] Instance spawned successfully.
nova-compute.log.2017-05-14_21:27:09 2017-05-14 21:14:00.774 2931 INFO nova.compute.manager [req-850fe89c-95de-4129-ae34-8d21768d0776 113d3a99c3da401fbd62cc2caa5b96d2 54fadb412c4e40cdbaed9335e4c35a9e - - -] [instance: 8e7e780d-6e6f-4344-96e8-06baf256211d] Took 19.28 seconds to spawn the instance on the hypervisor.
nova-compute.log.2017-05-14_21:27:09 2017-05-14 21:14:00.886 2931 INFO nova.compute.manager [req-3ea4052c-895d-4b64-9e2d-04d64c4d94ab - - - - -] [instance: 8e7e780d-6e6f-4344-96e8-06baf256211d] During sync_power_state the instance has a pending task (spawning). Skip.
nova-compute.log.2017-05-14_21:27:09 2017-05-14 21:14:00.887 2931 INFO nova.compute.manager [req-3ea4052c-895d-4b64-9e2d-04d64c4d94ab - - - - -] [instance: 8e7e780d-6e6f-4344-96e8-06baf256211d] VM Resumed (Lifecycle Event)
nova-compute.log.2017-05-14_21:27:09 2017-05-14 21:14:00.909 2931 INFO nova.compute.manager [req-850fe89c-95de-4129-ae34-8d21768d0776 113d3a99c3da401fbd62cc2caa5b96d2 54fadb412c4e40cdbaed9335e4c35a9e - - -] [instance: 8e7e780d-6e6f-4344-96e8-06baf256211d] Took 20.04 seconds to build instance.
nova-compute.log.2017-05-14_21:27:09 2017-05-14 21:14:05.778 2931 INFO nova.virt.libvirt.imagecache [req-addc1839-2ed5-4778-b57e-5854eb7b8b09 - - - - -] image 0673dd71-34c5-4fbb-86c4-40623fbe45b4 at (/var/lib/nova/instances/_base/a489c868f0c37da93b76227c91bb03908ac0e742): checking
nova-compute.log.2017-05-14_21:27:09 2017-05-14 21:14:05.779 2931 INFO nova.virt.libvirt.imagecache [req-addc1839-2ed5-4778-b57e-5854eb7b8b09 - - - - -] image 0673dd71-34c5-4fbb-86c4-40623fbe45b4 at (/var/lib/nova/instances/_base/a489c868f0c37da93b76227c91bb03908ac0e742): in use: on this node 1 local, 0 on other nodes sharing this instance storage
nova-compute.log.2017-05-14_21:27:09 2017-05-14 21:14:05.959 2931 INFO nova.virt.libvirt.imagecache [req-addc1839-2ed5-4778-b57e-5854eb7b8b09 - - - - -] Active base files: /var/lib/nova/instances/_base/a489c868f0c37da93b76227c91bb03908ac0e742
nova-compute.log.2017-05-14_21:27:09 2017-05-14 21:14:07.703 2931 INFO nova.compute.manager [req-6ed3ab96-379d-4da1-b8c9-0ebe3c8b544d 113d3a99c3da401fbd62cc2caa5b96d2 54fadb412c4e40cdbaed9335e4c35a9e - - -] [instance: 8e7e780d-6e6f-4344-96e8-06baf256211d] Terminating instance
nova-compute.log.2017-05-14_21:27:09 2017-05-14 21:14:07.919 2931 INFO nova.virt.libvirt.driver [-] [instance: 8e7e780d-6e6f-4344-96e8-06baf256211d] Instance destroyed successfully.
nova-compute.log.2017-05-14_21:27:09 2017-05-14 21:14:08.601 2931 INFO nova.virt.libvirt.driver [req-6ed3ab96-379d-4da1-b8c9-0ebe3c8b544d 113d3a99c3da401fbd62cc2caa5b96d2 54fadb412c4e40cdbaed9335e4c35a9e - - -] [instance: 8e7e780d-6e6f-4344-96e8-06baf256211d] Deleting instance files /var/lib/nova/instances/8e7e780d-6e6f-4344-96e8-06baf256211d_del
nova-compute.log.2017-05-14_21:27:09 2017-05-14 21:14:08.603 2931 INFO nova.virt.libvirt.driver [req-6ed3ab96-379d-4da1-b8c9-0ebe3c8b544d 113d3a99c3da401fbd62cc2caa5b96d2 54fadb412c4e40cdbaed9335e4c35a9e - - -] [instance: 8e7e780d-6e6f-4344-96e8-06baf256211d] Deletion of /var/lib/nova/instances/8e7e780d-6e6f-4344-96e8-06baf256211d_del complete
nova-compute.log.2017-05-14_21:27:09 2017-05-14 21:14:08.718 2931 INFO nova.compute.manager [req-6ed3ab96-379d-4da1-b8c9-0ebe3c8b544d 113d3a99c3da401fbd62cc2caa5b96d2 54fadb412c4e40cdbaed9335e4c35a9e - - -] [instance: 8e7e780d-6e6f-4344-96e8-06baf256211d] Took 1.01 seconds to destroy the instance on the hypervisor.
nova-compute.log.2017-05-14_21:27:09 2017-05-14 21:14:09.159 2931 INFO nova.compute.manager [req-6ed3ab96-379d-4da1-b8c9-0ebe3c8b544d 113d3a99c3da401fbd62cc2caa5b96d2 54fadb412c4e40cdbaed9335e4c35a9e - - -] [instance: 8e7e780d-6e6f-4344-96e8-06baf256211d] Took 0.44 seconds to deallocate network for instance.
nova-compute.log.2017-05-14_21:27:09 2017-05-14 21:14:10.112 2931 WARNING nova.virt.libvirt.imagecache [req-addc1839-2ed5-4778-b57e-5854eb7b8b09 - - - - -] Unknown base file: /var/lib/nova/instances/_base/a489c868f0c37da93b76227c91bb03908ac0e742
nova-compute.log.2017-05-14_21:27:09 2017-05-14 21:14:10.113 2931 INFO nova.virt.libvirt.imagecache [req-addc1839-2ed5-4778-b57e-5854eb7b8b09 - - - - -] Removable base files: /var/lib/nova/instances/_base/a489c868f0c37da93b76227c91bb03908ac0e742
nova-compute.log.2017-05-14_21:27:09 2017-05-14 21:14:10.114 2931 INFO nova.virt.libvirt.imagecache [req-addc1839-2ed5-4778-b57e-5854eb7b8b09 - - - - -] Base or swap file too young to remove: /var/lib/nova/instances/_base/a489c868f0c37da93b76227c91bb03908ac0e742
nova-compute.log.2017-05-14_21:27:09 2017-05-14 21:14:15.142 2931 WARNING nova.virt.libvirt.imagecache [req-addc1839-2ed5-4778-b57e-5854eb7b8b09 - - - - -] Unknown base file: /var/lib/nova/instances/_base/a489c868f0c37da93b76227c91bb03908ac0e742
nova-compute.log.2017-05-14_21:27:09 2017-05-14 21:14:15.143 2931 INFO nova.virt.libvirt.imagecache [req-addc1839-2ed5-4778-b57e-5854eb7b8b09 - - - - -] Removable base files: /var/lib/nova/instances/_base/a489c868f0c37da93b76227c91bb03908ac0e742
nova-compute.log.2017-05-14_21:27:09 2017-05-14 21:14:15.145 2931 INFO nova.virt.libvirt.imagecache [req-addc1839-2ed5-4778-b57e-5854eb7b8b09 - - - - -] Removing base or swap file: /var/lib/nova/instances/_base/a489c868f0c37da93b76227c91bb03908ac0e742
nova-compute.log.2017-05-14_21:27:09 2017-05-14 21:14:21.038 2931 INFO nova.compute.claims [req-d459fe8c-aba4-4ed8-a33f-919cea26871b 113d3a99c3da401fbd62cc2caa5b96d2 54fadb412c4e40cdbaed9335e4c35a9e - - -] [instance: 96d9b9d1-5b9b-47f4-a693-f752a845c2db] Attempting claim: memory 2048 MB, disk 20 GB, vcpus 1 CPU
nova-compute.log.2017-05-14_21:27:09 2017-05-14 21:14:21.039 2931 INFO nova.compute.claims [req-d459fe8c-aba4-4ed8-a33f-919cea26871b 113d3a99c3da401fbd62cc2caa5b96d2 54fadb412c4e40cdbaed9335e4c35a9e - - -] [instance: 96d9b9d1-5b9b-47f4-a693-f752a845c2db] Total memory: 64172 MB, used: 512.00 MB
nova-compute.log.2017-05-14_21:27:09 2017-05-14 21:14:21.039 2931 INFO nova.compute.claims [req-d459fe8c-aba4-4ed8-a33f-919cea26871b 113d3a99c3da401fbd62cc2caa5b96d2 54fadb412c4e40cdbaed9335e4c35a9e - - -] [instance: 96d9b9d1-5b9b-47f4-a693-f752a845c2db] memory limit: 96258.00 MB, free: 95746.00 MB
nova-compute.log.2017-05-14_21:27:09 2017-05-14 21:14:21.040 2931 INFO nova.compute.claims [req-d459fe8c-aba4-4ed8-a33f-919cea26871b 113d3a99c3da401fbd62cc2caa5b96d2 54fadb412c4e40cdbaed9335e4c35a9e - - -] [instance: 96d9b9d1-5b9b-47f4-a693-f752a845c2db] Total disk: 15 GB, used: 0.00 GB
nova-compute.log.2017-05-14_21:27:09 2017-05-14 21:14:21.041 2931 INFO nova.compute.claims [req-d459fe8c-aba4-4ed8-a33f-919cea26871b 113d3a99c3da401fbd62cc2caa5b96d2 54fadb412c4e40cdbaed9335e4c35a9e - - -] [instance: 96d9b9d1-5b9b-47f4-a693-f752a845c2db] disk limit not specified, defaulting to unlimited
nova-compute.log.2017-05-14_21:27:09 2017-05-14 21:14:21.042 2931 INFO nova.compute.claims [req-d459fe8c-aba4-4ed8-a33f-919cea26871b 113d3a99c3da401fbd62cc2caa5b96d2 54fadb412c4e40cdbaed9335e4c35a9e - - -] [instance: 96d9b9d1-5b9b-47f4-a693-f752a845c2db] Total vcpu: 16 VCPU, used: 0.00 VCPU
nova-compute.log.2017-05-14_21:27:09 2017-05-14 21:14:21.042 2931 INFO nova.compute.claims [req-d459fe8c-aba4-4ed8-a33f-919cea26871b 113d3a99c3da401fbd62cc2caa5b96d2 54fadb412c4e40cdbaed9335e4c35a9e - - -] [instance: 96d9b9d1-5b9b-47f4-a693-f752a845c2db] vcpu limit not specified, defaulting to unlimited
nova-compute.log.2017-05-14_21:27:09 2017-05-14 21:14:21.078 2931 INFO nova.compute.claims [req-d459fe8c-aba4-4ed8-a33f-919cea26871b 113d3a99c3da401fbd62cc2caa5b96d2 54fadb412c4e40cdbaed9335e4c35a9e - - -] [instance: 96d9b9d1-5b9b-47f4-a693-f752a845c2db] Claim successful
nova-compute.log.2017-05-14_21:27:09 2017-05-14 21:14:21.662 2931 INFO nova.virt.libvirt.driver [req-d459fe8c-aba4-4ed8-a33f-919cea26871b 113d3a99c3da401fbd62cc2caa5b96d2 54fadb412c4e40cdbaed9335e4c35a9e - - -] [instance: 96d9b9d1-5b9b-47f4-a693-f752a845c2db] Creating image
nova-compute.log.2017-05-14_21:27:09 2017-05-14 21:14:22.916 2931 INFO nova.compute.manager [-] [instance: 8e7e780d-6e6f-4344-96e8-06baf256211d] VM Stopped (Lifecycle Event)
nova-compute.log.2017-05-14_21:27:09 2017-05-14 21:14:28.194 2931 INFO nova.compute.resource_tracker [req-addc1839-2ed5-4778-b57e-5854eb7b8b09 - - - - -] Auditing locally available compute resources for node cp-1.slowvm1.tcloud-pg0.utah.cloudlab.us
nova-compute.log.2017-05-14_21:27:09 2017-05-14 21:14:28.522 2931 INFO nova.compute.resource_tracker [req-addc1839-2ed5-4778-b57e-5854eb7b8b09 - - - - -] Total usable vcpus: 16, total allocated vcpus: 1
nova-compute.log.2017-05-14_21:27:09 2017-05-14 21:14:28.523 2931 INFO nova.compute.resource_tracker [req-addc1839-2ed5-4778-b57e-5854eb7b8b09 - - - - -] Final resource view: name=cp-1.slowvm1.tcloud-pg0.utah.cloudlab.us phys_ram=64172MB used_ram=2560MB phys_disk=15GB used_disk=20GB total_vcpus=16 used_vcpus=1 pci_stats=[]
nova-compute.log.2017-05-14_21:27:09 2017-05-14 21:14:28.578 2931 INFO nova.compute.resource_tracker [req-addc1839-2ed5-4778-b57e-5854eb7b8b09 - - - - -] Compute_service record updated for cp-1.slowvm1.tcloud-pg0.utah.cloudlab.us:cp-1.slowvm1.tcloud-pg0.utah.cloudlab.us
nova-compute.log.2017-05-14_21:27:09 2017-05-14 21:14:34.763 2931 INFO nova.compute.manager [req-3ea4052c-895d-4b64-9e2d-04d64c4d94ab - - - - -] [instance: 96d9b9d1-5b9b-47f4-a693-f752a845c2db] VM Started (Lifecycle Event)
nova-compute.log.2017-05-14_21:27:09 2017-05-14 21:14:34.935 2931 INFO nova.compute.manager [req-3ea4052c-895d-4b64-9e2d-04d64c4d94ab - - - - -] [instance: 96d9b9d1-5b9b-47f4-a693-f752a845c2db] VM Paused (Lifecycle Event)
nova-compute.log.2017-05-14_21:27:09 2017-05-14 21:14:35.061 2931 INFO nova.compute.manager [req-3ea4052c-895d-4b64-9e2d-04d64c4d94ab - - - - -] [instance: 96d9b9d1-5b9b-47f4-a693-f752a845c2db] During sync_power_state the instance has a pending task (spawning). Skip.
nova-compute.log.2017-05-14_21:27:09 2017-05-14 21:14:35.178 2931 INFO nova.virt.libvirt.imagecache [req-addc1839-2ed5-4778-b57e-5854eb7b8b09 - - - - -] image 0673dd71-34c5-4fbb-86c4-40623fbe45b4 at (/var/lib/nova/instances/_base/a489c868f0c37da93b76227c91bb03908ac0e742): checking
nova-compute.log.2017-05-14_21:27:09 2017-05-14 21:14:35.178 2931 INFO nova.virt.libvirt.imagecache [req-addc1839-2ed5-4778-b57e-5854eb7b8b09 - - - - -] image 0673dd71-34c5-4fbb-86c4-40623fbe45b4 at (/var/lib/nova/instances/_base/a489c868f0c37da93b76227c91bb03908ac0e742): in use: on this node 1 local, 0 on other nodes sharing this instance storage
nova-compute.log.2017-05-14_21:27:09 2017-05-14 21:14:35.367 2931 INFO nova.virt.libvirt.imagecache [req-addc1839-2ed5-4778-b57e-5854eb7b8b09 - - - - -] Active base files: /var/lib/nova/instances/_base/a489c868f0c37da93b76227c91bb03908ac0e742
nova-compute.log.2017-05-14_21:27:09 2017-05-14 21:14:40.139 2931 INFO nova.virt.libvirt.imagecache [req-addc1839-2ed5-4778-b57e-5854eb7b8b09 - - - - -] image 0673dd71-34c5-4fbb-86c4-40623fbe45b4 at (/var/lib/nova/instances/_base/a489c868f0c37da93b76227c91bb03908ac0e742): checking
nova-compute.log.2017-05-14_21:27:09 2017-05-14 21:14:40.140 2931 INFO nova.virt.libvirt.imagecache [req-addc1839-2ed5-4778-b57e-5854eb7b8b09 - - - - -] image 0673dd71-34c5-4fbb-86c4-40623fbe45b4 at (/var/lib/nova/instances/_base/a489c868f0c37da93b76227c91bb03908ac0e742): in use: on this node 1 local, 0 on other nodes sharing this instance storage
nova-compute.log.2017-05-14_21:27:09 2017-05-14 21:14:40.324 2931 INFO nova.virt.libvirt.imagecache [req-addc1839-2ed5-4778-b57e-5854eb7b8b09 - - - - -] Active base files: /var/lib/nova/instances/_base/a489c868f0c37da93b76227c91bb03908ac0e742
nova-compute.log.2017-05-14_21:27:09 2017-05-14 21:14:42.083 2931 INFO nova.compute.manager [req-3ea4052c-895d-4b64-9e2d-04d64c4d94ab - - - - -] [instance: 96d9b9d1-5b9b-47f4-a693-f752a845c2db] VM Resumed (Lifecycle Event)
nova-compute.log.2017-05-14_21:27:09 2017-05-14 21:14:42.091 2931 INFO nova.virt.libvirt.driver [-] [instance: 96d9b9d1-5b9b-47f4-a693-f752a845c2db] Instance spawned successfully.
nova-compute.log.2017-05-14_21:27:09 2017-05-14 21:14:42.093 2931 INFO nova.compute.manager [req-d459fe8c-aba4-4ed8-a33f-919cea26871b 113d3a99c3da401fbd62cc2caa5b96d2 54fadb412c4e40cdbaed9335e4c35a9e - - -] [instance: 96d9b9d1-5b9b-47f4-a693-f752a845c2db] Took 20.43 seconds to spawn the instance on the hypervisor.
nova-compute.log.2017-05-14_21:27:09 2017-05-14 21:14:42.201 2931 INFO nova.compute.manager [req-3ea4052c-895d-4b64-9e2d-04d64c4d94ab - - - - -] [instance: 96d9b9d1-5b9b-47f4-a693-f752a845c2db] During sync_power_state the instance has a pending task (spawning). Skip.
nova-compute.log.2017-05-14_21:27:09 2017-05-14 21:14:42.203 2931 INFO nova.compute.manager [req-3ea4052c-895d-4b64-9e2d-04d64c4d94ab - - - - -] [instance: 96d9b9d1-5b9b-47f4-a693-f752a845c2db] VM Resumed (Lifecycle Event)
nova-compute.log.2017-05-14_21:27:09 2017-05-14 21:14:42.228 2931 INFO nova.compute.manager [req-d459fe8c-aba4-4ed8-a33f-919cea26871b 113d3a99c3da401fbd62cc2caa5b96d2 54fadb412c4e40cdbaed9335e4c35a9e - - -] [instance: 96d9b9d1-5b9b-47f4-a693-f752a845c2db] Took 21.20 seconds to build instance.
nova-compute.log.2017-05-14_21:27:09 2017-05-14 21:14:45.379 2931 INFO nova.virt.libvirt.imagecache [req-addc1839-2ed5-4778-b57e-5854eb7b8b09 - - - - -] image 0673dd71-34c5-4fbb-86c4-40623fbe45b4 at (/var/lib/nova/instances/_base/a489c868f0c37da93b76227c91bb03908ac0e742): checking
nova-compute.log.2017-05-14_21:27:09 2017-05-14 21:14:45.380 2931 INFO nova.virt.libvirt.imagecache [req-addc1839-2ed5-4778-b57e-5854eb7b8b09 - - - - -] image 0673dd71-34c5-4fbb-86c4-40623fbe45b4 at (/var/lib/nova/instances/_base/a489c868f0c37da93b76227c91bb03908ac0e742): in use: on this node 1 local, 0 on other nodes sharing this instance storage
nova-compute.log.2017-05-14_21:27:09 2017-05-14 21:14:45.558 2931 INFO nova.virt.libvirt.imagecache [req-addc1839-2ed5-4778-b57e-5854eb7b8b09 - - - - -] Active base files: /var/lib/nova/instances/_base/a489c868f0c37da93b76227c91bb03908ac0e742
nova-compute.log.2017-05-14_21:27:09 2017-05-14 21:14:49.400 2931 INFO nova.compute.manager [req-5214e291-a5c2-4859-bbb0-b9226d75ad73 113d3a99c3da401fbd62cc2caa5b96d2 54fadb412c4e40cdbaed9335e4c35a9e - - -] [instance: 96d9b9d1-5b9b-47f4-a693-f752a845c2db] Terminating instance
nova-compute.log.2017-05-14_21:27:09 2017-05-14 21:14:49.616 2931 INFO nova.virt.libvirt.driver [-] [instance: 96d9b9d1-5b9b-47f4-a693-f752a845c2db] Instance destroyed successfully.
nova-compute.log.2017-05-14_21:27:09 2017-05-14 21:14:50.291 2931 INFO nova.virt.libvirt.driver [req-5214e291-a5c2-4859-bbb0-b9226d75ad73 113d3a99c3da401fbd62cc2caa5b96d2 54fadb412c4e40cdbaed9335e4c35a9e - - -] [instance: 96d9b9d1-5b9b-47f4-a693-f752a845c2db] Deleting instance files /var/lib/nova/instances/96d9b9d1-5b9b-47f4-a693-f752a845c2db_del
nova-compute.log.2017-05-14_21:27:09 2017-05-14 21:14:50.293 2931 INFO nova.virt.libvirt.driver [req-5214e291-a5c2-4859-bbb0-b9226d75ad73 113d3a99c3da401fbd62cc2caa5b96d2 54fadb412c4e40cdbaed9335e4c35a9e - - -] [instance: 96d9b9d1-5b9b-47f4-a693-f752a845c2db] Deletion of /var/lib/nova/instances/96d9b9d1-5b9b-47f4-a693-f752a845c2db_del complete
nova-compute.log.2017-05-14_21:27:09 2017-05-14 21:14:50.410 2931 INFO nova.compute.manager [req-5214e291-a5c2-4859-bbb0-b9226d75ad73 113d3a99c3da401fbd62cc2caa5b96d2 54fadb412c4e40cdbaed9335e4c35a9e - - -] [instance: 96d9b9d1-5b9b-47f4-a693-f752a845c2db] Took 1.00 seconds to destroy the instance on the hypervisor.
nova-compute.log.2017-05-14_21:27:09 2017-05-14 21:14:50.611 2931 INFO nova.virt.libvirt.imagecache [req-addc1839-2ed5-4778-b57e-5854eb7b8b09 - - - - -] image 0673dd71-34c5-4fbb-86c4-40623fbe45b4 at (/var/lib/nova/instances/_base/a489c868f0c37da93b76227c91bb03908ac0e742): checking
nova-compute.log.2017-05-14_21:27:09 2017-05-14 21:14:50.613 2931 INFO nova.virt.libvirt.imagecache [req-addc1839-2ed5-4778-b57e-5854eb7b8b09 - - - - -] image 0673dd71-34c5-4fbb-86c4-40623fbe45b4 at (/var/lib/nova/instances/_base/a489c868f0c37da93b76227c91bb03908ac0e742): in use: on this node 1 local, 0 on other nodes sharing this instance storage
nova-compute.log.2017-05-14_21:27:09 2017-05-14 21:14:50.714 2931 INFO nova.virt.libvirt.imagecache [req-addc1839-2ed5-4778-b57e-5854eb7b8b09 - - - - -] Active base files: /var/lib/nova/instances/_base/a489c868f0c37da93b76227c91bb03908ac0e742
nova-compute.log.2017-05-14_21:27:09 2017-05-14 21:14:50.888 2931 INFO nova.compute.manager [req-5214e291-a5c2-4859-bbb0-b9226d75ad73 113d3a99c3da401fbd62cc2caa5b96d2 54fadb412c4e40cdbaed9335e4c35a9e - - -] [instance: 96d9b9d1-5b9b-47f4-a693-f752a845c2db] Took 0.48 seconds to deallocate network for instance.
nova-compute.log.2017-05-14_21:27:09 2017-05-14 21:14:55.745 2931 WARNING nova.virt.libvirt.imagecache [req-addc1839-2ed5-4778-b57e-5854eb7b8b09 - - - - -] Unknown base file: /var/lib/nova/instances/_base/a489c868f0c37da93b76227c91bb03908ac0e742
nova-compute.log.2017-05-14_21:27:09 2017-05-14 21:14:55.746 2931 INFO nova.virt.libvirt.imagecache [req-addc1839-2ed5-4778-b57e-5854eb7b8b09 - - - - -] Removable base files: /var/lib/nova/instances/_base/a489c868f0c37da93b76227c91bb03908ac0e742
nova-compute.log.2017-05-14_21:27:09 2017-05-14 21:14:55.747 2931 INFO nova.virt.libvirt.imagecache [req-addc1839-2ed5-4778-b57e-5854eb7b8b09 - - - - -] Removing base or swap file: /var/lib/nova/instances/_base/a489c868f0c37da93b76227c91bb03908ac0e742
nova-compute.log.2017-05-14_21:27:09 2017-05-14 21:15:02.832 2931 INFO nova.compute.claims [req-e9ca7379-82dd-4206-957c-af80a1355f8b 113d3a99c3da401fbd62cc2caa5b96d2 54fadb412c4e40cdbaed9335e4c35a9e - - -] [instance: 5f15892f-b15b-4ad4-9097-05d02f7627a8] Attempting claim: memory 2048 MB, disk 20 GB, vcpus 1 CPU
nova-compute.log.2017-05-14_21:27:09 2017-05-14 21:15:02.833 2931 INFO nova.compute.claims [req-e9ca7379-82dd-4206-957c-af80a1355f8b 113d3a99c3da401fbd62cc2caa5b96d2 54fadb412c4e40cdbaed9335e4c35a9e - - -] [instance: 5f15892f-b15b-4ad4-9097-05d02f7627a8] Total memory: 64172 MB, used: 512.00 MB
nova-compute.log.2017-05-14_21:27:09 2017-05-14 21:15:02.834 2931 INFO nova.compute.claims [req-e9ca7379-82dd-4206-957c-af80a1355f8b 113d3a99c3da401fbd62cc2caa5b96d2 54fadb412c4e40cdbaed9335e4c35a9e - - -] [instance: 5f15892f-b15b-4ad4-9097-05d02f7627a8] memory limit: 96258.00 MB, free: 95746.00 MB
nova-compute.log.2017-05-14_21:27:09 2017-05-14 21:15:02.834 2931 INFO nova.compute.claims [req-e9ca7379-82dd-4206-957c-af80a1355f8b 113d3a99c3da401fbd62cc2caa5b96d2 54fadb412c4e40cdbaed9335e4c35a9e - - -] [instance: 5f15892f-b15b-4ad4-9097-05d02f7627a8] Total disk: 15 GB, used: 0.00 GB
nova-compute.log.2017-05-14_21:27:09 2017-05-14 21:15:02.834 2931 INFO nova.compute.claims [req-e9ca7379-82dd-4206-957c-af80a1355f8b 113d3a99c3da401fbd62cc2caa5b96d2 54fadb412c4e40cdbaed9335e4c35a9e - - -] [instance: 5f15892f-b15b-4ad4-9097-05d02f7627a8] disk limit not specified, defaulting to unlimited
nova-compute.log.2017-05-14_21:27:09 2017-05-14 21:15:02.835 2931 INFO nova.compute.claims [req-e9ca7379-82dd-4206-957c-af80a1355f8b 113d3a99c3da401fbd62cc2caa5b96d2 54fadb412c4e40cdbaed9335e4c35a9e - - -] [instance: 5f15892f-b15b-4ad4-9097-05d02f7627a8] Total vcpu: 16 VCPU, used: 0.00 VCPU
nova-compute.log.2017-05-14_21:27:09 2017-05-14 21:15:02.836 2931 INFO nova.compute.claims [req-e9ca7379-82dd-4206-957c-af80a1355f8b 113d3a99c3da401fbd62cc2caa5b96d2 54fadb412c4e40cdbaed9335e4c35a9e - - -] [instance: 5f15892f-b15b-4ad4-9097-05d02f7627a8] vcpu limit not specified, defaulting to unlimited
nova-compute.log.2017-05-14_21:27:09 2017-05-14 21:15:02.871 2931 INFO nova.compute.claims [req-e9ca7379-82dd-4206-957c-af80a1355f8b 113d3a99c3da401fbd62cc2caa5b96d2 54fadb412c4e40cdbaed9335e4c35a9e - - -] [instance: 5f15892f-b15b-4ad4-9097-05d02f7627a8] Claim successful
nova-compute.log.2017-05-14_21:27:09 2017-05-14 21:15:03.460 2931 INFO nova.virt.libvirt.driver [req-e9ca7379-82dd-4206-957c-af80a1355f8b 113d3a99c3da401fbd62cc2caa5b96d2 54fadb412c4e40cdbaed9335e4c35a9e - - -] [instance: 5f15892f-b15b-4ad4-9097-05d02f7627a8] Creating image
nova-compute.log.2017-05-14_21:27:09 2017-05-14 21:15:04.643 2931 INFO nova.compute.manager [-] [instance: 96d9b9d1-5b9b-47f4-a693-f752a845c2db] VM Stopped (Lifecycle Event)
nova-compute.log.2017-05-14_21:27:09 2017-05-14 21:15:15.265 2931 INFO nova.virt.libvirt.imagecache [req-addc1839-2ed5-4778-b57e-5854eb7b8b09 - - - - -] image 0673dd71-34c5-4fbb-86c4-40623fbe45b4 at (/var/lib/nova/instances/_base/a489c868f0c37da93b76227c91bb03908ac0e742): checking
nova-compute.log.2017-05-14_21:27:09 2017-05-14 21:15:15.266 2931 INFO nova.virt.libvirt.imagecache [req-addc1839-2ed5-4778-b57e-5854eb7b8b09 - - - - -] image 0673dd71-34c5-4fbb-86c4-40623fbe45b4 at (/var/lib/nova/instances/_base/a489c868f0c37da93b76227c91bb03908ac0e742): in use: on this node 1 local, 0 on other nodes sharing this instance storage
nova-compute.log.2017-05-14_21:27:09 2017-05-14 21:15:15.474 2931 INFO nova.virt.libvirt.imagecache [req-addc1839-2ed5-4778-b57e-5854eb7b8b09 - - - - -] Active base files: /var/lib/nova/instances/_base/a489c868f0c37da93b76227c91bb03908ac0e742
nova-compute.log.2017-05-14_21:27:09 2017-05-14 21:15:16.418 2931 INFO nova.compute.manager [req-3ea4052c-895d-4b64-9e2d-04d64c4d94ab - - - - -] [instance: 5f15892f-b15b-4ad4-9097-05d02f7627a8] VM Started (Lifecycle Event)
nova-compute.log.2017-05-14_21:27:09 2017-05-14 21:15:16.485 2931 INFO nova.compute.manager [req-3ea4052c-895d-4b64-9e2d-04d64c4d94ab - - - - -] [instance: 5f15892f-b15b-4ad4-9097-05d02f7627a8] VM Paused (Lifecycle Event)
nova-compute.log.2017-05-14_21:27:09 2017-05-14 21:15:16.601 2931 INFO nova.compute.manager [req-3ea4052c-895d-4b64-9e2d-04d64c4d94ab - - - - -] [instance: 5f15892f-b15b-4ad4-9097-05d02f7627a8] During sync_power_state the instance has a pending task (spawning). Skip.
nova-compute.log.2017-05-14_21:27:09 2017-05-14 21:15:20.443 2931 INFO nova.virt.libvirt.imagecache [req-addc1839-2ed5-4778-b57e-5854eb7b8b09 - - - - -] image 0673dd71-34c5-4fbb-86c4-40623fbe45b4 at (/var/lib/nova/instances/_base/a489c868f0c37da93b76227c91bb03908ac0e742): checking
nova-compute.log.2017-05-14_21:27:09 2017-05-14 21:15:20.444 2931 INFO nova.virt.libvirt.imagecache [req-addc1839-2ed5-4778-b57e-5854eb7b8b09 - - - - -] image 0673dd71-34c5-4fbb-86c4-40623fbe45b4 at (/var/lib/nova/instances/_base/a489c868f0c37da93b76227c91bb03908ac0e742): in use: on this node 1 local, 0 on other nodes sharing this instance storage
nova-compute.log.2017-05-14_21:27:09 2017-05-14 21:15:20.631 2931 INFO nova.virt.libvirt.imagecache [req-addc1839-2ed5-4778-b57e-5854eb7b8b09 - - - - -] Active base files: /var/lib/nova/instances/_base/a489c868f0c37da93b76227c91bb03908ac0e742
nova-compute.log.2017-05-14_21:27:09 2017-05-14 21:15:23.469 2931 INFO nova.compute.manager [req-3ea4052c-895d-4b64-9e2d-04d64c4d94ab - - - - -] [instance: 5f15892f-b15b-4ad4-9097-05d02f7627a8] VM Resumed (Lifecycle Event)
nova-compute.log.2017-05-14_21:27:09 2017-05-14 21:15:23.477 2931 INFO nova.virt.libvirt.driver [-] [instance: 5f15892f-b15b-4ad4-9097-05d02f7627a8] Instance spawned successfully.
nova-compute.log.2017-05-14_21:27:09 2017-05-14 21:15:23.478 2931 INFO nova.compute.manager [req-e9ca7379-82dd-4206-957c-af80a1355f8b 113d3a99c3da401fbd62cc2caa5b96d2 54fadb412c4e40cdbaed9335e4c35a9e - - -] [instance: 5f15892f-b15b-4ad4-9097-05d02f7627a8] Took 20.02 seconds to spawn the instance on the hypervisor.
nova-compute.log.2017-05-14_21:27:09 2017-05-14 21:15:23.609 2931 INFO nova.compute.manager [req-3ea4052c-895d-4b64-9e2d-04d64c4d94ab - - - - -] [instance: 5f15892f-b15b-4ad4-9097-05d02f7627a8] During sync_power_state the instance has a pending task (spawning). Skip.
nova-compute.log.2017-05-14_21:27:09 2017-05-14 21:15:23.610 2931 INFO nova.compute.manager [req-3ea4052c-895d-4b64-9e2d-04d64c4d94ab - - - - -] [instance: 5f15892f-b15b-4ad4-9097-05d02f7627a8] VM Resumed (Lifecycle Event)
nova-compute.log.2017-05-14_21:27:09 2017-05-14 21:15:23.633 2931 INFO nova.compute.manager [req-e9ca7379-82dd-4206-957c-af80a1355f8b 113d3a99c3da401fbd62cc2caa5b96d2 54fadb412c4e40cdbaed9335e4c35a9e - - -] [instance: 5f15892f-b15b-4ad4-9097-05d02f7627a8] Took 20.81 seconds to build instance.
nova-compute.log.2017-05-14_21:27:09 2017-05-14 21:15:25.143 2931 INFO nova.virt.libvirt.imagecache [req-addc1839-2ed5-4778-b57e-5854eb7b8b09 - - - - -] image 0673dd71-34c5-4fbb-86c4-40623fbe45b4 at (/var/lib/nova/instances/_base/a489c868f0c37da93b76227c91bb03908ac0e742): checking
nova-compute.log.2017-05-14_21:27:09 2017-05-14 21:15:25.144 2931 INFO nova.virt.libvirt.imagecache [req-addc1839-2ed5-4778-b57e-5854eb7b8b09 - - - - -] image 0673dd71-34c5-4fbb-86c4-40623fbe45b4 at (/var/lib/nova/instances/_base/a489c868f0c37da93b76227c91bb03908ac0e742): in use: on this node 1 local, 0 on other nodes sharing this instance storage
nova-compute.log.2017-05-14_21:27:09 2017-05-14 21:15:25.324 2931 INFO nova.virt.libvirt.imagecache [req-addc1839-2ed5-4778-b57e-5854eb7b8b09 - - - - -] Active base files: /var/lib/nova/instances/_base/a489c868f0c37da93b76227c91bb03908ac0e742
nova-compute.log.2017-05-14_21:27:09 2017-05-14 21:15:29.373 2931 INFO nova.compute.resource_tracker [req-addc1839-2ed5-4778-b57e-5854eb7b8b09 - - - - -] Auditing locally available compute resources for node cp-1.slowvm1.tcloud-pg0.utah.cloudlab.us
nova-compute.log.2017-05-14_21:27:09 2017-05-14 21:15:29.900 2931 INFO nova.compute.resource_tracker [req-addc1839-2ed5-4778-b57e-5854eb7b8b09 - - - - -] Total usable vcpus: 16, total allocated vcpus: 1
nova-compute.log.2017-05-14_21:27:09 2017-05-14 21:15:29.901 2931 INFO nova.compute.resource_tracker [req-addc1839-2ed5-4778-b57e-5854eb7b8b09 - - - - -] Final resource view: name=cp-1.slowvm1.tcloud-pg0.utah.cloudlab.us phys_ram=64172MB used_ram=2560MB phys_disk=15GB used_disk=20GB total_vcpus=16 used_vcpus=1 pci_stats=[]
nova-compute.log.2017-05-14_21:27:09 2017-05-14 21:15:29.961 2931 INFO nova.compute.resource_tracker [req-addc1839-2ed5-4778-b57e-5854eb7b8b09 - - - - -] Compute_service record updated for cp-1.slowvm1.tcloud-pg0.utah.cloudlab.us:cp-1.slowvm1.tcloud-pg0.utah.cloudlab.us
nova-compute.log.2017-05-14_21:27:09 2017-05-14 21:15:30.135 2931 INFO nova.virt.libvirt.imagecache [req-addc1839-2ed5-4778-b57e-5854eb7b8b09 - - - - -] image 0673dd71-34c5-4fbb-86c4-40623fbe45b4 at (/var/lib/nova/instances/_base/a489c868f0c37da93b76227c91bb03908ac0e742): checking
nova-compute.log.2017-05-14_21:27:09 2017-05-14 21:15:30.136 2931 INFO nova.virt.libvirt.imagecache [req-addc1839-2ed5-4778-b57e-5854eb7b8b09 - - - - -] image 0673dd71-34c5-4fbb-86c4-40623fbe45b4 at (/var/lib/nova/instances/_base/a489c868f0c37da93b76227c91bb03908ac0e742): in use: on this node 1 local, 0 on other nodes sharing this instance storage
nova-compute.log.2017-05-14_21:27:09 2017-05-14 21:15:30.308 2931 INFO nova.virt.libvirt.imagecache [req-addc1839-2ed5-4778-b57e-5854eb7b8b09 - - - - -] Active base files: /var/lib/nova/instances/_base/a489c868f0c37da93b76227c91bb03908ac0e742
nova-compute.log.2017-05-14_21:27:09 2017-05-14 21:15:31.330 2931 INFO nova.compute.manager [req-f459c30d-2a04-4817-a7e6-52063ac41924 113d3a99c3da401fbd62cc2caa5b96d2 54fadb412c4e40cdbaed9335e4c35a9e - - -] [instance: 5f15892f-b15b-4ad4-9097-05d02f7627a8] Terminating instance
nova-compute.log.2017-05-14_21:27:09 2017-05-14 21:15:31.548 2931 INFO nova.virt.libvirt.driver [-] [instance: 5f15892f-b15b-4ad4-9097-05d02f7627a8] Instance destroyed successfully.
nova-compute.log.2017-05-14_21:27:09 2017-05-14 21:15:32.224 2931 INFO nova.virt.libvirt.driver [req-f459c30d-2a04-4817-a7e6-52063ac41924 113d3a99c3da401fbd62cc2caa5b96d2 54fadb412c4e40cdbaed9335e4c35a9e - - -] [instance: 5f15892f-b15b-4ad4-9097-05d02f7627a8] Deleting instance files /var/lib/nova/instances/5f15892f-b15b-4ad4-9097-05d02f7627a8_del
nova-compute.log.2017-05-14_21:27:09 2017-05-14 21:15:32.226 2931 INFO nova.virt.libvirt.driver [req-f459c30d-2a04-4817-a7e6-52063ac41924 113d3a99c3da401fbd62cc2caa5b96d2 54fadb412c4e40cdbaed9335e4c35a9e - - -] [instance: 5f15892f-b15b-4ad4-9097-05d02f7627a8] Deletion of /var/lib/nova/instances/5f15892f-b15b-4ad4-9097-05d02f7627a8_del complete
nova-compute.log.2017-05-14_21:27:09 2017-05-14 21:15:32.334 2931 INFO nova.compute.manager [req-f459c30d-2a04-4817-a7e6-52063ac41924 113d3a99c3da401fbd62cc2caa5b96d2 54fadb412c4e40cdbaed9335e4c35a9e - - -] [instance: 5f15892f-b15b-4ad4-9097-05d02f7627a8] Took 1.00 seconds to destroy the instance on the hypervisor.
nova-compute.log.2017-05-14_21:27:09 2017-05-14 21:15:32.796 2931 INFO nova.compute.manager [req-f459c30d-2a04-4817-a7e6-52063ac41924 113d3a99c3da401fbd62cc2caa5b96d2 54fadb412c4e40cdbaed9335e4c35a9e - - -] [instance: 5f15892f-b15b-4ad4-9097-05d02f7627a8] Took 0.46 seconds to deallocate network for instance.
nova-compute.log.2017-05-14_21:27:09 2017-05-14 21:15:35.156 2931 WARNING nova.virt.libvirt.imagecache [req-addc1839-2ed5-4778-b57e-5854eb7b8b09 - - - - -] Unknown base file: /var/lib/nova/instances/_base/a489c868f0c37da93b76227c91bb03908ac0e742
nova-compute.log.2017-05-14_21:27:09 2017-05-14 21:15:35.157 2931 INFO nova.virt.libvirt.imagecache [req-addc1839-2ed5-4778-b57e-5854eb7b8b09 - - - - -] Removable base files: /var/lib/nova/instances/_base/a489c868f0c37da93b76227c91bb03908ac0e742
nova-compute.log.2017-05-14_21:27:09 2017-05-14 21:15:35.158 2931 INFO nova.virt.libvirt.imagecache [req-addc1839-2ed5-4778-b57e-5854eb7b8b09 - - - - -] Base or swap file too young to remove: /var/lib/nova/instances/_base/a489c868f0c37da93b76227c91bb03908ac0e742
nova-compute.log.2017-05-14_21:27:09 2017-05-14 21:15:40.144 2931 WARNING nova.virt.libvirt.imagecache [req-addc1839-2ed5-4778-b57e-5854eb7b8b09 - - - - -] Unknown base file: /var/lib/nova/instances/_base/a489c868f0c37da93b76227c91bb03908ac0e742
nova-compute.log.2017-05-14_21:27:09 2017-05-14 21:15:40.145 2931 INFO nova.virt.libvirt.imagecache [req-addc1839-2ed5-4778-b57e-5854eb7b8b09 - - - - -] Removable base files: /var/lib/nova/instances/_base/a489c868f0c37da93b76227c91bb03908ac0e742
nova-compute.log.2017-05-14_21:27:09 2017-05-14 21:15:40.147 2931 INFO nova.virt.libvirt.imagecache [req-addc1839-2ed5-4778-b57e-5854eb7b8b09 - - - - -] Removing base or swap file: /var/lib/nova/instances/_base/a489c868f0c37da93b76227c91bb03908ac0e742
nova-compute.log.2017-05-14_21:27:09 2017-05-14 21:15:44.797 2931 INFO nova.compute.claims [req-2e603407-eb6f-4357-81ed-77aae0d8f43e 113d3a99c3da401fbd62cc2caa5b96d2 54fadb412c4e40cdbaed9335e4c35a9e - - -] [instance: 41e0459c-4095-4932-9e4a-f5bcaff08d23] Attempting claim: memory 2048 MB, disk 20 GB, vcpus 1 CPU
nova-compute.log.2017-05-14_21:27:09 2017-05-14 21:15:44.797 2931 INFO nova.compute.claims [req-2e603407-eb6f-4357-81ed-77aae0d8f43e 113d3a99c3da401fbd62cc2caa5b96d2 54fadb412c4e40cdbaed9335e4c35a9e - - -] [instance: 41e0459c-4095-4932-9e4a-f5bcaff08d23] Total memory: 64172 MB, used: 512.00 MB
nova-compute.log.2017-05-14_21:27:09 2017-05-14 21:15:44.798 2931 INFO nova.compute.claims [req-2e603407-eb6f-4357-81ed-77aae0d8f43e 113d3a99c3da401fbd62cc2caa5b96d2 54fadb412c4e40cdbaed9335e4c35a9e - - -] [instance: 41e0459c-4095-4932-9e4a-f5bcaff08d23] memory limit: 96258.00 MB, free: 95746.00 MB
nova-compute.log.2017-05-14_21:27:09 2017-05-14 21:15:44.798 2931 INFO nova.compute.claims [req-2e603407-eb6f-4357-81ed-77aae0d8f43e 113d3a99c3da401fbd62cc2caa5b96d2 54fadb412c4e40cdbaed9335e4c35a9e - - -] [instance: 41e0459c-4095-4932-9e4a-f5bcaff08d23] Total disk: 15 GB, used: 0.00 GB
nova-compute.log.2017-05-14_21:27:09 2017-05-14 21:15:44.799 2931 INFO nova.compute.claims [req-2e603407-eb6f-4357-81ed-77aae0d8f43e 113d3a99c3da401fbd62cc2caa5b96d2 54fadb412c4e40cdbaed9335e4c35a9e - - -] [instance: 41e0459c-4095-4932-9e4a-f5bcaff08d23] disk limit not specified, defaulting to unlimited
nova-compute.log.2017-05-14_21:27:09 2017-05-14 21:15:44.799 2931 INFO nova.compute.claims [req-2e603407-eb6f-4357-81ed-77aae0d8f43e 113d3a99c3da401fbd62cc2caa5b96d2 54fadb412c4e40cdbaed9335e4c35a9e - - -] [instance: 41e0459c-4095-4932-9e4a-f5bcaff08d23] Total vcpu: 16 VCPU, used: 0.00 VCPU
nova-compute.log.2017-05-14_21:27:09 2017-05-14 21:15:44.800 2931 INFO nova.compute.claims [req-2e603407-eb6f-4357-81ed-77aae0d8f43e 113d3a99c3da401fbd62cc2caa5b96d2 54fadb412c4e40cdbaed9335e4c35a9e - - -] [instance: 41e0459c-4095-4932-9e4a-f5bcaff08d23] vcpu limit not specified, defaulting to unlimited
nova-compute.log.2017-05-14_21:27:09 2017-05-14 21:15:44.835 2931 INFO nova.compute.claims [req-2e603407-eb6f-4357-81ed-77aae0d8f43e 113d3a99c3da401fbd62cc2caa5b96d2 54fadb412c4e40cdbaed9335e4c35a9e - - -] [instance: 41e0459c-4095-4932-9e4a-f5bcaff08d23] Claim successful
nova-compute.log.2017-05-14_21:27:09 2017-05-14 21:15:45.423 2931 INFO nova.virt.libvirt.driver [req-2e603407-eb6f-4357-81ed-77aae0d8f43e 113d3a99c3da401fbd62cc2caa5b96d2 54fadb412c4e40cdbaed9335e4c35a9e - - -] [instance: 41e0459c-4095-4932-9e4a-f5bcaff08d23] Creating image
nova-compute.log.2017-05-14_21:27:09 2017-05-14 21:15:46.641 2931 INFO nova.compute.manager [-] [instance: 5f15892f-b15b-4ad4-9097-05d02f7627a8] VM Stopped (Lifecycle Event)
nova-compute.log.2017-05-14_21:27:09 2017-05-14 21:15:55.272 2931 INFO nova.virt.libvirt.imagecache [req-addc1839-2ed5-4778-b57e-5854eb7b8b09 - - - - -] image 0673dd71-34c5-4fbb-86c4-40623fbe45b4 at (/var/lib/nova/instances/_base/a489c868f0c37da93b76227c91bb03908ac0e742): checking
nova-compute.log.2017-05-14_21:27:09 2017-05-14 21:15:55.273 2931 INFO nova.virt.libvirt.imagecache [req-addc1839-2ed5-4778-b57e-5854eb7b8b09 - - - - -] image 0673dd71-34c5-4fbb-86c4-40623fbe45b4 at (/var/lib/nova/instances/_base/a489c868f0c37da93b76227c91bb03908ac0e742): in use: on this node 1 local, 0 on other nodes sharing this instance storage
nova-compute.log.2017-05-14_21:27:09 2017-05-14 21:15:55.380 2931 INFO nova.virt.libvirt.imagecache [req-addc1839-2ed5-4778-b57e-5854eb7b8b09 - - - - -] Active base files: /var/lib/nova/instances/_base/a489c868f0c37da93b76227c91bb03908ac0e742
nova-compute.log.2017-05-14_21:27:09 2017-05-14 21:15:58.426 2931 INFO nova.compute.manager [req-3ea4052c-895d-4b64-9e2d-04d64c4d94ab - - - - -] [instance: 41e0459c-4095-4932-9e4a-f5bcaff08d23] VM Started (Lifecycle Event)
nova-compute.log.2017-05-14_21:27:09 2017-05-14 21:15:58.489 2931 INFO nova.compute.manager [req-3ea4052c-895d-4b64-9e2d-04d64c4d94ab - - - - -] [instance: 41e0459c-4095-4932-9e4a-f5bcaff08d23] VM Paused (Lifecycle Event)
nova-compute.log.2017-05-14_21:27:09 2017-05-14 21:15:58.606 2931 INFO nova.compute.manager [req-3ea4052c-895d-4b64-9e2d-04d64c4d94ab - - - - -] [instance: 41e0459c-4095-4932-9e4a-f5bcaff08d23] During sync_power_state the instance has a pending task (spawning). Skip.
nova-compute.log.2017-05-14_21:27:09 2017-05-14 21:16:00.433 2931 INFO nova.virt.libvirt.imagecache [req-addc1839-2ed5-4778-b57e-5854eb7b8b09 - - - - -] image 0673dd71-34c5-4fbb-86c4-40623fbe45b4 at (/var/lib/nova/instances/_base/a489c868f0c37da93b76227c91bb03908ac0e742): checking
nova-compute.log.2017-05-14_21:27:09 2017-05-14 21:16:00.434 2931 INFO nova.virt.libvirt.imagecache [req-addc1839-2ed5-4778-b57e-5854eb7b8b09 - - - - -] image 0673dd71-34c5-4fbb-86c4-40623fbe45b4 at (/var/lib/nova/instances/_base/a489c868f0c37da93b76227c91bb03908ac0e742): in use: on this node 1 local, 0 on other nodes sharing this instance storage
nova-compute.log.2017-05-14_21:27:09 2017-05-14 21:16:00.614 2931 INFO nova.virt.libvirt.imagecache [req-addc1839-2ed5-4778-b57e-5854eb7b8b09 - - - - -] Active base files: /var/lib/nova/instances/_base/a489c868f0c37da93b76227c91bb03908ac0e742
nova-compute.log.2017-05-14_21:27:09 2017-05-14 21:16:04.766 2931 INFO nova.compute.manager [req-3ea4052c-895d-4b64-9e2d-04d64c4d94ab - - - - -] [instance: 41e0459c-4095-4932-9e4a-f5bcaff08d23] VM Resumed (Lifecycle Event)
nova-compute.log.2017-05-14_21:27:09 2017-05-14 21:16:04.774 2931 INFO nova.virt.libvirt.driver [-] [instance: 41e0459c-4095-4932-9e4a-f5bcaff08d23] Instance spawned successfully.
nova-compute.log.2017-05-14_21:27:09 2017-05-14 21:16:04.775 2931 INFO nova.compute.manager [req-2e603407-eb6f-4357-81ed-77aae0d8f43e 113d3a99c3da401fbd62cc2caa5b96d2 54fadb412c4e40cdbaed9335e4c35a9e - - -] [instance: 41e0459c-4095-4932-9e4a-f5bcaff08d23] Took 19.35 seconds to spawn the instance on the hypervisor.
nova-compute.log.2017-05-14_21:27:09 2017-05-14 21:16:04.885 2931 INFO nova.compute.manager [req-3ea4052c-895d-4b64-9e2d-04d64c4d94ab - - - - -] [instance: 41e0459c-4095-4932-9e4a-f5bcaff08d23] During sync_power_state the instance has a pending task (spawning). Skip.
nova-compute.log.2017-05-14_21:27:09 2017-05-14 21:16:04.886 2931 INFO nova.compute.manager [req-3ea4052c-895d-4b64-9e2d-04d64c4d94ab - - - - -] [instance: 41e0459c-4095-4932-9e4a-f5bcaff08d23] VM Resumed (Lifecycle Event)
nova-compute.log.2017-05-14_21:27:09 2017-05-14 21:16:04.915 2931 INFO nova.compute.manager [req-2e603407-eb6f-4357-81ed-77aae0d8f43e 113d3a99c3da401fbd62cc2caa5b96d2 54fadb412c4e40cdbaed9335e4c35a9e - - -] [instance: 41e0459c-4095-4932-9e4a-f5bcaff08d23] Took 20.13 seconds to build instance.
nova-compute.log.2017-05-14_21:27:09 2017-05-14 21:16:05.157 2931 INFO nova.virt.libvirt.imagecache [req-addc1839-2ed5-4778-b57e-5854eb7b8b09 - - - - -] image 0673dd71-34c5-4fbb-86c4-40623fbe45b4 at (/var/lib/nova/instances/_base/a489c868f0c37da93b76227c91bb03908ac0e742): checking
nova-compute.log.2017-05-14_21:27:09 2017-05-14 21:16:05.158 2931 INFO nova.virt.libvirt.imagecache [req-addc1839-2ed5-4778-b57e-5854eb7b8b09 - - - - -] image 0673dd71-34c5-4fbb-86c4-40623fbe45b4 at (/var/lib/nova/instances/_base/a489c868f0c37da93b76227c91bb03908ac0e742): in use: on this node 1 local, 0 on other nodes sharing this instance storage
nova-compute.log.2017-05-14_21:27:09 2017-05-14 21:16:05.343 2931 INFO nova.virt.libvirt.imagecache [req-addc1839-2ed5-4778-b57e-5854eb7b8b09 - - - - -] Active base files: /var/lib/nova/instances/_base/a489c868f0c37da93b76227c91bb03908ac0e742
nova-compute.log.2017-05-14_21:27:09 2017-05-14 21:16:10.403 2931 INFO nova.virt.libvirt.imagecache [req-addc1839-2ed5-4778-b57e-5854eb7b8b09 - - - - -] image 0673dd71-34c5-4fbb-86c4-40623fbe45b4 at (/var/lib/nova/instances/_base/a489c868f0c37da93b76227c91bb03908ac0e742): checking
nova-compute.log.2017-05-14_21:27:09 2017-05-14 21:16:10.405 2931 INFO nova.virt.libvirt.imagecache [req-addc1839-2ed5-4778-b57e-5854eb7b8b09 - - - - -] image 0673dd71-34c5-4fbb-86c4-40623fbe45b4 at (/var/lib/nova/instances/_base/a489c868f0c37da93b76227c91bb03908ac0e742): in use: on this node 1 local, 0 on other nodes sharing this instance storage
nova-compute.log.2017-05-14_21:27:09 2017-05-14 21:16:10.586 2931 INFO nova.virt.libvirt.imagecache [req-addc1839-2ed5-4778-b57e-5854eb7b8b09 - - - - -] Active base files: /var/lib/nova/instances/_base/a489c868f0c37da93b76227c91bb03908ac0e742
nova-compute.log.2017-05-14_21:27:09 2017-05-14 21:16:13.099 2931 INFO nova.compute.manager [req-823ca36d-184e-4b11-82a7-3b0e6fc8a6c1 113d3a99c3da401fbd62cc2caa5b96d2 54fadb412c4e40cdbaed9335e4c35a9e - - -] [instance: 41e0459c-4095-4932-9e4a-f5bcaff08d23] Terminating instance
nova-compute.log.2017-05-14_21:27:09 2017-05-14 21:16:13.317 2931 INFO nova.virt.libvirt.driver [-] [instance: 41e0459c-4095-4932-9e4a-f5bcaff08d23] Instance destroyed successfully.
nova-compute.log.2017-05-14_21:27:09 2017-05-14 21:16:13.974 2931 INFO nova.virt.libvirt.driver [req-823ca36d-184e-4b11-82a7-3b0e6fc8a6c1 113d3a99c3da401fbd62cc2caa5b96d2 54fadb412c4e40cdbaed9335e4c35a9e - - -] [instance: 41e0459c-4095-4932-9e4a-f5bcaff08d23] Deleting instance files /var/lib/nova/instances/41e0459c-4095-4932-9e4a-f5bcaff08d23_del
nova-compute.log.2017-05-14_21:27:09 2017-05-14 21:16:13.977 2931 INFO nova.virt.libvirt.driver [req-823ca36d-184e-4b11-82a7-3b0e6fc8a6c1 113d3a99c3da401fbd62cc2caa5b96d2 54fadb412c4e40cdbaed9335e4c35a9e - - -] [instance: 41e0459c-4095-4932-9e4a-f5bcaff08d23] Deletion of /var/lib/nova/instances/41e0459c-4095-4932-9e4a-f5bcaff08d23_del complete
nova-compute.log.2017-05-14_21:27:09 2017-05-14 21:16:14.100 2931 INFO nova.compute.manager [req-823ca36d-184e-4b11-82a7-3b0e6fc8a6c1 113d3a99c3da401fbd62cc2caa5b96d2 54fadb412c4e40cdbaed9335e4c35a9e - - -] [instance: 41e0459c-4095-4932-9e4a-f5bcaff08d23] Took 0.99 seconds to destroy the instance on the hypervisor.
nova-compute.log.2017-05-14_21:27:09 2017-05-14 21:16:14.591 2931 INFO nova.compute.manager [req-823ca36d-184e-4b11-82a7-3b0e6fc8a6c1 113d3a99c3da401fbd62cc2caa5b96d2 54fadb412c4e40cdbaed9335e4c35a9e - - -] [instance: 41e0459c-4095-4932-9e4a-f5bcaff08d23] Took 0.49 seconds to deallocate network for instance.
nova-compute.log.2017-05-14_21:27:09 2017-05-14 21:16:15.114 2931 WARNING nova.virt.libvirt.imagecache [req-addc1839-2ed5-4778-b57e-5854eb7b8b09 - - - - -] Unknown base file: /var/lib/nova/instances/_base/a489c868f0c37da93b76227c91bb03908ac0e742
nova-compute.log.2017-05-14_21:27:09 2017-05-14 21:16:15.114 2931 INFO nova.virt.libvirt.imagecache [req-addc1839-2ed5-4778-b57e-5854eb7b8b09 - - - - -] Removable base files: /var/lib/nova/instances/_base/a489c868f0c37da93b76227c91bb03908ac0e742
nova-compute.log.2017-05-14_21:27:09 2017-05-14 21:16:15.115 2931 INFO nova.virt.libvirt.imagecache [req-addc1839-2ed5-4778-b57e-5854eb7b8b09 - - - - -] Base or swap file too young to remove: /var/lib/nova/instances/_base/a489c868f0c37da93b76227c91bb03908ac0e742
nova-compute.log.2017-05-14_21:27:09 2017-05-14 21:16:20.142 2931 WARNING nova.virt.libvirt.imagecache [req-addc1839-2ed5-4778-b57e-5854eb7b8b09 - - - - -] Unknown base file: /var/lib/nova/instances/_base/a489c868f0c37da93b76227c91bb03908ac0e742
nova-compute.log.2017-05-14_21:27:09 2017-05-14 21:16:20.143 2931 INFO nova.virt.libvirt.imagecache [req-addc1839-2ed5-4778-b57e-5854eb7b8b09 - - - - -] Removable base files: /var/lib/nova/instances/_base/a489c868f0c37da93b76227c91bb03908ac0e742
nova-compute.log.2017-05-14_21:27:09 2017-05-14 21:16:20.145 2931 INFO nova.virt.libvirt.imagecache [req-addc1839-2ed5-4778-b57e-5854eb7b8b09 - - - - -] Removing base or swap file: /var/lib/nova/instances/_base/a489c868f0c37da93b76227c91bb03908ac0e742
nova-compute.log.2017-05-14_21:27:09 2017-05-14 21:16:26.526 2931 INFO nova.compute.claims [req-4a65891a-9cf4-42fe-bdd0-3362989a5f4a 113d3a99c3da401fbd62cc2caa5b96d2 54fadb412c4e40cdbaed9335e4c35a9e - - -] [instance: bdce6493-3038-467b-af24-871c889464dc] Attempting claim: memory 2048 MB, disk 20 GB, vcpus 1 CPU
nova-compute.log.2017-05-14_21:27:09 2017-05-14 21:16:26.527 2931 INFO nova.compute.claims [req-4a65891a-9cf4-42fe-bdd0-3362989a5f4a 113d3a99c3da401fbd62cc2caa5b96d2 54fadb412c4e40cdbaed9335e4c35a9e - - -] [instance: bdce6493-3038-467b-af24-871c889464dc] Total memory: 64172 MB, used: 512.00 MB
nova-compute.log.2017-05-14_21:27:09 2017-05-14 21:16:26.528 2931 INFO nova.compute.claims [req-4a65891a-9cf4-42fe-bdd0-3362989a5f4a 113d3a99c3da401fbd62cc2caa5b96d2 54fadb412c4e40cdbaed9335e4c35a9e - - -] [instance: bdce6493-3038-467b-af24-871c889464dc] memory limit: 96258.00 MB, free: 95746.00 MB
nova-compute.log.2017-05-14_21:27:09 2017-05-14 21:16:26.529 2931 INFO nova.compute.claims [req-4a65891a-9cf4-42fe-bdd0-3362989a5f4a 113d3a99c3da401fbd62cc2caa5b96d2 54fadb412c4e40cdbaed9335e4c35a9e - - -] [instance: bdce6493-3038-467b-af24-871c889464dc] Total disk: 15 GB, used: 0.00 GB
nova-compute.log.2017-05-14_21:27:09 2017-05-14 21:16:26.529 2931 INFO nova.compute.claims [req-4a65891a-9cf4-42fe-bdd0-3362989a5f4a 113d3a99c3da401fbd62cc2caa5b96d2 54fadb412c4e40cdbaed9335e4c35a9e - - -] [instance: bdce6493-3038-467b-af24-871c889464dc] disk limit not specified, defaulting to unlimited
nova-compute.log.2017-05-14_21:27:09 2017-05-14 21:16:26.529 2931 INFO nova.compute.claims [req-4a65891a-9cf4-42fe-bdd0-3362989a5f4a 113d3a99c3da401fbd62cc2caa5b96d2 54fadb412c4e40cdbaed9335e4c35a9e - - -] [instance: bdce6493-3038-467b-af24-871c889464dc] Total vcpu: 16 VCPU, used: 0.00 VCPU
nova-compute.log.2017-05-14_21:27:09 2017-05-14 21:16:26.530 2931 INFO nova.compute.claims [req-4a65891a-9cf4-42fe-bdd0-3362989a5f4a 113d3a99c3da401fbd62cc2caa5b96d2 54fadb412c4e40cdbaed9335e4c35a9e - - -] [instance: bdce6493-3038-467b-af24-871c889464dc] vcpu limit not specified, defaulting to unlimited
nova-compute.log.2017-05-14_21:27:09 2017-05-14 21:16:26.566 2931 INFO nova.compute.claims [req-4a65891a-9cf4-42fe-bdd0-3362989a5f4a 113d3a99c3da401fbd62cc2caa5b96d2 54fadb412c4e40cdbaed9335e4c35a9e - - -] [instance: bdce6493-3038-467b-af24-871c889464dc] Claim successful
nova-compute.log.2017-05-14_21:27:09 2017-05-14 21:16:27.133 2931 INFO nova.virt.libvirt.driver [req-4a65891a-9cf4-42fe-bdd0-3362989a5f4a 113d3a99c3da401fbd62cc2caa5b96d2 54fadb412c4e40cdbaed9335e4c35a9e - - -] [instance: bdce6493-3038-467b-af24-871c889464dc] Creating image
nova-compute.log.2017-05-14_21:27:09 2017-05-14 21:16:28.331 2931 INFO nova.compute.manager [-] [instance: 41e0459c-4095-4932-9e4a-f5bcaff08d23] VM Stopped (Lifecycle Event)
nova-compute.log.2017-05-14_21:27:09 2017-05-14 21:16:30.161 2931 INFO nova.compute.resource_tracker [req-addc1839-2ed5-4778-b57e-5854eb7b8b09 - - - - -] Auditing locally available compute resources for node cp-1.slowvm1.tcloud-pg0.utah.cloudlab.us
nova-compute.log.2017-05-14_21:27:09 2017-05-14 21:16:30.479 2931 INFO nova.compute.resource_tracker [req-addc1839-2ed5-4778-b57e-5854eb7b8b09 - - - - -] Total usable vcpus: 16, total allocated vcpus: 1
nova-compute.log.2017-05-14_21:27:09 2017-05-14 21:16:30.480 2931 INFO nova.compute.resource_tracker [req-addc1839-2ed5-4778-b57e-5854eb7b8b09 - - - - -] Final resource view: name=cp-1.slowvm1.tcloud-pg0.utah.cloudlab.us phys_ram=64172MB used_ram=2560MB phys_disk=15GB used_disk=20GB total_vcpus=16 used_vcpus=1 pci_stats=[]
nova-compute.log.2017-05-14_21:27:09 2017-05-14 21:16:30.538 2931 INFO nova.compute.resource_tracker [req-addc1839-2ed5-4778-b57e-5854eb7b8b09 - - - - -] Compute_service record updated for cp-1.slowvm1.tcloud-pg0.utah.cloudlab.us:cp-1.slowvm1.tcloud-pg0.utah.cloudlab.us
nova-compute.log.2017-05-14_21:27:09 2017-05-14 21:16:40.198 2931 INFO nova.virt.libvirt.imagecache [req-addc1839-2ed5-4778-b57e-5854eb7b8b09 - - - - -] image 0673dd71-34c5-4fbb-86c4-40623fbe45b4 at (/var/lib/nova/instances/_base/a489c868f0c37da93b76227c91bb03908ac0e742): checking
nova-compute.log.2017-05-14_21:27:09 2017-05-14 21:16:40.199 2931 INFO nova.virt.libvirt.imagecache [req-addc1839-2ed5-4778-b57e-5854eb7b8b09 - - - - -] image 0673dd71-34c5-4fbb-86c4-40623fbe45b4 at (/var/lib/nova/instances/_base/a489c868f0c37da93b76227c91bb03908ac0e742): in use: on this node 1 local, 0 on other nodes sharing this instance storage
nova-compute.log.2017-05-14_21:27:09 2017-05-14 21:16:40.264 2931 INFO nova.compute.manager [req-3ea4052c-895d-4b64-9e2d-04d64c4d94ab - - - - -] [instance: bdce6493-3038-467b-af24-871c889464dc] VM Started (Lifecycle Event)
nova-compute.log.2017-05-14_21:27:09 2017-05-14 21:16:40.349 2931 INFO nova.compute.manager [req-3ea4052c-895d-4b64-9e2d-04d64c4d94ab - - - - -] [instance: bdce6493-3038-467b-af24-871c889464dc] VM Paused (Lifecycle Event)
nova-compute.log.2017-05-14_21:27:09 2017-05-14 21:16:40.391 2931 INFO nova.virt.libvirt.imagecache [req-addc1839-2ed5-4778-b57e-5854eb7b8b09 - - - - -] Active base files: /var/lib/nova/instances/_base/a489c868f0c37da93b76227c91bb03908ac0e742
nova-compute.log.2017-05-14_21:27:09 2017-05-14 21:16:40.474 2931 INFO nova.compute.manager [req-3ea4052c-895d-4b64-9e2d-04d64c4d94ab - - - - -] [instance: bdce6493-3038-467b-af24-871c889464dc] During sync_power_state the instance has a pending task (spawning). Skip.
nova-compute.log.2017-05-14_21:27:09 2017-05-14 21:16:45.137 2931 INFO nova.virt.libvirt.imagecache [req-addc1839-2ed5-4778-b57e-5854eb7b8b09 - - - - -] image 0673dd71-34c5-4fbb-86c4-40623fbe45b4 at (/var/lib/nova/instances/_base/a489c868f0c37da93b76227c91bb03908ac0e742): checking
nova-compute.log.2017-05-14_21:27:09 2017-05-14 21:16:45.137 2931 INFO nova.virt.libvirt.imagecache [req-addc1839-2ed5-4778-b57e-5854eb7b8b09 - - - - -] image 0673dd71-34c5-4fbb-86c4-40623fbe45b4 at (/var/lib/nova/instances/_base/a489c868f0c37da93b76227c91bb03908ac0e742): in use: on this node 1 local, 0 on other nodes sharing this instance storage
nova-compute.log.2017-05-14_21:27:09 2017-05-14 21:16:45.316 2931 INFO nova.virt.libvirt.imagecache [req-addc1839-2ed5-4778-b57e-5854eb7b8b09 - - - - -] Active base files: /var/lib/nova/instances/_base/a489c868f0c37da93b76227c91bb03908ac0e742
nova-compute.log.2017-05-14_21:27:09 2017-05-14 21:16:46.212 2931 INFO nova.compute.manager [req-3ea4052c-895d-4b64-9e2d-04d64c4d94ab - - - - -] [instance: bdce6493-3038-467b-af24-871c889464dc] VM Resumed (Lifecycle Event)
nova-compute.log.2017-05-14_21:27:09 2017-05-14 21:16:46.218 2931 INFO nova.virt.libvirt.driver [-] [instance: bdce6493-3038-467b-af24-871c889464dc] Instance spawned successfully.
nova-compute.log.2017-05-14_21:27:09 2017-05-14 21:16:46.219 2931 INFO nova.compute.manager [req-4a65891a-9cf4-42fe-bdd0-3362989a5f4a 113d3a99c3da401fbd62cc2caa5b96d2 54fadb412c4e40cdbaed9335e4c35a9e - - -] [instance: bdce6493-3038-467b-af24-871c889464dc] Took 19.09 seconds to spawn the instance on the hypervisor.
nova-compute.log.2017-05-14_21:27:09 2017-05-14 21:16:46.328 2931 INFO nova.compute.manager [req-3ea4052c-895d-4b64-9e2d-04d64c4d94ab - - - - -] [instance: bdce6493-3038-467b-af24-871c889464dc] During sync_power_state the instance has a pending task (spawning). Skip.
nova-compute.log.2017-05-14_21:27:09 2017-05-14 21:16:46.329 2931 INFO nova.compute.manager [req-3ea4052c-895d-4b64-9e2d-04d64c4d94ab - - - - -] [instance: bdce6493-3038-467b-af24-871c889464dc] VM Resumed (Lifecycle Event)
nova-compute.log.2017-05-14_21:27:09 2017-05-14 21:16:46.353 2931 INFO nova.compute.manager [req-4a65891a-9cf4-42fe-bdd0-3362989a5f4a 113d3a99c3da401fbd62cc2caa5b96d2 54fadb412c4e40cdbaed9335e4c35a9e - - -] [instance: bdce6493-3038-467b-af24-871c889464dc] Took 19.84 seconds to build instance.
nova-compute.log.2017-05-14_21:27:09 2017-05-14 21:16:50.370 2931 INFO nova.virt.libvirt.imagecache [req-addc1839-2ed5-4778-b57e-5854eb7b8b09 - - - - -] image 0673dd71-34c5-4fbb-86c4-40623fbe45b4 at (/var/lib/nova/instances/_base/a489c868f0c37da93b76227c91bb03908ac0e742): checking
nova-compute.log.2017-05-14_21:27:09 2017-05-14 21:16:50.371 2931 INFO nova.virt.libvirt.imagecache [req-addc1839-2ed5-4778-b57e-5854eb7b8b09 - - - - -] image 0673dd71-34c5-4fbb-86c4-40623fbe45b4 at (/var/lib/nova/instances/_base/a489c868f0c37da93b76227c91bb03908ac0e742): in use: on this node 1 local, 0 on other nodes sharing this instance storage
nova-compute.log.2017-05-14_21:27:09 2017-05-14 21:16:50.536 2931 INFO nova.virt.libvirt.imagecache [req-addc1839-2ed5-4778-b57e-5854eb7b8b09 - - - - -] Active base files: /var/lib/nova/instances/_base/a489c868f0c37da93b76227c91bb03908ac0e742
nova-compute.log.2017-05-14_21:27:09 2017-05-14 21:16:53.534 2931 INFO nova.compute.manager [req-c75a7067-ca39-451d-9509-387ccb0b636c 113d3a99c3da401fbd62cc2caa5b96d2 54fadb412c4e40cdbaed9335e4c35a9e - - -] [instance: bdce6493-3038-467b-af24-871c889464dc] Terminating instance
nova-compute.log.2017-05-14_21:27:09 2017-05-14 21:16:53.752 2931 INFO nova.virt.libvirt.driver [-] [instance: bdce6493-3038-467b-af24-871c889464dc] Instance destroyed successfully.
nova-compute.log.2017-05-14_21:27:09 2017-05-14 21:16:54.429 2931 INFO nova.virt.libvirt.driver [req-c75a7067-ca39-451d-9509-387ccb0b636c 113d3a99c3da401fbd62cc2caa5b96d2 54fadb412c4e40cdbaed9335e4c35a9e - - -] [instance: bdce6493-3038-467b-af24-871c889464dc] Deleting instance files /var/lib/nova/instances/bdce6493-3038-467b-af24-871c889464dc_del
nova-compute.log.2017-05-14_21:27:09 2017-05-14 21:16:54.430 2931 INFO nova.virt.libvirt.driver [req-c75a7067-ca39-451d-9509-387ccb0b636c 113d3a99c3da401fbd62cc2caa5b96d2 54fadb412c4e40cdbaed9335e4c35a9e - - -] [instance: bdce6493-3038-467b-af24-871c889464dc] Deletion of /var/lib/nova/instances/bdce6493-3038-467b-af24-871c889464dc_del complete
nova-compute.log.2017-05-14_21:27:09 2017-05-14 21:16:54.556 2931 INFO nova.compute.manager [req-c75a7067-ca39-451d-9509-387ccb0b636c 113d3a99c3da401fbd62cc2caa5b96d2 54fadb412c4e40cdbaed9335e4c35a9e - - -] [instance: bdce6493-3038-467b-af24-871c889464dc] Took 1.02 seconds to destroy the instance on the hypervisor.
nova-compute.log.2017-05-14_21:27:09 2017-05-14 21:16:55.018 2931 INFO nova.compute.manager [req-c75a7067-ca39-451d-9509-387ccb0b636c 113d3a99c3da401fbd62cc2caa5b96d2 54fadb412c4e40cdbaed9335e4c35a9e - - -] [instance: bdce6493-3038-467b-af24-871c889464dc] Took 0.46 seconds to deallocate network for instance.
nova-compute.log.2017-05-14_21:27:09 2017-05-14 21:16:55.566 2931 WARNING nova.virt.libvirt.imagecache [req-addc1839-2ed5-4778-b57e-5854eb7b8b09 - - - - -] Unknown base file: /var/lib/nova/instances/_base/a489c868f0c37da93b76227c91bb03908ac0e742
nova-compute.log.2017-05-14_21:27:09 2017-05-14 21:16:55.566 2931 INFO nova.virt.libvirt.imagecache [req-addc1839-2ed5-4778-b57e-5854eb7b8b09 - - - - -] Removable base files: /var/lib/nova/instances/_base/a489c868f0c37da93b76227c91bb03908ac0e742
nova-compute.log.2017-05-14_21:27:09 2017-05-14 21:16:55.568 2931 INFO nova.virt.libvirt.imagecache [req-addc1839-2ed5-4778-b57e-5854eb7b8b09 - - - - -] Removing base or swap file: /var/lib/nova/instances/_base/a489c868f0c37da93b76227c91bb03908ac0e742
nova-compute.log.2017-05-14_21:27:09 2017-05-14 21:17:06.898 2931 INFO nova.compute.claims [req-b5d9f3ff-1ae2-4a34-be4f-027feaedb08a 113d3a99c3da401fbd62cc2caa5b96d2 54fadb412c4e40cdbaed9335e4c35a9e - - -] [instance: c26c0da7-5b1f-4b2c-8286-a152d69a449a] Attempting claim: memory 2048 MB, disk 20 GB, vcpus 1 CPU
nova-compute.log.2017-05-14_21:27:09 2017-05-14 21:17:06.899 2931 INFO nova.compute.claims [req-b5d9f3ff-1ae2-4a34-be4f-027feaedb08a 113d3a99c3da401fbd62cc2caa5b96d2 54fadb412c4e40cdbaed9335e4c35a9e - - -] [instance: c26c0da7-5b1f-4b2c-8286-a152d69a449a] Total memory: 64172 MB, used: 512.00 MB
nova-compute.log.2017-05-14_21:27:09 2017-05-14 21:17:06.900 2931 INFO nova.compute.claims [req-b5d9f3ff-1ae2-4a34-be4f-027feaedb08a 113d3a99c3da401fbd62cc2caa5b96d2 54fadb412c4e40cdbaed9335e4c35a9e - - -] [instance: c26c0da7-5b1f-4b2c-8286-a152d69a449a] memory limit: 96258.00 MB, free: 95746.00 MB
nova-compute.log.2017-05-14_21:27:09 2017-05-14 21:17:06.901 2931 INFO nova.compute.claims [req-b5d9f3ff-1ae2-4a34-be4f-027feaedb08a 113d3a99c3da401fbd62cc2caa5b96d2 54fadb412c4e40cdbaed9335e4c35a9e - - -] [instance: c26c0da7-5b1f-4b2c-8286-a152d69a449a] Total disk: 15 GB, used: 0.00 GB
nova-compute.log.2017-05-14_21:27:09 2017-05-14 21:17:06.901 2931 INFO nova.compute.claims [req-b5d9f3ff-1ae2-4a34-be4f-027feaedb08a 113d3a99c3da401fbd62cc2caa5b96d2 54fadb412c4e40cdbaed9335e4c35a9e - - -] [instance: c26c0da7-5b1f-4b2c-8286-a152d69a449a] disk limit not specified, defaulting to unlimited
nova-compute.log.2017-05-14_21:27:09 2017-05-14 21:17:06.902 2931 INFO nova.compute.claims [req-b5d9f3ff-1ae2-4a34-be4f-027feaedb08a 113d3a99c3da401fbd62cc2caa5b96d2 54fadb412c4e40cdbaed9335e4c35a9e - - -] [instance: c26c0da7-5b1f-4b2c-8286-a152d69a449a] Total vcpu: 16 VCPU, used: 0.00 VCPU
nova-compute.log.2017-05-14_21:27:09 2017-05-14 21:17:06.902 2931 INFO nova.compute.claims [req-b5d9f3ff-1ae2-4a34-be4f-027feaedb08a 113d3a99c3da401fbd62cc2caa5b96d2 54fadb412c4e40cdbaed9335e4c35a9e - - -] [instance: c26c0da7-5b1f-4b2c-8286-a152d69a449a] vcpu limit not specified, defaulting to unlimited
nova-compute.log.2017-05-14_21:27:09 2017-05-14 21:17:06.933 2931 INFO nova.compute.claims [req-b5d9f3ff-1ae2-4a34-be4f-027feaedb08a 113d3a99c3da401fbd62cc2caa5b96d2 54fadb412c4e40cdbaed9335e4c35a9e - - -] [instance: c26c0da7-5b1f-4b2c-8286-a152d69a449a] Claim successful
nova-compute.log.2017-05-14_21:27:09 2017-05-14 21:17:07.525 2931 INFO nova.virt.libvirt.driver [req-b5d9f3ff-1ae2-4a34-be4f-027feaedb08a 113d3a99c3da401fbd62cc2caa5b96d2 54fadb412c4e40cdbaed9335e4c35a9e - - -] [instance: c26c0da7-5b1f-4b2c-8286-a152d69a449a] Creating image
nova-compute.log.2017-05-14_21:27:09 2017-05-14 21:17:08.749 2931 INFO nova.compute.manager [-] [instance: bdce6493-3038-467b-af24-871c889464dc] VM Stopped (Lifecycle Event)
