- 1117976639 2005.06.05 R32-M1-N0-C:J09-U11 2005-06-05-06.03.59.389952 R32-M1-N0-C:J09-U11 RAS KERNEL INFO generating core.7934
- 1117976639 2005.06.05 R32-M1-N0-C:J15-U11 2005-06-05-06.03.59.413042 R32-M1-N0-C:J15-U11 RAS KERNEL INFO generating core.8188
- 1117976639 2005.06.05 R32-M1-N0-C:J11-U11 2005-06-05-06.03.59.436054 R32-M1-N0-C:J11-U11 RAS KERNEL INFO generating core.8189
- 1117976639 2005.06.05 R32-M1-N0-C:J17-U11 2005-06-05-06.03.59.473109 R32-M1-N0-C:J17-U11 RAS KERNEL INFO generating core.7932
- 1117976639 2005.06.05 R32-M1-N0-C:J05-U01 2005-06-05-06.03.59.497079 R32-M1-N0-C:J05-U01 RAS KERNEL INFO generating core.7927
- 1117976639 2005.06.05 R32-M1-N0-C:J03-U01 2005-06-05-06.03.59.520058 R32-M1-N0-C:J03-U01 RAS KERNEL INFO generating core.8183
- 1117976639 2005.06.05 R32-M1-N0-C:J03-U11 2005-06-05-06.03.59.552649 R32-M1-N0-C:J03-U11 RAS KERNEL INFO generating core.8191
- 1117976639 2005.06.05 R32-M1-N0-C:J07-U11 2005-06-05-06.03.59.575535 R32-M1-N0-C:J07-U11 RAS KERNEL INFO generating core.8190
- 1117976639 2005.06.05 R32-M1-N0-C:J15-U01 2005-06-05-06.03.59.598512 R32-M1-N0-C:J15-U01 RAS KERNEL INFO generating core.8180
- 1117976639 2005.06.05 R32-M1-N0-C:J13-U01 2005-06-05-06.03.59.621465 R32-M1-N0-C:J13-U01 RAS KERNEL INFO generating core.7925
- 1117976639 2005.06.05 R32-M1-N0-C:J09-U01 2005-06-05-06.03.59.644372 R32-M1-N0-C:J09-U01 RAS KERNEL INFO generating core.7926
- 1117976639 2005.06.05 R32-M1-N0-C:J08-U11 2005-06-05-06.03.59.666956 R32-M1-N0-C:J08-U11 RAS KERNEL INFO generating core.7918
- 1117976639 2005.06.05 R32-M1-N0-C:J10-U11 2005-06-05-06.03.59.689895 R32-M1-N0-C:J10-U11 RAS KERNEL INFO generating core.8173
- 1117976639 2005.06.05 R32-M1-N0-C:J14-U01 2005-06-05-06.03.59.712375 R32-M1-N0-C:J14-U01 RAS KERNEL INFO generating core.8164
- 1117976639 2005.06.05 R32-M1-N0-C:J16-U01 2005-06-05-06.03.59.735341 R32-M1-N0-C:J16-U01 RAS KERNEL INFO generating core.7908
- 1117976639 2005.06.05 R32-M1-N0-C:J10-U01 2005-06-05-06.03.59.757825 R32-M1-N0-C:J10-U01 RAS KERNEL INFO generating core.8165
- 1117976639 2005.06.05 R32-M1-N0-C:J08-U01 2005-06-05-06.03.59.780311 R32-M1-N0-C:J08-U01 RAS KERNEL INFO generating core.7910
- 1117976639 2005.06.05 R32-M1-N0-C:J04-U01 2005-06-05-06.03.59.805139 R32-M1-N0-C:J04-U01 RAS KERNEL INFO generating core.7911
- 1117976639 2005.06.05 R35-M1-NC-C:J09-U11 2005-06-05-06.03.59.828702 R35-M1-NC-C:J09-U11 RAS KERNEL INFO generating core.4702
- 1117976639 2005.06.05 R35-M1-NC-C:J15-U11 2005-06-05-06.03.59.862941 R35-M1-NC-C:J15-U11 RAS KERNEL INFO generating core.4956
- 1117976639 2005.06.05 R35-M1-NC-C:J11-U11 2005-06-05-06.03.59.900720 R35-M1-NC-C:J11-U11 RAS KERNEL INFO generating core.4957
- 1117976639 2005.06.05 R35-M1-NC-C:J17-U11 2005-06-05-06.03.59.924122 R35-M1-NC-C:J17-U11 RAS KERNEL INFO generating core.4700
- 1117976639 2005.06.05 R35-M1-NC-C:J03-U01 2005-06-05-06.03.59.947689 R35-M1-NC-C:J03-U01 RAS KERNEL INFO generating core.4951
- 1117976639 2005.06.05 R35-M1-NC-C:J05-U11 2005-06-05-06.03.59.971109 R35-M1-NC-C:J05-U11 RAS KERNEL INFO generating core.4703
- 1117976639 2005.06.05 R35-M1-NC-C:J03-U11 2005-06-05-06.03.59.995462 R35-M1-NC-C:J03-U11 RAS KERNEL INFO generating core.4959
- 1117976640 2005.06.05 R35-M1-NC-C:J07-U11 2005-06-05-06.04.00.019188 R35-M1-NC-C:J07-U11 RAS KERNEL INFO generating core.4958
- 1117976640 2005.06.05 R35-M1-NC-C:J15-U01 2005-06-05-06.04.00.063657 R35-M1-NC-C:J15-U01 RAS KERNEL INFO generating core.4948
- 1117976640 2005.06.05 R35-M1-NC-C:J07-U01 2005-06-05-06.04.00.087877 R35-M1-NC-C:J07-U01 RAS KERNEL INFO generating core.4950
- 1117976640 2005.06.05 R35-M1-NC-C:J08-U11 2005-06-05-06.04.00.112938 R35-M1-NC-C:J08-U11 RAS KERNEL INFO generating core.4686
- 1117976640 2005.06.05 R35-M1-NC-C:J14-U11 2005-06-05-06.04.00.138421 R35-M1-NC-C:J14-U11 RAS KERNEL INFO generating core.4940
- 1117976640 2005.06.05 R35-M1-NC-C:J10-U11 2005-06-05-06.04.00.162182 R35-M1-NC-C:J10-U11 RAS KERNEL INFO generating core.4941
- 1117976640 2005.06.05 R35-M1-NC-C:J06-U11 2005-06-05-06.04.00.185709 R35-M1-NC-C:J06-U11 RAS KERNEL INFO generating core.4942
- 1117976640 2005.06.05 R35-M1-NC-C:J16-U01 2005-06-05-06.04.00.210027 R35-M1-NC-C:J16-U01 RAS KERNEL INFO generating core.4676
- 1117976640 2005.06.05 R35-M1-NC-C:J12-U01 2005-06-05-06.04.00.233564 R35-M1-NC-C:J12-U01 RAS KERNEL INFO generating core.4677
- 1117976640 2005.06.05 R35-M1-NC-C:J02-U01 2005-06-05-06.04.00.256920 R35-M1-NC-C:J02-U01 RAS KERNEL INFO generating core.4935
- 1117976640 2005.06.05 R35-M0-NC-C:J11-U11 2005-06-05-06.04.00.299638 R35-M0-NC-C:J11-U11 RAS KERNEL INFO generating core.2909
- 1117976640 2005.06.05 R35-M0-NC-C:J13-U11 2005-06-05-06.04.00.329420 R35-M0-NC-C:J13-U11 RAS KERNEL INFO generating core.2653
- 1117976640 2005.06.05 R35-M0-NC-C:J03-U01 2005-06-05-06.04.00.352931 R35-M0-NC-C:J03-U01 RAS KERNEL INFO generating core.2903
- 1117976640 2005.06.05 R35-M0-NC-C:J05-U11 2005-06-05-06.04.00.376960 R35-M0-NC-C:J05-U11 RAS KERNEL INFO generating core.2655
- 1117976640 2005.06.05 R35-M0-NC-C:J07-U11 2005-06-05-06.04.00.414508 R35-M0-NC-C:J07-U11 RAS KERNEL INFO generating core.2910
- 1117976640 2005.06.05 R35-M0-NC-C:J15-U01 2005-06-05-06.04.00.437957 R35-M0-NC-C:J15-U01 RAS KERNEL INFO generating core.2900
- 1117976640 2005.06.05 R35-M0-NC-C:J11-U01 2005-06-05-06.04.00.461515 R35-M0-NC-C:J11-U01 RAS KERNEL INFO generating core.2901
- 1117976640 2005.06.05 R35-M0-NC-C:J09-U01 2005-06-05-06.04.00.484991 R35-M0-NC-C:J09-U01 RAS KERNEL INFO generating core.2646
- 1117976640 2005.06.05 R35-M0-NC-C:J16-U11 2005-06-05-06.04.00.508363 R35-M0-NC-C:J16-U11 RAS KERNEL INFO generating core.2636
- 1117976640 2005.06.05 R35-M0-NC-C:J14-U11 2005-06-05-06.04.00.531851 R35-M0-NC-C:J14-U11 RAS KERNEL INFO generating core.2892
- 1117976640 2005.06.05 R35-M0-NC-C:J10-U11 2005-06-05-06.04.00.555381 R35-M0-NC-C:J10-U11 RAS KERNEL INFO generating core.2893
- 1117976640 2005.06.05 R35-M0-NC-C:J06-U11 2005-06-05-06.04.00.578870 R35-M0-NC-C:J06-U11 RAS KERNEL INFO generating core.2894
- 1117976640 2005.06.05 R35-M0-NC-C:J16-U01 2005-06-05-06.04.00.602356 R35-M0-NC-C:J16-U01 RAS KERNEL INFO generating core.2628
- 1117976640 2005.06.05 R35-M0-NC-C:J10-U01 2005-06-05-06.04.00.625802 R35-M0-NC-C:J10-U01 RAS KERNEL INFO generating core.2885
- 1117976640 2005.06.05 R35-M0-NC-C:J12-U01 2005-06-05-06.04.00.653397 R35-M0-NC-C:J12-U01 RAS KERNEL INFO generating core.2629
- 1117976640 2005.06.05 R35-M0-NC-C:J08-U01 2005-06-05-06.04.00.676822 R35-M0-NC-C:J08-U01 RAS KERNEL INFO generating core.2630
- 1117976640 2005.06.05 R35-M0-NC-C:J02-U01 2005-06-05-06.04.00.718442 R35-M0-NC-C:J02-U01 RAS KERNEL INFO generating core.2887
- 1117976640 2005.06.05 R35-M0-NC-C:J02-U11 2005-06-05-06.04.00.741786 R35-M0-NC-C:J02-U11 RAS KERNEL INFO generating core.2895
- 1117976641 2005.06.05 R35-M0-N0-C:J07-U01 2005-06-05-06.04.01.642802 R35-M0-N0-C:J07-U01 RAS KERNEL INFO 1 ddr errors(s) detected and corrected on rank 0, symbol 12, bit 7
- 1117976641 2005.06.05 R35-M1-NA-C:J09-U01 2005-06-05-06.04.01.658069 R35-M1-NA-C:J09-U01 RAS KERNEL INFO 3 L3 EDRAM error(s) (dcr 0x0157) detected and corrected
- 1117976641 2005.06.05 R35-M0-NE-C:J12-U01 2005-06-05-06.04.01.673284 R35-M0-NE-C:J12-U01 RAS KERNEL INFO CE sym 6, at 0x02e817e0, mask 0x10
- 1117976661 2005.06.05 R35-M0-N0-C:J07-U01 2005-06-05-06.04.21.205346 R35-M0-N0-C:J07-U01 RAS KERNEL INFO CE sym 12, at 0x1682ed20, mask 0x01
- 1117976661 2005.06.05 R35-M0-NE-C:J12-U01 2005-06-05-06.04.21.220686 R35-M0-NE-C:J12-U01 RAS KERNEL INFO total of 1 ddr error(s) detected and corrected
- 1117976661 2005.06.05 R35-M0-N0-C:J07-U01 2005-06-05-06.04.21.366605 R35-M0-N0-C:J07-U01 RAS KERNEL INFO total of 1 ddr error(s) detected and corrected
- 1117977192 2005.06.05 R32-M0-N2-C:J16-U01 2005-06-05-06.13.12.624956 R32-M0-N2-C:J16-U01 RAS KERNEL INFO generating core.1252
- 1117977192 2005.06.05 R32-M1-N7-C:J05-U01 2005-06-05-06.13.12.939330 R32-M1-N7-C:J05-U01 RAS KERNEL INFO generating core.6387
- 1117977192 2005.06.05 R32-M1-N7-C:J16-U11 2005-06-05-06.13.12.963614 R32-M1-N7-C:J16-U11 RAS KERNEL INFO generating core.6376
- 1117977193 2005.06.05 R35-M0-N8-C:J13-U11 2005-06-05-06.13.13.273297 R35-M0-N8-C:J13-U11 RAS KERNEL INFO generating core.3677
- 1117977193 2005.06.05 R35-M0-N8-C:J16-U01 2005-06-05-06.13.13.406975 R35-M0-N8-C:J16-U01 RAS KERNEL INFO generating core.3652
- 1117977193 2005.06.05 R32-M1-N0-C:J13-U11 2005-06-05-06.13.13.432557 R32-M1-N0-C:J13-U11 RAS KERNEL INFO generating core.7933
- 1117977193 2005.06.05 R32-M1-N0-C:J05-U01 2005-06-05-06.13.13.455943 R32-M1-N0-C:J05-U01 RAS KERNEL INFO generating core.7927
- 1117977193 2005.06.05 R32-M1-N0-C:J03-U11 2005-06-05-06.13.13.479414 R32-M1-N0-C:J03-U11 RAS KERNEL INFO generating core.8191
- 1117977193 2005.06.05 R32-M1-N0-C:J17-U01 2005-06-05-06.13.13.502222 R32-M1-N0-C:J17-U01 RAS KERNEL INFO generating core.7924
- 1117977193 2005.06.05 R32-M1-N0-C:J09-U01 2005-06-05-06.13.13.526840 R32-M1-N0-C:J09-U01 RAS KERNEL INFO generating core.7926
- 1117977193 2005.06.05 R32-M1-N0-C:J16-U01 2005-06-05-06.13.13.641833 R32-M1-N0-C:J16-U01 RAS KERNEL INFO generating core.7908
- 1117977193 2005.06.05 R35-M0-N2-C:J02-U11 2005-06-05-06.13.13.781278 R35-M0-N2-C:J02-U11 RAS KERNEL INFO generating core.3439
- 1117977194 2005.06.05 R35-M0-N9-C:J15-U11 2005-06-05-06.13.14.005900 R35-M0-N9-C:J15-U11 RAS KERNEL INFO generating core.3928
- 1117977194 2005.06.05 R35-M0-N9-C:J17-U01 2005-06-05-06.13.14.028769 R35-M0-N9-C:J17-U01 RAS KERNEL INFO generating core.3664
- 1117977194 2005.06.05 R35-M0-N9-C:J08-U01 2005-06-05-06.13.14.051127 R35-M0-N9-C:J08-U01 RAS KERNEL INFO generating core.3650
- 1117977194 2005.06.05 R35-M0-N9-C:J06-U01 2005-06-05-06.13.14.074917 R35-M0-N9-C:J06-U01 RAS KERNEL INFO generating core.3906
- 1117977194 2005.06.05 R32-M0-N3-C:J05-U01 2005-06-05-06.13.14.824744 R32-M0-N3-C:J05-U01 RAS KERNEL INFO generating core.1267
- 1117977194 2005.06.05 R32-M0-N3-C:J03-U11 2005-06-05-06.13.14.849660 R32-M0-N3-C:J03-U11 RAS KERNEL INFO generating core.1531
- 1117977194 2005.06.05 R32-M0-N3-C:J04-U01 2005-06-05-06.13.14.968180 R32-M0-N3-C:J04-U01 RAS KERNEL INFO generating core.1251
- 1117977195 2005.06.05 R35-M1-NA-C:J17-U11 2005-06-05-06.13.15.663785 R35-M1-NA-C:J17-U11 RAS KERNEL INFO generating core.5212
- 1117977195 2005.06.05 R35-M1-NA-C:J07-U01 2005-06-05-06.13.15.877664 R35-M1-NA-C:J07-U01 RAS KERNEL INFO generating core.5462
- 1117977195 2005.06.05 R35-M1-NA-C:J04-U01 2005-06-05-06.13.15.913491 R35-M1-NA-C:J04-U01 RAS KERNEL INFO generating core.5191
- 1117977195 2005.06.05 R35-M0-N6-C:J10-U01 2005-06-05-06.13.15.953237 R35-M0-N6-C:J10-U01 RAS KERNEL INFO generating core.2405
- 1117977195 2005.06.05 R35-M0-N6-C:J06-U01 2005-06-05-06.13.15.982473 R35-M0-N6-C:J06-U01 RAS KERNEL INFO generating core.2406
- 1117977196 2005.06.05 R35-M0-N6-C:J02-U11 2005-06-05-06.13.16.010821 R35-M0-N6-C:J02-U11 RAS KERNEL INFO generating core.2415
- 1117977196 2005.06.05 R35-M0-N7-C:J08-U11 2005-06-05-06.13.16.048205 R35-M0-N7-C:J08-U11 RAS KERNEL INFO generating core.2154
- 1117977196 2005.06.05 R35-M0-N7-C:J14-U11 2005-06-05-06.13.16.090490 R35-M0-N7-C:J14-U11 RAS KERNEL INFO generating core.2408
- 1117977196 2005.06.05 R35-M0-N7-C:J16-U01 2005-06-05-06.13.16.139779 R35-M0-N7-C:J16-U01 RAS KERNEL INFO generating core.2144
- 1117977196 2005.06.05 R35-M0-N7-C:J06-U01 2005-06-05-06.13.16.173235 R35-M0-N7-C:J06-U01 RAS KERNEL INFO generating core.2402
- 1117977196 2005.06.05 R35-M0-N7-C:J02-U11 2005-06-05-06.13.16.201022 R35-M0-N7-C:J02-U11 RAS KERNEL INFO generating core.2411
- 1117977196 2005.06.05 R32-M1-N6-C:J08-U11 2005-06-05-06.13.16.229510 R32-M1-N6-C:J08-U11 RAS KERNEL INFO generating core.6382
- 1117977196 2005.06.05 R32-M1-N6-C:J12-U11 2005-06-05-06.13.16.259089 R32-M1-N6-C:J12-U11 RAS KERNEL INFO generating core.6381
- 1117977222 2005.06.05 R35-M1-N7-C:J15-U11 2005-06-05-06.13.42.140007 R35-M1-N7-C:J15-U11 RAS KERNEL INFO generating core.4472
- 1117977222 2005.06.05 R35-M1-N7-C:J17-U11 2005-06-05-06.13.42.275783 R35-M1-N7-C:J17-U11 RAS KERNEL INFO generating core.4216
- 1117977222 2005.06.05 R35-M1-N7-C:J03-U01 2005-06-05-06.13.42.304921 R35-M1-N7-C:J03-U01 RAS KERNEL INFO generating core.4467
- 1117977222 2005.06.05 R35-M1-N7-C:J05-U11 2005-06-05-06.13.42.347238 R35-M1-N7-C:J05-U11 RAS KERNEL INFO generating core.4219
- 1117977222 2005.06.05 R35-M1-N7-C:J03-U11 2005-06-05-06.13.42.379452 R35-M1-N7-C:J03-U11 RAS KERNEL INFO generating core.4475
- 1117977222 2005.06.05 R35-M1-N7-C:J07-U11 2005-06-05-06.13.42.408544 R35-M1-N7-C:J07-U11 RAS KERNEL INFO generating core.4474
- 1117977222 2005.06.05 R35-M1-N7-C:J15-U01 2005-06-05-06.13.42.433802 R35-M1-N7-C:J15-U01 RAS KERNEL INFO generating core.4464
- 1117977222 2005.06.05 R35-M1-N7-C:J17-U01 2005-06-05-06.13.42.459640 R35-M1-N7-C:J17-U01 RAS KERNEL INFO generating core.4208
- 1117977222 2005.06.05 R35-M1-N7-C:J11-U01 2005-06-05-06.13.42.483052 R35-M1-N7-C:J11-U01 RAS KERNEL INFO generating core.4465
- 1117977222 2005.06.05 R35-M1-N7-C:J07-U01 2005-06-05-06.13.42.512126 R35-M1-N7-C:J07-U01 RAS KERNEL INFO generating core.4466
- 1117977222 2005.06.05 R35-M1-N7-C:J13-U01 2005-06-05-06.13.42.535864 R35-M1-N7-C:J13-U01 RAS KERNEL INFO generating core.4209
- 1117977222 2005.06.05 R35-M1-N7-C:J16-U11 2005-06-05-06.13.42.666324 R35-M1-N7-C:J16-U11 RAS KERNEL INFO generating core.4200
- 1117977222 2005.06.05 R35-M1-N7-C:J14-U11 2005-06-05-06.13.42.694888 R35-M1-N7-C:J14-U11 RAS KERNEL INFO generating core.4456
- 1117977222 2005.06.05 R35-M1-N7-C:J10-U11 2005-06-05-06.13.42.718488 R35-M1-N7-C:J10-U11 RAS KERNEL INFO generating core.4457
- 1117977222 2005.06.05 R35-M1-N7-C:J06-U11 2005-06-05-06.13.42.742765 R35-M1-N7-C:J06-U11 RAS KERNEL INFO generating core.4458
- 1117977222 2005.06.05 R35-M1-N7-C:J14-U01 2005-06-05-06.13.42.771722 R35-M1-N7-C:J14-U01 RAS KERNEL INFO generating core.4448
- 1117977222 2005.06.05 R35-M1-N7-C:J16-U01 2005-06-05-06.13.42.795475 R35-M1-N7-C:J16-U01 RAS KERNEL INFO generating core.4192
- 1117977222 2005.06.05 R35-M1-N7-C:J10-U01 2005-06-05-06.13.42.859313 R35-M1-N7-C:J10-U01 RAS KERNEL INFO generating core.4449
- 1117977222 2005.06.05 R35-M1-N7-C:J04-U01 2005-06-05-06.13.42.994596 R35-M1-N7-C:J04-U01 RAS KERNEL INFO generating core.4195
- 1117977223 2005.06.05 R35-M1-N7-C:J06-U01 2005-06-05-06.13.43.020024 R35-M1-N7-C:J06-U01 RAS KERNEL INFO generating core.4450
- 1117977223 2005.06.05 R35-M1-N7-C:J02-U01 2005-06-05-06.13.43.045374 R35-M1-N7-C:J02-U01 RAS KERNEL INFO generating core.4451
- 1117977223 2005.06.05 R35-M0-NE-C:J09-U11 2005-06-05-06.13.43.070612 R35-M0-NE-C:J09-U11 RAS KERNEL INFO generating core.2142
- 1117977223 2005.06.05 R35-M0-NE-C:J17-U01 2005-06-05-06.13.43.094882 R35-M0-NE-C:J17-U01 RAS KERNEL INFO generating core.2132
- 1117977223 2005.06.05 R35-M0-NE-C:J11-U01 2005-06-05-06.13.43.125751 R35-M0-NE-C:J11-U01 RAS KERNEL INFO generating core.2389
- 1117977223 2005.06.05 R35-M0-NE-C:J13-U01 2005-06-05-06.13.43.151069 R35-M0-NE-C:J13-U01 RAS KERNEL INFO generating core.2133
- 1117977223 2005.06.05 R35-M0-NE-C:J08-U11 2005-06-05-06.13.43.285058 R35-M0-NE-C:J08-U11 RAS KERNEL INFO generating core.2126
- 1117977223 2005.06.05 R35-M0-NE-C:J14-U11 2005-06-05-06.13.43.314587 R35-M0-NE-C:J14-U11 RAS KERNEL INFO generating core.2380
- 1117977223 2005.06.05 R35-M0-NE-C:J12-U11 2005-06-05-06.13.43.363598 R35-M0-NE-C:J12-U11 RAS KERNEL INFO generating core.2125
- 1117977223 2005.06.05 R35-M0-NE-C:J06-U01 2005-06-05-06.13.43.396928 R35-M0-NE-C:J06-U01 RAS KERNEL INFO generating core.2374
- 1117977223 2005.06.05 R35-M0-NE-C:J04-U11 2005-06-05-06.13.43.423007 R35-M0-NE-C:J04-U11 RAS KERNEL INFO generating core.2127
- 1117977223 2005.06.05 R35-M0-NE-C:J02-U11 2005-06-05-06.13.43.449376 R35-M0-NE-C:J02-U11 RAS KERNEL INFO generating core.2383
- 1117977224 2005.06.05 R35-M1-N3-C:J09-U11 2005-06-05-06.13.44.515347 R35-M1-N3-C:J09-U11 RAS KERNEL INFO generating core.5242
- 1117977224 2005.06.05 R35-M1-N3-C:J11-U11 2005-06-05-06.13.44.543688 R35-M1-N3-C:J11-U11 RAS KERNEL INFO generating core.5497
- 1117977224 2005.06.05 R35-M1-N3-C:J13-U11 2005-06-05-06.13.44.576296 R35-M1-N3-C:J13-U11 RAS KERNEL INFO generating core.5241
- 1117977224 2005.06.05 R35-M1-N3-C:J17-U11 2005-06-05-06.13.44.601062 R35-M1-N3-C:J17-U11 RAS KERNEL INFO generating core.5240
- 1117977224 2005.06.05 R35-M1-N3-C:J03-U01 2005-06-05-06.13.44.734042 R35-M1-N3-C:J03-U01 RAS KERNEL INFO generating core.5491
- 1117977224 2005.06.05 R35-M1-N3-C:J03-U11 2005-06-05-06.13.44.759788 R35-M1-N3-C:J03-U11 RAS KERNEL INFO generating core.5499
- 1117977224 2005.06.05 R35-M1-N3-C:J07-U11 2005-06-05-06.13.44.793221 R35-M1-N3-C:J07-U11 RAS KERNEL INFO generating core.5498
- 1117977224 2005.06.05 R35-M1-N3-C:J15-U01 2005-06-05-06.13.44.829437 R35-M1-N3-C:J15-U01 RAS KERNEL INFO generating core.5488
- 1117977225 2005.06.05 R35-M1-N3-C:J11-U01 2005-06-05-06.13.45.001665 R35-M1-N3-C:J11-U01 RAS KERNEL INFO generating core.5489
- 1117977225 2005.06.05 R35-M1-N3-C:J07-U01 2005-06-05-06.13.45.030045 R35-M1-N3-C:J07-U01 RAS KERNEL INFO generating core.5490
- 1117977225 2005.06.05 R35-M1-N3-C:J09-U01 2005-06-05-06.13.45.054266 R35-M1-N3-C:J09-U01 RAS KERNEL INFO generating core.5234
- 1117977225 2005.06.05 R35-M1-N3-C:J16-U11 2005-06-05-06.13.45.078899 R35-M1-N3-C:J16-U11 RAS KERNEL INFO generating core.5224
- 1117977225 2005.06.05 R35-M1-N3-C:J14-U11 2005-06-05-06.13.45.103199 R35-M1-N3-C:J14-U11 RAS KERNEL INFO generating core.5480
- 1117977225 2005.06.05 R35-M1-N3-C:J10-U11 2005-06-05-06.13.45.214068 R35-M1-N3-C:J10-U11 RAS KERNEL INFO generating core.5481
- 1117977225 2005.06.05 R35-M1-N3-C:J06-U11 2005-06-05-06.13.45.238383 R35-M1-N3-C:J06-U11 RAS KERNEL INFO generating core.5482
- 1117977225 2005.06.05 R35-M1-N3-C:J12-U11 2005-06-05-06.13.45.263063 R35-M1-N3-C:J12-U11 RAS KERNEL INFO generating core.5225
- 1117977225 2005.06.05 R35-M1-N3-C:J14-U01 2005-06-05-06.13.45.287729 R35-M1-N3-C:J14-U01 RAS KERNEL INFO generating core.5472
- 1117977225 2005.06.05 R35-M1-N3-C:J04-U01 2005-06-05-06.13.45.323495 R35-M1-N3-C:J04-U01 RAS KERNEL INFO generating core.5219
- 1117977225 2005.06.05 R35-M1-N3-C:J06-U01 2005-06-05-06.13.45.346940 R35-M1-N3-C:J06-U01 RAS KERNEL INFO generating core.5474
- 1117977225 2005.06.05 R35-M1-N3-C:J04-U11 2005-06-05-06.13.45.395677 R35-M1-N3-C:J04-U11 RAS KERNEL INFO generating core.5227
- 1117977225 2005.06.05 R35-M1-N3-C:J02-U01 2005-06-05-06.13.45.431593 R35-M1-N3-C:J02-U01 RAS KERNEL INFO generating core.5475
- 1117977226 2005.06.05 R35-M1-N5-C:J15-U01 2005-06-05-06.13.46.765623 R35-M1-N5-C:J15-U01 RAS KERNEL INFO generating core.4976
- 1117977226 2005.06.05 R35-M1-N5-C:J11-U01 2005-06-05-06.13.46.788858 R35-M1-N5-C:J11-U01 RAS KERNEL INFO generating core.4977
- 1117977226 2005.06.05 R35-M1-N5-C:J07-U01 2005-06-05-06.13.46.980687 R35-M1-N5-C:J07-U01 RAS KERNEL INFO generating core.4978
- 1117977227 2005.06.05 R35-M1-N5-C:J08-U11 2005-06-05-06.13.47.011081 R35-M1-N5-C:J08-U11 RAS KERNEL INFO generating core.4714
- 1117977227 2005.06.05 R35-M1-N5-C:J10-U11 2005-06-05-06.13.47.038678 R35-M1-N5-C:J10-U11 RAS KERNEL INFO generating core.4969
- 1117977227 2005.06.05 R35-M1-N5-C:J06-U11 2005-06-05-06.13.47.066008 R35-M1-N5-C:J06-U11 RAS KERNEL INFO generating core.4970
- 1117977227 2005.06.05 R35-M1-N5-C:J12-U11 2005-06-05-06.13.47.093173 R35-M1-N5-C:J12-U11 RAS KERNEL INFO generating core.4713
- 1117977227 2005.06.05 R35-M1-N5-C:J06-U01 2005-06-05-06.13.47.117693 R35-M1-N5-C:J06-U01 RAS KERNEL INFO generating core.4962
- 1117977227 2005.06.05 R35-M1-N6-C:J09-U11 2005-06-05-06.13.47.352203 R35-M1-N6-C:J09-U11 RAS KERNEL INFO generating core.4222
- 1117977227 2005.06.05 R35-M1-N6-C:J15-U11 2005-06-05-06.13.47.441575 R35-M1-N6-C:J15-U11 RAS KERNEL INFO generating core.4476
- 1117977227 2005.06.05 R35-M1-N6-C:J11-U11 2005-06-05-06.13.47.464565 R35-M1-N6-C:J11-U11 RAS KERNEL INFO generating core.4477
- 1117977227 2005.06.05 R35-M1-N6-C:J05-U01 2005-06-05-06.13.47.487011 R35-M1-N6-C:J05-U01 RAS KERNEL INFO generating core.4215
- 1117977227 2005.06.05 R35-M1-N6-C:J03-U01 2005-06-05-06.13.47.510001 R35-M1-N6-C:J03-U01 RAS KERNEL INFO generating core.4471
- 1117977227 2005.06.05 R35-M1-N6-C:J05-U11 2005-06-05-06.13.47.532393 R35-M1-N6-C:J05-U11 RAS KERNEL INFO generating core.4223
- 1117977227 2005.06.05 R35-M1-N6-C:J07-U11 2005-06-05-06.13.47.554992 R35-M1-N6-C:J07-U11 RAS KERNEL INFO generating core.4478
- 1117977227 2005.06.05 R35-M1-N6-C:J15-U01 2005-06-05-06.13.47.578856 R35-M1-N6-C:J15-U01 RAS KERNEL INFO generating core.4468
- 1117977227 2005.06.05 R35-M1-N6-C:J17-U01 2005-06-05-06.13.47.608279 R35-M1-N6-C:J17-U01 RAS KERNEL INFO generating core.4212
- 1117977227 2005.06.05 R35-M1-N6-C:J07-U01 2005-06-05-06.13.47.630849 R35-M1-N6-C:J07-U01 RAS KERNEL INFO generating core.4470
- 1117977227 2005.06.05 R35-M1-N6-C:J13-U01 2005-06-05-06.13.47.653425 R35-M1-N6-C:J13-U01 RAS KERNEL INFO generating core.4213
- 1117977227 2005.06.05 R35-M1-N6-C:J16-U11 2005-06-05-06.13.47.675997 R35-M1-N6-C:J16-U11 RAS KERNEL INFO generating core.4204
- 1117977227 2005.06.05 R35-M1-N6-C:J14-U11 2005-06-05-06.13.47.698887 R35-M1-N6-C:J14-U11 RAS KERNEL INFO generating core.4460
- 1117977227 2005.06.05 R35-M1-N6-C:J10-U11 2005-06-05-06.13.47.722431 R35-M1-N6-C:J10-U11 RAS KERNEL INFO generating core.4461
- 1117977227 2005.06.05 R35-M1-N6-C:J12-U11 2005-06-05-06.13.47.757137 R35-M1-N6-C:J12-U11 RAS KERNEL INFO generating core.4205
- 1117977227 2005.06.05 R35-M1-N6-C:J10-U01 2005-06-05-06.13.47.863924 R35-M1-N6-C:J10-U01 RAS KERNEL INFO generating core.4453
- 1117977227 2005.06.05 R35-M1-N6-C:J12-U01 2005-06-05-06.13.47.891129 R35-M1-N6-C:J12-U01 RAS KERNEL INFO generating core.4197
- 1117977227 2005.06.05 R35-M1-N6-C:J08-U01 2005-06-05-06.13.47.943281 R35-M1-N6-C:J08-U01 RAS KERNEL INFO generating core.4198
- 1117977227 2005.06.05 R35-M1-N6-C:J04-U01 2005-06-05-06.13.47.971490 R35-M1-N6-C:J04-U01 RAS KERNEL INFO generating core.4199
- 1117977227 2005.06.05 R35-M1-N6-C:J06-U01 2005-06-05-06.13.47.997099 R35-M1-N6-C:J06-U01 RAS KERNEL INFO generating core.4454
- 1117977229 2005.06.05 R35-M0-NA-C:J11-U11 2005-06-05-06.13.49.324887 R35-M0-NA-C:J11-U11 RAS KERNEL INFO generating core.3421
- 1117977229 2005.06.05 R35-M0-NA-C:J17-U11 2005-06-05-06.13.49.348406 R35-M0-NA-C:J17-U11 RAS KERNEL INFO generating core.3164
- 1117977229 2005.06.05 R35-M0-NA-C:J05-U11 2005-06-05-06.13.49.372638 R35-M0-NA-C:J05-U11 RAS KERNEL INFO generating core.3167
- 1117977229 2005.06.05 R35-M0-NA-C:J15-U01 2005-06-05-06.13.49.399054 R35-M0-NA-C:J15-U01 RAS KERNEL INFO generating core.3412
- 1117977229 2005.06.05 R35-M0-NA-C:J17-U01 2005-06-05-06.13.49.422369 R35-M0-NA-C:J17-U01 RAS KERNEL INFO generating core.3156
- 1117977229 2005.06.05 R35-M0-NA-C:J11-U01 2005-06-05-06.13.49.479636 R35-M0-NA-C:J11-U01 RAS KERNEL INFO generating core.3413
- 1117977229 2005.06.05 R35-M0-NA-C:J07-U01 2005-06-05-06.13.49.503666 R35-M0-NA-C:J07-U01 RAS KERNEL INFO generating core.3414
- 1117977229 2005.06.05 R35-M0-NA-C:J09-U01 2005-06-05-06.13.49.615553 R35-M0-NA-C:J09-U01 RAS KERNEL INFO generating core.3158
- 1117977229 2005.06.05 R35-M0-NA-C:J16-U11 2005-06-05-06.13.49.640021 R35-M0-NA-C:J16-U11 RAS KERNEL INFO generating core.3148
- 1117977229 2005.06.05 R35-M0-NA-C:J08-U11 2005-06-05-06.13.49.664832 R35-M0-NA-C:J08-U11 RAS KERNEL INFO generating core.3150
- 1117977229 2005.06.05 R35-M0-NA-C:J14-U11 2005-06-05-06.13.49.688529 R35-M0-NA-C:J14-U11 RAS KERNEL INFO generating core.3404
- 1117977229 2005.06.05 R35-M0-NA-C:J12-U11 2005-06-05-06.13.49.717140 R35-M0-NA-C:J12-U11 RAS KERNEL INFO generating core.3149
- 1117977229 2005.06.05 R35-M0-NA-C:J16-U01 2005-06-05-06.13.49.745481 R35-M0-NA-C:J16-U01 RAS KERNEL INFO generating core.3140
- 1117977229 2005.06.05 R35-M0-NA-C:J10-U01 2005-06-05-06.13.49.768823 R35-M0-NA-C:J10-U01 RAS KERNEL INFO generating core.3397
- 1117977229 2005.06.05 R35-M0-NA-C:J12-U01 2005-06-05-06.13.49.791867 R35-M0-NA-C:J12-U01 RAS KERNEL INFO generating core.3141
- 1117977229 2005.06.05 R35-M0-NA-C:J04-U01 2005-06-05-06.13.49.815401 R35-M0-NA-C:J04-U01 RAS KERNEL INFO generating core.3143
- 1117977229 2005.06.05 R35-M0-NA-C:J06-U01 2005-06-05-06.13.49.839799 R35-M0-NA-C:J06-U01 RAS KERNEL INFO generating core.3398
- 1117977229 2005.06.05 R35-M0-NA-C:J04-U11 2005-06-05-06.13.49.872422 R35-M0-NA-C:J04-U11 RAS KERNEL INFO generating core.3151
- 1117977229 2005.06.05 R35-M0-NA-C:J02-U01 2005-06-05-06.13.49.911537 R35-M0-NA-C:J02-U01 RAS KERNEL INFO generating core.3399
- 1117977229 2005.06.05 R35-M0-NA-C:J02-U11 2005-06-05-06.13.49.934726 R35-M0-NA-C:J02-U11 RAS KERNEL INFO generating core.3407
- 1117977229 2005.06.05 R35-M1-N2-C:J09-U11 2005-06-05-06.13.49.985373 R35-M1-N2-C:J09-U11 RAS KERNEL INFO generating core.5246
- 1117977230 2005.06.05 R35-M1-N2-C:J03-U11 2005-06-05-06.13.50.008306 R35-M1-N2-C:J03-U11 RAS KERNEL INFO generating core.5503
- 1117977230 2005.06.05 R35-M1-N2-C:J07-U11 2005-06-05-06.13.50.031516 R35-M1-N2-C:J07-U11 RAS KERNEL INFO generating core.5502
- 1117977230 2005.06.05 R35-M1-N2-C:J11-U01 2005-06-05-06.13.50.055895 R35-M1-N2-C:J11-U01 RAS KERNEL INFO generating core.5493
- 1117977230 2005.06.05 R35-M1-N2-C:J13-U01 2005-06-05-06.13.50.080819 R35-M1-N2-C:J13-U01 RAS KERNEL INFO generating core.5237
- 1117977230 2005.06.05 R35-M1-N2-C:J09-U01 2005-06-05-06.13.50.103847 R35-M1-N2-C:J09-U01 RAS KERNEL INFO generating core.5238
- 1117977230 2005.06.05 R35-M1-N2-C:J16-U11 2005-06-05-06.13.50.126834 R35-M1-N2-C:J16-U11 RAS KERNEL INFO generating core.5228
- 1117977230 2005.06.05 R35-M1-N2-C:J08-U11 2005-06-05-06.13.50.150267 R35-M1-N2-C:J08-U11 RAS KERNEL INFO generating core.5230
- 1117977230 2005.06.05 R35-M1-N2-C:J14-U11 2005-06-05-06.13.50.183345 R35-M1-N2-C:J14-U11 RAS KERNEL INFO generating core.5484
- 1117977230 2005.06.05 R35-M1-N2-C:J14-U01 2005-06-05-06.13.50.209387 R35-M1-N2-C:J14-U01 RAS KERNEL INFO generating core.5476
- 1117977230 2005.06.05 R35-M1-N2-C:J10-U01 2005-06-05-06.13.50.234660 R35-M1-N2-C:J10-U01 RAS KERNEL INFO generating core.5477
- 1117977230 2005.06.05 R35-M1-N2-C:J12-U01 2005-06-05-06.13.50.257321 R35-M1-N2-C:J12-U01 RAS KERNEL INFO generating core.5221
- 1117977230 2005.06.05 R35-M1-N2-C:J08-U01 2005-06-05-06.13.50.371887 R35-M1-N2-C:J08-U01 RAS KERNEL INFO generating core.5222
- 1117977230 2005.06.05 R35-M1-N2-C:J04-U01 2005-06-05-06.13.50.396849 R35-M1-N2-C:J04-U01 RAS KERNEL INFO generating core.5223
- 1117977230 2005.06.05 R35-M1-N2-C:J04-U11 2005-06-05-06.13.50.424009 R35-M1-N2-C:J04-U11 RAS KERNEL INFO generating core.5231
- 1117977230 2005.06.05 R35-M1-N2-C:J02-U01 2005-06-05-06.13.50.451226 R35-M1-N2-C:J02-U01 RAS KERNEL INFO generating core.5479
- 1117977230 2005.06.05 R35-M1-N1-C:J17-U11 2005-06-05-06.13.50.498556 R35-M1-N1-C:J17-U11 RAS KERNEL INFO generating core.5752
- 1117977230 2005.06.05 R35-M1-N1-C:J03-U01 2005-06-05-06.13.50.527296 R35-M1-N1-C:J03-U01 RAS KERNEL INFO generating core.6003
- 1117977230 2005.06.05 R35-M1-N1-C:J05-U11 2005-06-05-06.13.50.563097 R35-M1-N1-C:J05-U11 RAS KERNEL INFO generating core.5755
- 1117977230 2005.06.05 R35-M1-N1-C:J07-U11 2005-06-05-06.13.50.587656 R35-M1-N1-C:J07-U11 RAS KERNEL INFO generating core.6010
- 1117977230 2005.06.05 R35-M1-N1-C:J15-U01 2005-06-05-06.13.50.612580 R35-M1-N1-C:J15-U01 RAS KERNEL INFO generating core.6000
- 1117977230 2005.06.05 R35-M1-N1-C:J07-U01 2005-06-05-06.13.50.642842 R35-M1-N1-C:J07-U01 RAS KERNEL INFO generating core.6002
- 1117977230 2005.06.05 R35-M1-N1-C:J13-U01 2005-06-05-06.13.50.671839 R35-M1-N1-C:J13-U01 RAS KERNEL INFO generating core.5745
- 1117977230 2005.06.05 R35-M1-N1-C:J09-U01 2005-06-05-06.13.50.695302 R35-M1-N1-C:J09-U01 RAS KERNEL INFO generating core.5746
- 1117977230 2005.06.05 R35-M1-N1-C:J08-U11 2005-06-05-06.13.50.728363 R35-M1-N1-C:J08-U11 RAS KERNEL INFO generating core.5738
- 1117977230 2005.06.05 R35-M1-N1-C:J14-U11 2005-06-05-06.13.50.751552 R35-M1-N1-C:J14-U11 RAS KERNEL INFO generating core.5992
- 1117977230 2005.06.05 R35-M1-N1-C:J12-U11 2005-06-05-06.13.50.774244 R35-M1-N1-C:J12-U11 RAS KERNEL INFO generating core.5737
- 1117977230 2005.06.05 R35-M1-N1-C:J14-U01 2005-06-05-06.13.50.798572 R35-M1-N1-C:J14-U01 RAS KERNEL INFO generating core.5984
- 1117977230 2005.06.05 R35-M1-N1-C:J10-U01 2005-06-05-06.13.50.822058 R35-M1-N1-C:J10-U01 RAS KERNEL INFO generating core.5985
- 1117977230 2005.06.05 R35-M1-N1-C:J12-U01 2005-06-05-06.13.50.852840 R35-M1-N1-C:J12-U01 RAS KERNEL INFO generating core.5729
- 1117977230 2005.06.05 R35-M1-N1-C:J08-U01 2005-06-05-06.13.50.884593 R35-M1-N1-C:J08-U01 RAS KERNEL INFO generating core.5730
- 1117977230 2005.06.05 R35-M1-N1-C:J04-U01 2005-06-05-06.13.50.910707 R35-M1-N1-C:J04-U01 RAS KERNEL INFO generating core.5731
- 1117977230 2005.06.05 R35-M1-N1-C:J06-U01 2005-06-05-06.13.50.936491 R35-M1-N1-C:J06-U01 RAS KERNEL INFO generating core.5986
- 1117977230 2005.06.05 R35-M1-N1-C:J04-U11 2005-06-05-06.13.50.959532 R35-M1-N1-C:J04-U11 RAS KERNEL INFO generating core.5739
- 1117977231 2005.06.05 R35-M1-N1-C:J02-U11 2005-06-05-06.13.51.010758 R35-M1-N1-C:J02-U11 RAS KERNEL INFO generating core.5995
- 1117977236 2005.06.05 R32-M1-NF-C:J09-U11 2005-06-05-06.13.56.713503 R32-M1-NF-C:J09-U11 RAS KERNEL INFO generating core.6362
- 1117977236 2005.06.05 R32-M1-NF-C:J13-U11 2005-06-05-06.13.56.739207 R32-M1-NF-C:J13-U11 RAS KERNEL INFO generating core.6361
- 1117977236 2005.06.05 R32-M1-NF-C:J05-U01 2005-06-05-06.13.56.784905 R32-M1-NF-C:J05-U01 RAS KERNEL INFO generating core.6355
- 1117977236 2005.06.05 R32-M1-NF-C:J07-U11 2005-06-05-06.13.56.807720 R32-M1-NF-C:J07-U11 RAS KERNEL INFO generating core.6618
- 1117977236 2005.06.05 R32-M1-NF-C:J11-U01 2005-06-05-06.13.56.832157 R32-M1-NF-C:J11-U01 RAS KERNEL INFO generating core.6609
- 1117977236 2005.06.05 R32-M1-NF-C:J07-U01 2005-06-05-06.13.56.866402 R32-M1-NF-C:J07-U01 RAS KERNEL INFO generating core.6610
- 1117977236 2005.06.05 R32-M1-NF-C:J12-U11 2005-06-05-06.13.56.890645 R32-M1-NF-C:J12-U11 RAS KERNEL INFO generating core.6345
- 1117977236 2005.06.05 R32-M1-NF-C:J14-U01 2005-06-05-06.13.56.940579 R32-M1-NF-C:J14-U01 RAS KERNEL INFO generating core.6592
- 1117977237 2005.06.05 R32-M1-NF-C:J10-U01 2005-06-05-06.13.57.027979 R32-M1-NF-C:J10-U01 RAS KERNEL INFO generating core.6593
- 1117977237 2005.06.05 R32-M1-NF-C:J04-U01 2005-06-05-06.13.57.064564 R32-M1-NF-C:J04-U01 RAS KERNEL INFO generating core.6339
- 1117977237 2005.06.05 R32-M1-NF-C:J04-U11 2005-06-05-06.13.57.095407 R32-M1-NF-C:J04-U11 RAS KERNEL INFO generating core.6347
- 1117977237 2005.06.05 R32-M1-N9-C:J09-U11 2005-06-05-06.13.57.130681 R32-M1-N9-C:J09-U11 RAS KERNEL INFO generating core.7898
- 1117977237 2005.06.05 R32-M1-N9-C:J15-U11 2005-06-05-06.13.57.162730 R32-M1-N9-C:J15-U11 RAS KERNEL INFO generating core.8152
- 1117977237 2005.06.05 R32-M1-N9-C:J13-U11 2005-06-05-06.13.57.191216 R32-M1-N9-C:J13-U11 RAS KERNEL INFO generating core.7897
- 1117977237 2005.06.05 R32-M1-N9-C:J05-U01 2005-06-05-06.13.57.228343 R32-M1-N9-C:J05-U01 RAS KERNEL INFO generating core.7891
- 1117977237 2005.06.05 R32-M1-N9-C:J03-U01 2005-06-05-06.13.57.255015 R32-M1-N9-C:J03-U01 RAS KERNEL INFO generating core.8147
- 1117977237 2005.06.05 R32-M1-N9-C:J05-U11 2005-06-05-06.13.57.280096 R32-M1-N9-C:J05-U11 RAS KERNEL INFO generating core.7899
- 1117977237 2005.06.05 R32-M1-N9-C:J03-U11 2005-06-05-06.13.57.305078 R32-M1-N9-C:J03-U11 RAS KERNEL INFO generating core.8155
- 1117977237 2005.06.05 R32-M1-N9-C:J07-U11 2005-06-05-06.13.57.330265 R32-M1-N9-C:J07-U11 RAS KERNEL INFO generating core.8154
- 1117977237 2005.06.05 R32-M1-N9-C:J17-U01 2005-06-05-06.13.57.354516 R32-M1-N9-C:J17-U01 RAS KERNEL INFO generating core.7888
- 1117977237 2005.06.05 R32-M1-N9-C:J11-U01 2005-06-05-06.13.57.377500 R32-M1-N9-C:J11-U01 RAS KERNEL INFO generating core.8145
- 1117977237 2005.06.05 R32-M1-N9-C:J13-U01 2005-06-05-06.13.57.408017 R32-M1-N9-C:J13-U01 RAS KERNEL INFO generating core.7889
- 1117977237 2005.06.05 R32-M1-N9-C:J16-U11 2005-06-05-06.13.57.431490 R32-M1-N9-C:J16-U11 RAS KERNEL INFO generating core.7880
- 1117977237 2005.06.05 R32-M1-N9-C:J08-U11 2005-06-05-06.13.57.456010 R32-M1-N9-C:J08-U11 RAS KERNEL INFO generating core.7882
- 1117977237 2005.06.05 R32-M1-N9-C:J14-U11 2005-06-05-06.13.57.479179 R32-M1-N9-C:J14-U11 RAS KERNEL INFO generating core.8136
- 1117977237 2005.06.05 R32-M1-N9-C:J10-U11 2005-06-05-06.13.57.504170 R32-M1-N9-C:J10-U11 RAS KERNEL INFO generating core.8137
- 1117977237 2005.06.05 R32-M1-N9-C:J06-U11 2005-06-05-06.13.57.527777 R32-M1-N9-C:J06-U11 RAS KERNEL INFO generating core.8138
- 1117977237 2005.06.05 R32-M1-N9-C:J14-U01 2005-06-05-06.13.57.559964 R32-M1-N9-C:J14-U01 RAS KERNEL INFO generating core.8128
- 1117977237 2005.06.05 R32-M1-N9-C:J10-U01 2005-06-05-06.13.57.583179 R32-M1-N9-C:J10-U01 RAS KERNEL INFO generating core.8129
- 1117977237 2005.06.05 R32-M1-N9-C:J08-U01 2005-06-05-06.13.57.644890 R32-M1-N9-C:J08-U01 RAS KERNEL INFO generating core.7874
- 1117977237 2005.06.05 R32-M1-N9-C:J04-U01 2005-06-05-06.13.57.708569 R32-M1-N9-C:J04-U01 RAS KERNEL INFO generating core.7875
- 1117977237 2005.06.05 R32-M1-N9-C:J06-U01 2005-06-05-06.13.57.734596 R32-M1-N9-C:J06-U01 RAS KERNEL INFO generating core.8130
- 1117977237 2005.06.05 R32-M1-N9-C:J04-U11 2005-06-05-06.13.57.760043 R32-M1-N9-C:J04-U11 RAS KERNEL INFO generating core.7883
- 1117977237 2005.06.05 R32-M1-N9-C:J02-U11 2005-06-05-06.13.57.784010 R32-M1-N9-C:J02-U11 RAS KERNEL INFO generating core.8139
- 1117977237 2005.06.05 R32-M1-NE-C:J09-U11 2005-06-05-06.13.57.809558 R32-M1-NE-C:J09-U11 RAS KERNEL INFO generating core.6366
- 1117977237 2005.06.05 R32-M1-NE-C:J17-U11 2005-06-05-06.13.57.835281 R32-M1-NE-C:J17-U11 RAS KERNEL INFO generating core.6364
- 1117977237 2005.06.05 R32-M1-NE-C:J07-U01 2005-06-05-06.13.57.950911 R32-M1-NE-C:J07-U01 RAS KERNEL INFO generating core.6614
- 1117977237 2005.06.05 R32-M1-NE-C:J09-U01 2005-06-05-06.13.57.984021 R32-M1-NE-C:J09-U01 RAS KERNEL INFO generating core.6358
- 1117977238 2005.06.05 R32-M1-NE-C:J10-U11 2005-06-05-06.13.58.020815 R32-M1-NE-C:J10-U11 RAS KERNEL INFO generating core.6605
- 1117977238 2005.06.05 R32-M1-NE-C:J12-U11 2005-06-05-06.13.58.044677 R32-M1-NE-C:J12-U11 RAS KERNEL INFO generating core.6349
- 1117977238 2005.06.05 R32-M1-NE-C:J14-U01 2005-06-05-06.13.58.082839 R32-M1-NE-C:J14-U01 RAS KERNEL INFO generating core.6596
- 1117977238 2005.06.05 R32-M1-NE-C:J16-U01 2005-06-05-06.13.58.107257 R32-M1-NE-C:J16-U01 RAS KERNEL INFO generating core.6340
- 1117977238 2005.06.05 R32-M1-NE-C:J10-U01 2005-06-05-06.13.58.150243 R32-M1-NE-C:J10-U01 RAS KERNEL INFO generating core.6597
- 1117977238 2005.06.05 R32-M1-NE-C:J04-U01 2005-06-05-06.13.58.174817 R32-M1-NE-C:J04-U01 RAS KERNEL INFO generating core.6343
- 1117977238 2005.06.05 R35-M0-N5-C:J09-U11 2005-06-05-06.13.58.256910 R35-M0-N5-C:J09-U11 RAS KERNEL INFO generating core.2682
- 1117977238 2005.06.05 R35-M0-N5-C:J15-U11 2005-06-05-06.13.58.281328 R35-M0-N5-C:J15-U11 RAS KERNEL INFO generating core.2936
- 1117977238 2005.06.05 R35-M0-N5-C:J13-U11 2005-06-05-06.13.58.305533 R35-M0-N5-C:J13-U11 RAS KERNEL INFO generating core.2681
- 1117977238 2005.06.05 R35-M0-N5-C:J17-U11 2005-06-05-06.13.58.332797 R35-M0-N5-C:J17-U11 RAS KERNEL INFO generating core.2680
- 1117977238 2005.06.05 R35-M0-N5-C:J05-U01 2005-06-05-06.13.58.368898 R35-M0-N5-C:J05-U01 RAS KERNEL INFO generating core.2675
- 1117977238 2005.06.05 R35-M0-N5-C:J03-U11 2005-06-05-06.13.58.391931 R35-M0-N5-C:J03-U11 RAS KERNEL INFO generating core.2939
- 1117977238 2005.06.05 R35-M0-N5-C:J11-U01 2005-06-05-06.13.58.415180 R35-M0-N5-C:J11-U01 RAS KERNEL INFO generating core.2929
- 1117977238 2005.06.05 R35-M0-N5-C:J13-U01 2005-06-05-06.13.58.438960 R35-M0-N5-C:J13-U01 RAS KERNEL INFO generating core.2673
- 1117977238 2005.06.05 R35-M0-N5-C:J09-U01 2005-06-05-06.13.58.462009 R35-M0-N5-C:J09-U01 RAS KERNEL INFO generating core.2674
- 1117977238 2005.06.05 R35-M0-N5-C:J16-U11 2005-06-05-06.13.58.504080 R35-M0-N5-C:J16-U11 RAS KERNEL INFO generating core.2664
- 1117977238 2005.06.05 R35-M0-N5-C:J14-U11 2005-06-05-06.13.58.528380 R35-M0-N5-C:J14-U11 RAS KERNEL INFO generating core.2920
- 1117977238 2005.06.05 R35-M0-N5-C:J10-U11 2005-06-05-06.13.58.588269 R35-M0-N5-C:J10-U11 RAS KERNEL INFO generating core.2921
- 1117977238 2005.06.05 R35-M0-N5-C:J06-U11 2005-06-05-06.13.58.611762 R35-M0-N5-C:J06-U11 RAS KERNEL INFO generating core.2922
- 1117977238 2005.06.05 R35-M0-N5-C:J12-U11 2005-06-05-06.13.58.659528 R35-M0-N5-C:J12-U11 RAS KERNEL INFO generating core.2665
- 1117977238 2005.06.05 R35-M0-N5-C:J10-U01 2005-06-05-06.13.58.770068 R35-M0-N5-C:J10-U01 RAS KERNEL INFO generating core.2913
- 1117977238 2005.06.05 R35-M0-N5-C:J12-U01 2005-06-05-06.13.58.795178 R35-M0-N5-C:J12-U01 RAS KERNEL INFO generating core.2657
- 1117977238 2005.06.05 R35-M0-N5-C:J08-U01 2005-06-05-06.13.58.819973 R35-M0-N5-C:J08-U01 RAS KERNEL INFO generating core.2658
- 1117977238 2005.06.05 R35-M0-N5-C:J06-U01 2005-06-05-06.13.58.844213 R35-M0-N5-C:J06-U01 RAS KERNEL INFO generating core.2914
- 1117977238 2005.06.05 R35-M0-N5-C:J04-U11 2005-06-05-06.13.58.871004 R35-M0-N5-C:J04-U11 RAS KERNEL INFO generating core.2667
- 1117977238 2005.06.05 R32-M1-N3-C:J15-U11 2005-06-05-06.13.58.893426 R32-M1-N3-C:J15-U11 RAS KERNEL INFO generating core.7672
- 1117977238 2005.06.05 R32-M1-N3-C:J17-U11 2005-06-05-06.13.58.933176 R32-M1-N3-C:J17-U11 RAS KERNEL INFO generating core.7416
- 1117977238 2005.06.05 R32-M1-N3-C:J05-U01 2005-06-05-06.13.58.956110 R32-M1-N3-C:J05-U01 RAS KERNEL INFO generating core.7411
- 1117977238 2005.06.05 R32-M1-N3-C:J03-U01 2005-06-05-06.13.58.981136 R32-M1-N3-C:J03-U01 RAS KERNEL INFO generating core.7667
- 1117977239 2005.06.05 R32-M1-N3-C:J05-U11 2005-06-05-06.13.59.004152 R32-M1-N3-C:J05-U11 RAS KERNEL INFO generating core.7419
- 1117977239 2005.06.05 R32-M1-N3-C:J03-U11 2005-06-05-06.13.59.027499 R32-M1-N3-C:J03-U11 RAS KERNEL INFO generating core.7675
- 1117977239 2005.06.05 R32-M1-N3-C:J07-U11 2005-06-05-06.13.59.066579 R32-M1-N3-C:J07-U11 RAS KERNEL INFO generating core.7674
- 1117977239 2005.06.05 R32-M1-N3-C:J13-U01 2005-06-05-06.13.59.101378 R32-M1-N3-C:J13-U01 RAS KERNEL INFO generating core.7409
- 1117977239 2005.06.05 R32-M1-N3-C:J08-U11 2005-06-05-06.13.59.124345 R32-M1-N3-C:J08-U11 RAS KERNEL INFO generating core.7402
- 1117977239 2005.06.05 R32-M1-N3-C:J10-U11 2005-06-05-06.13.59.166041 R32-M1-N3-C:J10-U11 RAS KERNEL INFO generating core.7657
- 1117977239 2005.06.05 R32-M1-N3-C:J14-U01 2005-06-05-06.13.59.189589 R32-M1-N3-C:J14-U01 RAS KERNEL INFO generating core.7648
- 1117977239 2005.06.05 R32-M1-N3-C:J10-U01 2005-06-05-06.13.59.212931 R32-M1-N3-C:J10-U01 RAS KERNEL INFO generating core.7649
- 1117977239 2005.06.05 R32-M1-N3-C:J06-U01 2005-06-05-06.13.59.235559 R32-M1-N3-C:J06-U01 RAS KERNEL INFO generating core.7650
- 1117977239 2005.06.05 R32-M1-N3-C:J04-U11 2005-06-05-06.13.59.258526 R32-M1-N3-C:J04-U11 RAS KERNEL INFO generating core.7403
- 1117977239 2005.06.05 R32-M1-N3-C:J02-U01 2005-06-05-06.13.59.282372 R32-M1-N3-C:J02-U01 RAS KERNEL INFO generating core.7651
- 1117977239 2005.06.05 R32-M1-N1-C:J15-U11 2005-06-05-06.13.59.304941 R32-M1-N1-C:J15-U11 RAS KERNEL INFO generating core.8184
- 1117977239 2005.06.05 R32-M1-N1-C:J11-U11 2005-06-05-06.13.59.328227 R32-M1-N1-C:J11-U11 RAS KERNEL INFO generating core.8185
- 1117977239 2005.06.05 R32-M1-N1-C:J05-U11 2005-06-05-06.13.59.350712 R32-M1-N1-C:J05-U11 RAS KERNEL INFO generating core.7931
- 1117977239 2005.06.05 R32-M1-N1-C:J17-U01 2005-06-05-06.13.59.374344 R32-M1-N1-C:J17-U01 RAS KERNEL INFO generating core.7920
- 1117977239 2005.06.05 R32-M1-N1-C:J12-U11 2005-06-05-06.13.59.397352 R32-M1-N1-C:J12-U11 RAS KERNEL INFO generating core.7913
- 1117977239 2005.06.05 R32-M1-N1-C:J12-U01 2005-06-05-06.13.59.419807 R32-M1-N1-C:J12-U01 RAS KERNEL INFO generating core.7905
- 1117977239 2005.06.05 R32-M1-N1-C:J06-U01 2005-06-05-06.13.59.443315 R32-M1-N1-C:J06-U01 RAS KERNEL INFO generating core.8162
- 1117977239 2005.06.05 R32-M0-N1-C:J15-U11 2005-06-05-06.13.59.479509 R32-M0-N1-C:J15-U11 RAS KERNEL INFO generating core.2040
- 1117977239 2005.06.05 R32-M0-N1-C:J11-U11 2005-06-05-06.13.59.502626 R32-M0-N1-C:J11-U11 RAS KERNEL INFO generating core.2041
- 1117977239 2005.06.05 R32-M0-N1-C:J13-U11 2005-06-05-06.13.59.525468 R32-M0-N1-C:J13-U11 RAS KERNEL INFO generating core.1785
- 1117977239 2005.06.05 R32-M0-N1-C:J05-U01 2005-06-05-06.13.59.548024 R32-M0-N1-C:J05-U01 RAS KERNEL INFO generating core.1779
- 1117977239 2005.06.05 R32-M0-N1-C:J09-U01 2005-06-05-06.13.59.571120 R32-M0-N1-C:J09-U01 RAS KERNEL INFO generating core.1778
- 1117977239 2005.06.05 R32-M0-N1-C:J08-U11 2005-06-05-06.13.59.698947 R32-M0-N1-C:J08-U11 RAS KERNEL INFO generating core.1770
- 1117977239 2005.06.05 R32-M0-N1-C:J10-U11 2005-06-05-06.13.59.788598 R32-M0-N1-C:J10-U11 RAS KERNEL INFO generating core.2025
- 1117977239 2005.06.05 R32-M0-N1-C:J06-U11 2005-06-05-06.13.59.815457 R32-M0-N1-C:J06-U11 RAS KERNEL INFO generating core.2026
- 1117977239 2005.06.05 R32-M0-N1-C:J12-U11 2005-06-05-06.13.59.839406 R32-M0-N1-C:J12-U11 RAS KERNEL INFO generating core.1769
- 1117977239 2005.06.05 R32-M0-N1-C:J14-U01 2005-06-05-06.13.59.862989 R32-M0-N1-C:J14-U01 RAS KERNEL INFO generating core.2016
- 1117977239 2005.06.05 R32-M0-N1-C:J16-U01 2005-06-05-06.13.59.888080 R32-M0-N1-C:J16-U01 RAS KERNEL INFO generating core.1760
- 1117977239 2005.06.05 R32-M0-N1-C:J10-U01 2005-06-05-06.13.59.910666 R32-M0-N1-C:J10-U01 RAS KERNEL INFO generating core.2017
- 1117977239 2005.06.05 R32-M0-N1-C:J12-U01 2005-06-05-06.13.59.933233 R32-M0-N1-C:J12-U01 RAS KERNEL INFO generating core.1761
- 1117977239 2005.06.05 R32-M0-N1-C:J08-U01 2005-06-05-06.13.59.956394 R32-M0-N1-C:J08-U01 RAS KERNEL INFO generating core.1762
- 1117977239 2005.06.05 R32-M0-N1-C:J04-U01 2005-06-05-06.13.59.978834 R32-M0-N1-C:J04-U01 RAS KERNEL INFO generating core.1763
- 1117977240 2005.06.05 R32-M0-N1-C:J06-U01 2005-06-05-06.14.00.003731 R32-M0-N1-C:J06-U01 RAS KERNEL INFO generating core.2018
- 1117977240 2005.06.05 R32-M0-N1-C:J02-U01 2005-06-05-06.14.00.036293 R32-M0-N1-C:J02-U01 RAS KERNEL INFO generating core.2019
- 1117977240 2005.06.05 R32-M0-N1-C:J02-U11 2005-06-05-06.14.00.058678 R32-M0-N1-C:J02-U11 RAS KERNEL INFO generating core.2027
- 1117977240 2005.06.05 R32-M0-N5-C:J15-U11 2005-06-05-06.14.00.082532 R32-M0-N5-C:J15-U11 RAS KERNEL INFO generating core.1016
- 1117977240 2005.06.05 R32-M0-N5-C:J11-U11 2005-06-05-06.14.00.125591 R32-M0-N5-C:J11-U11 RAS KERNEL INFO generating core.1017
- 1117977240 2005.06.05 R32-M0-N5-C:J13-U11 2005-06-05-06.14.00.149783 R32-M0-N5-C:J13-U11 RAS KERNEL INFO generating core.761
- 1117977240 2005.06.05 R32-M0-N5-C:J17-U11 2005-06-05-06.14.00.184187 R32-M0-N5-C:J17-U11 RAS KERNEL INFO generating core.760
- 1117977240 2005.06.05 R32-M0-N5-C:J05-U01 2005-06-05-06.14.00.209033 R32-M0-N5-C:J05-U01 RAS KERNEL INFO generating core.755
- 1117977240 2005.06.05 R32-M0-N5-C:J03-U01 2005-06-05-06.14.00.232216 R32-M0-N5-C:J03-U01 RAS KERNEL INFO generating core.1011
- 1117977240 2005.06.05 R32-M0-N5-C:J05-U11 2005-06-05-06.14.00.254717 R32-M0-N5-C:J05-U11 RAS KERNEL INFO generating core.763
- 1117977240 2005.06.05 R32-M0-N5-C:J15-U01 2005-06-05-06.14.00.277182 R32-M0-N5-C:J15-U01 RAS KERNEL INFO generating core.1008
- 1117977240 2005.06.05 R32-M0-N5-C:J17-U01 2005-06-05-06.14.00.299692 R32-M0-N5-C:J17-U01 RAS KERNEL INFO generating core.752
- 1117977240 2005.06.05 R32-M0-N5-C:J07-U01 2005-06-05-06.14.00.322754 R32-M0-N5-C:J07-U01 RAS KERNEL INFO generating core.1010
- 1117977240 2005.06.05 R32-M0-N5-C:J13-U01 2005-06-05-06.14.00.435911 R32-M0-N5-C:J13-U01 RAS KERNEL INFO generating core.753
- 1117977240 2005.06.05 R32-M0-N5-C:J08-U11 2005-06-05-06.14.00.460176 R32-M0-N5-C:J08-U11 RAS KERNEL INFO generating core.746
- 1117977240 2005.06.05 R32-M0-N5-C:J12-U11 2005-06-05-06.14.00.482839 R32-M0-N5-C:J12-U11 RAS KERNEL INFO generating core.745
- 1117977240 2005.06.05 R32-M0-N5-C:J14-U01 2005-06-05-06.14.00.505791 R32-M0-N5-C:J14-U01 RAS KERNEL INFO generating core.992
- 1117977240 2005.06.05 R32-M0-N5-C:J12-U01 2005-06-05-06.14.00.544260 R32-M0-N5-C:J12-U01 RAS KERNEL INFO generating core.737
- 1117977240 2005.06.05 R32-M0-N5-C:J08-U01 2005-06-05-06.14.00.567821 R32-M0-N5-C:J08-U01 RAS KERNEL INFO generating core.738
- 1117977240 2005.06.05 R32-M0-N5-C:J06-U01 2005-06-05-06.14.00.591619 R32-M0-N5-C:J06-U01 RAS KERNEL INFO generating core.994
- 1117977240 2005.06.05 R32-M0-N5-C:J02-U01 2005-06-05-06.14.00.629988 R32-M0-N5-C:J02-U01 RAS KERNEL INFO generating core.995
- 1117977241 2005.06.05 R32-M1-N2-C:J15-U11 2005-06-05-06.14.01.257733 R32-M1-N2-C:J15-U11 RAS KERNEL INFO generating core.7676
- 1117977241 2005.06.05 R32-M1-N2-C:J11-U11 2005-06-05-06.14.01.361790 R32-M1-N2-C:J11-U11 RAS KERNEL INFO generating core.7677
- 1117977241 2005.06.05 R32-M1-N2-C:J03-U01 2005-06-05-06.14.01.398795 R32-M1-N2-C:J03-U01 RAS KERNEL INFO generating core.7671
- 1117977241 2005.06.05 R32-M1-N2-C:J03-U11 2005-06-05-06.14.01.424376 R32-M1-N2-C:J03-U11 RAS KERNEL INFO generating core.7679
- 1117977241 2005.06.05 R32-M1-N2-C:J07-U11 2005-06-05-06.14.01.446539 R32-M1-N2-C:J07-U11 RAS KERNEL INFO generating core.7678
- 1117977241 2005.06.05 R32-M1-N2-C:J11-U01 2005-06-05-06.14.01.468580 R32-M1-N2-C:J11-U01 RAS KERNEL INFO generating core.7669
- 1117977241 2005.06.05 R32-M1-N2-C:J07-U01 2005-06-05-06.14.01.493936 R32-M1-N2-C:J07-U01 RAS KERNEL INFO generating core.7670
- 1117977241 2005.06.05 R32-M1-N2-C:J16-U11 2005-06-05-06.14.01.596398 R32-M1-N2-C:J16-U11 RAS KERNEL INFO generating core.7404
- 1117977241 2005.06.05 R32-M1-N2-C:J14-U11 2005-06-05-06.14.01.619872 R32-M1-N2-C:J14-U11 RAS KERNEL INFO generating core.7660
- 1117977241 2005.06.05 R32-M1-N2-C:J16-U01 2005-06-05-06.14.01.649528 R32-M1-N2-C:J16-U01 RAS KERNEL INFO generating core.7396
- 1117977241 2005.06.05 R32-M1-N2-C:J06-U01 2005-06-05-06.14.01.672741 R32-M1-N2-C:J06-U01 RAS KERNEL INFO generating core.7654
- 1117977241 2005.06.05 R32-M1-ND-C:J09-U11 2005-06-05-06.14.01.712281 R32-M1-ND-C:J09-U11 RAS KERNEL INFO generating core.6874
- 1117977241 2005.06.05 R32-M1-ND-C:J15-U11 2005-06-05-06.14.01.742543 R32-M1-ND-C:J15-U11 RAS KERNEL INFO generating core.7128
- 1117977241 2005.06.05 R32-M1-ND-C:J11-U11 2005-06-05-06.14.01.765491 R32-M1-ND-C:J11-U11 RAS KERNEL INFO generating core.7129
- 1117977241 2005.06.05 R32-M1-ND-C:J13-U11 2005-06-05-06.14.01.787790 R32-M1-ND-C:J13-U11 RAS KERNEL INFO generating core.6873
- 1117977241 2005.06.05 R32-M1-ND-C:J17-U11 2005-06-05-06.14.01.811072 R32-M1-ND-C:J17-U11 RAS KERNEL INFO generating core.6872
- 1117977241 2005.06.05 R32-M1-ND-C:J05-U01 2005-06-05-06.14.01.833941 R32-M1-ND-C:J05-U01 RAS KERNEL INFO generating core.6867
- 1117977241 2005.06.05 R32-M1-ND-C:J03-U11 2005-06-05-06.14.01.857929 R32-M1-ND-C:J03-U11 RAS KERNEL INFO generating core.7131
- 1117977241 2005.06.05 R32-M1-ND-C:J15-U01 2005-06-05-06.14.01.882462 R32-M1-ND-C:J15-U01 RAS KERNEL INFO generating core.7120
- 1117977241 2005.06.05 R32-M1-ND-C:J07-U01 2005-06-05-06.14.01.905218 R32-M1-ND-C:J07-U01 RAS KERNEL INFO generating core.7122
- 1117977241 2005.06.05 R32-M1-ND-C:J13-U01 2005-06-05-06.14.01.927412 R32-M1-ND-C:J13-U01 RAS KERNEL INFO generating core.6865
- 1117977241 2005.06.05 R32-M1-ND-C:J09-U01 2005-06-05-06.14.01.949292 R32-M1-ND-C:J09-U01 RAS KERNEL INFO generating core.6866
- 1117977241 2005.06.05 R32-M1-ND-C:J16-U11 2005-06-05-06.14.01.971179 R32-M1-ND-C:J16-U11 RAS KERNEL INFO generating core.6856
- 1117977241 2005.06.05 R32-M1-ND-C:J08-U11 2005-06-05-06.14.01.993261 R32-M1-ND-C:J08-U11 RAS KERNEL INFO generating core.6858
- 1117977242 2005.06.05 R32-M1-ND-C:J14-U11 2005-06-05-06.14.02.113959 R32-M1-ND-C:J14-U11 RAS KERNEL INFO generating core.7112
- 1117977242 2005.06.05 R32-M1-ND-C:J10-U11 2005-06-05-06.14.02.138375 R32-M1-ND-C:J10-U11 RAS KERNEL INFO generating core.7113
- 1117977242 2005.06.05 R32-M1-ND-C:J06-U11 2005-06-05-06.14.02.162985 R32-M1-ND-C:J06-U11 RAS KERNEL INFO generating core.7114
- 1117977242 2005.06.05 R32-M1-ND-C:J12-U11 2005-06-05-06.14.02.184951 R32-M1-ND-C:J12-U11 RAS KERNEL INFO generating core.6857
- 1117977242 2005.06.05 R32-M1-ND-C:J10-U01 2005-06-05-06.14.02.228422 R32-M1-ND-C:J10-U01 RAS KERNEL INFO generating core.7105
- 1117977242 2005.06.05 R32-M1-ND-C:J08-U01 2005-06-05-06.14.02.250785 R32-M1-ND-C:J08-U01 RAS KERNEL INFO generating core.6850
- 1117977242 2005.06.05 R32-M1-ND-C:J04-U01 2005-06-05-06.14.02.282423 R32-M1-ND-C:J04-U01 RAS KERNEL INFO generating core.6851
- 1117977242 2005.06.05 R32-M1-ND-C:J02-U11 2005-06-05-06.14.02.303988 R32-M1-ND-C:J02-U11 RAS KERNEL INFO generating core.7115
- 1117977242 2005.06.05 R32-M1-N5-C:J09-U11 2005-06-05-06.14.02.328467 R32-M1-N5-C:J09-U11 RAS KERNEL INFO generating core.6906
- 1117977242 2005.06.05 R32-M1-N5-C:J11-U11 2005-06-05-06.14.02.445378 R32-M1-N5-C:J11-U11 RAS KERNEL INFO generating core.7161
- 1117977242 2005.06.05 R32-M1-N5-C:J03-U01 2005-06-05-06.14.02.468431 R32-M1-N5-C:J03-U01 RAS KERNEL INFO generating core.7155
- 1117977242 2005.06.05 R32-M1-N5-C:J03-U11 2005-06-05-06.14.02.493780 R32-M1-N5-C:J03-U11 RAS KERNEL INFO generating core.7163
- 1117977242 2005.06.05 R32-M1-N5-C:J15-U01 2005-06-05-06.14.02.515382 R32-M1-N5-C:J15-U01 RAS KERNEL INFO generating core.7152
- 1117977242 2005.06.05 R32-M1-N5-C:J17-U01 2005-06-05-06.14.02.537548 R32-M1-N5-C:J17-U01 RAS KERNEL INFO generating core.6896
- 1117977242 2005.06.05 R32-M1-N5-C:J11-U01 2005-06-05-06.14.02.559305 R32-M1-N5-C:J11-U01 RAS KERNEL INFO generating core.7153
- 1117977242 2005.06.05 R32-M1-N5-C:J08-U11 2005-06-05-06.14.02.581158 R32-M1-N5-C:J08-U11 RAS KERNEL INFO generating core.6890
- 1117977242 2005.06.05 R32-M1-N5-C:J10-U01 2005-06-05-06.14.02.760002 R32-M1-N5-C:J10-U01 RAS KERNEL INFO generating core.7137
- 1117977242 2005.06.05 R32-M1-N5-C:J12-U01 2005-06-05-06.14.02.789570 R32-M1-N5-C:J12-U01 RAS KERNEL INFO generating core.6881
- 1117977242 2005.06.05 R32-M1-N5-C:J04-U01 2005-06-05-06.14.02.817618 R32-M1-N5-C:J04-U01 RAS KERNEL INFO generating core.6883
- 1117977242 2005.06.05 R32-M1-N5-C:J06-U01 2005-06-05-06.14.02.843826 R32-M1-N5-C:J06-U01 RAS KERNEL INFO generating core.7138
- 1117977242 2005.06.05 R32-M1-N5-C:J04-U11 2005-06-05-06.14.02.868441 R32-M1-N5-C:J04-U11 RAS KERNEL INFO generating core.6891
- 1117977242 2005.06.05 R32-M1-N5-C:J02-U11 2005-06-05-06.14.02.890902 R32-M1-N5-C:J02-U11 RAS KERNEL INFO generating core.7147
- 1117977242 2005.06.05 R32-M1-NA-C:J11-U11 2005-06-05-06.14.02.912541 R32-M1-NA-C:J11-U11 RAS KERNEL INFO generating core.7645
- 1117977243 2005.06.05 R32-M1-NA-C:J17-U11 2005-06-05-06.14.03.020461 R32-M1-NA-C:J17-U11 RAS KERNEL INFO generating core.7388
- 1117977243 2005.06.05 R32-M1-NA-C:J05-U01 2005-06-05-06.14.03.043168 R32-M1-NA-C:J05-U01 RAS KERNEL INFO generating core.7383
- 1117977243 2005.06.05 R32-M1-NA-C:J05-U11 2005-06-05-06.14.03.065587 R32-M1-NA-C:J05-U11 RAS KERNEL INFO generating core.7391
- 1117977243 2005.06.05 R32-M1-NA-C:J03-U11 2005-06-05-06.14.03.088027 R32-M1-NA-C:J03-U11 RAS KERNEL INFO generating core.7647
- 1117977243 2005.06.05 R32-M1-NA-C:J07-U11 2005-06-05-06.14.03.110589 R32-M1-NA-C:J07-U11 RAS KERNEL INFO generating core.7646
- 1117977243 2005.06.05 R32-M1-NA-C:J17-U01 2005-06-05-06.14.03.133120 R32-M1-NA-C:J17-U01 RAS KERNEL INFO generating core.7380
- 1117977243 2005.06.05 R32-M1-NA-C:J11-U01 2005-06-05-06.14.03.156160 R32-M1-NA-C:J11-U01 RAS KERNEL INFO generating core.7637
- 1117977243 2005.06.05 R32-M1-NA-C:J13-U01 2005-06-05-06.14.03.178624 R32-M1-NA-C:J13-U01 RAS KERNEL INFO generating core.7381
- 1117977243 2005.06.05 R32-M1-NA-C:J09-U01 2005-06-05-06.14.03.201375 R32-M1-NA-C:J09-U01 RAS KERNEL INFO generating core.7382
- 1117977243 2005.06.05 R32-M1-NA-C:J14-U11 2005-06-05-06.14.03.241772 R32-M1-NA-C:J14-U11 RAS KERNEL INFO generating core.7628
- 1117977243 2005.06.05 R32-M1-NA-C:J10-U11 2005-06-05-06.14.03.264517 R32-M1-NA-C:J10-U11 RAS KERNEL INFO generating core.7629
- 1117977243 2005.06.05 R32-M1-NA-C:J12-U11 2005-06-05-06.14.03.287637 R32-M1-NA-C:J12-U11 RAS KERNEL INFO generating core.7373
- 1117977243 2005.06.05 R32-M1-NA-C:J16-U01 2005-06-05-06.14.03.309986 R32-M1-NA-C:J16-U01 RAS KERNEL INFO generating core.7364
- 1117977243 2005.06.05 R32-M1-NA-C:J12-U01 2005-06-05-06.14.03.433119 R32-M1-NA-C:J12-U01 RAS KERNEL INFO generating core.7365
- 1117977243 2005.06.05 R32-M1-NA-C:J08-U01 2005-06-05-06.14.03.528365 R32-M1-NA-C:J08-U01 RAS KERNEL INFO generating core.7366
- 1117977243 2005.06.05 R32-M1-NA-C:J06-U01 2005-06-05-06.14.03.551363 R32-M1-NA-C:J06-U01 RAS KERNEL INFO generating core.7622
- 1117977243 2005.06.05 R32-M1-NA-C:J02-U01 2005-06-05-06.14.03.582046 R32-M1-NA-C:J02-U01 RAS KERNEL INFO generating core.7623
- 1117977243 2005.06.05 R32-M1-NB-C:J09-U11 2005-06-05-06.14.03.604510 R32-M1-NB-C:J09-U11 RAS KERNEL INFO generating core.7386
- 1117977243 2005.06.05 R32-M1-NB-C:J11-U11 2005-06-05-06.14.03.633992 R32-M1-NB-C:J11-U11 RAS KERNEL INFO generating core.7641
- 1117977243 2005.06.05 R32-M1-NB-C:J13-U11 2005-06-05-06.14.03.656617 R32-M1-NB-C:J13-U11 RAS KERNEL INFO generating core.7385
- 1117977243 2005.06.05 R32-M1-NB-C:J17-U11 2005-06-05-06.14.03.689089 R32-M1-NB-C:J17-U11 RAS KERNEL INFO generating core.7384
- 1117977243 2005.06.05 R32-M1-NB-C:J05-U01 2005-06-05-06.14.03.711704 R32-M1-NB-C:J05-U01 RAS KERNEL INFO generating core.7379
- 1117977243 2005.06.05 R32-M1-NB-C:J03-U01 2005-06-05-06.14.03.748565 R32-M1-NB-C:J03-U01 RAS KERNEL INFO generating core.7635
- 1117977243 2005.06.05 R32-M1-NB-C:J05-U11 2005-06-05-06.14.03.771175 R32-M1-NB-C:J05-U11 RAS KERNEL INFO generating core.7387
- 1117977243 2005.06.05 R32-M1-NB-C:J03-U11 2005-06-05-06.14.03.793532 R32-M1-NB-C:J03-U11 RAS KERNEL INFO generating core.7643
- 1117977243 2005.06.05 R32-M1-NB-C:J07-U11 2005-06-05-06.14.03.816480 R32-M1-NB-C:J07-U11 RAS KERNEL INFO generating core.7642
- 1117977243 2005.06.05 R32-M1-NB-C:J15-U01 2005-06-05-06.14.03.839063 R32-M1-NB-C:J15-U01 RAS KERNEL INFO generating core.7632
- 1117977243 2005.06.05 R32-M1-NB-C:J11-U01 2005-06-05-06.14.03.861623 R32-M1-NB-C:J11-U01 RAS KERNEL INFO generating core.7633
- 1117977243 2005.06.05 R32-M1-NB-C:J07-U01 2005-06-05-06.14.03.883947 R32-M1-NB-C:J07-U01 RAS KERNEL INFO generating core.7634
- 1117977243 2005.06.05 R32-M1-NB-C:J13-U01 2005-06-05-06.14.03.909520 R32-M1-NB-C:J13-U01 RAS KERNEL INFO generating core.7377
- 1117977243 2005.06.05 R32-M1-NB-C:J16-U11 2005-06-05-06.14.03.932521 R32-M1-NB-C:J16-U11 RAS KERNEL INFO generating core.7368
- 1117977244 2005.06.05 R32-M1-NB-C:J08-U11 2005-06-05-06.14.04.042689 R32-M1-NB-C:J08-U11 RAS KERNEL INFO generating core.7370
- 1117977244 2005.06.05 R32-M1-NB-C:J10-U11 2005-06-05-06.14.04.066033 R32-M1-NB-C:J10-U11 RAS KERNEL INFO generating core.7625
- 1117977244 2005.06.05 R32-M1-NB-C:J12-U11 2005-06-05-06.14.04.088764 R32-M1-NB-C:J12-U11 RAS KERNEL INFO generating core.7369
- 1117977244 2005.06.05 R32-M1-NB-C:J14-U01 2005-06-05-06.14.04.111521 R32-M1-NB-C:J14-U01 RAS KERNEL INFO generating core.7616
- 1117977244 2005.06.05 R32-M1-NB-C:J16-U01 2005-06-05-06.14.04.134476 R32-M1-NB-C:J16-U01 RAS KERNEL INFO generating core.7360
- 1117977244 2005.06.05 R32-M1-NB-C:J12-U01 2005-06-05-06.14.04.156960 R32-M1-NB-C:J12-U01 RAS KERNEL INFO generating core.7361
- 1117977244 2005.06.05 R32-M1-NB-C:J04-U01 2005-06-05-06.14.04.180825 R32-M1-NB-C:J04-U01 RAS KERNEL INFO generating core.7363
- 1117977244 2005.06.05 R32-M1-NB-C:J06-U01 2005-06-05-06.14.04.203539 R32-M1-NB-C:J06-U01 RAS KERNEL INFO generating core.7618
- 1117977244 2005.06.05 R32-M1-NB-C:J02-U01 2005-06-05-06.14.04.226334 R32-M1-NB-C:J02-U01 RAS KERNEL INFO generating core.7619
- 1117977244 2005.06.05 R35-M0-N1-C:J05-U01 2005-06-05-06.14.04.261744 R35-M0-N1-C:J05-U01 RAS KERNEL INFO generating core.3699
- 1117977244 2005.06.05 R35-M0-N1-C:J05-U11 2005-06-05-06.14.04.285017 R35-M0-N1-C:J05-U11 RAS KERNEL INFO generating core.3707
- 1117977244 2005.06.05 R35-M0-N1-C:J03-U11 2005-06-05-06.14.04.307972 R35-M0-N1-C:J03-U11 RAS KERNEL INFO generating core.3963
- 1117977244 2005.06.05 R35-M0-N1-C:J11-U01 2005-06-05-06.14.04.331059 R35-M0-N1-C:J11-U01 RAS KERNEL INFO generating core.3953
- 1117977244 2005.06.05 R35-M0-N1-C:J07-U01 2005-06-05-06.14.04.354423 R35-M0-N1-C:J07-U01 RAS KERNEL INFO generating core.3954
- 1117977244 2005.06.05 R35-M0-N1-C:J13-U01 2005-06-05-06.14.04.383434 R35-M0-N1-C:J13-U01 RAS KERNEL INFO generating core.3697
- 1117977244 2005.06.05 R35-M0-N1-C:J09-U01 2005-06-05-06.14.04.406412 R35-M0-N1-C:J09-U01 RAS KERNEL INFO generating core.3698
- 1117977244 2005.06.05 R35-M0-N1-C:J08-U11 2005-06-05-06.14.04.429400 R35-M0-N1-C:J08-U11 RAS KERNEL INFO generating core.3690
- 1117977244 2005.06.05 R35-M0-N1-C:J14-U11 2005-06-05-06.14.04.453857 R35-M0-N1-C:J14-U11 RAS KERNEL INFO generating core.3944
- 1117977244 2005.06.05 R35-M0-N1-C:J16-U01 2005-06-05-06.14.04.557098 R35-M0-N1-C:J16-U01 RAS KERNEL INFO generating core.3680
- 1117977244 2005.06.05 R35-M0-N1-C:J08-U01 2005-06-05-06.14.04.581022 R35-M0-N1-C:J08-U01 RAS KERNEL INFO generating core.3682
- 1117977244 2005.06.05 R35-M0-N1-C:J06-U01 2005-06-05-06.14.04.603867 R35-M0-N1-C:J06-U01 RAS KERNEL INFO generating core.3938
- 1117977244 2005.06.05 R35-M0-N1-C:J02-U01 2005-06-05-06.14.04.626893 R35-M0-N1-C:J02-U01 RAS KERNEL INFO generating core.3939
- 1117977244 2005.06.05 R35-M0-N1-C:J02-U11 2005-06-05-06.14.04.649901 R35-M0-N1-C:J02-U11 RAS KERNEL INFO generating core.3947
- 1117977244 2005.06.05 R35-M1-N9-C:J09-U11 2005-06-05-06.14.04.673412 R35-M1-N9-C:J09-U11 RAS KERNEL INFO generating core.5722
- 1117977244 2005.06.05 R35-M1-N9-C:J15-U11 2005-06-05-06.14.04.708388 R35-M1-N9-C:J15-U11 RAS KERNEL INFO generating core.5976
- 1117977244 2005.06.05 R35-M1-N9-C:J17-U11 2005-06-05-06.14.04.731862 R35-M1-N9-C:J17-U11 RAS KERNEL INFO generating core.5720
- 1117977244 2005.06.05 R35-M1-N9-C:J03-U01 2005-06-05-06.14.04.768338 R35-M1-N9-C:J03-U01 RAS KERNEL INFO generating core.5971
- 1117977244 2005.06.05 R35-M1-N9-C:J05-U11 2005-06-05-06.14.04.803186 R35-M1-N9-C:J05-U11 RAS KERNEL INFO generating core.5723
- 1117977244 2005.06.05 R35-M1-N9-C:J03-U11 2005-06-05-06.14.04.833072 R35-M1-N9-C:J03-U11 RAS KERNEL INFO generating core.5979
- 1117977244 2005.06.05 R35-M1-N9-C:J15-U01 2005-06-05-06.14.04.856118 R35-M1-N9-C:J15-U01 RAS KERNEL INFO generating core.5968
- 1117977244 2005.06.05 R35-M1-N9-C:J17-U01 2005-06-05-06.14.04.885080 R35-M1-N9-C:J17-U01 RAS KERNEL INFO generating core.5712
- 1117977244 2005.06.05 R35-M1-N9-C:J11-U01 2005-06-05-06.14.04.908063 R35-M1-N9-C:J11-U01 RAS KERNEL INFO generating core.5969
- 1117977244 2005.06.05 R35-M1-N9-C:J13-U01 2005-06-05-06.14.04.931076 R35-M1-N9-C:J13-U01 RAS KERNEL INFO generating core.5713
- 1117977244 2005.06.05 R35-M1-N9-C:J09-U01 2005-06-05-06.14.04.957345 R35-M1-N9-C:J09-U01 RAS KERNEL INFO generating core.5714
- 1117977245 2005.06.05 R35-M1-N9-C:J16-U11 2005-06-05-06.14.05.061357 R35-M1-N9-C:J16-U11 RAS KERNEL INFO generating core.5704
- 1117977245 2005.06.05 R35-M1-N9-C:J08-U11 2005-06-05-06.14.05.084755 R35-M1-N9-C:J08-U11 RAS KERNEL INFO generating core.5706
- 1117977245 2005.06.05 R35-M1-N9-C:J14-U11 2005-06-05-06.14.05.108507 R35-M1-N9-C:J14-U11 RAS KERNEL INFO generating core.5960
- 1117977245 2005.06.05 R35-M1-N9-C:J06-U11 2005-06-05-06.14.05.131803 R35-M1-N9-C:J06-U11 RAS KERNEL INFO generating core.5962
- 1117977245 2005.06.05 R35-M1-N9-C:J14-U01 2005-06-05-06.14.05.161473 R35-M1-N9-C:J14-U01 RAS KERNEL INFO generating core.5952
- 1117977245 2005.06.05 R35-M1-N9-C:J10-U01 2005-06-05-06.14.05.365007 R35-M1-N9-C:J10-U01 RAS KERNEL INFO generating core.5953
- 1117977245 2005.06.05 R35-M1-N9-C:J12-U01 2005-06-05-06.14.05.388201 R35-M1-N9-C:J12-U01 RAS KERNEL INFO generating core.5697
- 1117977245 2005.06.05 R35-M1-N9-C:J04-U01 2005-06-05-06.14.05.411589 R35-M1-N9-C:J04-U01 RAS KERNEL INFO generating core.5699
- 1117977245 2005.06.05 R35-M1-N9-C:J04-U11 2005-06-05-06.14.05.435576 R35-M1-N9-C:J04-U11 RAS KERNEL INFO generating core.5707
- 1117977245 2005.06.05 R35-M1-N9-C:J02-U01 2005-06-05-06.14.05.459062 R35-M1-N9-C:J02-U01 RAS KERNEL INFO generating core.5955
- 1117977245 2005.06.05 R35-M1-N9-C:J02-U11 2005-06-05-06.14.05.571856 R35-M1-N9-C:J02-U11 RAS KERNEL INFO generating core.5963
- 1117977245 2005.06.05 R35-M1-NB-C:J15-U11 2005-06-05-06.14.05.596003 R35-M1-NB-C:J15-U11 RAS KERNEL INFO generating core.5464
- 1117977245 2005.06.05 R35-M1-NB-C:J03-U01 2005-06-05-06.14.05.627187 R35-M1-NB-C:J03-U01 RAS KERNEL INFO generating core.5459
- 1117977245 2005.06.05 R35-M1-NB-C:J17-U01 2005-06-05-06.14.05.650596 R35-M1-NB-C:J17-U01 RAS KERNEL INFO generating core.5200
- 1117977245 2005.06.05 R35-M1-NB-C:J16-U11 2005-06-05-06.14.05.674180 R35-M1-NB-C:J16-U11 RAS KERNEL INFO generating core.5192
- 1117977245 2005.06.05 R35-M1-NB-C:J12-U01 2005-06-05-06.14.05.697749 R35-M1-NB-C:J12-U01 RAS KERNEL INFO generating core.5185
- 1117977245 2005.06.05 R35-M1-NB-C:J06-U01 2005-06-05-06.14.05.727380 R35-M1-NB-C:J06-U01 RAS KERNEL INFO generating core.5442
- 1117977245 2005.06.05 R35-M0-NB-C:J15-U11 2005-06-05-06.14.05.750775 R35-M0-NB-C:J15-U11 RAS KERNEL INFO generating core.3416
- 1117977245 2005.06.05 R35-M0-NB-C:J11-U11 2005-06-05-06.14.05.790100 R35-M0-NB-C:J11-U11 RAS KERNEL INFO generating core.3417
- 1117977245 2005.06.05 R35-M0-NB-C:J17-U11 2005-06-05-06.14.05.813439 R35-M0-NB-C:J17-U11 RAS KERNEL INFO generating core.3160
- 1117977245 2005.06.05 R35-M0-NB-C:J05-U01 2005-06-05-06.14.05.836573 R35-M0-NB-C:J05-U01 RAS KERNEL INFO generating core.3155
- 1117977245 2005.06.05 R35-M0-NB-C:J03-U01 2005-06-05-06.14.05.860026 R35-M0-NB-C:J03-U01 RAS KERNEL INFO generating core.3411
- 1117977245 2005.06.05 R35-M0-NB-C:J05-U11 2005-06-05-06.14.05.883408 R35-M0-NB-C:J05-U11 RAS KERNEL INFO generating core.3163
- 1117977245 2005.06.05 R35-M0-NB-C:J15-U01 2005-06-05-06.14.05.906430 R35-M0-NB-C:J15-U01 RAS KERNEL INFO generating core.3408
- 1117977245 2005.06.05 R35-M0-NB-C:J11-U01 2005-06-05-06.14.05.929417 R35-M0-NB-C:J11-U01 RAS KERNEL INFO generating core.3409
- 1117977245 2005.06.05 R35-M0-NB-C:J13-U01 2005-06-05-06.14.05.953076 R35-M0-NB-C:J13-U01 RAS KERNEL INFO generating core.3153
- 1117977245 2005.06.05 R35-M0-NB-C:J16-U11 2005-06-05-06.14.05.976955 R35-M0-NB-C:J16-U11 RAS KERNEL INFO generating core.3144
- 1117977246 2005.06.05 R35-M0-NB-C:J14-U11 2005-06-05-06.14.06.089136 R35-M0-NB-C:J14-U11 RAS KERNEL INFO generating core.3400
- 1117977246 2005.06.05 R35-M0-NB-C:J14-U01 2005-06-05-06.14.06.138003 R35-M0-NB-C:J14-U01 RAS KERNEL INFO generating core.3392
- 1117977246 2005.06.05 R35-M0-NB-C:J16-U01 2005-06-05-06.14.06.184043 R35-M0-NB-C:J16-U01 RAS KERNEL INFO generating core.3136
- 1117977246 2005.06.05 R35-M0-NB-C:J10-U01 2005-06-05-06.14.06.237705 R35-M0-NB-C:J10-U01 RAS KERNEL INFO generating core.3393
- 1117977246 2005.06.05 R35-M0-NB-C:J08-U01 2005-06-05-06.14.06.316935 R35-M0-NB-C:J08-U01 RAS KERNEL INFO generating core.3138
- 1117977246 2005.06.05 R35-M0-NB-C:J04-U01 2005-06-05-06.14.06.340631 R35-M0-NB-C:J04-U01 RAS KERNEL INFO generating core.3139
- 1117977246 2005.06.05 R35-M0-NB-C:J06-U01 2005-06-05-06.14.06.364065 R35-M0-NB-C:J06-U01 RAS KERNEL INFO generating core.3394
- 1117977246 2005.06.05 R35-M0-NB-C:J04-U11 2005-06-05-06.14.06.387461 R35-M0-NB-C:J04-U11 RAS KERNEL INFO generating core.3147
- 1117977246 2005.06.05 R35-M0-NB-C:J02-U11 2005-06-05-06.14.06.426777 R35-M0-NB-C:J02-U11 RAS KERNEL INFO generating core.3403
- 1117977246 2005.06.05 R35-M0-NF-C:J15-U11 2005-06-05-06.14.06.500276 R35-M0-NF-C:J15-U11 RAS KERNEL INFO generating core.2392
- 1117977246 2005.06.05 R35-M0-NF-C:J05-U01 2005-06-05-06.14.06.591147 R35-M0-NF-C:J05-U01 RAS KERNEL INFO generating core.2131
- 1117977246 2005.06.05 R35-M0-NF-C:J03-U11 2005-06-05-06.14.06.614654 R35-M0-NF-C:J03-U11 RAS KERNEL INFO generating core.2395
- 1117977246 2005.06.05 R35-M0-NF-C:J07-U11 2005-06-05-06.14.06.637990 R35-M0-NF-C:J07-U11 RAS KERNEL INFO generating core.2394
- 1117977246 2005.06.05 R35-M0-NF-C:J15-U01 2005-06-05-06.14.06.661453 R35-M0-NF-C:J15-U01 RAS KERNEL INFO generating core.2384
- 1117977246 2005.06.05 R35-M0-NF-C:J17-U01 2005-06-05-06.14.06.684999 R35-M0-NF-C:J17-U01 RAS KERNEL INFO generating core.2128
- 1117977246 2005.06.05 R35-M0-NF-C:J11-U01 2005-06-05-06.14.06.708557 R35-M0-NF-C:J11-U01 RAS KERNEL INFO generating core.2385
- 1117977246 2005.06.05 R35-M0-NF-C:J14-U11 2005-06-05-06.14.06.738097 R35-M0-NF-C:J14-U11 RAS KERNEL INFO generating core.2376
- 1117977246 2005.06.05 R35-M0-NF-C:J10-U11 2005-06-05-06.14.06.783674 R35-M0-NF-C:J10-U11 RAS KERNEL INFO generating core.2377
- 1117977246 2005.06.05 R35-M0-NF-C:J06-U11 2005-06-05-06.14.06.807711 R35-M0-NF-C:J06-U11 RAS KERNEL INFO generating core.2378
- 1117977246 2005.06.05 R35-M0-NF-C:J10-U01 2005-06-05-06.14.06.847971 R35-M0-NF-C:J10-U01 RAS KERNEL INFO generating core.2369
- 1117977246 2005.06.05 R35-M0-NF-C:J08-U01 2005-06-05-06.14.06.871513 R35-M0-NF-C:J08-U01 RAS KERNEL INFO generating core.2114
- 1117977246 2005.06.05 R35-M0-NF-C:J02-U01 2005-06-05-06.14.06.895014 R35-M0-NF-C:J02-U01 RAS KERNEL INFO generating core.2371
- 1117977246 2005.06.05 R35-M0-NF-C:J02-U11 2005-06-05-06.14.06.918371 R35-M0-NF-C:J02-U11 RAS KERNEL INFO generating core.2379
- 1117977246 2005.06.05 R35-M0-ND-C:J09-U11 2005-06-05-06.14.06.943079 R35-M0-ND-C:J09-U11 RAS KERNEL INFO generating core.2650
- 1117977246 2005.06.05 R35-M0-ND-C:J15-U11 2005-06-05-06.14.06.966594 R35-M0-ND-C:J15-U11 RAS KERNEL INFO generating core.2904
- 1117977246 2005.06.05 R35-M0-ND-C:J17-U11 2005-06-05-06.14.06.989987 R35-M0-ND-C:J17-U11 RAS KERNEL INFO generating core.2648
- 1117977247 2005.06.05 R35-M0-ND-C:J05-U01 2005-06-05-06.14.07.104466 R35-M0-ND-C:J05-U01 RAS KERNEL INFO generating core.2643
- 1117977247 2005.06.05 R35-M0-ND-C:J05-U11 2005-06-05-06.14.07.127975 R35-M0-ND-C:J05-U11 RAS KERNEL INFO generating core.2651
- 1117977247 2005.06.05 R35-M0-ND-C:J15-U01 2005-06-05-06.14.07.151285 R35-M0-ND-C:J15-U01 RAS KERNEL INFO generating core.2896
- 1117977247 2005.06.05 R35-M0-ND-C:J07-U01 2005-06-05-06.14.07.202584 R35-M0-ND-C:J07-U01 RAS KERNEL INFO generating core.2898
- 1117977247 2005.06.05 R35-M0-ND-C:J09-U01 2005-06-05-06.14.07.226045 R35-M0-ND-C:J09-U01 RAS KERNEL INFO generating core.2642
- 1117977247 2005.06.05 R35-M0-ND-C:J16-U11 2005-06-05-06.14.07.260282 R35-M0-ND-C:J16-U11 RAS KERNEL INFO generating core.2632
- 1117977247 2005.06.05 R35-M0-ND-C:J08-U11 2005-06-05-06.14.07.284478 R35-M0-ND-C:J08-U11 RAS KERNEL INFO generating core.2634
- 1117977247 2005.06.05 R35-M0-ND-C:J14-U11 2005-06-05-06.14.07.321118 R35-M0-ND-C:J14-U11 RAS KERNEL INFO generating core.2888
- 1117977247 2005.06.05 R35-M0-ND-C:J06-U11 2005-06-05-06.14.07.344498 R35-M0-ND-C:J06-U11 RAS KERNEL INFO generating core.2890
- 1117977247 2005.06.05 R35-M0-ND-C:J12-U11 2005-06-05-06.14.07.367840 R35-M0-ND-C:J12-U11 RAS KERNEL INFO generating core.2633
- 1117977247 2005.06.05 R35-M0-ND-C:J12-U01 2005-06-05-06.14.07.390759 R35-M0-ND-C:J12-U01 RAS KERNEL INFO generating core.2625
- 1117977247 2005.06.05 R35-M0-ND-C:J06-U01 2005-06-05-06.14.07.413826 R35-M0-ND-C:J06-U01 RAS KERNEL INFO generating core.2882
- 1117977247 2005.06.05 R35-M0-ND-C:J04-U11 2005-06-05-06.14.07.437282 R35-M0-ND-C:J04-U11 RAS KERNEL INFO generating core.2635
- 1117977247 2005.06.05 R35-M1-N4-C:J13-U11 2005-06-05-06.14.07.506390 R35-M1-N4-C:J13-U11 RAS KERNEL INFO generating core.4733
- 1117977247 2005.06.05 R35-M1-N4-C:J17-U11 2005-06-05-06.14.07.633764 R35-M1-N4-C:J17-U11 RAS KERNEL INFO generating core.4732
- 1117977247 2005.06.05 R35-M1-N4-C:J17-U01 2005-06-05-06.14.07.717411 R35-M1-N4-C:J17-U01 RAS KERNEL INFO generating core.4724
- 1117977247 2005.06.05 R35-M1-N4-C:J11-U01 2005-06-05-06.14.07.760033 R35-M1-N4-C:J11-U01 RAS KERNEL INFO generating core.4981
- 1117977247 2005.06.05 R35-M1-N4-C:J16-U11 2005-06-05-06.14.07.783389 R35-M1-N4-C:J16-U11 RAS KERNEL INFO generating core.4716
- 1117977247 2005.06.05 R35-M1-N4-C:J16-U01 2005-06-05-06.14.07.829348 R35-M1-N4-C:J16-U01 RAS KERNEL INFO generating core.4708
- 1117977247 2005.06.05 R35-M1-N4-C:J10-U01 2005-06-05-06.14.07.864877 R35-M1-N4-C:J10-U01 RAS KERNEL INFO generating core.4965
- 1117977247 2005.06.05 R35-M1-N4-C:J12-U01 2005-06-05-06.14.07.901763 R35-M1-N4-C:J12-U01 RAS KERNEL INFO generating core.4709
- 1117977247 2005.06.05 R35-M1-N4-C:J08-U01 2005-06-05-06.14.07.924726 R35-M1-N4-C:J08-U01 RAS KERNEL INFO generating core.4710
- 1117977247 2005.06.05 R35-M1-N4-C:J04-U01 2005-06-05-06.14.07.947893 R35-M1-N4-C:J04-U01 RAS KERNEL INFO generating core.4711
- 1117977248 2005.06.05 R32-M0-N8-C:J07-U11 2005-06-05-06.14.08.019103 R32-M0-N8-C:J07-U11 RAS KERNEL INFO generating core.2014
- 1117977248 2005.06.05 R32-M0-N8-C:J12-U01 2005-06-05-06.14.08.119018 R32-M0-N8-C:J12-U01 RAS KERNEL INFO generating core.1733
- 1117977248 2005.06.05 R32-M0-N8-C:J02-U01 2005-06-05-06.14.08.172522 R32-M0-N8-C:J02-U01 RAS KERNEL INFO generating core.1991
- 1117977248 2005.06.05 R35-M1-N0-C:J09-U11 2005-06-05-06.14.08.278183 R35-M1-N0-C:J09-U11 RAS KERNEL INFO generating core.5758
- 1117977248 2005.06.05 R35-M1-N0-C:J15-U11 2005-06-05-06.14.08.322411 R35-M1-N0-C:J15-U11 RAS KERNEL INFO generating core.6012
- 1117977248 2005.06.05 R35-M1-N0-C:J11-U11 2005-06-05-06.14.08.348492 R35-M1-N0-C:J11-U11 RAS KERNEL INFO generating core.6013
- 1117977248 2005.06.05 R35-M1-N0-C:J13-U11 2005-06-05-06.14.08.386624 R35-M1-N0-C:J13-U11 RAS KERNEL INFO generating core.5757
- 1117977248 2005.06.05 R35-M1-N0-C:J17-U11 2005-06-05-06.14.08.422626 R35-M1-N0-C:J17-U11 RAS KERNEL INFO generating core.5756
- 1117977248 2005.06.05 R35-M1-N0-C:J05-U11 2005-06-05-06.14.08.459280 R35-M1-N0-C:J05-U11 RAS KERNEL INFO generating core.5759
- 1117977248 2005.06.05 R35-M1-N0-C:J03-U11 2005-06-05-06.14.08.504596 R35-M1-N0-C:J03-U11 RAS KERNEL INFO generating core.6015
- 1117977248 2005.06.05 R35-M1-N0-C:J13-U01 2005-06-05-06.14.08.528119 R35-M1-N0-C:J13-U01 RAS KERNEL INFO generating core.5749
- 1117977248 2005.06.05 R35-M1-N0-C:J09-U01 2005-06-05-06.14.08.631217 R35-M1-N0-C:J09-U01 RAS KERNEL INFO generating core.5750
- 1117977248 2005.06.05 R35-M1-N0-C:J16-U11 2005-06-05-06.14.08.655009 R35-M1-N0-C:J16-U11 RAS KERNEL INFO generating core.5740
- 1117977248 2005.06.05 R35-M1-N0-C:J08-U11 2005-06-05-06.14.08.678232 R35-M1-N0-C:J08-U11 RAS KERNEL INFO generating core.5742
- 1117977248 2005.06.05 R35-M1-N0-C:J10-U11 2005-06-05-06.14.08.701869 R35-M1-N0-C:J10-U11 RAS KERNEL INFO generating core.5997
- 1117977248 2005.06.05 R35-M1-N0-C:J12-U11 2005-06-05-06.14.08.725376 R35-M1-N0-C:J12-U11 RAS KERNEL INFO generating core.5741
- 1117977248 2005.06.05 R35-M1-N0-C:J14-U01 2005-06-05-06.14.08.766565 R35-M1-N0-C:J14-U01 RAS KERNEL INFO generating core.5988
- 1117977248 2005.06.05 R35-M1-N0-C:J16-U01 2005-06-05-06.14.08.789710 R35-M1-N0-C:J16-U01 RAS KERNEL INFO generating core.5732
- 1117977248 2005.06.05 R35-M1-N0-C:J12-U01 2005-06-05-06.14.08.812869 R35-M1-N0-C:J12-U01 RAS KERNEL INFO generating core.5733
- 1117977248 2005.06.05 R35-M1-N0-C:J08-U01 2005-06-05-06.14.08.853611 R35-M1-N0-C:J08-U01 RAS KERNEL INFO generating core.5734
- 1117977248 2005.06.05 R35-M1-N0-C:J06-U01 2005-06-05-06.14.08.876669 R35-M1-N0-C:J06-U01 RAS KERNEL INFO generating core.5990
- 1117977248 2005.06.05 R35-M1-N0-C:J04-U11 2005-06-05-06.14.08.900240 R35-M1-N0-C:J04-U11 RAS KERNEL INFO generating core.5743
- 1117977248 2005.06.05 R35-M1-N0-C:J02-U01 2005-06-05-06.14.08.923772 R35-M1-N0-C:J02-U01 RAS KERNEL INFO generating core.5991
- 1117977248 2005.06.05 R35-M1-N0-C:J02-U11 2005-06-05-06.14.08.947210 R35-M1-N0-C:J02-U11 RAS KERNEL INFO generating core.5999
- 1117977260 2005.06.05 R32-M0-N0-C:J11-U11 2005-06-05-06.14.20.812787 R32-M0-N0-C:J11-U11 RAS KERNEL INFO generating core.2045
- 1117977260 2005.06.05 R32-M0-N0-C:J13-U11 2005-06-05-06.14.20.836077 R32-M0-N0-C:J13-U11 RAS KERNEL INFO generating core.1789
- 1117977260 2005.06.05 R32-M0-N0-C:J03-U01 2005-06-05-06.14.20.860095 R32-M0-N0-C:J03-U01 RAS KERNEL INFO generating core.2039
- 1117977260 2005.06.05 R32-M0-N0-C:J07-U11 2005-06-05-06.14.20.884074 R32-M0-N0-C:J07-U11 RAS KERNEL INFO generating core.2046
- 1117977260 2005.06.05 R32-M0-N0-C:J15-U01 2005-06-05-06.14.20.907535 R32-M0-N0-C:J15-U01 RAS KERNEL INFO generating core.2036
- 1117977260 2005.06.05 R32-M0-N0-C:J17-U01 2005-06-05-06.14.20.930495 R32-M0-N0-C:J17-U01 RAS KERNEL INFO generating core.1780
- 1117977261 2005.06.05 R32-M0-N0-C:J07-U01 2005-06-05-06.14.21.112523 R32-M0-N0-C:J07-U01 RAS KERNEL INFO generating core.2038
- 1117977261 2005.06.05 R32-M0-N0-C:J14-U11 2005-06-05-06.14.21.142800 R32-M0-N0-C:J14-U11 RAS KERNEL INFO generating core.2028
- 1117977261 2005.06.05 R32-M0-N0-C:J10-U11 2005-06-05-06.14.21.170874 R32-M0-N0-C:J10-U11 RAS KERNEL INFO generating core.2029
- 1117977261 2005.06.05 R32-M0-N0-C:J12-U11 2005-06-05-06.14.21.197896 R32-M0-N0-C:J12-U11 RAS KERNEL INFO generating core.1773
- 1117977261 2005.06.05 R32-M0-N0-C:J14-U01 2005-06-05-06.14.21.224578 R32-M0-N0-C:J14-U01 RAS KERNEL INFO generating core.2020
- 1117977261 2005.06.05 R32-M0-N0-C:J16-U01 2005-06-05-06.14.21.250129 R32-M0-N0-C:J16-U01 RAS KERNEL INFO generating core.1764
- 1117977261 2005.06.05 R32-M0-N0-C:J10-U01 2005-06-05-06.14.21.273399 R32-M0-N0-C:J10-U01 RAS KERNEL INFO generating core.2021
- 1117977261 2005.06.05 R32-M0-N0-C:J12-U01 2005-06-05-06.14.21.305276 R32-M0-N0-C:J12-U01 RAS KERNEL INFO generating core.1765
- 1117977261 2005.06.05 R32-M0-N0-C:J08-U01 2005-06-05-06.14.21.328832 R32-M0-N0-C:J08-U01 RAS KERNEL INFO generating core.1766
- 1117977261 2005.06.05 R32-M0-N0-C:J04-U01 2005-06-05-06.14.21.350668 R32-M0-N0-C:J04-U01 RAS KERNEL INFO generating core.1767
- 1117977261 2005.06.05 R32-M0-N0-C:J04-U11 2005-06-05-06.14.21.373877 R32-M0-N0-C:J04-U11 RAS KERNEL INFO generating core.1775
- 1117977261 2005.06.05 R32-M0-N0-C:J02-U11 2005-06-05-06.14.21.415040 R32-M0-N0-C:J02-U11 RAS KERNEL INFO generating core.2031
- 1117977264 2005.06.05 R32-M1-N8-C:J15-U11 2005-06-05-06.14.24.414582 R32-M1-N8-C:J15-U11 RAS KERNEL INFO generating core.8156
- 1117977264 2005.06.05 R32-M1-N8-C:J05-U01 2005-06-05-06.14.24.438657 R32-M1-N8-C:J05-U01 RAS KERNEL INFO generating core.7895
- 1117977264 2005.06.05 R32-M1-N8-C:J03-U01 2005-06-05-06.14.24.476149 R32-M1-N8-C:J03-U01 RAS KERNEL INFO generating core.8151
- 1117977264 2005.06.05 R32-M1-N8-C:J05-U11 2005-06-05-06.14.24.499599 R32-M1-N8-C:J05-U11 RAS KERNEL INFO generating core.7903
- 1117977264 2005.06.05 R32-M1-N8-C:J03-U11 2005-06-05-06.14.24.522056 R32-M1-N8-C:J03-U11 RAS KERNEL INFO generating core.8159
- 1117977264 2005.06.05 R32-M1-N8-C:J17-U01 2005-06-05-06.14.24.544693 R32-M1-N8-C:J17-U01 RAS KERNEL INFO generating core.7892
- 1117977264 2005.06.05 R32-M1-N8-C:J11-U01 2005-06-05-06.14.24.750520 R32-M1-N8-C:J11-U01 RAS KERNEL INFO generating core.8149
- 1117977264 2005.06.05 R32-M1-N8-C:J13-U01 2005-06-05-06.14.24.791649 R32-M1-N8-C:J13-U01 RAS KERNEL INFO generating core.7893
- 1117977264 2005.06.05 R32-M1-N8-C:J16-U11 2005-06-05-06.14.24.818494 R32-M1-N8-C:J16-U11 RAS KERNEL INFO generating core.7884
- 1117977264 2005.06.05 R32-M1-N8-C:J08-U11 2005-06-05-06.14.24.866082 R32-M1-N8-C:J08-U11 RAS KERNEL INFO generating core.7886
- 1117977264 2005.06.05 R32-M1-N8-C:J10-U11 2005-06-05-06.14.24.889475 R32-M1-N8-C:J10-U11 RAS KERNEL INFO generating core.8141
- 1117977264 2005.06.05 R32-M1-N8-C:J12-U11 2005-06-05-06.14.24.913453 R32-M1-N8-C:J12-U11 RAS KERNEL INFO generating core.7885
- 1117977264 2005.06.05 R32-M1-N8-C:J14-U01 2005-06-05-06.14.24.936423 R32-M1-N8-C:J14-U01 RAS KERNEL INFO generating core.8132
- 1117977264 2005.06.05 R32-M1-N8-C:J10-U01 2005-06-05-06.14.24.959235 R32-M1-N8-C:J10-U01 RAS KERNEL INFO generating core.8133
- 1117977264 2005.06.05 R32-M1-N8-C:J12-U01 2005-06-05-06.14.24.983714 R32-M1-N8-C:J12-U01 RAS KERNEL INFO generating core.7877
- 1117977265 2005.06.05 R32-M1-N8-C:J08-U01 2005-06-05-06.14.25.006860 R32-M1-N8-C:J08-U01 RAS KERNEL INFO generating core.7878
- 1117977265 2005.06.05 R32-M1-N8-C:J04-U01 2005-06-05-06.14.25.029894 R32-M1-N8-C:J04-U01 RAS KERNEL INFO generating core.7879
- 1117977265 2005.06.05 R32-M1-N8-C:J04-U11 2005-06-05-06.14.25.053069 R32-M1-N8-C:J04-U11 RAS KERNEL INFO generating core.7887
- 1117977265 2005.06.05 R32-M1-NC-C:J15-U11 2005-06-05-06.14.25.114823 R32-M1-NC-C:J15-U11 RAS KERNEL INFO generating core.7132
- 1117977265 2005.06.05 R32-M1-NC-C:J11-U11 2005-06-05-06.14.25.141174 R32-M1-NC-C:J11-U11 RAS KERNEL INFO generating core.7133
- 1117977265 2005.06.05 R32-M1-NC-C:J05-U01 2005-06-05-06.14.25.188380 R32-M1-NC-C:J05-U01 RAS KERNEL INFO generating core.6871
- 1117977265 2005.06.05 R32-M1-NC-C:J03-U11 2005-06-05-06.14.25.311820 R32-M1-NC-C:J03-U11 RAS KERNEL INFO generating core.7135
- 1117977265 2005.06.05 R32-M1-NC-C:J07-U11 2005-06-05-06.14.25.339893 R32-M1-NC-C:J07-U11 RAS KERNEL INFO generating core.7134
- 1117977265 2005.06.05 R32-M1-NC-C:J15-U01 2005-06-05-06.14.25.371031 R32-M1-NC-C:J15-U01 RAS KERNEL INFO generating core.7124
- 1117977265 2005.06.05 R32-M1-NC-C:J17-U01 2005-06-05-06.14.25.397406 R32-M1-NC-C:J17-U01 RAS KERNEL INFO generating core.6868
- 1117977265 2005.06.05 R32-M1-NC-C:J11-U01 2005-06-05-06.14.25.422052 R32-M1-NC-C:J11-U01 RAS KERNEL INFO generating core.7125
- 1117977265 2005.06.05 R32-M1-NC-C:J07-U01 2005-06-05-06.14.25.467480 R32-M1-NC-C:J07-U01 RAS KERNEL INFO generating core.7126
- 1117977265 2005.06.05 R32-M1-NC-C:J13-U01 2005-06-05-06.14.25.493170 R32-M1-NC-C:J13-U01 RAS KERNEL INFO generating core.6869
- 1117977265 2005.06.05 R32-M1-NC-C:J09-U01 2005-06-05-06.14.25.622649 R32-M1-NC-C:J09-U01 RAS KERNEL INFO generating core.6870
- 1117977265 2005.06.05 R32-M1-NC-C:J14-U11 2005-06-05-06.14.25.652387 R32-M1-NC-C:J14-U11 RAS KERNEL INFO generating core.7116
- 1117977265 2005.06.05 R32-M1-NC-C:J10-U11 2005-06-05-06.14.25.692105 R32-M1-NC-C:J10-U11 RAS KERNEL INFO generating core.7117
- 1117977265 2005.06.05 R32-M1-NC-C:J06-U11 2005-06-05-06.14.25.721324 R32-M1-NC-C:J06-U11 RAS KERNEL INFO generating core.7118
- 1117977265 2005.06.05 R32-M1-NC-C:J14-U01 2005-06-05-06.14.25.747614 R32-M1-NC-C:J14-U01 RAS KERNEL INFO generating core.7108
- 1117977265 2005.06.05 R32-M1-NC-C:J16-U01 2005-06-05-06.14.25.772064 R32-M1-NC-C:J16-U01 RAS KERNEL INFO generating core.6852
- 1117977265 2005.06.05 R32-M1-NC-C:J10-U01 2005-06-05-06.14.25.808805 R32-M1-NC-C:J10-U01 RAS KERNEL INFO generating core.7109
- 1117977265 2005.06.05 R32-M1-NC-C:J08-U01 2005-06-05-06.14.25.832568 R32-M1-NC-C:J08-U01 RAS KERNEL INFO generating core.6854
- 1117977265 2005.06.05 R32-M1-NC-C:J04-U01 2005-06-05-06.14.25.855098 R32-M1-NC-C:J04-U01 RAS KERNEL INFO generating core.6855
- 1117977265 2005.06.05 R32-M1-NC-C:J04-U11 2005-06-05-06.14.25.877609 R32-M1-NC-C:J04-U11 RAS KERNEL INFO generating core.6863
- 1117977265 2005.06.05 R32-M1-NC-C:J02-U11 2005-06-05-06.14.25.900096 R32-M1-NC-C:J02-U11 RAS KERNEL INFO generating core.7119
- 1117977265 2005.06.05 R32-M0-N4-C:J15-U11 2005-06-05-06.14.25.942117 R32-M0-N4-C:J15-U11 RAS KERNEL INFO generating core.1020
- 1117977265 2005.06.05 R32-M0-N4-C:J11-U11 2005-06-05-06.14.25.965062 R32-M0-N4-C:J11-U11 RAS KERNEL INFO generating core.1021
- 1117977265 2005.06.05 R32-M0-N4-C:J13-U11 2005-06-05-06.14.25.987447 R32-M0-N4-C:J13-U11 RAS KERNEL INFO generating core.765
- 1117977266 2005.06.05 R32-M0-N4-C:J17-U11 2005-06-05-06.14.26.010482 R32-M0-N4-C:J17-U11 RAS KERNEL INFO generating core.764
- 1117977266 2005.06.05 R32-M0-N4-C:J05-U01 2005-06-05-06.14.26.033514 R32-M0-N4-C:J05-U01 RAS KERNEL INFO generating core.759
- 1117977266 2005.06.05 R32-M0-N4-C:J03-U01 2005-06-05-06.14.26.055930 R32-M0-N4-C:J03-U01 RAS KERNEL INFO generating core.1015
- 1117977266 2005.06.05 R32-M0-N4-C:J07-U11 2005-06-05-06.14.26.078978 R32-M0-N4-C:J07-U11 RAS KERNEL INFO generating core.1022
- 1117977266 2005.06.05 R32-M0-N4-C:J17-U01 2005-06-05-06.14.26.102681 R32-M0-N4-C:J17-U01 RAS KERNEL INFO generating core.756
- 1117977266 2005.06.05 R32-M0-N4-C:J07-U01 2005-06-05-06.14.26.131025 R32-M0-N4-C:J07-U01 RAS KERNEL INFO generating core.1014
- 1117977266 2005.06.05 R32-M0-N4-C:J09-U01 2005-06-05-06.14.26.153899 R32-M0-N4-C:J09-U01 RAS KERNEL INFO generating core.758
- 1117977266 2005.06.05 R32-M0-N4-C:J16-U11 2005-06-05-06.14.26.199632 R32-M0-N4-C:J16-U11 RAS KERNEL INFO generating core.748
- 1117977266 2005.06.05 R32-M0-N4-C:J10-U11 2005-06-05-06.14.26.237936 R32-M0-N4-C:J10-U11 RAS KERNEL INFO generating core.1005
- 1117977266 2005.06.05 R32-M0-N4-C:J16-U01 2005-06-05-06.14.26.341413 R32-M0-N4-C:J16-U01 RAS KERNEL INFO generating core.740
- 1117977266 2005.06.05 R32-M0-N4-C:J08-U01 2005-06-05-06.14.26.365275 R32-M0-N4-C:J08-U01 RAS KERNEL INFO generating core.742
- 1117977266 2005.06.05 R32-M0-N4-C:J06-U01 2005-06-05-06.14.26.388945 R32-M0-N4-C:J06-U01 RAS KERNEL INFO generating core.998
- 1117977266 2005.06.05 R32-M0-N4-C:J02-U01 2005-06-05-06.14.26.411469 R32-M0-N4-C:J02-U01 RAS KERNEL INFO generating core.999
- 1117977266 2005.06.05 R32-M0-N4-C:J02-U11 2005-06-05-06.14.26.433940 R32-M0-N4-C:J02-U11 RAS KERNEL INFO generating core.1007
- 1117977266 2005.06.05 R32-M1-N4-C:J11-U11 2005-06-05-06.14.26.461994 R32-M1-N4-C:J11-U11 RAS KERNEL INFO generating core.7165
- 1117977266 2005.06.05 R32-M1-N4-C:J13-U11 2005-06-05-06.14.26.484631 R32-M1-N4-C:J13-U11 RAS KERNEL INFO generating core.6909
- 1117977266 2005.06.05 R32-M1-N4-C:J17-U11 2005-06-05-06.14.26.507607 R32-M1-N4-C:J17-U11 RAS KERNEL INFO generating core.6908
- 1117977266 2005.06.05 R32-M1-N4-C:J05-U01 2005-06-05-06.14.26.530494 R32-M1-N4-C:J05-U01 RAS KERNEL INFO generating core.6903
- 1117977266 2005.06.05 R32-M1-N4-C:J07-U11 2005-06-05-06.14.26.553030 R32-M1-N4-C:J07-U11 RAS KERNEL INFO generating core.7166
- 1117977266 2005.06.05 R32-M1-N4-C:J15-U01 2005-06-05-06.14.26.575501 R32-M1-N4-C:J15-U01 RAS KERNEL INFO generating core.7156
- 1117977266 2005.06.05 R32-M1-N4-C:J11-U01 2005-06-05-06.14.26.598004 R32-M1-N4-C:J11-U01 RAS KERNEL INFO generating core.7157
- 1117977266 2005.06.05 R32-M1-N4-C:J07-U01 2005-06-05-06.14.26.627850 R32-M1-N4-C:J07-U01 RAS KERNEL INFO generating core.7158
- 1117977266 2005.06.05 R32-M1-N4-C:J13-U01 2005-06-05-06.14.26.650485 R32-M1-N4-C:J13-U01 RAS KERNEL INFO generating core.6901
- 1117977266 2005.06.05 R32-M1-N4-C:J09-U01 2005-06-05-06.14.26.801959 R32-M1-N4-C:J09-U01 RAS KERNEL INFO generating core.6902
- 1117977266 2005.06.05 R32-M1-N4-C:J08-U11 2005-06-05-06.14.26.841029 R32-M1-N4-C:J08-U11 RAS KERNEL INFO generating core.6894
- 1117977266 2005.06.05 R32-M1-N4-C:J12-U11 2005-06-05-06.14.26.865296 R32-M1-N4-C:J12-U11 RAS KERNEL INFO generating core.6893
- 1117977266 2005.06.05 R32-M1-N4-C:J14-U01 2005-06-05-06.14.26.887989 R32-M1-N4-C:J14-U01 RAS KERNEL INFO generating core.7140
- 1117977266 2005.06.05 R32-M1-N4-C:J08-U01 2005-06-05-06.14.26.911897 R32-M1-N4-C:J08-U01 RAS KERNEL INFO generating core.6886
- 1117977266 2005.06.05 R32-M1-N4-C:J06-U01 2005-06-05-06.14.26.934354 R32-M1-N4-C:J06-U01 RAS KERNEL INFO generating core.7142
- 1117977266 2005.06.05 R32-M1-N4-C:J02-U01 2005-06-05-06.14.26.957432 R32-M1-N4-C:J02-U01 RAS KERNEL INFO generating core.7143
- 1117977267 2005.06.05 R35-M0-N0-C:J13-U11 2005-06-05-06.14.27.003503 R35-M0-N0-C:J13-U11 RAS KERNEL INFO generating core.3709
- 1117977267 2005.06.05 R35-M0-N0-C:J17-U11 2005-06-05-06.14.27.027700 R35-M0-N0-C:J17-U11 RAS KERNEL INFO generating core.3708
- 1117977267 2005.06.05 R35-M0-N0-C:J05-U01 2005-06-05-06.14.27.170137 R35-M0-N0-C:J05-U01 RAS KERNEL INFO generating core.3703
- 1117977267 2005.06.05 R35-M0-N0-C:J03-U11 2005-06-05-06.14.27.218569 R35-M0-N0-C:J03-U11 RAS KERNEL INFO generating core.3967
- 1117977267 2005.06.05 R35-M0-N0-C:J07-U11 2005-06-05-06.14.27.249200 R35-M0-N0-C:J07-U11 RAS KERNEL INFO generating core.3966
- 1117977267 2005.06.05 R35-M0-N0-C:J17-U01 2005-06-05-06.14.27.276021 R35-M0-N0-C:J17-U01 RAS KERNEL INFO generating core.3700
- 1117977267 2005.06.05 R35-M0-N0-C:J11-U01 2005-06-05-06.14.27.299159 R35-M0-N0-C:J11-U01 RAS KERNEL INFO generating core.3957
- 1117977267 2005.06.05 R35-M0-N0-C:J07-U01 2005-06-05-06.14.27.323613 R35-M0-N0-C:J07-U01 RAS KERNEL INFO generating core.3958
- 1117977267 2005.06.05 R35-M0-N0-C:J12-U11 2005-06-05-06.14.27.347677 R35-M0-N0-C:J12-U11 RAS KERNEL INFO generating core.3693
- 1117977267 2005.06.05 R35-M0-N0-C:J14-U01 2005-06-05-06.14.27.371189 R35-M0-N0-C:J14-U01 RAS KERNEL INFO generating core.3940
- 1117977267 2005.06.05 R35-M0-N0-C:J16-U01 2005-06-05-06.14.27.498449 R35-M0-N0-C:J16-U01 RAS KERNEL INFO generating core.3684
- 1117977267 2005.06.05 R35-M0-N0-C:J12-U01 2005-06-05-06.14.27.523222 R35-M0-N0-C:J12-U01 RAS KERNEL INFO generating core.3685
- 1117977267 2005.06.05 R35-M0-N0-C:J08-U01 2005-06-05-06.14.27.548602 R35-M0-N0-C:J08-U01 RAS KERNEL INFO generating core.3686
- 1117977267 2005.06.05 R35-M0-N0-C:J02-U01 2005-06-05-06.14.27.572074 R35-M0-N0-C:J02-U01 RAS KERNEL INFO generating core.3943
- 1117977268 2005.06.05 R35-M1-N8-C:J09-U11 2005-06-05-06.14.28.625443 R35-M1-N8-C:J09-U11 RAS KERNEL INFO generating core.5726
- 1117977268 2005.06.05 R35-M1-N8-C:J15-U11 2005-06-05-06.14.28.649985 R35-M1-N8-C:J15-U11 RAS KERNEL INFO generating core.5980
- 1117977268 2005.06.05 R35-M1-N8-C:J11-U11 2005-06-05-06.14.28.680184 R35-M1-N8-C:J11-U11 RAS KERNEL INFO generating core.5981
- 1117977268 2005.06.05 R35-M1-N8-C:J13-U11 2005-06-05-06.14.28.704485 R35-M1-N8-C:J13-U11 RAS KERNEL INFO generating core.5725
- 1117977268 2005.06.05 R35-M1-N8-C:J17-U11 2005-06-05-06.14.28.752326 R35-M1-N8-C:J17-U11 RAS KERNEL INFO generating core.5724
- 1117977268 2005.06.05 R35-M1-N8-C:J05-U01 2005-06-05-06.14.28.775830 R35-M1-N8-C:J05-U01 RAS KERNEL INFO generating core.5719
- 1117977268 2005.06.05 R35-M1-N8-C:J03-U01 2005-06-05-06.14.28.800689 R35-M1-N8-C:J03-U01 RAS KERNEL INFO generating core.5975
- 1117977268 2005.06.05 R35-M1-N8-C:J05-U11 2005-06-05-06.14.28.845172 R35-M1-N8-C:J05-U11 RAS KERNEL INFO generating core.5727
- 1117977268 2005.06.05 R35-M1-N8-C:J07-U11 2005-06-05-06.14.28.947513 R35-M1-N8-C:J07-U11 RAS KERNEL INFO generating core.5982
- 1117977268 2005.06.05 R35-M1-N8-C:J17-U01 2005-06-05-06.14.28.971603 R35-M1-N8-C:J17-U01 RAS KERNEL INFO generating core.5716
- 1117977268 2005.06.05 R35-M1-N8-C:J11-U01 2005-06-05-06.14.28.996665 R35-M1-N8-C:J11-U01 RAS KERNEL INFO generating core.5973
- 1117977269 2005.06.05 R35-M1-N8-C:J07-U01 2005-06-05-06.14.29.021693 R35-M1-N8-C:J07-U01 RAS KERNEL INFO generating core.5974
- 1117977269 2005.06.05 R35-M1-N8-C:J13-U01 2005-06-05-06.14.29.045498 R35-M1-N8-C:J13-U01 RAS KERNEL INFO generating core.5717
- 1117977269 2005.06.05 R35-M1-N8-C:J09-U01 2005-06-05-06.14.29.090418 R35-M1-N8-C:J09-U01 RAS KERNEL INFO generating core.5718
- 1117977269 2005.06.05 R35-M1-N8-C:J14-U11 2005-06-05-06.14.29.169829 R35-M1-N8-C:J14-U11 RAS KERNEL INFO generating core.5964
- 1117977269 2005.06.05 R35-M1-N8-C:J12-U11 2005-06-05-06.14.29.208826 R35-M1-N8-C:J12-U11 RAS KERNEL INFO generating core.5709
- 1117977269 2005.06.05 R35-M1-N8-C:J14-U01 2005-06-05-06.14.29.256381 R35-M1-N8-C:J14-U01 RAS KERNEL INFO generating core.5956
- 1117977269 2005.06.05 R35-M1-N8-C:J12-U01 2005-06-05-06.14.29.286246 R35-M1-N8-C:J12-U01 RAS KERNEL INFO generating core.5701
- 1117977269 2005.06.05 R35-M1-N8-C:J04-U01 2005-06-05-06.14.29.312312 R35-M1-N8-C:J04-U01 RAS KERNEL INFO generating core.5703
- 1117977269 2005.06.05 R35-M1-N8-C:J06-U01 2005-06-05-06.14.29.347681 R35-M1-N8-C:J06-U01 RAS KERNEL INFO generating core.5958
- 1117977269 2005.06.05 R35-M1-N8-C:J04-U11 2005-06-05-06.14.29.474271 R35-M1-N8-C:J04-U11 RAS KERNEL INFO generating core.5711
- 1117977269 2005.06.05 R35-M1-N8-C:J02-U11 2005-06-05-06.14.29.498193 R35-M1-N8-C:J02-U11 RAS KERNEL INFO generating core.5967
- 1117977269 2005.06.05 R35-M0-NC-C:J09-U11 2005-06-05-06.14.29.528070 R35-M0-NC-C:J09-U11 RAS KERNEL INFO generating core.2654
- 1117977269 2005.06.05 R35-M0-NC-C:J11-U11 2005-06-05-06.14.29.558815 R35-M0-NC-C:J11-U11 RAS KERNEL INFO generating core.2909
- 1117977269 2005.06.05 R35-M0-NC-C:J05-U01 2005-06-05-06.14.29.592778 R35-M0-NC-C:J05-U01 RAS KERNEL INFO generating core.2647
- 1117977269 2005.06.05 R35-M0-NC-C:J05-U11 2005-06-05-06.14.29.615756 R35-M0-NC-C:J05-U11 RAS KERNEL INFO generating core.2655
- 1117977269 2005.06.05 R35-M0-NC-C:J03-U11 2005-06-05-06.14.29.638848 R35-M0-NC-C:J03-U11 RAS KERNEL INFO generating core.2911
- 1117977269 2005.06.05 R35-M0-NC-C:J07-U11 2005-06-05-06.14.29.662254 R35-M0-NC-C:J07-U11 RAS KERNEL INFO generating core.2910
- 1117977269 2005.06.05 R35-M0-NC-C:J15-U01 2005-06-05-06.14.29.698109 R35-M0-NC-C:J15-U01 RAS KERNEL INFO generating core.2900
- 1117977269 2005.06.05 R35-M0-NC-C:J11-U01 2005-06-05-06.14.29.722018 R35-M0-NC-C:J11-U01 RAS KERNEL INFO generating core.2901
- 1117977269 2005.06.05 R35-M0-NC-C:J13-U01 2005-06-05-06.14.29.759468 R35-M0-NC-C:J13-U01 RAS KERNEL INFO generating core.2645
- 1117977269 2005.06.05 R35-M0-NC-C:J09-U01 2005-06-05-06.14.29.782759 R35-M0-NC-C:J09-U01 RAS KERNEL INFO generating core.2646
- 1117977269 2005.06.05 R35-M0-NC-C:J08-U11 2005-06-05-06.14.29.805689 R35-M0-NC-C:J08-U11 RAS KERNEL INFO generating core.2638
- 1117977269 2005.06.05 R35-M0-NC-C:J14-U11 2005-06-05-06.14.29.828724 R35-M0-NC-C:J14-U11 RAS KERNEL INFO generating core.2892
- 1117977269 2005.06.05 R35-M0-NC-C:J10-U11 2005-06-05-06.14.29.851717 R35-M0-NC-C:J10-U11 RAS KERNEL INFO generating core.2893
- 1117977269 2005.06.05 R35-M0-NC-C:J16-U01 2005-06-05-06.14.29.874867 R35-M0-NC-C:J16-U01 RAS KERNEL INFO generating core.2628
- 1117977269 2005.06.05 R35-M0-NC-C:J10-U01 2005-06-05-06.14.29.986003 R35-M0-NC-C:J10-U01 RAS KERNEL INFO generating core.2885
- 1117977270 2005.06.05 R35-M0-NC-C:J08-U01 2005-06-05-06.14.30.020084 R35-M0-NC-C:J08-U01 RAS KERNEL INFO generating core.2630
- 1117977270 2005.06.05 R35-M0-NC-C:J06-U01 2005-06-05-06.14.30.043324 R35-M0-NC-C:J06-U01 RAS KERNEL INFO generating core.2886
- 1117977270 2005.06.05 R35-M0-NC-C:J04-U11 2005-06-05-06.14.30.079412 R35-M0-NC-C:J04-U11 RAS KERNEL INFO generating core.2639
- 1117977270 2005.06.05 R35-M0-N4-C:J09-U11 2005-06-05-06.14.30.113010 R35-M0-N4-C:J09-U11 RAS KERNEL INFO generating core.2686
- 1117977270 2005.06.05 R35-M0-N4-C:J15-U11 2005-06-05-06.14.30.136307 R35-M0-N4-C:J15-U11 RAS KERNEL INFO generating core.2940
- 1117977270 2005.06.05 R35-M0-N4-C:J13-U11 2005-06-05-06.14.30.159765 R35-M0-N4-C:J13-U11 RAS KERNEL INFO generating core.2685
- 1117977270 2005.06.05 R35-M0-N4-C:J17-U11 2005-06-05-06.14.30.184428 R35-M0-N4-C:J17-U11 RAS KERNEL INFO generating core.2684
- 1117977270 2005.06.05 R35-M0-N4-C:J05-U11 2005-06-05-06.14.30.209506 R35-M0-N4-C:J05-U11 RAS KERNEL INFO generating core.2687
- 1117977270 2005.06.05 R35-M0-N4-C:J03-U11 2005-06-05-06.14.30.232975 R35-M0-N4-C:J03-U11 RAS KERNEL INFO generating core.2943
- 1117977270 2005.06.05 R35-M0-N4-C:J17-U01 2005-06-05-06.14.30.270341 R35-M0-N4-C:J17-U01 RAS KERNEL INFO generating core.2676
- 1117977270 2005.06.05 R35-M0-N4-C:J11-U01 2005-06-05-06.14.30.293753 R35-M0-N4-C:J11-U01 RAS KERNEL INFO generating core.2933
- 1117977270 2005.06.05 R35-M0-N4-C:J07-U01 2005-06-05-06.14.30.317308 R35-M0-N4-C:J07-U01 RAS KERNEL INFO generating core.2934
- 1117977270 2005.06.05 R35-M0-N4-C:J13-U01 2005-06-05-06.14.30.340849 R35-M0-N4-C:J13-U01 RAS KERNEL INFO generating core.2677
- 1117977270 2005.06.05 R35-M0-N4-C:J09-U01 2005-06-05-06.14.30.364192 R35-M0-N4-C:J09-U01 RAS KERNEL INFO generating core.2678
- 1117977270 2005.06.05 R35-M0-N4-C:J14-U11 2005-06-05-06.14.30.387578 R35-M0-N4-C:J14-U11 RAS KERNEL INFO generating core.2924
- 1117977270 2005.06.05 R35-M0-N4-C:J10-U11 2005-06-05-06.14.30.495960 R35-M0-N4-C:J10-U11 RAS KERNEL INFO generating core.2925
- 1117977270 2005.06.05 R35-M0-N4-C:J06-U11 2005-06-05-06.14.30.520245 R35-M0-N4-C:J06-U11 RAS KERNEL INFO generating core.2926
- 1117977270 2005.06.05 R35-M0-N4-C:J12-U11 2005-06-05-06.14.30.544860 R35-M0-N4-C:J12-U11 RAS KERNEL INFO generating core.2669
- 1117977270 2005.06.05 R35-M0-N4-C:J14-U01 2005-06-05-06.14.30.586556 R35-M0-N4-C:J14-U01 RAS KERNEL INFO generating core.2916
- 1117977270 2005.06.05 R35-M0-N4-C:J16-U01 2005-06-05-06.14.30.610601 R35-M0-N4-C:J16-U01 RAS KERNEL INFO generating core.2660
- 1117977270 2005.06.05 R35-M0-N4-C:J10-U01 2005-06-05-06.14.30.634790 R35-M0-N4-C:J10-U01 RAS KERNEL INFO generating core.2917
- 1117977270 2005.06.05 R35-M0-N4-C:J08-U01 2005-06-05-06.14.30.659626 R35-M0-N4-C:J08-U01 RAS KERNEL INFO generating core.2662
- 1117977270 2005.06.05 R35-M0-N4-C:J04-U01 2005-06-05-06.14.30.684488 R35-M0-N4-C:J04-U01 RAS KERNEL INFO generating core.2663
- 1117977270 2005.06.05 R35-M0-N4-C:J04-U11 2005-06-05-06.14.30.719636 R35-M0-N4-C:J04-U11 RAS KERNEL INFO generating core.2671
- 1117977270 2005.06.05 R35-M0-N4-C:J02-U01 2005-06-05-06.14.30.743680 R35-M0-N4-C:J02-U01 RAS KERNEL INFO generating core.2919
- 1117977480 2005.06.05 R35-M0-NA-C:J09-U11 2005-06-05-06.18.00.146409 R35-M0-NA-C:J09-U11 RAS KERNEL INFO generating core.3166
- 1117977480 2005.06.05 R35-M0-NA-C:J15-U11 2005-06-05-06.18.00.170062 R35-M0-NA-C:J15-U11 RAS KERNEL INFO generating core.3420
- 1117977480 2005.06.05 R35-M0-NA-C:J11-U11 2005-06-05-06.18.00.194507 R35-M0-NA-C:J11-U11 RAS KERNEL INFO generating core.3421
- 1117977480 2005.06.05 R35-M0-NA-C:J17-U11 2005-06-05-06.18.00.218675 R35-M0-NA-C:J17-U11 RAS KERNEL INFO generating core.3164
- 1117977480 2005.06.05 R35-M0-NA-C:J05-U11 2005-06-05-06.18.00.320946 R35-M0-NA-C:J05-U11 RAS KERNEL INFO generating core.3167
- 1117977480 2005.06.05 R35-M0-NA-C:J07-U11 2005-06-05-06.18.00.357943 R35-M0-NA-C:J07-U11 RAS KERNEL INFO generating core.3422
- 1117977480 2005.06.05 R35-M0-NA-C:J15-U01 2005-06-05-06.18.00.422229 R35-M0-NA-C:J15-U01 RAS KERNEL INFO generating core.3412
- 1117977480 2005.06.05 R35-M0-NA-C:J17-U01 2005-06-05-06.18.00.449324 R35-M0-NA-C:J17-U01 RAS KERNEL INFO generating core.3156
- 1117977480 2005.06.05 R35-M0-NA-C:J11-U01 2005-06-05-06.18.00.473546 R35-M0-NA-C:J11-U01 RAS KERNEL INFO generating core.3413
- 1117977480 2005.06.05 R35-M0-NA-C:J13-U01 2005-06-05-06.18.00.510844 R35-M0-NA-C:J13-U01 RAS KERNEL INFO generating core.3157
- 1117977480 2005.06.05 R35-M0-NA-C:J09-U01 2005-06-05-06.18.00.534996 R35-M0-NA-C:J09-U01 RAS KERNEL INFO generating core.3158
- 1117977480 2005.06.05 R35-M0-NA-C:J08-U11 2005-06-05-06.18.00.558931 R35-M0-NA-C:J08-U11 RAS KERNEL INFO generating core.3150
- 1117977480 2005.06.05 R35-M0-NA-C:J06-U01 2005-06-05-06.18.00.582498 R35-M0-NA-C:J06-U01 RAS KERNEL INFO generating core.3398
- 1117977480 2005.06.05 R35-M0-NA-C:J04-U11 2005-06-05-06.18.00.605416 R35-M0-NA-C:J04-U11 RAS KERNEL INFO generating core.3151
- 1117977480 2005.06.05 R35-M0-NA-C:J02-U01 2005-06-05-06.18.00.628261 R35-M0-NA-C:J02-U01 RAS KERNEL INFO generating core.3399
- 1117977480 2005.06.05 R35-M0-NA-C:J02-U11 2005-06-05-06.18.00.651002 R35-M0-NA-C:J02-U11 RAS KERNEL INFO generating core.3407
- 1117977625 2005.06.05 R35-M1-N7-C:J09-U11 2005-06-05-06.20.25.341215 R35-M1-N7-C:J09-U11 RAS KERNEL INFO generating core.4218
- 1117977625 2005.06.05 R35-M1-N7-C:J03-U01 2005-06-05-06.20.25.365820 R35-M1-N7-C:J03-U01 RAS KERNEL INFO generating core.4467
- 1117977625 2005.06.05 R35-M1-N7-C:J05-U11 2005-06-05-06.20.25.397047 R35-M1-N7-C:J05-U11 RAS KERNEL INFO generating core.4219
- 1117977625 2005.06.05 R35-M1-N7-C:J15-U01 2005-06-05-06.20.25.421537 R35-M1-N7-C:J15-U01 RAS KERNEL INFO generating core.4464
- 1117977625 2005.06.05 R35-M1-N7-C:J09-U01 2005-06-05-06.20.25.444939 R35-M1-N7-C:J09-U01 RAS KERNEL INFO generating core.4210
- 1117977625 2005.06.05 R35-M1-N7-C:J08-U11 2005-06-05-06.20.25.468002 R35-M1-N7-C:J08-U11 RAS KERNEL INFO generating core.4202
- 1117977625 2005.06.05 R35-M1-N7-C:J10-U11 2005-06-05-06.20.25.491007 R35-M1-N7-C:J10-U11 RAS KERNEL INFO generating core.4457
- 1117977625 2005.06.05 R35-M1-N7-C:J06-U11 2005-06-05-06.20.25.514398 R35-M1-N7-C:J06-U11 RAS KERNEL INFO generating core.4458
- 1117977625 2005.06.05 R35-M1-N7-C:J14-U01 2005-06-05-06.20.25.537649 R35-M1-N7-C:J14-U01 RAS KERNEL INFO generating core.4448
- 1117977625 2005.06.05 R35-M1-N7-C:J16-U01 2005-06-05-06.20.25.561774 R35-M1-N7-C:J16-U01 RAS KERNEL INFO generating core.4192
- 1117977625 2005.06.05 R35-M1-N7-C:J10-U01 2005-06-05-06.20.25.586236 R35-M1-N7-C:J10-U01 RAS KERNEL INFO generating core.4449
- 1117977625 2005.06.05 R35-M1-N7-C:J08-U01 2005-06-05-06.20.25.609996 R35-M1-N7-C:J08-U01 RAS KERNEL INFO generating core.4194
- 1117977625 2005.06.05 R35-M1-N7-C:J02-U01 2005-06-05-06.20.25.634398 R35-M1-N7-C:J02-U01 RAS KERNEL INFO generating core.4451
- 1117977625 2005.06.05 R35-M1-N7-C:J02-U11 2005-06-05-06.20.25.658025 R35-M1-N7-C:J02-U11 RAS KERNEL INFO generating core.4459
- 1117977625 2005.06.05 R35-M0-NE-C:J09-U11 2005-06-05-06.20.25.968993 R35-M0-NE-C:J09-U11 RAS KERNEL INFO generating core.2142
- 1117977625 2005.06.05 R35-M0-NE-C:J15-U11 2005-06-05-06.20.25.992592 R35-M0-NE-C:J15-U11 RAS KERNEL INFO generating core.2396
- 1117977626 2005.06.05 R35-M0-NE-C:J13-U11 2005-06-05-06.20.26.015550 R35-M0-NE-C:J13-U11 RAS KERNEL INFO generating core.2141
- 1117977626 2005.06.05 R35-M0-NE-C:J17-U11 2005-06-05-06.20.26.038614 R35-M0-NE-C:J17-U11 RAS KERNEL INFO generating core.2140
- 1117977626 2005.06.05 R35-M0-NE-C:J05-U01 2005-06-05-06.20.26.061501 R35-M0-NE-C:J05-U01 RAS KERNEL INFO generating core.2135
- 1117977626 2005.06.05 R35-M0-NE-C:J03-U01 2005-06-05-06.20.26.084549 R35-M0-NE-C:J03-U01 RAS KERNEL INFO generating core.2391
- 1117977626 2005.06.05 R35-M0-NE-C:J11-U01 2005-06-05-06.20.26.107551 R35-M0-NE-C:J11-U01 RAS KERNEL INFO generating core.2389
- 1117977626 2005.06.05 R35-M0-NE-C:J07-U01 2005-06-05-06.20.26.130550 R35-M0-NE-C:J07-U01 RAS KERNEL INFO generating core.2390
- 1117977626 2005.06.05 R35-M0-NE-C:J13-U01 2005-06-05-06.20.26.153581 R35-M0-NE-C:J13-U01 RAS KERNEL INFO generating core.2133
- 1117977626 2005.06.05 R35-M0-NE-C:J09-U01 2005-06-05-06.20.26.176790 R35-M0-NE-C:J09-U01 RAS KERNEL INFO generating core.2134
- 1117977626 2005.06.05 R35-M0-NE-C:J06-U11 2005-06-05-06.20.26.213060 R35-M0-NE-C:J06-U11 RAS KERNEL INFO generating core.2382
- 1117977626 2005.06.05 R35-M0-NE-C:J12-U11 2005-06-05-06.20.26.236975 R35-M0-NE-C:J12-U11 RAS KERNEL INFO generating core.2125
- 1117977626 2005.06.05 R35-M0-NE-C:J14-U01 2005-06-05-06.20.26.282291 R35-M0-NE-C:J14-U01 RAS KERNEL INFO generating core.2372
- 1117977626 2005.06.05 R35-M0-NE-C:J10-U01 2005-06-05-06.20.26.307610 R35-M0-NE-C:J10-U01 RAS KERNEL INFO generating core.2373
- 1117977626 2005.06.05 R35-M0-NE-C:J12-U01 2005-06-05-06.20.26.332154 R35-M0-NE-C:J12-U01 RAS KERNEL INFO generating core.2117
- 1117977626 2005.06.05 R35-M0-NE-C:J08-U01 2005-06-05-06.20.26.355807 R35-M0-NE-C:J08-U01 RAS KERNEL INFO generating core.2118
- 1117977626 2005.06.05 R35-M0-NE-C:J04-U01 2005-06-05-06.20.26.380887 R35-M0-NE-C:J04-U01 RAS KERNEL INFO generating core.2119
- 1117977626 2005.06.05 R35-M0-NE-C:J06-U01 2005-06-05-06.20.26.503544 R35-M0-NE-C:J06-U01 RAS KERNEL INFO generating core.2374
- 1117977626 2005.06.05 R35-M0-NE-C:J04-U11 2005-06-05-06.20.26.527967 R35-M0-NE-C:J04-U11 RAS KERNEL INFO generating core.2127
- 1117977626 2005.06.05 R35-M0-NE-C:J02-U11 2005-06-05-06.20.26.552359 R35-M0-NE-C:J02-U11 RAS KERNEL INFO generating core.2383
- 1117977627 2005.06.05 R35-M1-N3-C:J13-U11 2005-06-05-06.20.27.576385 R35-M1-N3-C:J13-U11 RAS KERNEL INFO generating core.5241
- 1117977627 2005.06.05 R35-M1-N3-C:J17-U11 2005-06-05-06.20.27.599759 R35-M1-N3-C:J17-U11 RAS KERNEL INFO generating core.5240
- 1117977627 2005.06.05 R35-M1-N3-C:J05-U01 2005-06-05-06.20.27.624048 R35-M1-N3-C:J05-U01 RAS KERNEL INFO generating core.5235
- 1117977627 2005.06.05 R35-M1-N3-C:J03-U01 2005-06-05-06.20.27.647423 R35-M1-N3-C:J03-U01 RAS KERNEL INFO generating core.5491
- 1117977627 2005.06.05 R35-M1-N3-C:J15-U01 2005-06-05-06.20.27.670641 R35-M1-N3-C:J15-U01 RAS KERNEL INFO generating core.5488
- 1117977627 2005.06.05 R35-M1-N3-C:J17-U01 2005-06-05-06.20.27.694774 R35-M1-N3-C:J17-U01 RAS KERNEL INFO generating core.5232
- 1117977627 2005.06.05 R35-M1-N3-C:J11-U01 2005-06-05-06.20.27.718987 R35-M1-N3-C:J11-U01 RAS KERNEL INFO generating core.5489
- 1117977627 2005.06.05 R35-M1-N3-C:J16-U11 2005-06-05-06.20.27.743048 R35-M1-N3-C:J16-U11 RAS KERNEL INFO generating core.5224
- 1117977627 2005.06.05 R35-M1-N3-C:J08-U11 2005-06-05-06.20.27.769456 R35-M1-N3-C:J08-U11 RAS KERNEL INFO generating core.5226
- 1117977627 2005.06.05 R35-M1-N3-C:J10-U11 2005-06-05-06.20.27.809803 R35-M1-N3-C:J10-U11 RAS KERNEL INFO generating core.5481
- 1117977627 2005.06.05 R35-M1-N3-C:J06-U11 2005-06-05-06.20.27.839356 R35-M1-N3-C:J06-U11 RAS KERNEL INFO generating core.5482
- 1117977627 2005.06.05 R35-M1-N3-C:J04-U01 2005-06-05-06.20.27.862277 R35-M1-N3-C:J04-U01 RAS KERNEL INFO generating core.5219
- 1117977627 2005.06.05 R35-M1-N3-C:J04-U11 2005-06-05-06.20.27.886345 R35-M1-N3-C:J04-U11 RAS KERNEL INFO generating core.5227
- 1117977629 2005.06.05 R35-M1-N6-C:J09-U11 2005-06-05-06.20.29.813260 R35-M1-N6-C:J09-U11 RAS KERNEL INFO generating core.4222
- 1117977629 2005.06.05 R35-M1-N6-C:J11-U11 2005-06-05-06.20.29.851956 R35-M1-N6-C:J11-U11 RAS KERNEL INFO generating core.4477
- 1117977629 2005.06.05 R35-M1-N6-C:J13-U11 2005-06-05-06.20.29.881446 R35-M1-N6-C:J13-U11 RAS KERNEL INFO generating core.4221
- 1117977629 2005.06.05 R35-M1-N6-C:J05-U01 2005-06-05-06.20.29.909168 R35-M1-N6-C:J05-U01 RAS KERNEL INFO generating core.4215
- 1117977629 2005.06.05 R35-M1-N6-C:J03-U11 2005-06-05-06.20.29.933259 R35-M1-N6-C:J03-U11 RAS KERNEL INFO generating core.4479
- 1117977629 2005.06.05 R35-M1-N6-C:J15-U01 2005-06-05-06.20.29.956197 R35-M1-N6-C:J15-U01 RAS KERNEL INFO generating core.4468
- 1117977629 2005.06.05 R35-M1-N6-C:J11-U01 2005-06-05-06.20.29.979068 R35-M1-N6-C:J11-U01 RAS KERNEL INFO generating core.4469
- 1117977630 2005.06.05 R35-M1-N6-C:J07-U01 2005-06-05-06.20.30.002061 R35-M1-N6-C:J07-U01 RAS KERNEL INFO generating core.4470
- 1117977630 2005.06.05 R35-M1-N6-C:J16-U11 2005-06-05-06.20.30.025033 R35-M1-N6-C:J16-U11 RAS KERNEL INFO generating core.4204
- 1117977630 2005.06.05 R35-M1-N6-C:J10-U11 2005-06-05-06.20.30.048112 R35-M1-N6-C:J10-U11 RAS KERNEL INFO generating core.4461
- 1117977630 2005.06.05 R35-M1-N6-C:J06-U11 2005-06-05-06.20.30.071074 R35-M1-N6-C:J06-U11 RAS KERNEL INFO generating core.4462
- 1117977630 2005.06.05 R35-M1-N6-C:J16-U01 2005-06-05-06.20.30.094049 R35-M1-N6-C:J16-U01 RAS KERNEL INFO generating core.4196
- 1117977630 2005.06.05 R35-M1-N6-C:J08-U01 2005-06-05-06.20.30.117104 R35-M1-N6-C:J08-U01 RAS KERNEL INFO generating core.4198
- 1117977630 2005.06.05 R35-M1-N6-C:J06-U01 2005-06-05-06.20.30.140023 R35-M1-N6-C:J06-U01 RAS KERNEL INFO generating core.4454
- 1117977633 2005.06.05 R35-M1-N2-C:J09-U11 2005-06-05-06.20.33.184296 R35-M1-N2-C:J09-U11 RAS KERNEL INFO generating core.5246
- 1117977633 2005.06.05 R35-M1-N2-C:J17-U11 2005-06-05-06.20.33.207221 R35-M1-N2-C:J17-U11 RAS KERNEL INFO generating core.5244
- 1117977633 2005.06.05 R35-M1-N2-C:J05-U01 2005-06-05-06.20.33.230209 R35-M1-N2-C:J05-U01 RAS KERNEL INFO generating core.5239
- 1117977633 2005.06.05 R35-M1-N2-C:J05-U11 2005-06-05-06.20.33.253077 R35-M1-N2-C:J05-U11 RAS KERNEL INFO generating core.5247
- 1117977633 2005.06.05 R35-M1-N2-C:J03-U11 2005-06-05-06.20.33.388086 R35-M1-N2-C:J03-U11 RAS KERNEL INFO generating core.5503
- 1117977633 2005.06.05 R35-M1-N2-C:J07-U11 2005-06-05-06.20.33.427570 R35-M1-N2-C:J07-U11 RAS KERNEL INFO generating core.5502
- 1117977633 2005.06.05 R35-M1-N2-C:J15-U01 2005-06-05-06.20.33.456608 R35-M1-N2-C:J15-U01 RAS KERNEL INFO generating core.5492
- 1117977633 2005.06.05 R35-M1-N2-C:J17-U01 2005-06-05-06.20.33.481141 R35-M1-N2-C:J17-U01 RAS KERNEL INFO generating core.5236
- 1117977633 2005.06.05 R35-M1-N2-C:J13-U01 2005-06-05-06.20.33.504287 R35-M1-N2-C:J13-U01 RAS KERNEL INFO generating core.5237
- 1117977633 2005.06.05 R35-M1-N2-C:J09-U01 2005-06-05-06.20.33.531255 R35-M1-N2-C:J09-U01 RAS KERNEL INFO generating core.5238
- 1117977633 2005.06.05 R35-M1-N2-C:J08-U11 2005-06-05-06.20.33.565135 R35-M1-N2-C:J08-U11 RAS KERNEL INFO generating core.5230
- 1117977633 2005.06.05 R35-M1-N2-C:J10-U11 2005-06-05-06.20.33.588464 R35-M1-N2-C:J10-U11 RAS KERNEL INFO generating core.5485
- 1117977633 2005.06.05 R35-M1-N2-C:J06-U11 2005-06-05-06.20.33.611920 R35-M1-N2-C:J06-U11 RAS KERNEL INFO generating core.5486
- 1117977633 2005.06.05 R35-M1-N2-C:J12-U11 2005-06-05-06.20.33.635174 R35-M1-N2-C:J12-U11 RAS KERNEL INFO generating core.5229
- 1117977633 2005.06.05 R35-M1-N2-C:J14-U01 2005-06-05-06.20.33.657980 R35-M1-N2-C:J14-U01 RAS KERNEL INFO generating core.5476
- 1117977633 2005.06.05 R35-M1-N2-C:J16-U01 2005-06-05-06.20.33.681039 R35-M1-N2-C:J16-U01 RAS KERNEL INFO generating core.5220
- 1117977633 2005.06.05 R35-M1-N2-C:J12-U01 2005-06-05-06.20.33.703978 R35-M1-N2-C:J12-U01 RAS KERNEL INFO generating core.5221
- 1117977633 2005.06.05 R35-M1-N2-C:J08-U01 2005-06-05-06.20.33.727002 R35-M1-N2-C:J08-U01 RAS KERNEL INFO generating core.5222
- 1117977633 2005.06.05 R35-M1-N2-C:J02-U01 2005-06-05-06.20.33.749984 R35-M1-N2-C:J02-U01 RAS KERNEL INFO generating core.5479
- 1117977633 2005.06.05 R35-M1-N2-C:J02-U11 2005-06-05-06.20.33.815241 R35-M1-N2-C:J02-U11 RAS KERNEL INFO generating core.5487
- 1117977645 2005.06.05 R32-M1-NF-C:J15-U11 2005-06-05-06.20.45.273719 R32-M1-NF-C:J15-U11 RAS KERNEL INFO generating core.6616
- 1117977645 2005.06.05 R32-M1-NF-C:J11-U11 2005-06-05-06.20.45.296569 R32-M1-NF-C:J11-U11 RAS KERNEL INFO generating core.6617
- 1117977645 2005.06.05 R32-M1-NF-C:J17-U11 2005-06-05-06.20.45.319525 R32-M1-NF-C:J17-U11 RAS KERNEL INFO generating core.6360
- 1117977645 2005.06.05 R32-M1-NF-C:J05-U11 2005-06-05-06.20.45.342526 R32-M1-NF-C:J05-U11 RAS KERNEL INFO generating core.6363
- 1117977645 2005.06.05 R32-M1-NF-C:J15-U01 2005-06-05-06.20.45.364908 R32-M1-NF-C:J15-U01 RAS KERNEL INFO generating core.6608
- 1117977645 2005.06.05 R32-M1-NF-C:J17-U01 2005-06-05-06.20.45.387417 R32-M1-NF-C:J17-U01 RAS KERNEL INFO generating core.6352
- 1117977645 2005.06.05 R32-M1-NF-C:J16-U11 2005-06-05-06.20.45.409873 R32-M1-NF-C:J16-U11 RAS KERNEL INFO generating core.6344
- 1117977645 2005.06.05 R32-M1-NF-C:J14-U11 2005-06-05-06.20.45.432472 R32-M1-NF-C:J14-U11 RAS KERNEL INFO generating core.6600
- 1117977645 2005.06.05 R32-M1-NF-C:J10-U11 2005-06-05-06.20.45.455277 R32-M1-NF-C:J10-U11 RAS KERNEL INFO generating core.6601
- 1117977645 2005.06.05 R32-M1-NF-C:J06-U11 2005-06-05-06.20.45.478925 R32-M1-NF-C:J06-U11 RAS KERNEL INFO generating core.6602
- 1117977645 2005.06.05 R32-M1-NF-C:J14-U01 2005-06-05-06.20.45.502970 R32-M1-NF-C:J14-U01 RAS KERNEL INFO generating core.6592
- 1117977645 2005.06.05 R32-M1-NF-C:J16-U01 2005-06-05-06.20.45.675131 R32-M1-NF-C:J16-U01 RAS KERNEL INFO generating core.6336
- 1117977645 2005.06.05 R32-M1-NF-C:J12-U01 2005-06-05-06.20.45.699097 R32-M1-NF-C:J12-U01 RAS KERNEL INFO generating core.6337
- 1117977645 2005.06.05 R32-M1-NF-C:J04-U01 2005-06-05-06.20.45.722036 R32-M1-NF-C:J04-U01 RAS KERNEL INFO generating core.6339
- 1117977645 2005.06.05 R32-M1-NF-C:J06-U01 2005-06-05-06.20.45.744907 R32-M1-NF-C:J06-U01 RAS KERNEL INFO generating core.6594
- 1117977645 2005.06.05 R32-M1-NF-C:J02-U01 2005-06-05-06.20.45.767456 R32-M1-NF-C:J02-U01 RAS KERNEL INFO generating core.6595
- 1117977645 2005.06.05 R32-M1-N9-C:J09-U11 2005-06-05-06.20.45.789859 R32-M1-N9-C:J09-U11 RAS KERNEL INFO generating core.7898
- 1117977645 2005.06.05 R32-M1-N9-C:J11-U11 2005-06-05-06.20.45.812535 R32-M1-N9-C:J11-U11 RAS KERNEL INFO generating core.8153
- 1117977645 2005.06.05 R32-M1-N9-C:J13-U11 2005-06-05-06.20.45.840315 R32-M1-N9-C:J13-U11 RAS KERNEL INFO generating core.7897
- 1117977645 2005.06.05 R32-M1-N9-C:J03-U01 2005-06-05-06.20.45.863367 R32-M1-N9-C:J03-U01 RAS KERNEL INFO generating core.8147
- 1117977645 2005.06.05 R32-M1-N9-C:J05-U11 2005-06-05-06.20.45.886499 R32-M1-N9-C:J05-U11 RAS KERNEL INFO generating core.7899
- 1117977645 2005.06.05 R32-M1-N9-C:J03-U11 2005-06-05-06.20.45.909305 R32-M1-N9-C:J03-U11 RAS KERNEL INFO generating core.8155
- 1117977645 2005.06.05 R32-M1-N9-C:J07-U11 2005-06-05-06.20.45.931874 R32-M1-N9-C:J07-U11 RAS KERNEL INFO generating core.8154
- 1117977645 2005.06.05 R32-M1-N9-C:J15-U01 2005-06-05-06.20.45.954267 R32-M1-N9-C:J15-U01 RAS KERNEL INFO generating core.8144
- 1117977645 2005.06.05 R32-M1-N9-C:J13-U01 2005-06-05-06.20.45.976810 R32-M1-N9-C:J13-U01 RAS KERNEL INFO generating core.7889
- 1117977645 2005.06.05 R32-M1-N9-C:J09-U01 2005-06-05-06.20.45.999313 R32-M1-N9-C:J09-U01 RAS KERNEL INFO generating core.7890
- 1117977646 2005.06.05 R32-M1-N9-C:J16-U11 2005-06-05-06.20.46.149520 R32-M1-N9-C:J16-U11 RAS KERNEL INFO generating core.7880
- 1117977646 2005.06.05 R32-M1-N9-C:J10-U11 2005-06-05-06.20.46.186427 R32-M1-N9-C:J10-U11 RAS KERNEL INFO generating core.8137
- 1117977646 2005.06.05 R32-M1-N9-C:J16-U01 2005-06-05-06.20.46.214915 R32-M1-N9-C:J16-U01 RAS KERNEL INFO generating core.7872
- 1117977646 2005.06.05 R32-M1-N9-C:J12-U01 2005-06-05-06.20.46.238247 R32-M1-N9-C:J12-U01 RAS KERNEL INFO generating core.7873
- 1117977646 2005.06.05 R32-M1-N9-C:J04-U01 2005-06-05-06.20.46.260676 R32-M1-N9-C:J04-U01 RAS KERNEL INFO generating core.7875
- 1117977646 2005.06.05 R32-M1-N9-C:J04-U11 2005-06-05-06.20.46.283171 R32-M1-N9-C:J04-U11 RAS KERNEL INFO generating core.7883
- 1117977646 2005.06.05 R32-M1-N9-C:J02-U01 2005-06-05-06.20.46.305653 R32-M1-N9-C:J02-U01 RAS KERNEL INFO generating core.8131
- 1117977646 2005.06.05 R32-M1-NE-C:J13-U11 2005-06-05-06.20.46.328227 R32-M1-NE-C:J13-U11 RAS KERNEL INFO generating core.6365
- 1117977646 2005.06.05 R32-M1-NE-C:J17-U11 2005-06-05-06.20.46.350664 R32-M1-NE-C:J17-U11 RAS KERNEL INFO generating core.6364
- 1117977646 2005.06.05 R32-M1-NE-C:J05-U11 2005-06-05-06.20.46.373250 R32-M1-NE-C:J05-U11 RAS KERNEL INFO generating core.6367
- 1117977646 2005.06.05 R32-M1-NE-C:J03-U11 2005-06-05-06.20.46.395716 R32-M1-NE-C:J03-U11 RAS KERNEL INFO generating core.6623
- 1117977646 2005.06.05 R32-M1-NE-C:J07-U11 2005-06-05-06.20.46.418126 R32-M1-NE-C:J07-U11 RAS KERNEL INFO generating core.6622
- 1117977646 2005.06.05 R32-M1-NE-C:J15-U01 2005-06-05-06.20.46.440711 R32-M1-NE-C:J15-U01 RAS KERNEL INFO generating core.6612
- 1117977646 2005.06.05 R32-M1-NE-C:J11-U01 2005-06-05-06.20.46.463300 R32-M1-NE-C:J11-U01 RAS KERNEL INFO generating core.6613
- 1117977646 2005.06.05 R32-M1-NE-C:J07-U01 2005-06-05-06.20.46.486858 R32-M1-NE-C:J07-U01 RAS KERNEL INFO generating core.6614
- 1117977646 2005.06.05 R32-M1-NE-C:J13-U01 2005-06-05-06.20.46.509975 R32-M1-NE-C:J13-U01 RAS KERNEL INFO generating core.6357
- 1117977646 2005.06.05 R32-M1-NE-C:J16-U11 2005-06-05-06.20.46.645973 R32-M1-NE-C:J16-U11 RAS KERNEL INFO generating core.6348
- 1117977646 2005.06.05 R32-M1-NE-C:J08-U11 2005-06-05-06.20.46.690958 R32-M1-NE-C:J08-U11 RAS KERNEL INFO generating core.6350
- 1117977646 2005.06.05 R32-M1-NE-C:J14-U11 2005-06-05-06.20.46.719049 R32-M1-NE-C:J14-U11 RAS KERNEL INFO generating core.6604
- 1117977646 2005.06.05 R32-M1-NE-C:J06-U11 2005-06-05-06.20.46.746068 R32-M1-NE-C:J06-U11 RAS KERNEL INFO generating core.6606
- 1117977646 2005.06.05 R32-M1-NE-C:J14-U01 2005-06-05-06.20.46.769205 R32-M1-NE-C:J14-U01 RAS KERNEL INFO generating core.6596
- 1117977646 2005.06.05 R32-M1-NE-C:J16-U01 2005-06-05-06.20.46.791717 R32-M1-NE-C:J16-U01 RAS KERNEL INFO generating core.6340
- 1117977646 2005.06.05 R32-M1-NE-C:J12-U01 2005-06-05-06.20.46.814313 R32-M1-NE-C:J12-U01 RAS KERNEL INFO generating core.6341
- 1117977646 2005.06.05 R32-M1-NE-C:J04-U01 2005-06-05-06.20.46.836684 R32-M1-NE-C:J04-U01 RAS KERNEL INFO generating core.6343
- 1117977646 2005.06.05 R32-M1-NE-C:J02-U01 2005-06-05-06.20.46.859777 R32-M1-NE-C:J02-U01 RAS KERNEL INFO generating core.6599
- 1117977646 2005.06.05 R32-M1-NE-C:J02-U11 2005-06-05-06.20.46.882129 R32-M1-NE-C:J02-U11 RAS KERNEL INFO generating core.6607
- 1117977647 2005.06.05 R32-M0-NB-C:J15-U11 2005-06-05-06.20.47.729669 R32-M0-NB-C:J15-U11 RAS KERNEL INFO generating core.1496
- 1117977647 2005.06.05 R32-M0-NB-C:J11-U11 2005-06-05-06.20.47.754976 R32-M0-NB-C:J11-U11 RAS KERNEL INFO generating core.1497
- 1117977647 2005.06.05 R32-M0-NB-C:J13-U11 2005-06-05-06.20.47.785683 R32-M0-NB-C:J13-U11 RAS KERNEL INFO generating core.1241
- 1117977647 2005.06.05 R32-M0-NB-C:J17-U11 2005-06-05-06.20.47.808054 R32-M0-NB-C:J17-U11 RAS KERNEL INFO generating core.1240
- 1117977647 2005.06.05 R32-M0-NB-C:J05-U11 2005-06-05-06.20.47.830583 R32-M0-NB-C:J05-U11 RAS KERNEL INFO generating core.1243
- 1117977647 2005.06.05 R32-M0-NB-C:J07-U01 2005-06-05-06.20.47.853030 R32-M0-NB-C:J07-U01 RAS KERNEL INFO generating core.1490
- 1117977647 2005.06.05 R32-M0-NB-C:J16-U11 2005-06-05-06.20.47.876100 R32-M0-NB-C:J16-U11 RAS KERNEL INFO generating core.1224
- 1117977647 2005.06.05 R32-M0-NB-C:J08-U11 2005-06-05-06.20.47.899104 R32-M0-NB-C:J08-U11 RAS KERNEL INFO generating core.1226
- 1117977647 2005.06.05 R32-M0-NB-C:J06-U11 2005-06-05-06.20.47.921558 R32-M0-NB-C:J06-U11 RAS KERNEL INFO generating core.1482
- 1117977647 2005.06.05 R32-M0-NB-C:J12-U11 2005-06-05-06.20.47.944046 R32-M0-NB-C:J12-U11 RAS KERNEL INFO generating core.1225
- 1117977647 2005.06.05 R32-M0-NB-C:J14-U01 2005-06-05-06.20.47.966619 R32-M0-NB-C:J14-U01 RAS KERNEL INFO generating core.1472
- 1117977647 2005.06.05 R32-M0-NB-C:J10-U01 2005-06-05-06.20.47.988991 R32-M0-NB-C:J10-U01 RAS KERNEL INFO generating core.1473
- 1117977648 2005.06.05 R32-M0-NB-C:J12-U01 2005-06-05-06.20.48.011459 R32-M0-NB-C:J12-U01 RAS KERNEL INFO generating core.1217
- 1117977648 2005.06.05 R32-M0-NB-C:J08-U01 2005-06-05-06.20.48.034050 R32-M0-NB-C:J08-U01 RAS KERNEL INFO generating core.1218
- 1117977648 2005.06.05 R32-M0-N9-C:J09-U11 2005-06-05-06.20.48.218058 R32-M0-N9-C:J09-U11 RAS KERNEL INFO generating core.1754
- 1117977648 2005.06.05 R32-M0-N9-C:J15-U11 2005-06-05-06.20.48.243046 R32-M0-N9-C:J15-U11 RAS KERNEL INFO generating core.2008
- 1117977648 2005.06.05 R32-M0-N9-C:J11-U11 2005-06-05-06.20.48.266002 R32-M0-N9-C:J11-U11 RAS KERNEL INFO generating core.2009
- 1117977648 2005.06.05 R32-M0-N9-C:J17-U11 2005-06-05-06.20.48.288473 R32-M0-N9-C:J17-U11 RAS KERNEL INFO generating core.1752
- 1117977648 2005.06.05 R32-M0-N9-C:J05-U01 2005-06-05-06.20.48.318574 R32-M0-N9-C:J05-U01 RAS KERNEL INFO generating core.1747
- 1117977648 2005.06.05 R32-M0-N9-C:J03-U01 2005-06-05-06.20.48.341041 R32-M0-N9-C:J03-U01 RAS KERNEL INFO generating core.2003
- 1117977648 2005.06.05 R32-M0-N9-C:J03-U11 2005-06-05-06.20.48.363585 R32-M0-N9-C:J03-U11 RAS KERNEL INFO generating core.2011
- 1117977648 2005.06.05 R32-M0-N9-C:J07-U11 2005-06-05-06.20.48.385896 R32-M0-N9-C:J07-U11 RAS KERNEL INFO generating core.2010
- 1117977648 2005.06.05 R32-M0-N9-C:J17-U01 2005-06-05-06.20.48.408426 R32-M0-N9-C:J17-U01 RAS KERNEL INFO generating core.1744
- 1117977648 2005.06.05 R32-M0-N9-C:J09-U01 2005-06-05-06.20.48.430884 R32-M0-N9-C:J09-U01 RAS KERNEL INFO generating core.1746
- 1117977648 2005.06.05 R32-M0-N9-C:J16-U11 2005-06-05-06.20.48.453608 R32-M0-N9-C:J16-U11 RAS KERNEL INFO generating core.1736
- 1117977648 2005.06.05 R32-M0-N9-C:J08-U11 2005-06-05-06.20.48.477499 R32-M0-N9-C:J08-U11 RAS KERNEL INFO generating core.1738
- 1117977648 2005.06.05 R32-M0-N9-C:J06-U11 2005-06-05-06.20.48.501129 R32-M0-N9-C:J06-U11 RAS KERNEL INFO generating core.1994
- 1117977648 2005.06.05 R32-M0-N9-C:J12-U11 2005-06-05-06.20.48.524546 R32-M0-N9-C:J12-U11 RAS KERNEL INFO generating core.1737
- 1117977648 2005.06.05 R32-M0-N9-C:J12-U01 2005-06-05-06.20.48.547346 R32-M0-N9-C:J12-U01 RAS KERNEL INFO generating core.1729
- 1117977648 2005.06.05 R32-M0-N9-C:J08-U01 2005-06-05-06.20.48.728156 R32-M0-N9-C:J08-U01 RAS KERNEL INFO generating core.1730
- 1117977648 2005.06.05 R32-M0-N9-C:J06-U01 2005-06-05-06.20.48.755688 R32-M0-N9-C:J06-U01 RAS KERNEL INFO generating core.1986
- 1117977648 2005.06.05 R32-M0-N9-C:J02-U01 2005-06-05-06.20.48.778615 R32-M0-N9-C:J02-U01 RAS KERNEL INFO generating core.1987
- 1117977648 2005.06.05 R32-M0-N9-C:J02-U11 2005-06-05-06.20.48.800855 R32-M0-N9-C:J02-U11 RAS KERNEL INFO generating core.1995
- 1117977648 2005.06.05 R32-M0-NA-C:J09-U11 2005-06-05-06.20.48.823608 R32-M0-NA-C:J09-U11 RAS KERNEL INFO generating core.1246
- 1117977648 2005.06.05 R32-M0-NA-C:J11-U11 2005-06-05-06.20.48.851914 R32-M0-NA-C:J11-U11 RAS KERNEL INFO generating core.1501
- 1117977648 2005.06.05 R32-M0-NA-C:J13-U11 2005-06-05-06.20.48.874450 R32-M0-NA-C:J13-U11 RAS KERNEL INFO generating core.1245
- 1117977648 2005.06.05 R32-M0-NA-C:J05-U11 2005-06-05-06.20.48.897400 R32-M0-NA-C:J05-U11 RAS KERNEL INFO generating core.1247
- 1117977648 2005.06.05 R32-M0-NA-C:J03-U11 2005-06-05-06.20.48.919908 R32-M0-NA-C:J03-U11 RAS KERNEL INFO generating core.1503
- 1117977648 2005.06.05 R32-M0-NA-C:J17-U01 2005-06-05-06.20.48.942417 R32-M0-NA-C:J17-U01 RAS KERNEL INFO generating core.1236
- 1117977648 2005.06.05 R32-M0-NA-C:J11-U01 2005-06-05-06.20.48.964880 R32-M0-NA-C:J11-U01 RAS KERNEL INFO generating core.1493
- 1117977648 2005.06.05 R32-M0-NA-C:J13-U01 2005-06-05-06.20.48.987335 R32-M0-NA-C:J13-U01 RAS KERNEL INFO generating core.1237
- 1117977649 2005.06.05 R32-M0-NA-C:J09-U01 2005-06-05-06.20.49.009901 R32-M0-NA-C:J09-U01 RAS KERNEL INFO generating core.1238
- 1117977649 2005.06.05 R32-M0-NA-C:J08-U11 2005-06-05-06.20.49.032376 R32-M0-NA-C:J08-U11 RAS KERNEL INFO generating core.1230
- 1117977649 2005.06.05 R32-M0-NA-C:J14-U11 2005-06-05-06.20.49.054850 R32-M0-NA-C:J14-U11 RAS KERNEL INFO generating core.1484
- 1117977649 2005.06.05 R32-M0-NA-C:J10-U11 2005-06-05-06.20.49.197669 R32-M0-NA-C:J10-U11 RAS KERNEL INFO generating core.1485
- 1117977649 2005.06.05 R32-M0-NA-C:J06-U11 2005-06-05-06.20.49.248858 R32-M0-NA-C:J06-U11 RAS KERNEL INFO generating core.1486
- 1117977649 2005.06.05 R32-M0-NA-C:J12-U11 2005-06-05-06.20.49.272938 R32-M0-NA-C:J12-U11 RAS KERNEL INFO generating core.1229
- 1117977649 2005.06.05 R32-M0-NA-C:J16-U01 2005-06-05-06.20.49.296308 R32-M0-NA-C:J16-U01 RAS KERNEL INFO generating core.1220
- 1117977649 2005.06.05 R32-M0-NA-C:J10-U01 2005-06-05-06.20.49.319370 R32-M0-NA-C:J10-U01 RAS KERNEL INFO generating core.1477
- 1117977649 2005.06.05 R32-M0-NA-C:J12-U01 2005-06-05-06.20.49.342296 R32-M0-NA-C:J12-U01 RAS KERNEL INFO generating core.1221
- 1117977649 2005.06.05 R32-M0-NA-C:J08-U01 2005-06-05-06.20.49.367298 R32-M0-NA-C:J08-U01 RAS KERNEL INFO generating core.1222
- 1117977649 2005.06.05 R32-M0-NA-C:J06-U01 2005-06-05-06.20.49.390389 R32-M0-NA-C:J06-U01 RAS KERNEL INFO generating core.1478
- 1117977649 2005.06.05 R32-M0-NA-C:J04-U11 2005-06-05-06.20.49.413318 R32-M0-NA-C:J04-U11 RAS KERNEL INFO generating core.1231
- 1117977649 2005.06.05 R32-M0-NA-C:J02-U11 2005-06-05-06.20.49.436385 R32-M0-NA-C:J02-U11 RAS KERNEL INFO generating core.1487
- 1117977649 2005.06.05 R32-M1-N7-C:J09-U11 2005-06-05-06.20.49.459687 R32-M1-N7-C:J09-U11 RAS KERNEL INFO generating core.6394
- 1117977649 2005.06.05 R32-M1-N7-C:J15-U11 2005-06-05-06.20.49.483072 R32-M1-N7-C:J15-U11 RAS KERNEL INFO generating core.6648
