081110 010310 4749 INFO dfs.DataNode$PacketResponder: PacketResponder 0 for block blk_5788535023006065696 terminating
081110 010310 4867 INFO dfs.DataNode$PacketResponder: PacketResponder 2 for block blk_-5441457837619240958 terminating
081110 010310 4868 INFO dfs.DataNode$PacketResponder: PacketResponder 1 for block blk_8601509691993566753 terminating
081110 010310 4912 INFO dfs.DataNode$PacketResponder: PacketResponder 2 for block blk_293591188385651043 terminating
081110 010310 4930 INFO dfs.DataNode$PacketResponder: PacketResponder 2 for block blk_829543395957419185 terminating
081110 010310 4935 INFO dfs.DataNode$PacketResponder: PacketResponder 0 for block blk_-7395378110929732757 terminating
081110 010310 4939 INFO dfs.DataNode$PacketResponder: PacketResponder 2 for block blk_-1218989209615203683 terminating
081110 010310 4944 INFO dfs.DataNode$PacketResponder: PacketResponder 1 for block blk_5788535023006065696 terminating
081110 010310 4948 INFO dfs.DataNode$PacketResponder: PacketResponder 1 for block blk_-1576446719030528068 terminating
081110 010310 4966 INFO dfs.DataNode$PacketResponder: PacketResponder 0 for block blk_-5441457837619240958 terminating
081110 010310 4983 INFO dfs.DataNode$PacketResponder: PacketResponder 1 for block blk_-1218989209615203683 terminating
081110 010310 4989 INFO dfs.DataNode$PacketResponder: PacketResponder 2 for block blk_8601509691993566753 terminating
081110 010310 4997 INFO dfs.DataNode$PacketResponder: PacketResponder 2 for block blk_5760889930192705438 terminating
081110 010310 5004 INFO dfs.DataNode$PacketResponder: PacketResponder 2 for block blk_208123280594640787 terminating
081110 010310 5007 INFO dfs.DataNode$PacketResponder: PacketResponder 1 for block blk_5760889930192705438 terminating
081110 010310 5019 INFO dfs.DataNode$PacketResponder: PacketResponder 1 for block blk_-7395378110929732757 terminating
081110 010310 5027 INFO dfs.DataNode$PacketResponder: PacketResponder 1 for block blk_-2676385329867612881 terminating
081110 010310 5033 INFO dfs.DataNode$PacketResponder: PacketResponder 2 for block blk_1597506776427748553 terminating
081110 010310 5045 INFO dfs.DataNode$PacketResponder: PacketResponder 1 for block blk_-5441457837619240958 terminating
081110 010310 5047 INFO dfs.DataNode$DataXceiver: writeBlock blk_-4624372634617129980 received exception java.io.IOException: Could not read from stream
081110 010310 5050 INFO dfs.DataNode$PacketResponder: PacketResponder 0 for block blk_-2676385329867612881 terminating
081110 010310 5058 INFO dfs.DataNode$PacketResponder: PacketResponder 2 for block blk_-2676385329867612881 terminating
081110 010310 5059 INFO dfs.DataNode$PacketResponder: PacketResponder 2 for block blk_-1576446719030528068 terminating
081110 010310 5063 INFO dfs.DataNode$PacketResponder: PacketResponder 1 for block blk_829543395957419185 terminating
081110 010310 5065 INFO dfs.DataNode$PacketResponder: PacketResponder 2 for block blk_8449324691093002833 terminating
081110 010310 5081 INFO dfs.DataNode$PacketResponder: PacketResponder 0 for block blk_8449324691093002833 terminating
081110 010310 5083 INFO dfs.DataNode$PacketResponder: PacketResponder 1 for block blk_1597506776427748553 terminating
081110 010310 5088 INFO dfs.DataNode$PacketResponder: PacketResponder 2 for block blk_-7395378110929732757 terminating
081110 010310 5091 INFO dfs.DataNode$PacketResponder: PacketResponder 0 for block blk_8601509691993566753 terminating
081110 010310 5093 INFO dfs.DataNode$PacketResponder: PacketResponder 0 for block blk_5760889930192705438 terminating
081110 010310 5100 INFO dfs.DataNode$PacketResponder: PacketResponder 0 for block blk_208123280594640787 terminating
081110 010310 5102 INFO dfs.DataNode$PacketResponder: PacketResponder 1 for block blk_8449324691093002833 terminating
081110 010310 5107 INFO dfs.DataNode$PacketResponder: PacketResponder 0 for block blk_829543395957419185 terminating
081110 010310 5112 INFO dfs.DataNode$PacketResponder: PacketResponder 0 for block blk_-1576446719030528068 terminating
081110 010310 5125 INFO dfs.DataNode$PacketResponder: PacketResponder 2 for block blk_5788535023006065696 terminating
081110 010310 5130 INFO dfs.DataNode$PacketResponder: PacketResponder 1 for block blk_208123280594640787 terminating
081110 010310 5173 INFO dfs.DataNode$PacketResponder: PacketResponder 2 for block blk_5827590878419292234 terminating
081110 010310 5199 INFO dfs.DataNode$PacketResponder: PacketResponder 2 for block blk_-9134036955817223545 terminating
081110 010311 4865 INFO dfs.DataNode$PacketResponder: PacketResponder 1 for block blk_-1034414832122593748 terminating
081110 010311 4876 INFO dfs.DataNode$PacketResponder: PacketResponder 2 for block blk_-2901841351925694352 terminating
081110 010311 4974 INFO dfs.DataNode$PacketResponder: PacketResponder 0 for block blk_5699918198281344247 terminating
081110 010311 5001 INFO dfs.DataNode$PacketResponder: PacketResponder 1 for block blk_7062051404571145658 terminating
081110 010311 5027 INFO dfs.DataNode$PacketResponder: PacketResponder 0 for block blk_7062051404571145658 terminating
081110 010311 5036 INFO dfs.DataNode$PacketResponder: PacketResponder 0 for block blk_-7038677509135305840 terminating
081110 010311 5043 INFO dfs.DataNode$PacketResponder: PacketResponder 0 for block blk_5795644238369900004 terminating
081110 010311 5047 INFO dfs.DataNode$PacketResponder: PacketResponder 2 for block blk_-1034414832122593748 terminating
081110 010311 5048 INFO dfs.DataNode$PacketResponder: PacketResponder 0 for block blk_-1034414832122593748 terminating
081110 010311 5052 INFO dfs.DataNode$PacketResponder: PacketResponder 0 for block blk_-5603805768728472067 terminating
081110 010311 5064 INFO dfs.DataNode$PacketResponder: PacketResponder 0 for block blk_2875679944653418323 terminating
081110 010311 5065 INFO dfs.DataNode$PacketResponder: PacketResponder 1 for block blk_2875679944653418323 terminating
081110 010311 5068 INFO dfs.DataNode$PacketResponder: PacketResponder 1 for block blk_-5603805768728472067 terminating
081110 010311 5073 INFO dfs.DataNode$PacketResponder: PacketResponder 1 for block blk_5795644238369900004 terminating
081110 010311 5075 INFO dfs.DataNode$PacketResponder: PacketResponder 1 for block blk_-2901841351925694352 terminating
081110 010311 5085 INFO dfs.DataNode$PacketResponder: PacketResponder 0 for block blk_-2901841351925694352 terminating
081110 010311 5086 INFO dfs.DataNode$PacketResponder: PacketResponder 1 for block blk_-7038677509135305840 terminating
081110 010311 5097 INFO dfs.DataNode$PacketResponder: PacketResponder 2 for block blk_2875679944653418323 terminating
081110 010311 5122 INFO dfs.DataNode$PacketResponder: PacketResponder 2 for block blk_-5603805768728472067 terminating
081110 010311 5127 INFO dfs.DataNode$PacketResponder: PacketResponder 2 for block blk_7062051404571145658 terminating
081110 010311 5169 INFO dfs.DataNode$PacketResponder: PacketResponder 1 for block blk_5699918198281344247 terminating
081110 010312 4745 INFO dfs.DataNode$PacketResponder: PacketResponder 1 for block blk_1776022044993388012 terminating
081110 010312 4931 INFO dfs.DataNode$PacketResponder: PacketResponder 0 for block blk_5626440211508119211 terminating
081110 010312 4962 INFO dfs.DataNode$PacketResponder: PacketResponder 0 for block blk_1776022044993388012 terminating
081110 010312 4962 INFO dfs.DataNode$PacketResponder: PacketResponder 2 for block blk_-7038677509135305840 terminating
081110 010312 4995 INFO dfs.DataNode$PacketResponder: PacketResponder 2 for block blk_5699918198281344247 terminating
081110 010312 4999 INFO dfs.DataNode$PacketResponder: PacketResponder 0 for block blk_-823122844482020629 terminating
081110 010312 5019 INFO dfs.DataNode$PacketResponder: PacketResponder 0 for block blk_-5790610403557433701 terminating
081110 010312 5023 INFO dfs.DataNode$PacketResponder: PacketResponder 0 for block blk_-526939934276268544 terminating
081110 010312 5024 INFO dfs.DataNode$PacketResponder: PacketResponder 1 for block blk_-7529580945115207285 terminating
081110 010312 5025 INFO dfs.DataNode$PacketResponder: PacketResponder 2 for block blk_-526939934276268544 terminating
081110 010312 5030 INFO dfs.DataNode$PacketResponder: PacketResponder 2 for block blk_-7529580945115207285 terminating
081110 010312 5039 INFO dfs.DataNode$PacketResponder: PacketResponder 2 for block blk_-4933680553320157154 terminating
081110 010312 5040 INFO dfs.DataNode$PacketResponder: PacketResponder 1 for block blk_-5790610403557433701 terminating
081110 010312 5045 INFO dfs.DataNode$DataXceiver: writeBlock blk_-4662377295678406217 received exception java.io.IOException: Could not read from stream
081110 010312 5050 INFO dfs.DataNode$PacketResponder: PacketResponder 2 for block blk_-615757143811891356 terminating
081110 010312 5057 INFO dfs.DataNode$PacketResponder: PacketResponder 1 for block blk_-615757143811891356 terminating
081110 010312 5062 INFO dfs.DataNode$PacketResponder: PacketResponder 1 for block blk_-3404911544534148685 terminating
081110 010312 5067 INFO dfs.DataNode$PacketResponder: PacketResponder 1 for block blk_-4933680553320157154 terminating
081110 010312 5068 INFO dfs.DataNode$PacketResponder: PacketResponder 0 for block blk_-615757143811891356 terminating
081110 010312 5069 INFO dfs.DataNode$PacketResponder: PacketResponder 1 for block blk_-526939934276268544 terminating
081110 010312 5071 INFO dfs.DataNode$DataXceiver: writeBlock blk_8108756579195654163 received exception java.io.IOException: Could not read from stream
081110 010312 5078 INFO dfs.DataNode$PacketResponder: PacketResponder 2 for block blk_5795644238369900004 terminating
081110 010312 5092 INFO dfs.DataNode$PacketResponder: PacketResponder 0 for block blk_-4933680553320157154 terminating
081110 010312 5099 INFO dfs.DataNode$PacketResponder: PacketResponder 0 for block blk_-1887806810660949938 terminating
081110 010312 5130 INFO dfs.DataNode$PacketResponder: PacketResponder 1 for block blk_-1887806810660949938 terminating
081110 010312 5148 INFO dfs.DataNode$PacketResponder: PacketResponder 0 for block blk_4618031469585796473 terminating
081110 010312 5184 INFO dfs.DataNode$PacketResponder: PacketResponder 0 for block blk_-7529580945115207285 terminating
081110 010313 4732 INFO dfs.DataNode$PacketResponder: PacketResponder 2 for block blk_-1436417257306264989 terminating
081110 010313 4906 INFO dfs.DataNode$PacketResponder: PacketResponder 1 for block blk_-3893211005995614321 terminating
081110 010313 4907 INFO dfs.DataNode$PacketResponder: PacketResponder 2 for block blk_-1887806810660949938 terminating
081110 010313 4907 INFO dfs.DataNode$PacketResponder: PacketResponder 2 for block blk_7296249929595132329 terminating
081110 010313 4910 INFO dfs.DataNode$PacketResponder: PacketResponder 0 for block blk_7296249929595132329 terminating
081110 010313 4917 INFO dfs.DataNode$PacketResponder: PacketResponder 2 for block blk_-823122844482020629 terminating
081110 010313 4918 INFO dfs.DataNode$PacketResponder: PacketResponder 2 for block blk_157776013705128786 terminating
081110 010313 4956 INFO dfs.DataNode$PacketResponder: PacketResponder 1 for block blk_1685546011825235246 terminating
081110 010313 4970 INFO dfs.DataNode$PacketResponder: PacketResponder 2 for block blk_4618031469585796473 terminating
081110 010313 4976 INFO dfs.DataNode$PacketResponder: PacketResponder 1 for block blk_157776013705128786 terminating
081110 010313 4976 INFO dfs.DataNode$PacketResponder: PacketResponder 1 for block blk_-823122844482020629 terminating
081110 010313 4977 INFO dfs.DataNode$PacketResponder: PacketResponder 2 for block blk_5626440211508119211 terminating
081110 010313 4995 INFO dfs.DataNode$PacketResponder: PacketResponder 0 for block blk_-3893211005995614321 terminating
081110 010313 4996 INFO dfs.DataNode$PacketResponder: PacketResponder 2 for block blk_-3404911544534148685 terminating
081110 010313 5002 INFO dfs.DataNode$PacketResponder: PacketResponder 0 for block blk_4695877166893223642 terminating
081110 010313 5008 INFO dfs.DataNode$PacketResponder: PacketResponder 1 for block blk_-1436417257306264989 terminating
081110 010313 5016 INFO dfs.DataNode$PacketResponder: PacketResponder 0 for block blk_-7174315941217374757 terminating
081110 010313 5017 INFO dfs.DataNode$PacketResponder: PacketResponder 1 for block blk_4695877166893223642 terminating
081110 010313 5024 INFO dfs.DataNode$PacketResponder: PacketResponder 2 for block blk_-7174315941217374757 terminating
081110 010313 5025 INFO dfs.DataNode$PacketResponder: PacketResponder 0 for block blk_-1436417257306264989 terminating
081110 010313 5025 INFO dfs.DataNode$PacketResponder: PacketResponder 2 for block blk_8621088772228842329 terminating
081110 010313 5032 INFO dfs.DataNode$PacketResponder: PacketResponder 0 for block blk_8621088772228842329 terminating
081110 010313 5032 INFO dfs.DataNode$PacketResponder: PacketResponder 2 for block blk_-3893211005995614321 terminating
081110 010313 5036 INFO dfs.DataNode$PacketResponder: PacketResponder 0 for block blk_157776013705128786 terminating
081110 010313 5046 INFO dfs.DataNode$PacketResponder: PacketResponder 0 for block blk_4668219377555278783 terminating
081110 010313 5046 INFO dfs.DataNode$PacketResponder: PacketResponder 1 for block blk_7296249929595132329 terminating
081110 010313 5054 INFO dfs.DataNode$PacketResponder: PacketResponder 0 for block blk_-5114653994299080859 terminating
081110 010313 5057 INFO dfs.DataNode$PacketResponder: PacketResponder 1 for block blk_4618031469585796473 terminating
081110 010313 5057 INFO dfs.DataNode$PacketResponder: PacketResponder 2 for block blk_-5114653994299080859 terminating
081110 010313 5060 INFO dfs.DataNode$PacketResponder: PacketResponder 2 for block blk_4668219377555278783 terminating
081110 010313 5064 INFO dfs.DataNode$PacketResponder: PacketResponder 1 for block blk_-7174315941217374757 terminating
081110 010313 5066 INFO dfs.DataNode$PacketResponder: PacketResponder 0 for block blk_1685546011825235246 terminating
081110 010313 5067 INFO dfs.DataNode$PacketResponder: PacketResponder 2 for block blk_1685546011825235246 terminating
081110 010313 5068 INFO dfs.DataNode$PacketResponder: PacketResponder 1 for block blk_-7112538545298110112 terminating
081110 010313 5069 INFO dfs.DataNode$PacketResponder: PacketResponder 0 for block blk_-5749151249933788741 terminating
081110 010313 5069 INFO dfs.DataNode$PacketResponder: PacketResponder 1 for block blk_6991425578643725892 terminating
081110 010313 5070 INFO dfs.DataNode$PacketResponder: PacketResponder 0 for block blk_6991425578643725892 terminating
081110 010313 5083 INFO dfs.DataNode$PacketResponder: PacketResponder 0 for block blk_-3404911544534148685 terminating
081110 010313 5096 INFO dfs.DataNode$PacketResponder: PacketResponder 1 for block blk_4668219377555278783 terminating
081110 010313 5102 INFO dfs.DataNode$PacketResponder: PacketResponder 1 for block blk_8621088772228842329 terminating
081110 010313 5128 INFO dfs.DataNode$PacketResponder: PacketResponder 2 for block blk_6991425578643725892 terminating
081110 010313 5140 INFO dfs.DataNode$PacketResponder: PacketResponder 0 for block blk_-7112538545298110112 terminating
081110 010313 5141 INFO dfs.DataNode$PacketResponder: PacketResponder 1 for block blk_5626440211508119211 terminating
081110 010313 5145 INFO dfs.DataNode$PacketResponder: PacketResponder 1 for block blk_-5114653994299080859 terminating
081110 010313 5145 INFO dfs.DataNode$PacketResponder: PacketResponder 2 for block blk_1776022044993388012 terminating
081110 010313 5156 INFO dfs.DataNode$PacketResponder: PacketResponder 2 for block blk_-5790610403557433701 terminating
081110 010314 4920 INFO dfs.DataNode$PacketResponder: PacketResponder 1 for block blk_-74387337888570678 terminating
081110 010314 4940 INFO dfs.DataNode$PacketResponder: PacketResponder 1 for block blk_7409067740239837166 terminating
081110 010314 4957 INFO dfs.DataNode$PacketResponder: PacketResponder 2 for block blk_7409067740239837166 terminating
081110 010314 4967 INFO dfs.DataNode$PacketResponder: PacketResponder 0 for block blk_3187529318084983587 terminating
081110 010314 4980 INFO dfs.DataNode$PacketResponder: PacketResponder 2 for block blk_4778185169587116274 terminating
081110 010314 4982 INFO dfs.DataNode$PacketResponder: PacketResponder 0 for block blk_4778185169587116274 terminating
081110 010314 4986 INFO dfs.DataNode$PacketResponder: PacketResponder 1 for block blk_-5865687978865727552 terminating
081110 010314 4988 INFO dfs.DataNode$PacketResponder: PacketResponder 0 for block blk_578293891168029811 terminating
081110 010314 4992 INFO dfs.DataNode$PacketResponder: PacketResponder 2 for block blk_4695877166893223642 terminating
081110 010314 5003 INFO dfs.DataNode$PacketResponder: PacketResponder 0 for block blk_-6865317131766213966 terminating
081110 010314 5003 INFO dfs.DataNode$PacketResponder: PacketResponder 2 for block blk_578293891168029811 terminating
081110 010314 5014 INFO dfs.DataNode$PacketResponder: PacketResponder 0 for block blk_4154979376789352129 terminating
081110 010314 5015 INFO dfs.DataNode$PacketResponder: PacketResponder 2 for block blk_844262455041910921 terminating
081110 010314 5030 INFO dfs.DataNode$PacketResponder: PacketResponder 1 for block blk_-6865317131766213966 terminating
081110 010314 5034 INFO dfs.DataNode$PacketResponder: PacketResponder 2 for block blk_-5865687978865727552 terminating
081110 010314 5052 INFO dfs.DataNode$PacketResponder: PacketResponder 0 for block blk_5983156339504496008 terminating
081110 010314 5056 INFO dfs.DataNode$PacketResponder: PacketResponder 1 for block blk_578293891168029811 terminating
081110 010314 5058 INFO dfs.DataNode$PacketResponder: PacketResponder 2 for block blk_-5749151249933788741 terminating
081110 010314 5060 INFO dfs.DataNode$PacketResponder: PacketResponder 0 for block blk_-5865687978865727552 terminating
081110 010314 5062 INFO dfs.DataNode$PacketResponder: PacketResponder 0 for block blk_844262455041910921 terminating
081110 010314 5063 INFO dfs.DataNode$PacketResponder: PacketResponder 1 for block blk_844262455041910921 terminating
081110 010314 5065 INFO dfs.DataNode$PacketResponder: PacketResponder 1 for block blk_3187529318084983587 terminating
081110 010314 5067 INFO dfs.DataNode$PacketResponder: PacketResponder 2 for block blk_-6865317131766213966 terminating
081110 010314 5068 INFO dfs.DataNode$PacketResponder: PacketResponder 2 for block blk_5983156339504496008 terminating
081110 010314 5070 INFO dfs.DataNode$PacketResponder: PacketResponder 2 for block blk_-74387337888570678 terminating
081110 010314 5071 INFO dfs.DataNode$PacketResponder: PacketResponder 1 for block blk_-7570380932220695291 terminating
081110 010314 5078 INFO dfs.DataNode$PacketResponder: PacketResponder 1 for block blk_4778185169587116274 terminating
081110 010314 5082 INFO dfs.DataNode$PacketResponder: PacketResponder 0 for block blk_7409067740239837166 terminating
081110 010314 5094 INFO dfs.DataNode$PacketResponder: PacketResponder 1 for block blk_-5749151249933788741 terminating
081110 010314 5096 INFO dfs.DataNode$PacketResponder: PacketResponder 2 for block blk_3187529318084983587 terminating
081110 010314 5111 INFO dfs.DataNode$PacketResponder: PacketResponder 1 for block blk_5983156339504496008 terminating
081110 010314 5175 INFO dfs.DataNode$PacketResponder: PacketResponder 0 for block blk_-74387337888570678 terminating
081110 010314 5193 INFO dfs.DataNode$PacketResponder: PacketResponder 0 for block blk_-7570380932220695291 terminating
081110 010315 4861 INFO dfs.DataNode$PacketResponder: PacketResponder 2 for block blk_4154979376789352129 terminating
081110 010315 4977 INFO dfs.DataNode$PacketResponder: PacketResponder 0 for block blk_-8387758041995173063 terminating
081110 010315 4978 INFO dfs.DataNode$PacketResponder: PacketResponder 2 for block blk_-1939384612054061686 terminating
081110 010315 5013 INFO dfs.DataNode$PacketResponder: PacketResponder 0 for block blk_-3723138883580969034 terminating
081110 010315 5028 INFO dfs.DataNode$PacketResponder: PacketResponder 1 for block blk_4154979376789352129 terminating
081110 010315 5030 INFO dfs.DataNode$DataXceiver: writeBlock blk_-7960559154252350251 received exception java.io.IOException: Could not read from stream
081110 010315 5038 INFO dfs.DataNode$PacketResponder: PacketResponder 0 for block blk_-1939384612054061686 terminating
081110 010315 5044 INFO dfs.DataNode$PacketResponder: PacketResponder 1 for block blk_2160781788813941820 terminating
081110 010315 5045 INFO dfs.DataNode$PacketResponder: PacketResponder 1 for block blk_8922322307316583481 terminating
081110 010315 5052 INFO dfs.DataNode$PacketResponder: PacketResponder 2 for block blk_-7570380932220695291 terminating
081110 010315 5057 INFO dfs.DataNode$PacketResponder: PacketResponder 0 for block blk_5373722954207664273 terminating
081110 010315 5060 INFO dfs.DataNode$PacketResponder: PacketResponder 2 for block blk_-7112538545298110112 terminating
081110 010315 5063 INFO dfs.DataNode$PacketResponder: PacketResponder 2 for block blk_-6584006072998227276 terminating
081110 010315 5066 INFO dfs.DataNode$PacketResponder: PacketResponder 0 for block blk_4635911808968361404 terminating
081110 010315 5070 INFO dfs.DataNode$PacketResponder: PacketResponder 0 for block blk_2160781788813941820 terminating
081110 010315 5071 INFO dfs.DataNode$PacketResponder: PacketResponder 2 for block blk_2160781788813941820 terminating
081110 010315 5075 INFO dfs.DataNode$PacketResponder: PacketResponder 0 for block blk_-2795543782445471290 terminating
081110 010315 5097 INFO dfs.DataNode$PacketResponder: PacketResponder 2 for block blk_-8387758041995173063 terminating
081110 010315 5101 INFO dfs.DataNode$PacketResponder: PacketResponder 0 for block blk_-6584006072998227276 terminating
081110 010315 5111 INFO dfs.DataNode$PacketResponder: PacketResponder 1 for block blk_-6584006072998227276 terminating
081110 010315 5138 INFO dfs.DataNode$PacketResponder: PacketResponder 2 for block blk_5373722954207664273 terminating
081110 010315 5146 INFO dfs.DataNode$PacketResponder: PacketResponder 1 for block blk_-1939384612054061686 terminating
081110 010315 5147 INFO dfs.DataNode$PacketResponder: PacketResponder 1 for block blk_5373722954207664273 terminating
081110 010315 5154 INFO dfs.DataNode$PacketResponder: PacketResponder 0 for block blk_8922322307316583481 terminating
081110 010315 5159 INFO dfs.DataNode$PacketResponder: PacketResponder 1 for block blk_-8387758041995173063 terminating
081110 010315 5161 INFO dfs.DataNode$PacketResponder: PacketResponder 1 for block blk_-2795543782445471290 terminating
081110 010316 4791 INFO dfs.DataNode$PacketResponder: PacketResponder 1 for block blk_4635911808968361404 terminating
081110 010316 4859 INFO dfs.DataNode$PacketResponder: PacketResponder 2 for block blk_-6153644135916106967 terminating
081110 010316 4909 INFO dfs.DataNode$PacketResponder: PacketResponder 1 for block blk_7235630143673319757 terminating
081110 010316 4979 INFO dfs.DataNode$PacketResponder: PacketResponder 2 for block blk_4635911808968361404 terminating
081110 010316 5005 INFO dfs.DataNode$PacketResponder: PacketResponder 1 for block blk_-6153644135916106967 terminating
081110 010316 5021 INFO dfs.DataNode$PacketResponder: PacketResponder 2 for block blk_8734825241846474519 terminating
081110 010316 5038 INFO dfs.DataNode$PacketResponder: PacketResponder 1 for block blk_-5819153423470635794 terminating
081110 010316 5041 INFO dfs.DataNode$PacketResponder: PacketResponder 0 for block blk_-6153644135916106967 terminating
081110 010316 5062 INFO dfs.DataNode$PacketResponder: PacketResponder 0 for block blk_-5819153423470635794 terminating
081110 010316 5062 INFO dfs.DataNode$PacketResponder: PacketResponder 0 for block blk_8734825241846474519 terminating
081110 010316 5062 INFO dfs.DataNode$PacketResponder: PacketResponder 2 for block blk_7235630143673319757 terminating
081110 010316 5070 INFO dfs.DataNode$PacketResponder: PacketResponder 0 for block blk_-4441996743905521466 terminating
081110 010316 5071 INFO dfs.DataNode$PacketResponder: PacketResponder 2 for block blk_-3723138883580969034 terminating
081110 010316 5072 INFO dfs.DataNode$PacketResponder: PacketResponder 1 for block blk_-3723138883580969034 terminating
081110 010316 5078 INFO dfs.DataNode$PacketResponder: PacketResponder 2 for block blk_-5819153423470635794 terminating
081110 010316 5089 INFO dfs.DataNode$PacketResponder: PacketResponder 0 for block blk_7235630143673319757 terminating
081110 010316 5099 INFO dfs.DataNode$PacketResponder: PacketResponder 1 for block blk_8734825241846474519 terminating
081110 010316 5143 INFO dfs.DataNode$PacketResponder: PacketResponder 2 for block blk_8922322307316583481 terminating
081110 010316 5171 INFO dfs.DataNode$PacketResponder: PacketResponder 2 for block blk_-2795543782445471290 terminating
081110 010317 4883 INFO dfs.DataNode$PacketResponder: PacketResponder 2 for block blk_6967221650069102050 terminating
081110 010317 4890 INFO dfs.DataNode$PacketResponder: PacketResponder 0 for block blk_6967221650069102050 terminating
081110 010317 4934 INFO dfs.DataNode$PacketResponder: PacketResponder 0 for block blk_-7405043116218109182 terminating
081110 010317 4984 INFO dfs.DataNode$PacketResponder: PacketResponder 2 for block blk_-4441996743905521466 terminating
081110 010317 5015 INFO dfs.DataNode$PacketResponder: PacketResponder 1 for block blk_-4441996743905521466 terminating
081110 010317 5031 INFO dfs.DataNode$PacketResponder: PacketResponder 1 for block blk_6967221650069102050 terminating
081110 010317 5060 INFO dfs.DataNode$PacketResponder: PacketResponder 0 for block blk_-5922755801588923554 terminating
081110 010317 5067 INFO dfs.DataNode$PacketResponder: PacketResponder 0 for block blk_-458657607597015135 terminating
081110 010317 5067 INFO dfs.DataNode$PacketResponder: PacketResponder 1 for block blk_-458657607597015135 terminating
081110 010317 5113 INFO dfs.DataNode$PacketResponder: PacketResponder 2 for block blk_-458657607597015135 terminating
081110 010317 5153 INFO dfs.DataNode$PacketResponder: PacketResponder 1 for block blk_-7405043116218109182 terminating
081110 010317 5195 INFO dfs.DataNode$PacketResponder: PacketResponder 1 for block blk_-5922755801588923554 terminating
081110 010318 4774 INFO dfs.DataNode$PacketResponder: PacketResponder 1 for block blk_-2217385764734123318 terminating
081110 010318 4856 INFO dfs.DataNode$PacketResponder: PacketResponder 2 for block blk_-8792820550694360280 terminating
081110 010318 4882 INFO dfs.DataNode$PacketResponder: PacketResponder 0 for block blk_-6744052944398647781 terminating
081110 010318 4887 INFO dfs.DataNode$PacketResponder: PacketResponder 1 for block blk_-8301732043835983360 terminating
081110 010318 4954 INFO dfs.DataNode$PacketResponder: PacketResponder 0 for block blk_-1760300300208425956 terminating
081110 010318 4990 INFO dfs.DataNode$PacketResponder: PacketResponder 0 for block blk_-8792820550694360280 terminating
081110 010318 5003 INFO dfs.DataNode$PacketResponder: PacketResponder 0 for block blk_-1451437995251852471 terminating
081110 010318 5003 INFO dfs.DataNode$PacketResponder: PacketResponder 1 for block blk_-1760300300208425956 terminating
081110 010318 5018 INFO dfs.DataNode$PacketResponder: PacketResponder 1 for block blk_-2836928267559728283 terminating
081110 010318 5018 INFO dfs.DataNode$PacketResponder: PacketResponder 1 for block blk_4183238003842192937 terminating
081110 010318 5033 INFO dfs.DataNode$PacketResponder: PacketResponder 2 for block blk_-8301732043835983360 terminating
081110 010318 5042 INFO dfs.DataNode$PacketResponder: PacketResponder 0 for block blk_4183238003842192937 terminating
081110 010318 5044 INFO dfs.DataNode$PacketResponder: PacketResponder 2 for block blk_-2217385764734123318 terminating
081110 010318 5064 INFO dfs.DataNode$PacketResponder: PacketResponder 1 for block blk_2337171823297378816 terminating
081110 010318 5074 INFO dfs.DataNode$PacketResponder: PacketResponder 1 for block blk_-8792820550694360280 terminating
081110 010318 5082 INFO dfs.DataNode$PacketResponder: PacketResponder 0 for block blk_2337171823297378816 terminating
081110 010318 5089 INFO dfs.DataNode$PacketResponder: PacketResponder 2 for block blk_2337171823297378816 terminating
081110 010318 5092 INFO dfs.DataNode$PacketResponder: PacketResponder 2 for block blk_-5922755801588923554 terminating
081110 010318 5100 INFO dfs.DataNode$PacketResponder: PacketResponder 0 for block blk_-8301732043835983360 terminating
081110 010318 5102 INFO dfs.DataNode$PacketResponder: PacketResponder 0 for block blk_-2217385764734123318 terminating
081110 010318 5104 INFO dfs.DataNode$PacketResponder: PacketResponder 2 for block blk_-1760300300208425956 terminating
081110 010318 5151 INFO dfs.DataNode$PacketResponder: PacketResponder 1 for block blk_-6744052944398647781 terminating
081110 010318 5163 INFO dfs.DataNode$PacketResponder: PacketResponder 2 for block blk_-6744052944398647781 terminating
081110 010319 3867 INFO dfs.DataNode$PacketResponder: PacketResponder 2 for block blk_472707218846024267 terminating
081110 010319 4679 INFO dfs.DataNode$PacketResponder: PacketResponder 1 for block blk_-5622006963868633725 terminating
081110 010319 4827 INFO dfs.DataNode$PacketResponder: PacketResponder 2 for block blk_-4725024786545714467 terminating
081110 010319 4912 INFO dfs.DataNode$PacketResponder: PacketResponder 2 for block blk_-5622006963868633725 terminating
081110 010319 4916 INFO dfs.DataNode$PacketResponder: PacketResponder 0 for block blk_6840205136065895325 terminating
081110 010319 4954 INFO dfs.DataNode$PacketResponder: PacketResponder 0 for block blk_-6320157275993955884 terminating
081110 010319 4961 INFO dfs.DataNode$PacketResponder: PacketResponder 0 for block blk_-3035694830725757567 terminating
081110 010319 4977 INFO dfs.DataNode$PacketResponder: PacketResponder 2 for block blk_-2836928267559728283 terminating
081110 010319 4980 INFO dfs.DataNode$PacketResponder: PacketResponder 2 for block blk_3120931257777753072 terminating
081110 010319 4982 INFO dfs.DataNode$PacketResponder: PacketResponder 1 for block blk_-4444856891978910001 terminating
081110 010319 4984 INFO dfs.DataNode$PacketResponder: PacketResponder 1 for block blk_1512030078382213166 terminating
081110 010319 4988 INFO dfs.DataNode$PacketResponder: PacketResponder 1 for block blk_8159235737848639597 terminating
081110 010319 4989 INFO dfs.DataNode$PacketResponder: PacketResponder 2 for block blk_-6251863507209457990 terminating
081110 010319 4996 INFO dfs.DataNode$PacketResponder: PacketResponder 2 for block blk_-3035694830725757567 terminating
081110 010319 5012 INFO dfs.DataNode$PacketResponder: PacketResponder 0 for block blk_8159235737848639597 terminating
081110 010319 5014 INFO dfs.DataNode$PacketResponder: PacketResponder 0 for block blk_-5622006963868633725 terminating
081110 010319 5014 INFO dfs.DataNode$PacketResponder: PacketResponder 2 for block blk_1512030078382213166 terminating
081110 010319 5026 INFO dfs.DataNode$PacketResponder: PacketResponder 2 for block blk_-4444856891978910001 terminating
081110 010319 5034 INFO dfs.DataNode$PacketResponder: PacketResponder 0 for block blk_472707218846024267 terminating
081110 010319 5035 INFO dfs.DataNode$PacketResponder: PacketResponder 1 for block blk_3120931257777753072 terminating
081110 010319 5040 INFO dfs.DataNode$PacketResponder: PacketResponder 2 for block blk_6840205136065895325 terminating
081110 010319 5042 INFO dfs.DataNode$PacketResponder: PacketResponder 0 for block blk_-2836928267559728283 terminating
081110 010319 5048 INFO dfs.DataNode$PacketResponder: PacketResponder 2 for block blk_-1451437995251852471 terminating
081110 010319 5057 INFO dfs.DataNode$PacketResponder: PacketResponder 1 for block blk_-4725024786545714467 terminating
081110 010319 5069 INFO dfs.DataNode$PacketResponder: PacketResponder 1 for block blk_6840205136065895325 terminating
081110 010319 5072 INFO dfs.DataNode$PacketResponder: PacketResponder 2 for block blk_-7405043116218109182 terminating
081110 010319 5077 INFO dfs.DataNode$PacketResponder: PacketResponder 0 for block blk_3120931257777753072 terminating
081110 010319 5084 INFO dfs.DataNode$PacketResponder: PacketResponder 0 for block blk_-4725024786545714467 terminating
081110 010319 5091 INFO dfs.DataNode$PacketResponder: PacketResponder 2 for block blk_3188009243796588428 terminating
081110 010319 5095 INFO dfs.DataNode$PacketResponder: PacketResponder 0 for block blk_-6251863507209457990 terminating
081110 010319 5103 INFO dfs.DataNode$PacketResponder: PacketResponder 0 for block blk_1512030078382213166 terminating
081110 010319 5114 INFO dfs.DataNode$PacketResponder: PacketResponder 1 for block blk_3188009243796588428 terminating
081110 010319 5138 INFO dfs.DataNode$PacketResponder: PacketResponder 1 for block blk_-1451437995251852471 terminating
081110 010319 5149 INFO dfs.DataNode$PacketResponder: PacketResponder 0 for block blk_3188009243796588428 terminating
081110 010319 5161 INFO dfs.DataNode$PacketResponder: PacketResponder 1 for block blk_-3035694830725757567 terminating
081110 010319 5165 INFO dfs.DataNode$PacketResponder: PacketResponder 1 for block blk_472707218846024267 terminating
081110 010319 5186 INFO dfs.DataNode$PacketResponder: PacketResponder 1 for block blk_-6251863507209457990 terminating
081110 010319 5203 INFO dfs.DataNode$PacketResponder: PacketResponder 0 for block blk_-4444856891978910001 terminating
081110 010320 3868 INFO dfs.DataNode$PacketResponder: PacketResponder 2 for block blk_383146649174313233 terminating
081110 010320 4837 INFO dfs.DataNode$PacketResponder: PacketResponder 2 for block blk_-5293802692345265667 terminating
081110 010320 4938 INFO dfs.DataNode$PacketResponder: PacketResponder 2 for block blk_-8993429480908914148 terminating
081110 010320 4958 INFO dfs.DataNode$PacketResponder: PacketResponder 0 for block blk_-415325086206270880 terminating
081110 010320 4964 INFO dfs.DataNode$PacketResponder: PacketResponder 1 for block blk_-6320157275993955884 terminating
081110 010320 4977 INFO dfs.DataNode$PacketResponder: PacketResponder 1 for block blk_-5293802692345265667 terminating
081110 010320 4993 INFO dfs.DataNode$PacketResponder: PacketResponder 2 for block blk_2441315100925487746 terminating
081110 010320 4995 INFO dfs.DataNode$PacketResponder: PacketResponder 0 for block blk_-3190631665121437279 terminating
081110 010320 5006 INFO dfs.DataNode$PacketResponder: PacketResponder 2 for block blk_-415325086206270880 terminating
081110 010320 5007 INFO dfs.DataNode$PacketResponder: PacketResponder 0 for block blk_2441315100925487746 terminating
081110 010320 5007 INFO dfs.DataNode$PacketResponder: PacketResponder 2 for block blk_-5234816047077319727 terminating
081110 010320 5035 INFO dfs.DataNode$PacketResponder: PacketResponder 2 for block blk_4183238003842192937 terminating
081110 010320 5043 INFO dfs.DataNode$PacketResponder: PacketResponder 1 for block blk_-415325086206270880 terminating
081110 010320 5057 INFO dfs.DataNode$PacketResponder: PacketResponder 1 for block blk_2441315100925487746 terminating
081110 010320 5067 INFO dfs.DataNode$PacketResponder: PacketResponder 0 for block blk_-5293802692345265667 terminating
081110 010320 5067 INFO dfs.DataNode$PacketResponder: PacketResponder 2 for block blk_8159235737848639597 terminating
081110 010320 5071 INFO dfs.DataNode$PacketResponder: PacketResponder 1 for block blk_-5234816047077319727 terminating
081110 010320 5072 INFO dfs.DataNode$PacketResponder: PacketResponder 0 for block blk_-8993429480908914148 terminating
081110 010320 5075 INFO dfs.DataNode$PacketResponder: PacketResponder 0 for block blk_383146649174313233 terminating
081110 010320 5077 INFO dfs.DataNode$PacketResponder: PacketResponder 1 for block blk_-3190631665121437279 terminating
081110 010320 5087 INFO dfs.DataNode$PacketResponder: PacketResponder 1 for block blk_-8993429480908914148 terminating
081110 010320 5097 INFO dfs.DataNode$PacketResponder: PacketResponder 2 for block blk_-6320157275993955884 terminating
081110 010320 5101 INFO dfs.DataNode$PacketResponder: PacketResponder 2 for block blk_-3190631665121437279 terminating
081110 010320 5115 INFO dfs.DataNode$PacketResponder: PacketResponder 1 for block blk_383146649174313233 terminating
081110 010320 5121 INFO dfs.DataNode$PacketResponder: PacketResponder 0 for block blk_-5234816047077319727 terminating
081110 010320 5167 INFO dfs.DataNode$PacketResponder: PacketResponder 0 for block blk_-3940166303943739679 terminating
081110 010321 4733 INFO dfs.DataNode$PacketResponder: PacketResponder 2 for block blk_-578644596792284841 terminating
081110 010321 4852 INFO dfs.DataNode$PacketResponder: PacketResponder 1 for block blk_947402179196504508 terminating
081110 010321 4897 INFO dfs.DataNode$PacketResponder: PacketResponder 1 for block blk_4677104741857672904 terminating
081110 010321 4939 INFO dfs.DataNode$PacketResponder: PacketResponder 0 for block blk_-4163200779451536329 terminating
081110 010321 4994 INFO dfs.DataNode$PacketResponder: PacketResponder 2 for block blk_7557257541341163631 terminating
081110 010321 5005 INFO dfs.DataNode$PacketResponder: PacketResponder 2 for block blk_-4163200779451536329 terminating
081110 010321 5006 INFO dfs.DataNode$PacketResponder: PacketResponder 0 for block blk_4677104741857672904 terminating
081110 010321 5014 INFO dfs.DataNode$PacketResponder: PacketResponder 0 for block blk_-578644596792284841 terminating
081110 010321 5020 INFO dfs.DataNode$PacketResponder: PacketResponder 2 for block blk_-3940166303943739679 terminating
081110 010321 5030 INFO dfs.DataNode$PacketResponder: PacketResponder 0 for block blk_-3938647944027774932 terminating
081110 010321 5041 INFO dfs.DataNode$PacketResponder: PacketResponder 2 for block blk_-5353286365555766989 terminating
081110 010321 5042 INFO dfs.DataNode$PacketResponder: PacketResponder 0 for block blk_-4682015201254857537 terminating
081110 010321 5058 INFO dfs.DataNode$PacketResponder: PacketResponder 1 for block blk_-4163200779451536329 terminating
081110 010321 5059 INFO dfs.DataNode$PacketResponder: PacketResponder 0 for block blk_7557257541341163631 terminating
081110 010321 5061 INFO dfs.DataNode$PacketResponder: PacketResponder 2 for block blk_4677104741857672904 terminating
081110 010321 5066 INFO dfs.DataNode$PacketResponder: PacketResponder 0 for block blk_-5353286365555766989 terminating
081110 010321 5066 INFO dfs.DataNode$PacketResponder: PacketResponder 1 for block blk_-578644596792284841 terminating
081110 010321 5071 INFO dfs.DataNode$PacketResponder: PacketResponder 1 for block blk_-4682015201254857537 terminating
081110 010321 5082 INFO dfs.DataNode$PacketResponder: PacketResponder 0 for block blk_947402179196504508 terminating
081110 010321 5089 INFO dfs.DataNode$PacketResponder: PacketResponder 2 for block blk_-4682015201254857537 terminating
081110 010321 5132 INFO dfs.DataNode$PacketResponder: PacketResponder 1 for block blk_-3938647944027774932 terminating
081110 010321 5151 INFO dfs.DataNode$PacketResponder: PacketResponder 1 for block blk_7557257541341163631 terminating
081110 010321 5160 INFO dfs.DataNode$PacketResponder: PacketResponder 1 for block blk_-5353286365555766989 terminating
081110 010321 5174 INFO dfs.DataNode$PacketResponder: PacketResponder 2 for block blk_-3938647944027774932 terminating
081110 010321 5178 INFO dfs.DataNode$PacketResponder: PacketResponder 1 for block blk_-3940166303943739679 terminating
081110 010322 4673 INFO dfs.DataNode$PacketResponder: PacketResponder 1 for block blk_1428062664551656165 terminating
081110 010322 4675 INFO dfs.DataNode$PacketResponder: PacketResponder 2 for block blk_-5373564556429271415 terminating
081110 010322 4735 INFO dfs.DataNode$PacketResponder: PacketResponder 1 for block blk_-4542616238982327313 terminating
081110 010322 4854 INFO dfs.DataNode$PacketResponder: PacketResponder 1 for block blk_3758083258084839032 terminating
081110 010322 4889 INFO dfs.DataNode$PacketResponder: PacketResponder 0 for block blk_-4542616238982327313 terminating
081110 010322 4911 INFO dfs.DataNode$PacketResponder: PacketResponder 0 for block blk_9033228420602726962 terminating
081110 010322 4921 INFO dfs.DataNode$PacketResponder: PacketResponder 1 for block blk_-238180428772040045 terminating
081110 010322 4923 INFO dfs.DataNode$PacketResponder: PacketResponder 2 for block blk_1115706241597994782 terminating
081110 010322 4932 INFO dfs.DataNode$PacketResponder: PacketResponder 1 for block blk_-4746309289962607375 terminating
081110 010322 4938 INFO dfs.DataNode$PacketResponder: PacketResponder 2 for block blk_-6676377913731560364 terminating
081110 010322 4942 INFO dfs.DataNode$PacketResponder: PacketResponder 2 for block blk_1571948928573241256 terminating
081110 010322 4986 INFO dfs.DataNode$PacketResponder: PacketResponder 0 for block blk_-4746309289962607375 terminating
081110 010322 4987 INFO dfs.DataNode$PacketResponder: PacketResponder 0 for block blk_-6676377913731560364 terminating
081110 010322 4998 INFO dfs.DataNode$PacketResponder: PacketResponder 0 for block blk_-5153627649294050970 terminating
081110 010322 4999 INFO dfs.DataNode$PacketResponder: PacketResponder 2 for block blk_1078000656626961731 terminating
081110 010322 5000 INFO dfs.DataNode$PacketResponder: PacketResponder 1 for block blk_1078000656626961731 terminating
081110 010322 5002 INFO dfs.DataNode$PacketResponder: PacketResponder 2 for block blk_-238180428772040045 terminating
081110 010322 5009 INFO dfs.DataNode$PacketResponder: PacketResponder 1 for block blk_-6676377913731560364 terminating
081110 010322 5010 INFO dfs.DataNode$PacketResponder: PacketResponder 0 for block blk_-238180428772040045 terminating
081110 010322 5016 INFO dfs.DataNode$PacketResponder: PacketResponder 1 for block blk_-3533271170884213956 terminating
081110 010322 5019 INFO dfs.DataNode$PacketResponder: PacketResponder 2 for block blk_-4746309289962607375 terminating
081110 010322 5020 INFO dfs.DataNode$PacketResponder: PacketResponder 1 for block blk_1115706241597994782 terminating
081110 010322 5042 INFO dfs.DataNode$PacketResponder: PacketResponder 2 for block blk_-3533271170884213956 terminating
081110 010322 5060 INFO dfs.DataNode$PacketResponder: PacketResponder 2 for block blk_3758083258084839032 terminating
081110 010322 5062 INFO dfs.DataNode$PacketResponder: PacketResponder 0 for block blk_1115706241597994782 terminating
081110 010322 5063 INFO dfs.DataNode$PacketResponder: PacketResponder 1 for block blk_9033228420602726962 terminating
081110 010322 5064 INFO dfs.DataNode$PacketResponder: PacketResponder 1 for block blk_-5153627649294050970 terminating
081110 010322 5066 INFO dfs.DataNode$PacketResponder: PacketResponder 0 for block blk_1078000656626961731 terminating
081110 010322 5068 INFO dfs.DataNode$PacketResponder: PacketResponder 0 for block blk_5999812117311276921 terminating
081110 010322 5071 INFO dfs.DataNode$PacketResponder: PacketResponder 0 for block blk_1428062664551656165 terminating
081110 010322 5075 INFO dfs.DataNode$PacketResponder: PacketResponder 0 for block blk_1571948928573241256 terminating
081110 010322 5076 INFO dfs.DataNode$PacketResponder: PacketResponder 1 for block blk_1571948928573241256 terminating
081110 010322 5076 INFO dfs.DataNode$PacketResponder: PacketResponder 2 for block blk_9033228420602726962 terminating
081110 010322 5077 INFO dfs.DataNode$PacketResponder: PacketResponder 1 for block blk_-5373564556429271415 terminating
081110 010322 5080 INFO dfs.DataNode$PacketResponder: PacketResponder 2 for block blk_-5153627649294050970 terminating
081110 010322 5084 INFO dfs.DataNode$PacketResponder: PacketResponder 2 for block blk_-4542616238982327313 terminating
081110 010322 5092 INFO dfs.DataNode$PacketResponder: PacketResponder 0 for block blk_-5373564556429271415 terminating
081110 010322 5095 INFO dfs.DataNode$PacketResponder: PacketResponder 0 for block blk_3758083258084839032 terminating
081110 010322 5105 INFO dfs.DataNode$PacketResponder: PacketResponder 1 for block blk_5999812117311276921 terminating
081110 010322 5106 INFO dfs.DataNode$PacketResponder: PacketResponder 0 for block blk_-3533271170884213956 terminating
081110 010322 5128 INFO dfs.DataNode$PacketResponder: PacketResponder 2 for block blk_1428062664551656165 terminating
081110 010322 5201 INFO dfs.DataNode$PacketResponder: PacketResponder 2 for block blk_947402179196504508 terminating
081110 010323 4760 INFO dfs.DataNode$PacketResponder: PacketResponder 0 for block blk_-6313773899353087179 terminating
081110 010323 4856 INFO dfs.DataNode$PacketResponder: PacketResponder 2 for block blk_-3824635347719661120 terminating
081110 010323 4880 INFO dfs.DataNode$PacketResponder: PacketResponder 2 for block blk_4982869946097775512 terminating
081110 010323 4932 INFO dfs.DataNode$PacketResponder: PacketResponder 0 for block blk_-2820896984000430865 terminating
081110 010323 4981 INFO dfs.DataNode$PacketResponder: PacketResponder 2 for block blk_-6313773899353087179 terminating
081110 010323 4997 INFO dfs.DataNode$PacketResponder: PacketResponder 0 for block blk_4982869946097775512 terminating
081110 010323 5005 INFO dfs.DataNode$PacketResponder: PacketResponder 2 for block blk_5999812117311276921 terminating
081110 010323 5008 INFO dfs.DataNode$PacketResponder: PacketResponder 0 for block blk_-4157670279917633465 terminating
081110 010323 5010 INFO dfs.DataNode$PacketResponder: PacketResponder 1 for block blk_-6500905329185616524 terminating
081110 010323 5022 INFO dfs.DataNode$PacketResponder: PacketResponder 0 for block blk_-345626295352060794 terminating
081110 010323 5029 INFO dfs.DataNode$PacketResponder: PacketResponder 1 for block blk_-345626295352060794 terminating
081110 010323 5035 INFO dfs.DataNode$PacketResponder: PacketResponder 0 for block blk_-3824635347719661120 terminating
081110 010323 5047 INFO dfs.DataNode$PacketResponder: PacketResponder 2 for block blk_-1658404817666076400 terminating
081110 010323 5052 INFO dfs.DataNode$PacketResponder: PacketResponder 2 for block blk_-1566997372729587942 terminating
081110 010323 5054 INFO dfs.DataNode$PacketResponder: PacketResponder 2 for block blk_534052168232054687 terminating
081110 010323 5056 INFO dfs.DataNode$PacketResponder: PacketResponder 0 for block blk_2278077961516261363 terminating
081110 010323 5066 INFO dfs.DataNode$PacketResponder: PacketResponder 2 for block blk_-2820896984000430865 terminating
081110 010323 5066 INFO dfs.DataNode$PacketResponder: PacketResponder 2 for block blk_-6500905329185616524 terminating
081110 010323 5073 INFO dfs.DataNode$PacketResponder: PacketResponder 0 for block blk_-1658404817666076400 terminating
081110 010323 5078 INFO dfs.DataNode$PacketResponder: PacketResponder 1 for block blk_-3824635347719661120 terminating
081110 010323 5085 INFO dfs.DataNode$PacketResponder: PacketResponder 1 for block blk_534052168232054687 terminating
081110 010323 5087 INFO dfs.DataNode$PacketResponder: PacketResponder 0 for block blk_534052168232054687 terminating
081110 010323 5087 INFO dfs.DataNode$PacketResponder: PacketResponder 1 for block blk_-2820896984000430865 terminating
081110 010323 5093 INFO dfs.DataNode$PacketResponder: PacketResponder 0 for block blk_-1566997372729587942 terminating
081110 010323 5104 INFO dfs.DataNode$PacketResponder: PacketResponder 1 for block blk_-1566997372729587942 terminating
081110 010323 5104 INFO dfs.DataNode$PacketResponder: PacketResponder 1 for block blk_-6313773899353087179 terminating
081110 010323 5108 INFO dfs.DataNode$PacketResponder: PacketResponder 2 for block blk_-345626295352060794 terminating
081110 010323 5128 INFO dfs.DataNode$PacketResponder: PacketResponder 1 for block blk_2278077961516261363 terminating
081110 010323 5136 INFO dfs.DataNode$PacketResponder: PacketResponder 1 for block blk_-1658404817666076400 terminating
081110 010323 5149 INFO dfs.DataNode$PacketResponder: PacketResponder 2 for block blk_2278077961516261363 terminating
081110 010323 5155 INFO dfs.DataNode$PacketResponder: PacketResponder 1 for block blk_4982869946097775512 terminating
081110 010323 5159 INFO dfs.DataNode$PacketResponder: PacketResponder 0 for block blk_531810487884778562 terminating
081110 010323 5167 INFO dfs.DataNode$PacketResponder: PacketResponder 0 for block blk_-6500905329185616524 terminating
081110 010324 4772 INFO dfs.DataNode$PacketResponder: PacketResponder 1 for block blk_531810487884778562 terminating
081110 010324 4776 INFO dfs.DataNode$PacketResponder: PacketResponder 0 for block blk_-7232202093508526988 terminating
081110 010324 4831 INFO dfs.DataNode$PacketResponder: PacketResponder 1 for block blk_5802670279330090328 terminating
081110 010324 4884 INFO dfs.DataNode$PacketResponder: PacketResponder 0 for block blk_5802670279330090328 terminating
081110 010324 4901 INFO dfs.DataNode$PacketResponder: PacketResponder 2 for block blk_531810487884778562 terminating
081110 010324 4914 INFO dfs.DataNode$PacketResponder: PacketResponder 0 for block blk_4410899210192990369 terminating
081110 010324 4916 INFO dfs.DataNode$PacketResponder: PacketResponder 2 for block blk_-2415717766810198612 terminating
081110 010324 4998 INFO dfs.DataNode$PacketResponder: PacketResponder 1 for block blk_-8246390530019014118 terminating
081110 010324 5025 INFO dfs.DataNode$PacketResponder: PacketResponder 2 for block blk_-4157670279917633465 terminating
081110 010324 5032 INFO dfs.DataNode$PacketResponder: PacketResponder 2 for block blk_5802670279330090328 terminating
081110 010324 5033 INFO dfs.DataNode$PacketResponder: PacketResponder 2 for block blk_-8246390530019014118 terminating
081110 010324 5039 INFO dfs.DataNode$PacketResponder: PacketResponder 1 for block blk_-4712304751384835449 terminating
081110 010324 5040 INFO dfs.DataNode$PacketResponder: PacketResponder 1 for block blk_-7232202093508526988 terminating
081110 010324 5045 INFO dfs.DataNode$PacketResponder: PacketResponder 0 for block blk_-2415717766810198612 terminating
081110 010324 5055 INFO dfs.DataNode$PacketResponder: PacketResponder 0 for block blk_-4712304751384835449 terminating
081110 010324 5058 INFO dfs.DataNode$PacketResponder: PacketResponder 0 for block blk_6070175929072593191 terminating
081110 010324 5063 INFO dfs.DataNode$PacketResponder: PacketResponder 1 for block blk_146751563240799340 terminating
081110 010324 5070 INFO dfs.DataNode$PacketResponder: PacketResponder 1 for block blk_7292838869228141815 terminating
081110 010324 5084 INFO dfs.DataNode$PacketResponder: PacketResponder 0 for block blk_-8246390530019014118 terminating
081110 010324 5085 INFO dfs.DataNode$PacketResponder: PacketResponder 2 for block blk_-4712304751384835449 terminating
081110 010324 5086 INFO dfs.DataNode$PacketResponder: PacketResponder 2 for block blk_-7232202093508526988 terminating
081110 010324 5092 INFO dfs.DataNode$PacketResponder: PacketResponder 0 for block blk_7292838869228141815 terminating
081110 010324 5093 INFO dfs.DataNode$PacketResponder: PacketResponder 1 for block blk_-4157670279917633465 terminating
081110 010324 5098 INFO dfs.DataNode$PacketResponder: PacketResponder 0 for block blk_-4407169605440420846 terminating
081110 010324 5103 INFO dfs.DataNode$PacketResponder: PacketResponder 1 for block blk_-2415717766810198612 terminating
081110 010324 5108 INFO dfs.DataNode$PacketResponder: PacketResponder 0 for block blk_146751563240799340 terminating
081110 010324 5115 INFO dfs.DataNode$PacketResponder: PacketResponder 2 for block blk_7292838869228141815 terminating
081110 010325 4055 INFO dfs.DataNode$PacketResponder: PacketResponder 0 for block blk_-279466032124932287 terminating
081110 010325 4839 INFO dfs.DataNode$PacketResponder: PacketResponder 1 for block blk_4410899210192990369 terminating
081110 010325 4841 INFO dfs.DataNode$PacketResponder: PacketResponder 2 for block blk_146751563240799340 terminating
081110 010325 4907 INFO dfs.DataNode$PacketResponder: PacketResponder 1 for block blk_-8127478385185372002 terminating
081110 010325 4957 INFO dfs.DataNode$PacketResponder: PacketResponder 2 for block blk_-4407169605440420846 terminating
081110 010325 5002 INFO dfs.DataNode$PacketResponder: PacketResponder 1 for block blk_6070175929072593191 terminating
081110 010325 5007 INFO dfs.DataNode$PacketResponder: PacketResponder 2 for block blk_-7576028343048403528 terminating
081110 010325 5016 INFO dfs.DataNode$PacketResponder: PacketResponder 1 for block blk_1860062686620593292 terminating
081110 010325 5020 INFO dfs.DataNode$PacketResponder: PacketResponder 0 for block blk_-7576028343048403528 terminating
081110 010325 5020 INFO dfs.DataNode$PacketResponder: PacketResponder 1 for block blk_-917880737323593853 terminating
081110 010325 5047 INFO dfs.DataNode$PacketResponder: PacketResponder 1 for block blk_-7576028343048403528 terminating
081110 010325 5050 INFO dfs.DataNode$PacketResponder: PacketResponder 2 for block blk_-917880737323593853 terminating
081110 010325 5058 INFO dfs.DataNode$PacketResponder: PacketResponder 2 for block blk_-8127478385185372002 terminating
081110 010325 5060 INFO dfs.DataNode$PacketResponder: PacketResponder 2 for block blk_-3904765619660944938 terminating
081110 010325 5065 INFO dfs.DataNode$PacketResponder: PacketResponder 0 for block blk_1860062686620593292 terminating
081110 010325 5085 INFO dfs.DataNode$PacketResponder: PacketResponder 2 for block blk_4410899210192990369 terminating
081110 010325 5085 INFO dfs.DataNode$PacketResponder: PacketResponder 2 for block blk_-5213196453523511320 terminating
081110 010325 5086 INFO dfs.DataNode$PacketResponder: PacketResponder 0 for block blk_-3904765619660944938 terminating
081110 010325 5086 INFO dfs.DataNode$PacketResponder: PacketResponder 0 for block blk_-5213196453523511320 terminating
081110 010325 5089 INFO dfs.DataNode$PacketResponder: PacketResponder 1 for block blk_-279466032124932287 terminating
081110 010325 5099 INFO dfs.DataNode$PacketResponder: PacketResponder 0 for block blk_3980898081828037394 terminating
081110 010325 5099 INFO dfs.DataNode$PacketResponder: PacketResponder 1 for block blk_-5213196453523511320 terminating
081110 010325 5117 INFO dfs.DataNode$PacketResponder: PacketResponder 0 for block blk_8271537729599756204 terminating
081110 010325 5121 INFO dfs.DataNode$PacketResponder: PacketResponder 1 for block blk_8271537729599756204 terminating
081110 010325 5134 INFO dfs.DataNode$PacketResponder: PacketResponder 0 for block blk_-917880737323593853 terminating
081110 010325 5135 INFO dfs.DataNode$PacketResponder: PacketResponder 1 for block blk_-4407169605440420846 terminating
081110 010325 5137 INFO dfs.DataNode$PacketResponder: PacketResponder 1 for block blk_-3904765619660944938 terminating
081110 010325 5158 INFO dfs.DataNode$PacketResponder: PacketResponder 2 for block blk_6070175929072593191 terminating
081110 010325 5173 INFO dfs.DataNode$PacketResponder: PacketResponder 0 for block blk_-8127478385185372002 terminating
081110 010326 4860 INFO dfs.DataNode$PacketResponder: PacketResponder 0 for block blk_2603785630116808039 terminating
081110 010326 4863 INFO dfs.DataNode$PacketResponder: PacketResponder 2 for block blk_1860062686620593292 terminating
081110 010326 4901 INFO dfs.DataNode$PacketResponder: PacketResponder 1 for block blk_2185374648381000088 terminating
081110 010326 4906 INFO dfs.DataNode$PacketResponder: PacketResponder 2 for block blk_7452043232927589457 terminating
081110 010326 4911 INFO dfs.DataNode$PacketResponder: PacketResponder 0 for block blk_-3337290014020170879 terminating
081110 010326 4963 INFO dfs.DataNode$PacketResponder: PacketResponder 1 for block blk_2603785630116808039 terminating
081110 010326 4985 INFO dfs.DataNode$PacketResponder: PacketResponder 2 for block blk_-279466032124932287 terminating
081110 010326 4999 INFO dfs.DataNode$PacketResponder: PacketResponder 2 for block blk_-3337290014020170879 terminating
081110 010326 5006 INFO dfs.DataNode$PacketResponder: PacketResponder 2 for block blk_-7848830888530708742 terminating
081110 010326 5017 INFO dfs.DataNode$PacketResponder: PacketResponder 2 for block blk_8271537729599756204 terminating
081110 010326 5027 INFO dfs.DataNode$PacketResponder: PacketResponder 0 for block blk_2185374648381000088 terminating
081110 010326 5031 INFO dfs.DataNode$PacketResponder: PacketResponder 2 for block blk_2603785630116808039 terminating
081110 010326 5035 INFO dfs.DataNode$PacketResponder: PacketResponder 2 for block blk_2185374648381000088 terminating
081110 010326 5047 INFO dfs.DataNode$PacketResponder: PacketResponder 1 for block blk_-7848830888530708742 terminating
081110 010326 5049 INFO dfs.DataNode$PacketResponder: PacketResponder 1 for block blk_7452043232927589457 terminating
081110 010326 5051 INFO dfs.DataNode$PacketResponder: PacketResponder 2 for block blk_3980898081828037394 terminating
081110 010326 5097 INFO dfs.DataNode$PacketResponder: PacketResponder 1 for block blk_-3337290014020170879 terminating
081110 010326 5099 INFO dfs.DataNode$PacketResponder: PacketResponder 0 for block blk_7452043232927589457 terminating
081110 010326 5101 INFO dfs.DataNode$PacketResponder: PacketResponder 0 for block blk_-7848830888530708742 terminating
081110 010326 5105 INFO dfs.DataNode$PacketResponder: PacketResponder 1 for block blk_3980898081828037394 terminating
081110 010327 4809 INFO dfs.DataNode$PacketResponder: PacketResponder 0 for block blk_4388985488579572724 terminating
081110 010327 4895 INFO dfs.DataNode$PacketResponder: PacketResponder 1 for block blk_-5346532754384238621 terminating
081110 010327 4909 INFO dfs.DataNode$PacketResponder: PacketResponder 0 for block blk_-7524327367677128032 terminating
081110 010327 4938 INFO dfs.DataNode$PacketResponder: PacketResponder 2 for block blk_-5346532754384238621 terminating
081110 010327 4994 INFO dfs.DataNode$PacketResponder: PacketResponder 1 for block blk_4388985488579572724 terminating
081110 010327 5016 INFO dfs.DataNode$PacketResponder: PacketResponder 0 for block blk_779901489381793676 terminating
081110 010327 5066 INFO dfs.DataNode$PacketResponder: PacketResponder 0 for block blk_-5346532754384238621 terminating
081110 010327 5073 INFO dfs.DataNode$PacketResponder: PacketResponder 1 for block blk_-6445237640015202418 terminating
081110 010327 5084 INFO dfs.DataNode$PacketResponder: PacketResponder 2 for block blk_779901489381793676 terminating
081110 010327 5091 INFO dfs.DataNode$PacketResponder: PacketResponder 1 for block blk_779901489381793676 terminating
081110 010327 5093 INFO dfs.DataNode$PacketResponder: PacketResponder 0 for block blk_7416682296684038987 terminating
081110 010327 5107 INFO dfs.DataNode$PacketResponder: PacketResponder 0 for block blk_-6445237640015202418 terminating
081110 010327 5140 INFO dfs.DataNode$PacketResponder: PacketResponder 1 for block blk_-7524327367677128032 terminating
081110 010327 5157 INFO dfs.DataNode$PacketResponder: PacketResponder 2 for block blk_-6445237640015202418 terminating
081110 010327 5165 INFO dfs.DataNode$PacketResponder: PacketResponder 2 for block blk_-7524327367677128032 terminating
081110 010328 4763 INFO dfs.DataNode$PacketResponder: PacketResponder 0 for block blk_-6541683988153797402 terminating
081110 010328 4795 INFO dfs.DataNode$PacketResponder: PacketResponder 2 for block blk_2196140300515947543 terminating
081110 010328 4849 INFO dfs.DataNode$DataXceiver: writeBlock blk_1179604578206388114 received exception java.io.IOException: Could not read from stream
081110 010328 4925 INFO dfs.DataNode$PacketResponder: PacketResponder 1 for block blk_7386244887176934106 terminating
081110 010328 4931 INFO dfs.DataNode$PacketResponder: PacketResponder 0 for block blk_4139272164269903806 terminating
081110 010328 4945 INFO dfs.DataNode$PacketResponder: PacketResponder 0 for block blk_-2598699954419739516 terminating
081110 010328 4966 INFO dfs.DataNode$PacketResponder: PacketResponder 2 for block blk_2165299209960715813 terminating
081110 010328 4967 INFO dfs.DataNode$PacketResponder: PacketResponder 1 for block blk_-4091997076522847038 terminating
081110 010328 4982 INFO dfs.DataNode$PacketResponder: PacketResponder 1 for block blk_2165299209960715813 terminating
081110 010328 5000 INFO dfs.DataNode$PacketResponder: PacketResponder 0 for block blk_2165299209960715813 terminating
081110 010328 5004 INFO dfs.DataNode$PacketResponder: PacketResponder 1 for block blk_2196140300515947543 terminating
081110 010328 5011 INFO dfs.DataNode$PacketResponder: PacketResponder 2 for block blk_-4091997076522847038 terminating
081110 010328 5014 INFO dfs.DataNode$PacketResponder: PacketResponder 0 for block blk_2196140300515947543 terminating
081110 010328 5015 INFO dfs.DataNode$PacketResponder: PacketResponder 2 for block blk_7416682296684038987 terminating
081110 010328 5018 INFO dfs.DataNode$PacketResponder: PacketResponder 2 for block blk_-4330856543545903421 terminating
081110 010328 5030 INFO dfs.DataNode$PacketResponder: PacketResponder 2 for block blk_-203577116281675333 terminating
081110 010328 5032 INFO dfs.DataNode$PacketResponder: PacketResponder 2 for block blk_1853588244392202276 terminating
081110 010328 5044 INFO dfs.DataNode$PacketResponder: PacketResponder 1 for block blk_1853588244392202276 terminating
081110 010328 5046 INFO dfs.DataNode$PacketResponder: PacketResponder 1 for block blk_2225747558330904037 terminating
081110 010328 5046 INFO dfs.DataNode$PacketResponder: PacketResponder 2 for block blk_-6541683988153797402 terminating
081110 010328 5046 INFO dfs.DataNode$PacketResponder: PacketResponder 2 for block blk_-7939113729644341102 terminating
081110 010328 5052 INFO dfs.DataNode$PacketResponder: PacketResponder 0 for block blk_-203577116281675333 terminating
081110 010328 5059 INFO dfs.DataNode$PacketResponder: PacketResponder 1 for block blk_-2598699954419739516 terminating
081110 010328 5062 INFO dfs.DataNode$PacketResponder: PacketResponder 1 for block blk_2004711480266533139 terminating
081110 010328 5069 INFO dfs.DataNode$PacketResponder: PacketResponder 1 for block blk_-4330856543545903421 terminating
081110 010328 5072 INFO dfs.DataNode$PacketResponder: PacketResponder 0 for block blk_2225747558330904037 terminating
081110 010328 5074 INFO dfs.DataNode$PacketResponder: PacketResponder 0 for block blk_-7939113729644341102 terminating
081110 010328 5074 INFO dfs.DataNode$PacketResponder: PacketResponder 2 for block blk_4388985488579572724 terminating
081110 010328 5079 INFO dfs.DataNode$PacketResponder: PacketResponder 0 for block blk_-4330856543545903421 terminating
081110 010328 5086 INFO dfs.DataNode$PacketResponder: PacketResponder 0 for block blk_7386244887176934106 terminating
081110 010328 5091 INFO dfs.DataNode$PacketResponder: PacketResponder 1 for block blk_7416682296684038987 terminating
081110 010328 5105 INFO dfs.DataNode$PacketResponder: PacketResponder 0 for block blk_1853588244392202276 terminating
081110 010328 5107 INFO dfs.DataNode$PacketResponder: PacketResponder 2 for block blk_-2598699954419739516 terminating
081110 010328 5122 INFO dfs.DataNode$PacketResponder: PacketResponder 0 for block blk_-2446885710269218058 terminating
081110 010328 5131 INFO dfs.DataNode$PacketResponder: PacketResponder 1 for block blk_-2446885710269218058 terminating
081110 010328 5134 INFO dfs.DataNode$PacketResponder: PacketResponder 0 for block blk_-4091997076522847038 terminating
081110 010328 5134 INFO dfs.DataNode$PacketResponder: PacketResponder 1 for block blk_-203577116281675333 terminating
081110 010328 5134 INFO dfs.DataNode$PacketResponder: PacketResponder 1 for block blk_-7939113729644341102 terminating
081110 010328 5142 INFO dfs.DataNode$PacketResponder: PacketResponder 1 for block blk_-6541683988153797402 terminating
081110 010328 5180 INFO dfs.DataNode$PacketResponder: PacketResponder 2 for block blk_-2446885710269218058 terminating
081110 010328 5197 INFO dfs.DataNode$PacketResponder: PacketResponder 0 for block blk_2004711480266533139 terminating
081110 010329 4058 INFO dfs.DataNode$PacketResponder: PacketResponder 0 for block blk_-6668785379360018773 terminating
081110 010329 4753 INFO dfs.DataNode$PacketResponder: PacketResponder 2 for block blk_-8313859680364293531 terminating
081110 010329 4780 INFO dfs.DataNode$PacketResponder: PacketResponder 2 for block blk_465667805098584437 terminating
081110 010329 4867 INFO dfs.DataNode$PacketResponder: PacketResponder 1 for block blk_-996971491047678879 terminating
081110 010329 4885 INFO dfs.DataNode$PacketResponder: PacketResponder 2 for block blk_-2320575987560490706 terminating
081110 010329 4892 INFO dfs.DataNode$PacketResponder: PacketResponder 0 for block blk_-1676375756370294007 terminating
081110 010329 4922 INFO dfs.DataNode$PacketResponder: PacketResponder 1 for block blk_4139272164269903806 terminating
081110 010329 4939 INFO dfs.DataNode$PacketResponder: PacketResponder 0 for block blk_-2320575987560490706 terminating
081110 010329 4966 INFO dfs.DataNode$PacketResponder: PacketResponder 2 for block blk_-6668785379360018773 terminating
081110 010329 4974 INFO dfs.DataNode$PacketResponder: PacketResponder 1 for block blk_-6668785379360018773 terminating
081110 010329 4997 INFO dfs.DataNode$PacketResponder: PacketResponder 2 for block blk_99935656023489314 terminating
081110 010329 5008 INFO dfs.DataNode$PacketResponder: PacketResponder 1 for block blk_99935656023489314 terminating
081110 010329 5023 INFO dfs.DataNode$PacketResponder: PacketResponder 2 for block blk_2004711480266533139 terminating
081110 010329 5028 INFO dfs.DataNode$PacketResponder: PacketResponder 2 for block blk_2225747558330904037 terminating
081110 010329 5042 INFO dfs.DataNode$PacketResponder: PacketResponder 2 for block blk_7386244887176934106 terminating
081110 010329 5054 INFO dfs.DataNode$PacketResponder: PacketResponder 0 for block blk_465667805098584437 terminating
081110 010329 5056 INFO dfs.DataNode$DataXceiver: writeBlock blk_-9116441911886980583 received exception java.io.IOException: Could not read from stream
081110 010329 5061 INFO dfs.DataNode$PacketResponder: PacketResponder 1 for block blk_-8313859680364293531 terminating
081110 010329 5073 INFO dfs.DataNode$PacketResponder: PacketResponder 0 for block blk_-8313859680364293531 terminating
081110 010329 5074 INFO dfs.DataNode$PacketResponder: PacketResponder 1 for block blk_-1676375756370294007 terminating
081110 010329 5075 INFO dfs.DataNode$PacketResponder: PacketResponder 1 for block blk_465667805098584437 terminating
081110 010329 5079 INFO dfs.DataNode$PacketResponder: PacketResponder 1 for block blk_-2320575987560490706 terminating
081110 010329 5088 INFO dfs.DataNode$PacketResponder: PacketResponder 2 for block blk_4139272164269903806 terminating
081110 010329 5105 INFO dfs.DataNode$PacketResponder: PacketResponder 2 for block blk_-996971491047678879 terminating
081110 010329 5171 INFO dfs.DataNode$PacketResponder: PacketResponder 0 for block blk_99935656023489314 terminating
081110 010329 5173 INFO dfs.DataNode$PacketResponder: PacketResponder 0 for block blk_-996971491047678879 terminating
081110 010329 5193 INFO dfs.DataNode$PacketResponder: PacketResponder 2 for block blk_-1676375756370294007 terminating
081110 010330 4742 INFO dfs.DataNode$PacketResponder: PacketResponder 0 for block blk_-4651819127192481013 terminating
081110 010330 4904 INFO dfs.DataNode$PacketResponder: PacketResponder 0 for block blk_7896215594667414441 terminating
081110 010330 4936 INFO dfs.DataNode$PacketResponder: PacketResponder 0 for block blk_-3194958651496912707 terminating
081110 010330 4959 INFO dfs.DataNode$PacketResponder: PacketResponder 1 for block blk_7896215594667414441 terminating
081110 010330 4973 INFO dfs.DataNode$PacketResponder: PacketResponder 0 for block blk_4453940791583174880 terminating
081110 010330 4984 INFO dfs.DataNode$PacketResponder: PacketResponder 0 for block blk_7283127256294144751 terminating
081110 010330 4984 INFO dfs.DataNode$PacketResponder: PacketResponder 0 for block blk_8973590052978388634 terminating
081110 010330 4991 INFO dfs.DataNode$PacketResponder: PacketResponder 1 for block blk_-4162178475047986408 terminating
081110 010330 5002 INFO dfs.DataNode$PacketResponder: PacketResponder 1 for block blk_8973590052978388634 terminating
081110 010330 5014 INFO dfs.DataNode$PacketResponder: PacketResponder 0 for block blk_9100119263264510448 terminating
081110 010330 5015 INFO dfs.DataNode$PacketResponder: PacketResponder 1 for block blk_-4651819127192481013 terminating
081110 010330 5017 INFO dfs.DataNode$PacketResponder: PacketResponder 1 for block blk_-8547000511325609346 terminating
081110 010330 5049 INFO dfs.DataNode$PacketResponder: PacketResponder 2 for block blk_-90120527305961238 terminating
081110 010330 5054 INFO dfs.DataNode$PacketResponder: PacketResponder 0 for block blk_-4162178475047986408 terminating
081110 010330 5057 INFO dfs.DataNode$PacketResponder: PacketResponder 2 for block blk_8973590052978388634 terminating
081110 010330 5061 INFO dfs.DataNode$PacketResponder: PacketResponder 1 for block blk_4453940791583174880 terminating
081110 010330 5064 INFO dfs.DataNode$PacketResponder: PacketResponder 0 for block blk_-8547000511325609346 terminating
081110 010330 5065 INFO dfs.DataNode$PacketResponder: PacketResponder 2 for block blk_4447835983372301895 terminating
081110 010330 5067 INFO dfs.DataNode$PacketResponder: PacketResponder 2 for block blk_7896215594667414441 terminating
081110 010330 5076 INFO dfs.DataNode$PacketResponder: PacketResponder 0 for block blk_4447835983372301895 terminating
081110 010330 5078 INFO dfs.DataNode$PacketResponder: PacketResponder 2 for block blk_7283127256294144751 terminating
081110 010330 5079 INFO dfs.DataNode$PacketResponder: PacketResponder 2 for block blk_-3194958651496912707 terminating
081110 010330 5080 INFO dfs.DataNode$PacketResponder: PacketResponder 2 for block blk_-4162178475047986408 terminating
081110 010330 5083 INFO dfs.DataNode$PacketResponder: PacketResponder 1 for block blk_4447835983372301895 terminating
081110 010330 5087 INFO dfs.DataNode$PacketResponder: PacketResponder 1 for block blk_-90120527305961238 terminating
081110 010330 5089 INFO dfs.DataNode$PacketResponder: PacketResponder 1 for block blk_-3194958651496912707 terminating
081110 010330 5093 INFO dfs.DataNode$PacketResponder: PacketResponder 1 for block blk_7283127256294144751 terminating
081110 010330 5095 INFO dfs.DataNode$PacketResponder: PacketResponder 0 for block blk_-1512611563231284714 terminating
081110 010330 5134 INFO dfs.DataNode$PacketResponder: PacketResponder 1 for block blk_-1512611563231284714 terminating
081110 010330 5145 INFO dfs.DataNode$PacketResponder: PacketResponder 0 for block blk_-90120527305961238 terminating
081110 010330 5198 INFO dfs.DataNode$PacketResponder: PacketResponder 2 for block blk_-1512611563231284714 terminating
081110 010331 4858 INFO dfs.DataNode$PacketResponder: PacketResponder 1 for block blk_-4719954360333964543 terminating
081110 010331 4874 INFO dfs.DataNode$PacketResponder: PacketResponder 2 for block blk_-4651819127192481013 terminating
081110 010331 4944 INFO dfs.DataNode$PacketResponder: PacketResponder 2 for block blk_2562014013841196750 terminating
081110 010331 4987 INFO dfs.DataNode$PacketResponder: PacketResponder 2 for block blk_4453940791583174880 terminating
081110 010331 4993 INFO dfs.DataNode$PacketResponder: PacketResponder 1 for block blk_-4541859914779561590 terminating
081110 010331 5006 INFO dfs.DataNode$DataXceiver: writeBlock blk_-4098885912122998121 received exception java.io.IOException: Could not read from stream
081110 010331 5011 INFO dfs.DataNode$PacketResponder: PacketResponder 0 for block blk_2054622321892647378 terminating
081110 010331 5015 INFO dfs.DataNode$PacketResponder: PacketResponder 2 for block blk_2054622321892647378 terminating
081110 010331 5018 INFO dfs.DataNode$PacketResponder: PacketResponder 0 for block blk_-4719954360333964543 terminating
081110 010331 5022 INFO dfs.DataNode$PacketResponder: PacketResponder 0 for block blk_-1075305666918434532 terminating
081110 010331 5022 INFO dfs.DataNode$PacketResponder: PacketResponder 1 for block blk_2054622321892647378 terminating
081110 010331 5023 INFO dfs.DataNode$PacketResponder: PacketResponder 1 for block blk_9100119263264510448 terminating
081110 010331 5024 INFO dfs.DataNode$PacketResponder: PacketResponder 2 for block blk_-8547000511325609346 terminating
081110 010331 5034 INFO dfs.DataNode$PacketResponder: PacketResponder 1 for block blk_-1075305666918434532 terminating
081110 010331 5067 INFO dfs.DataNode$PacketResponder: PacketResponder 2 for block blk_-4719954360333964543 terminating
081110 010331 5069 INFO dfs.DataNode$PacketResponder: PacketResponder 2 for block blk_-1075305666918434532 terminating
081110 010331 5072 INFO dfs.DataNode$PacketResponder: PacketResponder 2 for block blk_9100119263264510448 terminating
081110 010331 5073 INFO dfs.DataNode$PacketResponder: PacketResponder 0 for block blk_2562014013841196750 terminating
081110 010331 5103 INFO dfs.DataNode$PacketResponder: PacketResponder 1 for block blk_2562014013841196750 terminating
081110 010331 5112 INFO dfs.DataNode$PacketResponder: PacketResponder 0 for block blk_-4541859914779561590 terminating
081110 010331 5175 INFO dfs.DataNode$PacketResponder: PacketResponder 2 for block blk_-4541859914779561590 terminating
081110 010332 4732 INFO dfs.DataNode$PacketResponder: PacketResponder 2 for block blk_-396046441100430118 terminating
081110 010332 4862 INFO dfs.DataNode$PacketResponder: PacketResponder 2 for block blk_7702178692705858050 terminating
081110 010332 4893 INFO dfs.DataNode$PacketResponder: PacketResponder 0 for block blk_-7800105939192824733 terminating
081110 010332 4959 INFO dfs.DataNode$PacketResponder: PacketResponder 1 for block blk_7568614567092687362 terminating
081110 010332 4992 INFO dfs.DataNode$PacketResponder: PacketResponder 1 for block blk_7702178692705858050 terminating
081110 010332 5009 INFO dfs.DataNode$PacketResponder: PacketResponder 1 for block blk_-396046441100430118 terminating
081110 010332 5010 INFO dfs.DataNode$PacketResponder: PacketResponder 0 for block blk_-2753836385995092285 terminating
081110 010332 5010 INFO dfs.DataNode$PacketResponder: PacketResponder 2 for block blk_-2753836385995092285 terminating
081110 010332 5026 INFO dfs.DataNode$PacketResponder: PacketResponder 1 for block blk_-2753836385995092285 terminating
081110 010332 5027 INFO dfs.DataNode$PacketResponder: PacketResponder 1 for block blk_-7800105939192824733 terminating
081110 010332 5040 INFO dfs.DataNode$PacketResponder: PacketResponder 1 for block blk_-8421220645404574953 terminating
081110 010332 5046 INFO dfs.DataNode$PacketResponder: PacketResponder 0 for block blk_7568614567092687362 terminating
081110 010332 5059 INFO dfs.DataNode$PacketResponder: PacketResponder 0 for block blk_6938881958139160551 terminating
081110 010332 5072 INFO dfs.DataNode$PacketResponder: PacketResponder 1 for block blk_6938881958139160551 terminating
081110 010332 5075 INFO dfs.DataNode$PacketResponder: PacketResponder 2 for block blk_-5762529844389876801 terminating
081110 010332 5081 INFO dfs.DataNode$PacketResponder: PacketResponder 0 for block blk_-8421220645404574953 terminating
081110 010332 5087 INFO dfs.DataNode$PacketResponder: PacketResponder 0 for block blk_-396046441100430118 terminating
081110 010332 5096 INFO dfs.DataNode$PacketResponder: PacketResponder 2 for block blk_-7800105939192824733 terminating
081110 010332 5109 INFO dfs.DataNode$PacketResponder: PacketResponder 0 for block blk_7702178692705858050 terminating
081110 010332 5136 INFO dfs.DataNode$PacketResponder: PacketResponder 2 for block blk_7568614567092687362 terminating
081110 010332 5137 INFO dfs.DataNode$PacketResponder: PacketResponder 0 for block blk_-5762529844389876801 terminating
081110 010332 5138 INFO dfs.DataNode$PacketResponder: PacketResponder 2 for block blk_6938881958139160551 terminating
081110 010332 5207 INFO dfs.DataNode$PacketResponder: PacketResponder 1 for block blk_-5762529844389876801 terminating
081110 010333 4685 INFO dfs.DataNode$PacketResponder: PacketResponder 0 for block blk_1406138375384208046 terminating
081110 010333 4789 INFO dfs.DataNode$PacketResponder: PacketResponder 2 for block blk_-8421220645404574953 terminating
081110 010333 4863 INFO dfs.DataNode$PacketResponder: PacketResponder 2 for block blk_-2769322202402765513 terminating
081110 010333 4871 INFO dfs.DataNode$PacketResponder: PacketResponder 1 for block blk_1406138375384208046 terminating
081110 010333 4905 INFO dfs.DataNode$PacketResponder: PacketResponder 2 for block blk_9123291858155633720 terminating
081110 010333 4926 INFO dfs.DataNode$PacketResponder: PacketResponder 1 for block blk_9123291858155633720 terminating
081110 010333 4961 INFO dfs.DataNode$PacketResponder: PacketResponder 1 for block blk_2439287616035510985 terminating
081110 010333 4989 INFO dfs.DataNode$PacketResponder: PacketResponder 2 for block blk_1406138375384208046 terminating
081110 010333 5000 INFO dfs.DataNode$PacketResponder: PacketResponder 0 for block blk_6080409306452738902 terminating
081110 010333 5006 INFO dfs.DataNode$PacketResponder: PacketResponder 0 for block blk_6648047390644934034 terminating
081110 010333 5012 INFO dfs.DataNode$PacketResponder: PacketResponder 2 for block blk_-3610280032186882020 terminating
081110 010333 5036 INFO dfs.DataNode$PacketResponder: PacketResponder 2 for block blk_1574038828852109728 terminating
081110 010333 5044 INFO dfs.DataNode$PacketResponder: PacketResponder 0 for block blk_2439287616035510985 terminating
081110 010333 5048 INFO dfs.DataNode$PacketResponder: PacketResponder 0 for block blk_-8234551274993531652 terminating
081110 010333 5054 INFO dfs.DataNode$PacketResponder: PacketResponder 1 for block blk_-3610280032186882020 terminating
081110 010333 5069 INFO dfs.DataNode$PacketResponder: PacketResponder 0 for block blk_9123291858155633720 terminating
081110 010333 5072 INFO dfs.DataNode$PacketResponder: PacketResponder 2 for block blk_2439287616035510985 terminating
081110 010333 5083 INFO dfs.DataNode$PacketResponder: PacketResponder 0 for block blk_-2769322202402765513 terminating
081110 010333 5083 INFO dfs.DataNode$PacketResponder: PacketResponder 1 for block blk_-2769322202402765513 terminating
081110 010333 5095 INFO dfs.DataNode$PacketResponder: PacketResponder 0 for block blk_-3610280032186882020 terminating
081110 010333 5107 INFO dfs.DataNode$PacketResponder: PacketResponder 2 for block blk_6648047390644934034 terminating
081110 010333 5112 INFO dfs.DataNode$PacketResponder: PacketResponder 0 for block blk_1574038828852109728 terminating
081110 010333 5119 INFO dfs.DataNode$PacketResponder: PacketResponder 1 for block blk_-8234551274993531652 terminating
081110 010333 5155 INFO dfs.DataNode$PacketResponder: PacketResponder 1 for block blk_6648047390644934034 terminating
081110 010333 5161 INFO dfs.DataNode$PacketResponder: PacketResponder 1 for block blk_1574038828852109728 terminating
081110 010334 4861 INFO dfs.DataNode$PacketResponder: PacketResponder 2 for block blk_-8234551274993531652 terminating
081110 010334 4863 INFO dfs.DataNode$PacketResponder: PacketResponder 1 for block blk_6281975564755929071 terminating
081110 010334 4931 INFO dfs.DataNode$PacketResponder: PacketResponder 0 for block blk_6281975564755929071 terminating
081110 010334 4938 INFO dfs.DataNode$PacketResponder: PacketResponder 2 for block blk_-5625574988733487238 terminating
081110 010334 4943 INFO dfs.DataNode$PacketResponder: PacketResponder 0 for block blk_7563291792220722492 terminating
081110 010334 4948 INFO dfs.DataNode$PacketResponder: PacketResponder 2 for block blk_1225824133643844509 terminating
081110 010334 4960 INFO dfs.DataNode$PacketResponder: PacketResponder 1 for block blk_3551326083341064757 terminating
081110 010334 4984 INFO dfs.DataNode$PacketResponder: PacketResponder 0 for block blk_-3708300900291631735 terminating
081110 010334 4985 INFO dfs.DataNode$PacketResponder: PacketResponder 1 for block blk_7563291792220722492 terminating
081110 010334 4987 INFO dfs.DataNode$PacketResponder: PacketResponder 1 for block blk_6080409306452738902 terminating
081110 010334 5000 INFO dfs.DataNode$PacketResponder: PacketResponder 2 for block blk_-3708300900291631735 terminating
081110 010334 5036 INFO dfs.DataNode$PacketResponder: PacketResponder 1 for block blk_3682617673037933734 terminating
081110 010334 5038 INFO dfs.DataNode$PacketResponder: PacketResponder 0 for block blk_1225824133643844509 terminating
081110 010334 5039 INFO dfs.DataNode$PacketResponder: PacketResponder 2 for block blk_6080409306452738902 terminating
081110 010334 5043 INFO dfs.DataNode$PacketResponder: PacketResponder 1 for block blk_1225824133643844509 terminating
081110 010334 5051 INFO dfs.DataNode$PacketResponder: PacketResponder 1 for block blk_-5625574988733487238 terminating
081110 010334 5069 INFO dfs.DataNode$PacketResponder: PacketResponder 2 for block blk_7563291792220722492 terminating
081110 010334 5074 INFO dfs.DataNode$PacketResponder: PacketResponder 2 for block blk_6281975564755929071 terminating
081110 010334 5077 INFO dfs.DataNode$PacketResponder: PacketResponder 1 for block blk_-3708300900291631735 terminating
081110 010334 5088 INFO dfs.DataNode$PacketResponder: PacketResponder 1 for block blk_-3009272474964468460 terminating
081110 010334 5091 INFO dfs.DataNode$PacketResponder: PacketResponder 2 for block blk_3551326083341064757 terminating
081110 010334 5092 INFO dfs.DataNode$PacketResponder: PacketResponder 0 for block blk_3551326083341064757 terminating
081110 010334 5097 INFO dfs.DataNode$PacketResponder: PacketResponder 0 for block blk_-3009272474964468460 terminating
081110 010334 5107 INFO dfs.DataNode$PacketResponder: PacketResponder 0 for block blk_-8280603636981513745 terminating
081110 010334 5109 INFO dfs.DataNode$PacketResponder: PacketResponder 2 for block blk_3682617673037933734 terminating
081110 010334 5129 INFO dfs.DataNode$PacketResponder: PacketResponder 0 for block blk_3682617673037933734 terminating
081110 010334 5132 INFO dfs.DataNode$PacketResponder: PacketResponder 0 for block blk_-5625574988733487238 terminating
081110 010335 4897 INFO dfs.DataNode$PacketResponder: PacketResponder 2 for block blk_-5935685603514881672 terminating
081110 010335 4904 INFO dfs.DataNode$PacketResponder: PacketResponder 1 for block blk_7948968963516757599 terminating
081110 010335 4925 INFO dfs.DataNode$PacketResponder: PacketResponder 0 for block blk_-8242548046551216773 terminating
081110 010335 4935 INFO dfs.DataNode$PacketResponder: PacketResponder 1 for block blk_-5935685603514881672 terminating
081110 010335 4946 INFO dfs.DataNode$PacketResponder: PacketResponder 1 for block blk_2218275040709023966 terminating
081110 010335 4946 INFO dfs.DataNode$PacketResponder: PacketResponder 1 for block blk_3814787295461450673 terminating
081110 010335 4951 INFO dfs.DataNode$PacketResponder: PacketResponder 0 for block blk_3814787295461450673 terminating
081110 010335 4968 INFO dfs.DataNode$PacketResponder: PacketResponder 2 for block blk_3814787295461450673 terminating
081110 010335 4982 INFO dfs.DataNode$PacketResponder: PacketResponder 2 for block blk_7948968963516757599 terminating
081110 010335 4989 INFO dfs.DataNode$PacketResponder: PacketResponder 0 for block blk_2218275040709023966 terminating
081110 010335 4989 INFO dfs.DataNode$PacketResponder: PacketResponder 1 for block blk_-8242548046551216773 terminating
081110 010335 5025 INFO dfs.DataNode$PacketResponder: PacketResponder 1 for block blk_-297840824133928165 terminating
081110 010335 5035 INFO dfs.DataNode$PacketResponder: PacketResponder 2 for block blk_-8280603636981513745 terminating
081110 010335 5042 INFO dfs.DataNode$PacketResponder: PacketResponder 0 for block blk_6494947693669372948 terminating
081110 010335 5048 INFO dfs.DataNode$PacketResponder: PacketResponder 0 for block blk_-5935685603514881672 terminating
081110 010335 5048 INFO dfs.DataNode$PacketResponder: PacketResponder 0 for block blk_7948968963516757599 terminating
081110 010335 5072 INFO dfs.DataNode$PacketResponder: PacketResponder 1 for block blk_-5982838215538627075 terminating
081110 010335 5072 INFO dfs.DataNode$PacketResponder: PacketResponder 1 for block blk_-8280603636981513745 terminating
081110 010335 5076 INFO dfs.DataNode$PacketResponder: PacketResponder 0 for block blk_-5982838215538627075 terminating
081110 010335 5087 INFO dfs.DataNode$PacketResponder: PacketResponder 2 for block blk_-297840824133928165 terminating
081110 010335 5100 INFO dfs.DataNode$PacketResponder: PacketResponder 2 for block blk_-8242548046551216773 terminating
081110 010335 5101 INFO dfs.DataNode$PacketResponder: PacketResponder 0 for block blk_-297840824133928165 terminating
081110 010335 5112 INFO dfs.DataNode$PacketResponder: PacketResponder 2 for block blk_2218275040709023966 terminating
081110 010335 5117 INFO dfs.DataNode$PacketResponder: PacketResponder 2 for block blk_6494947693669372948 terminating
081110 010335 5133 INFO dfs.DataNode$PacketResponder: PacketResponder 1 for block blk_6494947693669372948 terminating
081110 010335 5142 INFO dfs.DataNode$PacketResponder: PacketResponder 2 for block blk_-3009272474964468460 terminating
081110 010336 4794 INFO dfs.DataNode$PacketResponder: PacketResponder 0 for block blk_3545395908650102783 terminating
081110 010336 4797 INFO dfs.DataNode$PacketResponder: PacketResponder 1 for block blk_-860353257544297806 terminating
081110 010336 4905 INFO dfs.DataNode$PacketResponder: PacketResponder 2 for block blk_3362516224946444464 terminating
081110 010336 4922 INFO dfs.DataNode$PacketResponder: PacketResponder 2 for block blk_-952086859037768016 terminating
081110 010336 4928 INFO dfs.DataNode$PacketResponder: PacketResponder 1 for block blk_-2329409315768187714 terminating
081110 010336 4966 INFO dfs.DataNode$PacketResponder: PacketResponder 0 for block blk_-952086859037768016 terminating
081110 010336 4987 INFO dfs.DataNode$PacketResponder: PacketResponder 1 for block blk_-952086859037768016 terminating
081110 010336 4995 INFO dfs.DataNode$PacketResponder: PacketResponder 0 for block blk_1466974343429034116 terminating
081110 010336 4999 INFO dfs.DataNode$PacketResponder: PacketResponder 1 for block blk_-4439427009450418722 terminating
081110 010336 5011 INFO dfs.DataNode$PacketResponder: PacketResponder 0 for block blk_-4439427009450418722 terminating
081110 010336 5012 INFO dfs.DataNode$PacketResponder: PacketResponder 1 for block blk_3362516224946444464 terminating
081110 010336 5014 INFO dfs.DataNode$PacketResponder: PacketResponder 1 for block blk_2820103202479087347 terminating
081110 010336 5024 INFO dfs.DataNode$PacketResponder: PacketResponder 2 for block blk_-860353257544297806 terminating
081110 010336 5030 INFO dfs.DataNode$PacketResponder: PacketResponder 2 for block blk_-7676349873052994886 terminating
081110 010336 5039 INFO dfs.DataNode$PacketResponder: PacketResponder 1 for block blk_3545395908650102783 terminating
081110 010336 5045 INFO dfs.DataNode$PacketResponder: PacketResponder 0 for block blk_-2149032579412726189 terminating
081110 010336 5055 INFO dfs.DataNode$PacketResponder: PacketResponder 2 for block blk_-2149032579412726189 terminating
081110 010336 5056 INFO dfs.DataNode$PacketResponder: PacketResponder 0 for block blk_-4126886164139349207 terminating
081110 010336 5057 INFO dfs.DataNode$PacketResponder: PacketResponder 0 for block blk_7401947676903040357 terminating
081110 010336 5057 INFO dfs.DataNode$PacketResponder: PacketResponder 1 for block blk_-7676349873052994886 terminating
081110 010336 5058 INFO dfs.DataNode$PacketResponder: PacketResponder 0 for block blk_3362516224946444464 terminating
081110 010336 5059 INFO dfs.DataNode$PacketResponder: PacketResponder 0 for block blk_-860353257544297806 terminating
081110 010336 5061 INFO dfs.DataNode$PacketResponder: PacketResponder 2 for block blk_2820103202479087347 terminating
081110 010336 5062 INFO dfs.DataNode$PacketResponder: PacketResponder 1 for block blk_1466974343429034116 terminating
081110 010336 5064 INFO dfs.DataNode$PacketResponder: PacketResponder 1 for block blk_-2149032579412726189 terminating
081110 010336 5067 INFO dfs.DataNode$PacketResponder: PacketResponder 2 for block blk_-4439427009450418722 terminating
081110 010336 5078 INFO dfs.DataNode$PacketResponder: PacketResponder 0 for block blk_-7676349873052994886 terminating
081110 010336 5078 INFO dfs.DataNode$PacketResponder: PacketResponder 2 for block blk_-5982838215538627075 terminating
081110 010336 5079 INFO dfs.DataNode$PacketResponder: PacketResponder 0 for block blk_-2329409315768187714 terminating
081110 010336 5087 INFO dfs.DataNode$PacketResponder: PacketResponder 0 for block blk_2820103202479087347 terminating
081110 010336 5087 INFO dfs.DataNode$PacketResponder: PacketResponder 1 for block blk_-4126886164139349207 terminating
081110 010336 5111 INFO dfs.DataNode$PacketResponder: PacketResponder 2 for block blk_-2329409315768187714 terminating
081110 010336 5132 INFO dfs.DataNode$PacketResponder: PacketResponder 2 for block blk_-4126886164139349207 terminating
081110 010337 4948 INFO dfs.DataNode$PacketResponder: PacketResponder 0 for block blk_-8339173324456988123 terminating
081110 010337 4955 INFO dfs.DataNode$PacketResponder: PacketResponder 0 for block blk_6943843718462330172 terminating
081110 010337 4956 INFO dfs.DataNode$PacketResponder: PacketResponder 0 for block blk_5731238456782796367 terminating
081110 010337 5001 INFO dfs.DataNode$PacketResponder: PacketResponder 1 for block blk_-2998039801776619340 terminating
081110 010337 5015 INFO dfs.DataNode$PacketResponder: PacketResponder 2 for block blk_6943843718462330172 terminating
081110 010337 5020 INFO dfs.DataNode$PacketResponder: PacketResponder 0 for block blk_-2998039801776619340 terminating
081110 010337 5027 INFO dfs.DataNode$PacketResponder: PacketResponder 1 for block blk_2498764488675049090 terminating
081110 010337 5033 INFO dfs.DataNode$PacketResponder: PacketResponder 1 for block blk_-8294238624373777193 terminating
081110 010337 5037 INFO dfs.DataNode$PacketResponder: PacketResponder 2 for block blk_3545395908650102783 terminating
081110 010337 5040 INFO dfs.DataNode$PacketResponder: PacketResponder 0 for block blk_-8294238624373777193 terminating
081110 010337 5051 INFO dfs.DataNode$PacketResponder: PacketResponder 1 for block blk_6943843718462330172 terminating
081110 010337 5060 INFO dfs.DataNode$PacketResponder: PacketResponder 0 for block blk_-2395585352411811448 terminating
081110 010337 5070 INFO dfs.DataNode$PacketResponder: PacketResponder 0 for block blk_2498764488675049090 terminating
081110 010337 5085 INFO dfs.DataNode$PacketResponder: PacketResponder 2 for block blk_7401947676903040357 terminating
081110 010337 5089 INFO dfs.DataNode$PacketResponder: PacketResponder 2 for block blk_-8294238624373777193 terminating
081110 010337 5090 INFO dfs.DataNode$PacketResponder: PacketResponder 2 for block blk_1466974343429034116 terminating
081110 010337 5103 INFO dfs.DataNode$PacketResponder: PacketResponder 1 for block blk_-2395585352411811448 terminating
081110 010337 5116 INFO dfs.DataNode$PacketResponder: PacketResponder 1 for block blk_7401947676903040357 terminating
081110 010337 5139 INFO dfs.DataNode$PacketResponder: PacketResponder 2 for block blk_3411797523077339670 terminating
081110 010337 5163 INFO dfs.DataNode$PacketResponder: PacketResponder 2 for block blk_-2395585352411811448 terminating
081110 010337 5177 INFO dfs.DataNode$PacketResponder: PacketResponder 0 for block blk_3411797523077339670 terminating
081110 010337 5200 INFO dfs.DataNode$PacketResponder: PacketResponder 1 for block blk_3411797523077339670 terminating
081110 010338 4767 INFO dfs.DataNode$PacketResponder: PacketResponder 1 for block blk_-8339173324456988123 terminating
081110 010338 4907 INFO dfs.DataNode$PacketResponder: PacketResponder 1 for block blk_5731238456782796367 terminating
081110 010338 4976 INFO dfs.DataNode$PacketResponder: PacketResponder 0 for block blk_6471899633839268617 terminating
081110 010338 4983 INFO dfs.DataNode$PacketResponder: PacketResponder 2 for block blk_6471899633839268617 terminating
081110 010338 4986 INFO dfs.DataNode$PacketResponder: PacketResponder 2 for block blk_4253362627883690251 terminating
081110 010338 5004 INFO dfs.DataNode$PacketResponder: PacketResponder 0 for block blk_4253362627883690251 terminating
081110 010338 5010 INFO dfs.DataNode$PacketResponder: PacketResponder 2 for block blk_-8339173324456988123 terminating
081110 010338 5018 INFO dfs.DataNode$PacketResponder: PacketResponder 1 for block blk_764586830238335594 terminating
081110 010338 5026 INFO dfs.DataNode$PacketResponder: PacketResponder 2 for block blk_5731238456782796367 terminating
081110 010338 5029 INFO dfs.DataNode$PacketResponder: PacketResponder 0 for block blk_-1246869436138581763 terminating
081110 010338 5041 INFO dfs.DataNode$PacketResponder: PacketResponder 2 for block blk_2498764488675049090 terminating
081110 010338 5044 INFO dfs.DataNode$PacketResponder: PacketResponder 1 for block blk_-1246869436138581763 terminating
081110 010338 5048 INFO dfs.DataNode$PacketResponder: PacketResponder 2 for block blk_-1246869436138581763 terminating
081110 010338 5051 INFO dfs.DataNode$PacketResponder: PacketResponder 0 for block blk_5636214204503607520 terminating
081110 010338 5053 INFO dfs.DataNode$PacketResponder: PacketResponder 1 for block blk_4253362627883690251 terminating
081110 010338 5053 INFO dfs.DataNode$PacketResponder: PacketResponder 2 for block blk_-2998039801776619340 terminating
081110 010338 5056 INFO dfs.DataNode$PacketResponder: PacketResponder 1 for block blk_6471899633839268617 terminating
081110 010338 5073 INFO dfs.DataNode$PacketResponder: PacketResponder 2 for block blk_5636214204503607520 terminating
081110 010338 5077 INFO dfs.DataNode$PacketResponder: PacketResponder 0 for block blk_764586830238335594 terminating
081110 010338 5085 INFO dfs.DataNode$PacketResponder: PacketResponder 1 for block blk_5636214204503607520 terminating
081110 010338 5086 INFO dfs.DataNode$PacketResponder: PacketResponder 2 for block blk_764586830238335594 terminating
081110 010338 5136 INFO dfs.DataNode$PacketResponder: PacketResponder 0 for block blk_8484579563144208202 terminating
081110 010338 5165 INFO dfs.DataNode$PacketResponder: PacketResponder 0 for block blk_-8669127908369348626 terminating
081110 010339 4765 INFO dfs.DataNode$PacketResponder: PacketResponder 2 for block blk_-3240712976197307194 terminating
081110 010339 4815 INFO dfs.DataNode$PacketResponder: PacketResponder 2 for block blk_-4294661924429012305 terminating
081110 010339 4835 INFO dfs.DataNode$PacketResponder: PacketResponder 1 for block blk_-3240712976197307194 terminating
081110 010339 4857 INFO dfs.DataNode$PacketResponder: PacketResponder 2 for block blk_-5540925979126042257 terminating
081110 010339 4862 INFO dfs.DataNode$PacketResponder: PacketResponder 0 for block blk_2232404560711696081 terminating
081110 010339 4867 INFO dfs.DataNode$PacketResponder: PacketResponder 0 for block blk_8932764423226082039 terminating
081110 010339 4895 INFO dfs.DataNode$PacketResponder: PacketResponder 1 for block blk_-5540925979126042257 terminating
081110 010339 4920 INFO dfs.DataNode$PacketResponder: PacketResponder 1 for block blk_-8669127908369348626 terminating
081110 010339 4964 INFO dfs.DataNode$PacketResponder: PacketResponder 1 for block blk_-8799100662029838376 terminating
081110 010339 4967 INFO dfs.DataNode$PacketResponder: PacketResponder 0 for block blk_2500020774333221897 terminating
081110 010339 4976 INFO dfs.DataNode$PacketResponder: PacketResponder 0 for block blk_6621130513621175205 terminating
081110 010339 4980 INFO dfs.DataNode$PacketResponder: PacketResponder 1 for block blk_-3285233469313826753 terminating
081110 010339 4980 INFO dfs.DataNode$PacketResponder: PacketResponder 2 for block blk_2232404560711696081 terminating
081110 010339 5019 INFO dfs.DataNode$PacketResponder: PacketResponder 0 for block blk_-3240712976197307194 terminating
081110 010339 5038 INFO dfs.DataNode$PacketResponder: PacketResponder 0 for block blk_-8799100662029838376 terminating
081110 010339 5046 INFO dfs.DataNode$PacketResponder: PacketResponder 2 for block blk_8484579563144208202 terminating
081110 010339 5055 INFO dfs.DataNode$PacketResponder: PacketResponder 0 for block blk_-5733215053948299078 terminating
081110 010339 5073 INFO dfs.DataNode$PacketResponder: PacketResponder 0 for block blk_-5540925979126042257 terminating
081110 010339 5076 INFO dfs.DataNode$PacketResponder: PacketResponder 0 for block blk_-4294661924429012305 terminating
081110 010339 5078 INFO dfs.DataNode$PacketResponder: PacketResponder 1 for block blk_8484579563144208202 terminating
081110 010339 5096 INFO dfs.DataNode$PacketResponder: PacketResponder 0 for block blk_-3285233469313826753 terminating
081110 010339 5098 INFO dfs.DataNode$PacketResponder: PacketResponder 1 for block blk_-5733215053948299078 terminating
081110 010339 5110 INFO dfs.DataNode$PacketResponder: PacketResponder 2 for block blk_-5733215053948299078 terminating
081110 010339 5127 INFO dfs.DataNode$PacketResponder: PacketResponder 2 for block blk_-3285233469313826753 terminating
081110 010339 5138 INFO dfs.DataNode$PacketResponder: PacketResponder 2 for block blk_-8669127908369348626 terminating
081110 010339 5182 INFO dfs.DataNode$PacketResponder: PacketResponder 1 for block blk_-4294661924429012305 terminating
081110 010339 5199 INFO dfs.DataNode$PacketResponder: PacketResponder 1 for block blk_2232404560711696081 terminating
081110 010340 4839 INFO dfs.DataNode$PacketResponder: PacketResponder 2 for block blk_-1368730892254491309 terminating
081110 010340 4842 INFO dfs.DataNode$PacketResponder: PacketResponder 0 for block blk_-692396029166513585 terminating
081110 010340 4913 INFO dfs.DataNode$PacketResponder: PacketResponder 0 for block blk_-5492856507746898667 terminating
081110 010340 4915 INFO dfs.DataNode$PacketResponder: PacketResponder 1 for block blk_-1656793631367027632 terminating
081110 010340 4915 INFO dfs.DataNode$PacketResponder: PacketResponder 2 for block blk_-5683572990475138588 terminating
081110 010340 4934 INFO dfs.DataNode$PacketResponder: PacketResponder 1 for block blk_1616925069034451082 terminating
081110 010340 4942 INFO dfs.DataNode$PacketResponder: PacketResponder 2 for block blk_8784693459128164772 terminating
081110 010340 4947 INFO dfs.DataNode$PacketResponder: PacketResponder 2 for block blk_8932764423226082039 terminating
081110 010340 4958 INFO dfs.DataNode$PacketResponder: PacketResponder 0 for block blk_-1656793631367027632 terminating
081110 010340 4968 INFO dfs.DataNode$PacketResponder: PacketResponder 2 for block blk_2500020774333221897 terminating
081110 010340 4970 INFO dfs.DataNode$PacketResponder: PacketResponder 2 for block blk_-8799100662029838376 terminating
081110 010340 4985 INFO dfs.DataNode$PacketResponder: PacketResponder 0 for block blk_8784693459128164772 terminating
081110 010340 5001 INFO dfs.DataNode$PacketResponder: PacketResponder 1 for block blk_2500020774333221897 terminating
081110 010340 5012 INFO dfs.DataNode$PacketResponder: PacketResponder 1 for block blk_-5683572990475138588 terminating
081110 010340 5012 INFO dfs.DataNode$PacketResponder: PacketResponder 2 for block blk_-3549601764756497477 terminating
081110 010340 5016 INFO dfs.DataNode$PacketResponder: PacketResponder 2 for block blk_-1470332459899403714 terminating
081110 010340 5030 INFO dfs.DataNode$PacketResponder: PacketResponder 1 for block blk_8784693459128164772 terminating
081110 010340 5032 INFO dfs.DataNode$PacketResponder: PacketResponder 2 for block blk_-4960321157975454786 terminating
081110 010340 5038 INFO dfs.DataNode$PacketResponder: PacketResponder 1 for block blk_6621130513621175205 terminating
081110 010340 5044 INFO dfs.DataNode$PacketResponder: PacketResponder 0 for block blk_-1470332459899403714 terminating
081110 010340 5051 INFO dfs.DataNode$PacketResponder: PacketResponder 0 for block blk_-4960321157975454786 terminating
081110 010340 5064 INFO dfs.DataNode$PacketResponder: PacketResponder 0 for block blk_-1368730892254491309 terminating
081110 010340 5067 INFO dfs.DataNode$PacketResponder: PacketResponder 2 for block blk_-692396029166513585 terminating
081110 010340 5068 INFO dfs.DataNode$PacketResponder: PacketResponder 1 for block blk_8932764423226082039 terminating
081110 010340 5069 INFO dfs.DataNode$PacketResponder: PacketResponder 0 for block blk_1616925069034451082 terminating
081110 010340 5072 INFO dfs.DataNode$PacketResponder: PacketResponder 0 for block blk_4734214235299249129 terminating
081110 010340 5088 INFO dfs.DataNode$PacketResponder: PacketResponder 0 for block blk_-3549601764756497477 terminating
081110 010340 5089 INFO dfs.DataNode$PacketResponder: PacketResponder 1 for block blk_-4960321157975454786 terminating
081110 010340 5090 INFO dfs.DataNode$PacketResponder: PacketResponder 1 for block blk_-692396029166513585 terminating
081110 010340 5091 INFO dfs.DataNode$PacketResponder: PacketResponder 1 for block blk_-3549601764756497477 terminating
081110 010340 5093 INFO dfs.DataNode$PacketResponder: PacketResponder 1 for block blk_-1470332459899403714 terminating
081110 010340 5093 INFO dfs.DataNode$PacketResponder: PacketResponder 2 for block blk_-1656793631367027632 terminating
081110 010340 5101 INFO dfs.DataNode$PacketResponder: PacketResponder 1 for block blk_-1368730892254491309 terminating
081110 010340 5113 INFO dfs.DataNode$PacketResponder: PacketResponder 1 for block blk_-5492856507746898667 terminating
081110 010340 5117 INFO dfs.DataNode$PacketResponder: PacketResponder 0 for block blk_-5683572990475138588 terminating
081110 010340 5169 INFO dfs.DataNode$PacketResponder: PacketResponder 2 for block blk_6621130513621175205 terminating
081110 010340 5202 INFO dfs.DataNode$PacketResponder: PacketResponder 2 for block blk_1616925069034451082 terminating
081110 010341 4740 INFO dfs.DataNode$PacketResponder: PacketResponder 2 for block blk_4734214235299249129 terminating
081110 010341 4747 INFO dfs.DataNode$PacketResponder: PacketResponder 1 for block blk_85148355623128377 terminating
081110 010341 4941 INFO dfs.DataNode$PacketResponder: PacketResponder 0 for block blk_8352324792007128675 terminating
081110 010341 4972 INFO dfs.DataNode$PacketResponder: PacketResponder 2 for block blk_3071028803836618597 terminating
081110 010341 4993 INFO dfs.DataNode$PacketResponder: PacketResponder 0 for block blk_3071028803836618597 terminating
081110 010341 5005 INFO dfs.DataNode$PacketResponder: PacketResponder 1 for block blk_2661684039420392508 terminating
081110 010341 5006 INFO dfs.DataNode$PacketResponder: PacketResponder 0 for block blk_2661684039420392508 terminating
081110 010341 5008 INFO dfs.DataNode$PacketResponder: PacketResponder 1 for block blk_1088887095099182227 terminating
081110 010341 5009 INFO dfs.DataNode$PacketResponder: PacketResponder 2 for block blk_1088887095099182227 terminating
081110 010341 5010 INFO dfs.DataNode$PacketResponder: PacketResponder 0 for block blk_2022865020346876751 terminating
081110 010341 5020 INFO dfs.DataNode$DataXceiver: writeBlock blk_-5852479261909563832 received exception java.io.IOException: Could not read from stream
081110 010341 5037 INFO dfs.DataNode$PacketResponder: PacketResponder 2 for block blk_2661684039420392508 terminating
081110 010341 5039 INFO dfs.DataNode$PacketResponder: PacketResponder 0 for block blk_-9186178400120970314 terminating
081110 010341 5052 INFO dfs.DataNode$PacketResponder: PacketResponder 2 for block blk_2022865020346876751 terminating
081110 010341 5067 INFO dfs.DataNode$PacketResponder: PacketResponder 1 for block blk_4734214235299249129 terminating
081110 010341 5076 INFO dfs.DataNode$PacketResponder: PacketResponder 1 for block blk_8352324792007128675 terminating
081110 010341 5076 INFO dfs.DataNode$PacketResponder: PacketResponder 2 for block blk_-9186178400120970314 terminating
081110 010341 5081 INFO dfs.DataNode$PacketResponder: PacketResponder 0 for block blk_85148355623128377 terminating
081110 010341 5081 INFO dfs.DataNode$PacketResponder: PacketResponder 1 for block blk_3071028803836618597 terminating
081110 010341 5083 INFO dfs.DataNode$PacketResponder: PacketResponder 0 for block blk_8400818787120931992 terminating
081110 010341 5094 INFO dfs.DataNode$PacketResponder: PacketResponder 2 for block blk_8352324792007128675 terminating
081110 010341 5106 INFO dfs.DataNode$PacketResponder: PacketResponder 2 for block blk_-5492856507746898667 terminating
081110 010341 5112 INFO dfs.DataNode$PacketResponder: PacketResponder 2 for block blk_8400818787120931992 terminating
081110 010341 5144 INFO dfs.DataNode$PacketResponder: PacketResponder 0 for block blk_1088887095099182227 terminating
081110 010341 5146 INFO dfs.DataNode$PacketResponder: PacketResponder 1 for block blk_-9186178400120970314 terminating
081110 010341 5167 INFO dfs.DataNode$PacketResponder: PacketResponder 1 for block blk_8400818787120931992 terminating
081110 010342 4865 INFO dfs.DataNode$PacketResponder: PacketResponder 1 for block blk_-3118939308529104288 terminating
081110 010342 4869 INFO dfs.DataNode$PacketResponder: PacketResponder 0 for block blk_9173891541196878733 terminating
081110 010342 4938 INFO dfs.DataNode$PacketResponder: PacketResponder 0 for block blk_-4239954848096029953 terminating
081110 010342 4944 INFO dfs.DataNode$PacketResponder: PacketResponder 0 for block blk_1165571848704939180 terminating
081110 010342 5009 INFO dfs.DataNode$PacketResponder: PacketResponder 2 for block blk_-3118939308529104288 terminating
081110 010342 5011 INFO dfs.DataNode$PacketResponder: PacketResponder 0 for block blk_5204086557362942257 terminating
081110 010342 5029 INFO dfs.DataNode$PacketResponder: PacketResponder 2 for block blk_85148355623128377 terminating
081110 010342 5032 INFO dfs.DataNode$PacketResponder: PacketResponder 1 for block blk_2022865020346876751 terminating
081110 010342 5038 INFO dfs.DataNode$PacketResponder: PacketResponder 0 for block blk_3924200392238214385 terminating
081110 010342 5047 INFO dfs.DataNode$PacketResponder: PacketResponder 2 for block blk_3924200392238214385 terminating
081110 010342 5050 INFO dfs.DataNode$PacketResponder: PacketResponder 2 for block blk_9173891541196878733 terminating
081110 010342 5051 INFO dfs.DataNode$PacketResponder: PacketResponder 1 for block blk_3924200392238214385 terminating
081110 010342 5055 INFO dfs.DataNode$PacketResponder: PacketResponder 0 for block blk_-3118939308529104288 terminating
081110 010342 5065 INFO dfs.DataNode$PacketResponder: PacketResponder 1 for block blk_-161805438887126685 terminating
081110 010342 5066 INFO dfs.DataNode$PacketResponder: PacketResponder 2 for block blk_5204086557362942257 terminating
081110 010342 5068 INFO dfs.DataNode$PacketResponder: PacketResponder 0 for block blk_-161805438887126685 terminating
081110 010342 5070 INFO dfs.DataNode$PacketResponder: PacketResponder 1 for block blk_5204086557362942257 terminating
081110 010342 5070 INFO dfs.DataNode$PacketResponder: PacketResponder 2 for block blk_-161805438887126685 terminating
081110 010342 5072 INFO dfs.DataNode$PacketResponder: PacketResponder 2 for block blk_7288266652548546900 terminating
081110 010342 5105 INFO dfs.DataNode$PacketResponder: PacketResponder 1 for block blk_1165571848704939180 terminating
081110 010342 5107 INFO dfs.DataNode$PacketResponder: PacketResponder 1 for block blk_9173891541196878733 terminating
081110 010342 5120 INFO dfs.DataNode$PacketResponder: PacketResponder 2 for block blk_1165571848704939180 terminating
081110 010342 5135 INFO dfs.DataNode$PacketResponder: PacketResponder 0 for block blk_7288266652548546900 terminating
081110 010342 5136 INFO dfs.DataNode$PacketResponder: PacketResponder 1 for block blk_7288266652548546900 terminating
081110 010342 5182 INFO dfs.DataNode$PacketResponder: PacketResponder 1 for block blk_-4239954848096029953 terminating
081110 010342 5190 INFO dfs.DataNode$PacketResponder: PacketResponder 2 for block blk_-4239954848096029953 terminating
081110 010343 3872 INFO dfs.DataNode$PacketResponder: PacketResponder 0 for block blk_4752816950806438886 terminating
081110 010343 4843 INFO dfs.DataNode$PacketResponder: PacketResponder 0 for block blk_-5256021392388940895 terminating
081110 010343 4858 INFO dfs.DataNode$PacketResponder: PacketResponder 2 for block blk_2194709383056244259 terminating
081110 010343 4876 INFO dfs.DataNode$PacketResponder: PacketResponder 1 for block blk_4752816950806438886 terminating
081110 010343 4895 INFO dfs.DataNode$PacketResponder: PacketResponder 2 for block blk_5741420497850181056 terminating
081110 010343 4909 INFO dfs.DataNode$PacketResponder: PacketResponder 1 for block blk_-262921845269695741 terminating
081110 010343 4916 INFO dfs.DataNode$PacketResponder: PacketResponder 1 for block blk_5277539545692825187 terminating
081110 010343 4929 INFO dfs.DataNode$PacketResponder: PacketResponder 2 for block blk_79180078678597197 terminating
081110 010343 4933 INFO dfs.DataNode$PacketResponder: PacketResponder 2 for block blk_1235274367679959345 terminating
081110 010343 4948 INFO dfs.DataNode$PacketResponder: PacketResponder 2 for block blk_-147117053037419092 terminating
081110 010343 4956 INFO dfs.DataNode$DataXceiver: writeBlock blk_7974860010735965887 received exception java.io.IOException: Could not read from stream
081110 010343 4964 INFO dfs.DataNode$PacketResponder: PacketResponder 0 for block blk_8397878946661380325 terminating
081110 010343 4965 INFO dfs.DataNode$PacketResponder: PacketResponder 0 for block blk_3958874820461680484 terminating
081110 010343 4970 INFO dfs.DataNode$PacketResponder: PacketResponder 1 for block blk_2194709383056244259 terminating
081110 010343 4972 INFO dfs.DataNode$PacketResponder: PacketResponder 2 for block blk_-5256021392388940895 terminating
081110 010343 4997 INFO dfs.DataNode$PacketResponder: PacketResponder 0 for block blk_-2039423778501082145 terminating
081110 010343 5007 INFO dfs.DataNode$PacketResponder: PacketResponder 1 for block blk_79180078678597197 terminating
081110 010343 5013 INFO dfs.DataNode$PacketResponder: PacketResponder 0 for block blk_5751544393284959645 terminating
081110 010343 5016 INFO dfs.DataNode$PacketResponder: PacketResponder 1 for block blk_5741420497850181056 terminating
081110 010343 5026 INFO dfs.DataNode$PacketResponder: PacketResponder 0 for block blk_5741420497850181056 terminating
081110 010343 5029 INFO dfs.DataNode$PacketResponder: PacketResponder 1 for block blk_-7270405064288513591 terminating
081110 010343 5035 INFO dfs.DataNode$PacketResponder: PacketResponder 1 for block blk_737207311392173771 terminating
081110 010343 5040 INFO dfs.DataNode$PacketResponder: PacketResponder 0 for block blk_5277539545692825187 terminating
081110 010343 5041 INFO dfs.DataNode$PacketResponder: PacketResponder 1 for block blk_-2039423778501082145 terminating
081110 010343 5044 INFO dfs.DataNode$PacketResponder: PacketResponder 0 for block blk_-262921845269695741 terminating
081110 010343 5046 INFO dfs.DataNode$PacketResponder: PacketResponder 0 for block blk_2194709383056244259 terminating
081110 010343 5046 INFO dfs.DataNode$PacketResponder: PacketResponder 2 for block blk_-7270405064288513591 terminating
081110 010343 5049 INFO dfs.DataNode$PacketResponder: PacketResponder 0 for block blk_79180078678597197 terminating
081110 010343 5049 INFO dfs.DataNode$PacketResponder: PacketResponder 2 for block blk_5277539545692825187 terminating
081110 010343 5061 INFO dfs.DataNode$PacketResponder: PacketResponder 0 for block blk_-147117053037419092 terminating
081110 010343 5063 INFO dfs.DataNode$PacketResponder: PacketResponder 1 for block blk_1235274367679959345 terminating
081110 010343 5064 INFO dfs.DataNode$PacketResponder: PacketResponder 1 for block blk_3958874820461680484 terminating
081110 010343 5065 INFO dfs.DataNode$PacketResponder: PacketResponder 2 for block blk_4752816950806438886 terminating
081110 010343 5068 INFO dfs.DataNode$PacketResponder: PacketResponder 0 for block blk_-9029183787355016959 terminating
081110 010343 5068 INFO dfs.DataNode$PacketResponder: PacketResponder 2 for block blk_-9029183787355016959 terminating
081110 010343 5069 INFO dfs.DataNode$PacketResponder: PacketResponder 2 for block blk_737207311392173771 terminating
081110 010343 5072 INFO dfs.DataNode$PacketResponder: PacketResponder 0 for block blk_-8944900373439409222 terminating
081110 010343 5073 INFO dfs.DataNode$PacketResponder: PacketResponder 1 for block blk_-147117053037419092 terminating
081110 010343 5073 INFO dfs.DataNode$PacketResponder: PacketResponder 2 for block blk_-2039423778501082145 terminating
081110 010343 5077 INFO dfs.DataNode$PacketResponder: PacketResponder 1 for block blk_5751544393284959645 terminating
081110 010343 5078 INFO dfs.DataNode$PacketResponder: PacketResponder 0 for block blk_-7270405064288513591 terminating
081110 010343 5081 INFO dfs.DataNode$PacketResponder: PacketResponder 1 for block blk_-37576287528480214 terminating
081110 010343 5081 INFO dfs.DataNode$PacketResponder: PacketResponder 1 for block blk_-7641488192947916087 terminating
081110 010343 5085 INFO dfs.DataNode$PacketResponder: PacketResponder 0 for block blk_-7641488192947916087 terminating
081110 010343 5088 INFO dfs.DataNode$PacketResponder: PacketResponder 2 for block blk_5751544393284959645 terminating
081110 010343 5096 INFO dfs.DataNode$PacketResponder: PacketResponder 0 for block blk_-37576287528480214 terminating
081110 010343 5105 INFO dfs.DataNode$PacketResponder: PacketResponder 2 for block blk_3958874820461680484 terminating
081110 010343 5110 INFO dfs.DataNode$PacketResponder: PacketResponder 0 for block blk_737207311392173771 terminating
081110 010343 5119 INFO dfs.DataNode$PacketResponder: PacketResponder 1 for block blk_-5256021392388940895 terminating
081110 010343 5131 INFO dfs.DataNode$DataXceiver: writeBlock blk_4047272842273234892 received exception java.io.IOException: Could not read from stream
081110 010343 5148 INFO dfs.DataNode$PacketResponder: PacketResponder 2 for block blk_-262921845269695741 terminating
081110 010343 5158 INFO dfs.DataNode$PacketResponder: PacketResponder 0 for block blk_1235274367679959345 terminating
081110 010343 5165 INFO dfs.DataNode$PacketResponder: PacketResponder 1 for block blk_-8944900373439409222 terminating
081110 010343 5173 INFO dfs.DataNode$PacketResponder: PacketResponder 2 for block blk_-37576287528480214 terminating
081110 010343 5209 INFO dfs.DataNode$PacketResponder: PacketResponder 1 for block blk_-9029183787355016959 terminating
081110 010344 4063 INFO dfs.DataNode$PacketResponder: PacketResponder 1 for block blk_3129444083826647371 terminating
081110 010344 4770 INFO dfs.DataNode$PacketResponder: PacketResponder 2 for block blk_1839890434008586065 terminating
081110 010344 4870 INFO dfs.DataNode$PacketResponder: PacketResponder 0 for block blk_3129444083826647371 terminating
081110 010344 4873 INFO dfs.DataNode$PacketResponder: PacketResponder 1 for block blk_-7433981179767041327 terminating
081110 010344 4946 INFO dfs.DataNode$PacketResponder: PacketResponder 2 for block blk_-7433981179767041327 terminating
081110 010344 4987 INFO dfs.DataNode$PacketResponder: PacketResponder 0 for block blk_8655219465497397190 terminating
081110 010344 4991 INFO dfs.DataNode$PacketResponder: PacketResponder 1 for block blk_5616957968343723933 terminating
081110 010344 5013 INFO dfs.DataNode$PacketResponder: PacketResponder 1 for block blk_8655219465497397190 terminating
081110 010344 5017 INFO dfs.DataNode$PacketResponder: PacketResponder 0 for block blk_5616957968343723933 terminating
081110 010344 5017 INFO dfs.DataNode$PacketResponder: PacketResponder 1 for block blk_-3689672622205015000 terminating
081110 010344 5036 INFO dfs.DataNode$PacketResponder: PacketResponder 2 for block blk_-8944900373439409222 terminating
081110 010344 5042 INFO dfs.DataNode$PacketResponder: PacketResponder 2 for block blk_-3689672622205015000 terminating
081110 010344 5064 INFO dfs.DataNode$PacketResponder: PacketResponder 1 for block blk_1839890434008586065 terminating
081110 010344 5066 INFO dfs.DataNode$PacketResponder: PacketResponder 1 for block blk_8397878946661380325 terminating
081110 010344 5067 INFO dfs.DataNode$PacketResponder: PacketResponder 2 for block blk_8655219465497397190 terminating
081110 010344 5070 INFO dfs.DataNode$PacketResponder: PacketResponder 0 for block blk_1839890434008586065 terminating
081110 010344 5096 INFO dfs.DataNode$PacketResponder: PacketResponder 2 for block blk_8397878946661380325 terminating
081110 010344 5098 INFO dfs.DataNode$PacketResponder: PacketResponder 0 for block blk_-3689672622205015000 terminating
081110 010344 5099 INFO dfs.DataNode$PacketResponder: PacketResponder 2 for block blk_3129444083826647371 terminating
081110 010344 5174 INFO dfs.DataNode$PacketResponder: PacketResponder 2 for block blk_-7641488192947916087 terminating
081110 010345 4844 INFO dfs.DataNode$PacketResponder: PacketResponder 0 for block blk_6610548250100152503 terminating
081110 010345 4886 INFO dfs.DataNode$PacketResponder: PacketResponder 2 for block blk_6610548250100152503 terminating
081110 010345 4901 INFO dfs.DataNode$PacketResponder: PacketResponder 1 for block blk_-7486746491328770670 terminating
081110 010345 4917 INFO dfs.DataNode$PacketResponder: PacketResponder 0 for block blk_-7433981179767041327 terminating
081110 010345 4918 INFO dfs.DataNode$PacketResponder: PacketResponder 2 for block blk_5192574715410571218 terminating
081110 010345 4927 INFO dfs.DataNode$PacketResponder: PacketResponder 1 for block blk_5064166455899501798 terminating
081110 010345 4940 INFO dfs.DataNode$PacketResponder: PacketResponder 0 for block blk_5192574715410571218 terminating
081110 010345 4990 INFO dfs.DataNode$PacketResponder: PacketResponder 0 for block blk_5064166455899501798 terminating
081110 010345 4992 INFO dfs.DataNode$PacketResponder: PacketResponder 1 for block blk_7247486049723848816 terminating
081110 010345 4995 INFO dfs.DataNode$PacketResponder: PacketResponder 2 for block blk_5064166455899501798 terminating
081110 010345 5004 INFO dfs.DataNode$PacketResponder: PacketResponder 0 for block blk_8408238523395103507 terminating
081110 010345 5006 INFO dfs.DataNode$PacketResponder: PacketResponder 2 for block blk_8012612762055466016 terminating
081110 010345 5011 INFO dfs.DataNode$PacketResponder: PacketResponder 0 for block blk_-1924797678317411253 terminating
081110 010345 5045 INFO dfs.DataNode$PacketResponder: PacketResponder 2 for block blk_7247486049723848816 terminating
081110 010345 5054 INFO dfs.DataNode$PacketResponder: PacketResponder 1 for block blk_5192574715410571218 terminating
081110 010345 5064 INFO dfs.DataNode$PacketResponder: PacketResponder 1 for block blk_-9090122885513663601 terminating
081110 010345 5065 INFO dfs.DataNode$PacketResponder: PacketResponder 0 for block blk_8012612762055466016 terminating
081110 010345 5069 INFO dfs.DataNode$PacketResponder: PacketResponder 1 for block blk_6568632145663267684 terminating
081110 010345 5069 INFO dfs.DataNode$PacketResponder: PacketResponder 2 for block blk_6568632145663267684 terminating
081110 010345 5071 INFO dfs.DataNode$PacketResponder: PacketResponder 2 for block blk_5616957968343723933 terminating
081110 010345 5073 INFO dfs.DataNode$PacketResponder: PacketResponder 1 for block blk_-392019557714612934 terminating
081110 010345 5074 INFO dfs.DataNode$PacketResponder: PacketResponder 0 for block blk_-9090122885513663601 terminating
081110 010345 5091 INFO dfs.DataNode$PacketResponder: PacketResponder 0 for block blk_-7486746491328770670 terminating
081110 010345 5100 INFO dfs.DataNode$PacketResponder: PacketResponder 0 for block blk_-392019557714612934 terminating
081110 010345 5110 INFO dfs.DataNode$PacketResponder: PacketResponder 1 for block blk_8408238523395103507 terminating
081110 010345 5111 INFO dfs.DataNode$PacketResponder: PacketResponder 1 for block blk_6610548250100152503 terminating
081110 010345 5136 INFO dfs.DataNode$PacketResponder: PacketResponder 2 for block blk_-392019557714612934 terminating
081110 010345 5140 INFO dfs.DataNode$PacketResponder: PacketResponder 0 for block blk_6568632145663267684 terminating
081110 010345 5153 INFO dfs.DataNode$PacketResponder: PacketResponder 2 for block blk_-9090122885513663601 terminating
081110 010345 5161 INFO dfs.DataNode$PacketResponder: PacketResponder 2 for block blk_8408238523395103507 terminating
081110 010345 5179 INFO dfs.DataNode$PacketResponder: PacketResponder 1 for block blk_8012612762055466016 terminating
081110 010345 5180 INFO dfs.DataNode$PacketResponder: PacketResponder 1 for block blk_-1924797678317411253 terminating
081110 010345 5181 INFO dfs.DataNode$PacketResponder: PacketResponder 0 for block blk_7247486049723848816 terminating
081110 010345 5197 INFO dfs.DataNode$PacketResponder: PacketResponder 2 for block blk_-1924797678317411253 terminating
081110 010346 4778 INFO dfs.DataNode$PacketResponder: PacketResponder 0 for block blk_8963351250776087061 terminating
081110 010346 4833 INFO dfs.DataNode$PacketResponder: PacketResponder 1 for block blk_4776457568388064601 terminating
081110 010346 4888 INFO dfs.DataNode$PacketResponder: PacketResponder 1 for block blk_6877281205407258992 terminating
081110 010346 4946 INFO dfs.DataNode$PacketResponder: PacketResponder 0 for block blk_-5791536157977797154 terminating
081110 010346 4951 INFO dfs.DataNode$PacketResponder: PacketResponder 0 for block blk_531428678236552795 terminating
081110 010346 4964 INFO dfs.DataNode$PacketResponder: PacketResponder 2 for block blk_-7486746491328770670 terminating
081110 010346 4967 INFO dfs.DataNode$PacketResponder: PacketResponder 2 for block blk_4776457568388064601 terminating
081110 010346 5027 INFO dfs.DataNode$PacketResponder: PacketResponder 1 for block blk_-5791536157977797154 terminating
081110 010346 5027 INFO dfs.DataNode$PacketResponder: PacketResponder 2 for block blk_-7444707470194284357 terminating
081110 010346 5037 INFO dfs.DataNode$PacketResponder: PacketResponder 2 for block blk_1984326060439047488 terminating
081110 010346 5052 INFO dfs.DataNode$PacketResponder: PacketResponder 2 for block blk_6877281205407258992 terminating
081110 010346 5076 INFO dfs.DataNode$PacketResponder: PacketResponder 0 for block blk_1984326060439047488 terminating
081110 010346 5085 INFO dfs.DataNode$PacketResponder: PacketResponder 1 for block blk_1984326060439047488 terminating
081110 010346 5094 INFO dfs.DataNode$PacketResponder: PacketResponder 1 for block blk_8963351250776087061 terminating
081110 010346 5099 INFO dfs.DataNode$PacketResponder: PacketResponder 0 for block blk_3246007965068107687 terminating
081110 010346 5111 INFO dfs.DataNode$PacketResponder: PacketResponder 1 for block blk_-7444707470194284357 terminating
081110 010346 5119 INFO dfs.DataNode$PacketResponder: PacketResponder 0 for block blk_6877281205407258992 terminating
081110 010346 5138 INFO dfs.DataNode$PacketResponder: PacketResponder 0 for block blk_4776457568388064601 terminating
081110 010346 5140 INFO dfs.DataNode$PacketResponder: PacketResponder 2 for block blk_8963351250776087061 terminating
081110 010346 5142 INFO dfs.DataNode$PacketResponder: PacketResponder 0 for block blk_-7444707470194284357 terminating
081110 010346 5186 INFO dfs.DataNode$PacketResponder: PacketResponder 1 for block blk_531428678236552795 terminating
081110 010347 4761 INFO dfs.DataNode$PacketResponder: PacketResponder 1 for block blk_2738964117847489946 terminating
081110 010347 4846 INFO dfs.DataNode$PacketResponder: PacketResponder 2 for block blk_2211891640060622396 terminating
081110 010347 4871 INFO dfs.DataNode$PacketResponder: PacketResponder 2 for block blk_1617686619885202896 terminating
081110 010347 4942 INFO dfs.DataNode$PacketResponder: PacketResponder 0 for block blk_7415593357956552062 terminating
081110 010347 4944 INFO dfs.DataNode$PacketResponder: PacketResponder 1 for block blk_-1458885398980471998 terminating
081110 010347 4948 INFO dfs.DataNode$PacketResponder: PacketResponder 2 for block blk_3246007965068107687 terminating
081110 010347 4952 INFO dfs.DataNode$PacketResponder: PacketResponder 2 for block blk_2738964117847489946 terminating
081110 010347 4982 INFO dfs.DataNode$PacketResponder: PacketResponder 1 for block blk_3246007965068107687 terminating
081110 010347 4991 INFO dfs.DataNode$PacketResponder: PacketResponder 0 for block blk_1444888583104686876 terminating
081110 010347 4998 INFO dfs.DataNode$PacketResponder: PacketResponder 2 for block blk_1444888583104686876 terminating
081110 010347 5012 INFO dfs.DataNode$PacketResponder: PacketResponder 2 for block blk_7415593357956552062 terminating
081110 010347 5014 INFO dfs.DataNode$PacketResponder: PacketResponder 1 for block blk_3634917833818463005 terminating
081110 010347 5032 INFO dfs.DataNode$PacketResponder: PacketResponder 2 for block blk_-5791536157977797154 terminating
081110 010347 5035 INFO dfs.DataNode$PacketResponder: PacketResponder 0 for block blk_2211891640060622396 terminating
081110 010347 5048 INFO dfs.DataNode$PacketResponder: PacketResponder 0 for block blk_3634917833818463005 terminating
081110 010347 5066 INFO dfs.DataNode$PacketResponder: PacketResponder 1 for block blk_-2803522116395505608 terminating
081110 010347 5074 INFO dfs.DataNode$PacketResponder: PacketResponder 1 for block blk_1444888583104686876 terminating
081110 010347 5075 INFO dfs.DataNode$PacketResponder: PacketResponder 0 for block blk_-1458885398980471998 terminating
081110 010347 5075 INFO dfs.DataNode$PacketResponder: PacketResponder 2 for block blk_-2803522116395505608 terminating
081110 010347 5076 INFO dfs.DataNode$PacketResponder: PacketResponder 2 for block blk_531428678236552795 terminating
081110 010347 5077 INFO dfs.DataNode$PacketResponder: PacketResponder 0 for block blk_891200341133062911 terminating
081110 010347 5079 INFO dfs.DataNode$PacketResponder: PacketResponder 1 for block blk_2211891640060622396 terminating
081110 010347 5084 INFO dfs.DataNode$PacketResponder: PacketResponder 1 for block blk_1617686619885202896 terminating
081110 010347 5101 INFO dfs.DataNode$PacketResponder: PacketResponder 0 for block blk_5333237009518716301 terminating
081110 010347 5107 INFO dfs.DataNode$PacketResponder: PacketResponder 0 for block blk_1617686619885202896 terminating
081110 010347 5125 INFO dfs.DataNode$PacketResponder: PacketResponder 1 for block blk_891200341133062911 terminating
081110 010347 5125 INFO dfs.DataNode$PacketResponder: PacketResponder 2 for block blk_891200341133062911 terminating
081110 010347 5131 INFO dfs.DataNode$PacketResponder: PacketResponder 0 for block blk_2738964117847489946 terminating
081110 010347 5142 INFO dfs.DataNode$PacketResponder: PacketResponder 0 for block blk_-2803522116395505608 terminating
081110 010347 5150 INFO dfs.DataNode$PacketResponder: PacketResponder 1 for block blk_7415593357956552062 terminating
081110 010348 4059 INFO dfs.DataNode$PacketResponder: PacketResponder 1 for block blk_2926824916508572470 terminating
081110 010348 4687 INFO dfs.DataNode$PacketResponder: PacketResponder 2 for block blk_-4258552001424957796 terminating
081110 010348 4737 INFO dfs.DataNode$PacketResponder: PacketResponder 0 for block blk_455247916252404873 terminating
081110 010348 4877 INFO dfs.DataNode$PacketResponder: PacketResponder 0 for block blk_-4258552001424957796 terminating
081110 010348 4940 INFO dfs.DataNode$PacketResponder: PacketResponder 1 for block blk_-6059996844996670599 terminating
081110 010348 4962 INFO dfs.DataNode$PacketResponder: PacketResponder 0 for block blk_7570202187192040922 terminating
081110 010348 4975 INFO dfs.DataNode$PacketResponder: PacketResponder 2 for block blk_2926824916508572470 terminating
081110 010348 4979 INFO dfs.DataNode$PacketResponder: PacketResponder 1 for block blk_-6995012441925256554 terminating
081110 010348 4985 INFO dfs.DataNode$PacketResponder: PacketResponder 2 for block blk_-6995012441925256554 terminating
081110 010348 4987 INFO dfs.DataNode$PacketResponder: PacketResponder 0 for block blk_-6059996844996670599 terminating
081110 010348 5033 INFO dfs.DataNode$PacketResponder: PacketResponder 0 for block blk_2926824916508572470 terminating
081110 010348 5034 INFO dfs.DataNode$PacketResponder: PacketResponder 2 for block blk_7570202187192040922 terminating
081110 010348 5036 INFO dfs.DataNode$PacketResponder: PacketResponder 0 for block blk_4560962842733707107 terminating
081110 010348 5042 INFO dfs.DataNode$PacketResponder: PacketResponder 1 for block blk_-4258552001424957796 terminating
081110 010348 5058 INFO dfs.DataNode$PacketResponder: PacketResponder 0 for block blk_-5273850613193427708 terminating
081110 010348 5060 INFO dfs.DataNode$PacketResponder: PacketResponder 2 for block blk_4560962842733707107 terminating
081110 010348 5076 INFO dfs.DataNode$PacketResponder: PacketResponder 2 for block blk_-6059996844996670599 terminating
081110 010348 5084 INFO dfs.DataNode$PacketResponder: PacketResponder 0 for block blk_1884984205439951234 terminating
081110 010348 5089 INFO dfs.DataNode$PacketResponder: PacketResponder 1 for block blk_5333237009518716301 terminating
081110 010348 5089 INFO dfs.DataNode$PacketResponder: PacketResponder 2 for block blk_-1458885398980471998 terminating
081110 010348 5092 INFO dfs.DataNode$PacketResponder: PacketResponder 2 for block blk_5333237009518716301 terminating
081110 010348 5095 INFO dfs.DataNode$PacketResponder: PacketResponder 1 for block blk_455247916252404873 terminating
081110 010348 5109 INFO dfs.DataNode$PacketResponder: PacketResponder 0 for block blk_4865315090588386507 terminating
081110 010348 5116 INFO dfs.DataNode$PacketResponder: PacketResponder 0 for block blk_-6995012441925256554 terminating
081110 010348 5149 INFO dfs.DataNode$PacketResponder: PacketResponder 1 for block blk_-5273850613193427708 terminating
081110 010348 5160 INFO dfs.DataNode$PacketResponder: PacketResponder 1 for block blk_4865315090588386507 terminating
081110 010348 5178 INFO dfs.DataNode$PacketResponder: PacketResponder 1 for block blk_1884984205439951234 terminating
081110 010348 5187 INFO dfs.DataNode$PacketResponder: PacketResponder 2 for block blk_3634917833818463005 terminating
081110 010348 5198 INFO dfs.DataNode$PacketResponder: PacketResponder 1 for block blk_4560962842733707107 terminating
081110 010348 5204 INFO dfs.DataNode$PacketResponder: PacketResponder 1 for block blk_7570202187192040922 terminating
081110 010349 3874 INFO dfs.DataNode$PacketResponder: PacketResponder 2 for block blk_455247916252404873 terminating
081110 010349 4751 INFO dfs.DataNode$PacketResponder: PacketResponder 0 for block blk_-3851414533904812591 terminating
081110 010349 4869 INFO dfs.DataNode$PacketResponder: PacketResponder 0 for block blk_-1618566125702228465 terminating
081110 010349 4875 INFO dfs.DataNode$PacketResponder: PacketResponder 2 for block blk_8395081235678570233 terminating
081110 010349 4915 INFO dfs.DataNode$PacketResponder: PacketResponder 1 for block blk_2587256791495595982 terminating
081110 010349 4953 INFO dfs.DataNode$PacketResponder: PacketResponder 1 for block blk_-3955374676141597049 terminating
081110 010349 4987 INFO dfs.DataNode$PacketResponder: PacketResponder 2 for block blk_-3851414533904812591 terminating
081110 010349 5002 INFO dfs.DataNode$PacketResponder: PacketResponder 1 for block blk_-5683911375757103597 terminating
081110 010349 5004 INFO dfs.DataNode$PacketResponder: PacketResponder 0 for block blk_-5683911375757103597 terminating
081110 010349 5005 INFO dfs.DataNode$PacketResponder: PacketResponder 0 for block blk_3684024407158351509 terminating
081110 010349 5008 INFO dfs.DataNode$PacketResponder: PacketResponder 1 for block blk_-1618566125702228465 terminating
081110 010349 5008 INFO dfs.DataNode$PacketResponder: PacketResponder 2 for block blk_3684024407158351509 terminating
081110 010349 5015 INFO dfs.DataNode$PacketResponder: PacketResponder 1 for block blk_3684024407158351509 terminating
081110 010349 5020 INFO dfs.DataNode$PacketResponder: PacketResponder 1 for block blk_8395081235678570233 terminating
081110 010349 5023 INFO dfs.DataNode$PacketResponder: PacketResponder 0 for block blk_2587256791495595982 terminating
081110 010349 5039 INFO dfs.DataNode$PacketResponder: PacketResponder 0 for block blk_-3955374676141597049 terminating
081110 010349 5045 INFO dfs.DataNode$PacketResponder: PacketResponder 1 for block blk_2119332491798884938 terminating
081110 010349 5077 INFO dfs.DataNode$PacketResponder: PacketResponder 2 for block blk_-1618566125702228465 terminating
081110 010349 5078 INFO dfs.DataNode$PacketResponder: PacketResponder 2 for block blk_1884984205439951234 terminating
081110 010349 5080 INFO dfs.DataNode$PacketResponder: PacketResponder 2 for block blk_2587256791495595982 terminating
081110 010349 5080 INFO dfs.DataNode$PacketResponder: PacketResponder 2 for block blk_-5273850613193427708 terminating
081110 010349 5082 INFO dfs.DataNode$PacketResponder: PacketResponder 2 for block blk_-5683911375757103597 terminating
081110 010349 5083 INFO dfs.DataNode$PacketResponder: PacketResponder 2 for block blk_2119332491798884938 terminating
081110 010349 5115 INFO dfs.DataNode$PacketResponder: PacketResponder 2 for block blk_-3955374676141597049 terminating
081110 010349 5118 INFO dfs.DataNode$PacketResponder: PacketResponder 2 for block blk_4865315090588386507 terminating
081110 010349 5146 INFO dfs.DataNode$PacketResponder: PacketResponder 0 for block blk_2119332491798884938 terminating
081110 010349 5161 INFO dfs.DataNode$PacketResponder: PacketResponder 1 for block blk_-3851414533904812591 terminating
081110 010349 5196 INFO dfs.DataNode$PacketResponder: PacketResponder 0 for block blk_8395081235678570233 terminating
081110 010350 4782 INFO dfs.DataNode$PacketResponder: PacketResponder 0 for block blk_-653425877932694663 terminating
081110 010350 4859 INFO dfs.DataNode$PacketResponder: PacketResponder 0 for block blk_1139474228089791067 terminating
081110 010350 4898 INFO dfs.DataNode$PacketResponder: PacketResponder 2 for block blk_-3577884281939591347 terminating
081110 010350 4930 INFO dfs.DataNode$PacketResponder: PacketResponder 0 for block blk_3542843609465084545 terminating
081110 010350 4973 INFO dfs.DataNode$PacketResponder: PacketResponder 0 for block blk_-2869495735393349100 terminating
081110 010350 4980 INFO dfs.DataNode$PacketResponder: PacketResponder 1 for block blk_-6005708540919981104 terminating
081110 010350 4997 INFO dfs.DataNode$PacketResponder: PacketResponder 1 for block blk_1139474228089791067 terminating
081110 010350 4997 INFO dfs.DataNode$PacketResponder: PacketResponder 2 for block blk_1821474371334066803 terminating
081110 010350 5021 INFO dfs.DataNode$PacketResponder: PacketResponder 0 for block blk_-3577884281939591347 terminating
081110 010350 5022 INFO dfs.DataNode$PacketResponder: PacketResponder 2 for block blk_-2869495735393349100 terminating
081110 010350 5027 INFO dfs.DataNode$PacketResponder: PacketResponder 1 for block blk_5351587293177124479 terminating
081110 010350 5055 INFO dfs.DataNode$PacketResponder: PacketResponder 0 for block blk_5351587293177124479 terminating
081110 010350 5065 INFO dfs.DataNode$PacketResponder: PacketResponder 2 for block blk_3813588088200468559 terminating
081110 010350 5067 INFO dfs.DataNode$PacketResponder: PacketResponder 2 for block blk_-3496471445865486073 terminating
081110 010350 5073 INFO dfs.DataNode$PacketResponder: PacketResponder 0 for block blk_3813588088200468559 terminating
081110 010350 5073 INFO dfs.DataNode$PacketResponder: PacketResponder 1 for block blk_3813588088200468559 terminating
081110 010350 5073 INFO dfs.DataNode$PacketResponder: PacketResponder 1 for block blk_-653425877932694663 terminating
081110 010350 5073 INFO dfs.DataNode$PacketResponder: PacketResponder 2 for block blk_1139474228089791067 terminating
081110 010350 5080 INFO dfs.DataNode$PacketResponder: PacketResponder 2 for block blk_5351587293177124479 terminating
081110 010350 5084 INFO dfs.DataNode$PacketResponder: PacketResponder 1 for block blk_-3496471445865486073 terminating
081110 010350 5089 INFO dfs.DataNode$PacketResponder: PacketResponder 1 for block blk_3542843609465084545 terminating
081110 010350 5091 INFO dfs.DataNode$PacketResponder: PacketResponder 1 for block blk_-3577884281939591347 terminating
081110 010350 5096 INFO dfs.DataNode$PacketResponder: PacketResponder 2 for block blk_-653425877932694663 terminating
081110 010350 5097 INFO dfs.DataNode$PacketResponder: PacketResponder 1 for block blk_1821474371334066803 terminating
081110 010350 5113 INFO dfs.DataNode$PacketResponder: PacketResponder 1 for block blk_1391627289768690673 terminating
081110 010350 5114 INFO dfs.DataNode$PacketResponder: PacketResponder 0 for block blk_-6005708540919981104 terminating
081110 010350 5142 INFO dfs.DataNode$PacketResponder: PacketResponder 0 for block blk_1821474371334066803 terminating
081110 010350 5142 INFO dfs.DataNode$PacketResponder: PacketResponder 0 for block blk_-3496471445865486073 terminating
081110 010350 5144 INFO dfs.DataNode$PacketResponder: PacketResponder 1 for block blk_4352289372706011534 terminating
081110 010350 5144 INFO dfs.DataNode$PacketResponder: PacketResponder 2 for block blk_3542843609465084545 terminating
081110 010350 5166 INFO dfs.DataNode$PacketResponder: PacketResponder 2 for block blk_-6005708540919981104 terminating
081110 010350 5185 INFO dfs.DataNode$PacketResponder: PacketResponder 0 for block blk_1391627289768690673 terminating
081110 010350 5213 INFO dfs.DataNode$PacketResponder: PacketResponder 1 for block blk_-2869495735393349100 terminating
081110 010351 4681 INFO dfs.DataNode$PacketResponder: PacketResponder 2 for block blk_-2197425166723867536 terminating
081110 010351 4936 INFO dfs.DataNode$PacketResponder: PacketResponder 2 for block blk_4352289372706011534 terminating
081110 010351 4939 INFO dfs.DataNode$PacketResponder: PacketResponder 1 for block blk_214524319634798064 terminating
081110 010351 4949 INFO dfs.DataNode$PacketResponder: PacketResponder 2 for block blk_-8306661984044262943 terminating
081110 010351 4955 INFO dfs.DataNode$PacketResponder: PacketResponder 0 for block blk_3383257504798603449 terminating
081110 010351 4972 INFO dfs.DataNode$PacketResponder: PacketResponder 2 for block blk_214524319634798064 terminating
081110 010351 4999 INFO dfs.DataNode$PacketResponder: PacketResponder 1 for block blk_4086396334563948426 terminating
081110 010351 5018 INFO dfs.DataNode$PacketResponder: PacketResponder 0 for block blk_-8306661984044262943 terminating
081110 010351 5022 INFO dfs.DataNode$PacketResponder: PacketResponder 0 for block blk_4352289372706011534 terminating
081110 010351 5025 INFO dfs.DataNode$PacketResponder: PacketResponder 2 for block blk_4086396334563948426 terminating
081110 010351 5072 INFO dfs.DataNode$PacketResponder: PacketResponder 0 for block blk_4086396334563948426 terminating
081110 010351 5081 INFO dfs.DataNode$PacketResponder: PacketResponder 2 for block blk_3383257504798603449 terminating
081110 010351 5082 INFO dfs.DataNode$PacketResponder: PacketResponder 0 for block blk_214524319634798064 terminating
081110 010351 5104 INFO dfs.DataNode$PacketResponder: PacketResponder 1 for block blk_-8306661984044262943 terminating
081110 010351 5120 INFO dfs.DataNode$PacketResponder: PacketResponder 2 for block blk_1391627289768690673 terminating
081110 010351 5135 INFO dfs.DataNode$PacketResponder: PacketResponder 1 for block blk_-2197425166723867536 terminating
081110 010351 5147 INFO dfs.DataNode$PacketResponder: PacketResponder 0 for block blk_-2197425166723867536 terminating
081110 010351 5169 INFO dfs.DataNode$PacketResponder: PacketResponder 1 for block blk_3383257504798603449 terminating
081110 010352 4900 INFO dfs.DataNode$PacketResponder: PacketResponder 0 for block blk_-6477119214953353202 terminating
081110 010352 4922 INFO dfs.DataNode$PacketResponder: PacketResponder 2 for block blk_4138645898607509834 terminating
081110 010352 4944 INFO dfs.DataNode$PacketResponder: PacketResponder 0 for block blk_7906408648177526037 terminating
081110 010352 4953 INFO dfs.DataNode$PacketResponder: PacketResponder 1 for block blk_5864754678004468383 terminating
081110 010352 4970 INFO dfs.DataNode$PacketResponder: PacketResponder 1 for block blk_-4413783516465861509 terminating
081110 010352 4982 INFO dfs.DataNode$PacketResponder: PacketResponder 2 for block blk_1686195200514944346 terminating
081110 010352 4984 INFO dfs.DataNode$PacketResponder: PacketResponder 1 for block blk_7906408648177526037 terminating
081110 010352 4990 INFO dfs.DataNode$PacketResponder: PacketResponder 2 for block blk_-4413783516465861509 terminating
081110 010352 5000 INFO dfs.DataNode$PacketResponder: PacketResponder 0 for block blk_4138645898607509834 terminating
081110 010352 5024 INFO dfs.DataNode$PacketResponder: PacketResponder 0 for block blk_-4413783516465861509 terminating
081110 010352 5028 INFO dfs.DataNode$PacketResponder: PacketResponder 1 for block blk_1686195200514944346 terminating
081110 010352 5051 INFO dfs.DataNode$PacketResponder: PacketResponder 0 for block blk_-8799479477301348281 terminating
081110 010352 5053 INFO dfs.DataNode$PacketResponder: PacketResponder 2 for block blk_7906408648177526037 terminating
081110 010352 5056 INFO dfs.DataNode$PacketResponder: PacketResponder 2 for block blk_5864754678004468383 terminating
081110 010352 5063 INFO dfs.DataNode$PacketResponder: PacketResponder 2 for block blk_-157831004463618447 terminating
081110 010352 5065 INFO dfs.DataNode$PacketResponder: PacketResponder 0 for block blk_1686195200514944346 terminating
081110 010352 5075 INFO dfs.DataNode$PacketResponder: PacketResponder 2 for block blk_-8604875071704781745 terminating
081110 010352 5089 INFO dfs.DataNode$PacketResponder: PacketResponder 1 for block blk_-8799479477301348281 terminating
081110 010352 5095 INFO dfs.DataNode$PacketResponder: PacketResponder 1 for block blk_4138645898607509834 terminating
081110 010352 5097 INFO dfs.DataNode$PacketResponder: PacketResponder 1 for block blk_-8604875071704781745 terminating
081110 010352 5098 INFO dfs.DataNode$PacketResponder: PacketResponder 1 for block blk_-157831004463618447 terminating
081110 010352 5101 INFO dfs.DataNode$PacketResponder: PacketResponder 0 for block blk_5864754678004468383 terminating
081110 010352 5106 INFO dfs.DataNode$PacketResponder: PacketResponder 2 for block blk_-8799479477301348281 terminating
081110 010352 5113 INFO dfs.DataNode$PacketResponder: PacketResponder 0 for block blk_4879981042879809440 terminating
081110 010352 5118 INFO dfs.DataNode$PacketResponder: PacketResponder 1 for block blk_4879981042879809440 terminating
081110 010352 5121 INFO dfs.DataNode$PacketResponder: PacketResponder 0 for block blk_-8604875071704781745 terminating
081110 010352 5125 INFO dfs.DataNode$PacketResponder: PacketResponder 0 for block blk_-157831004463618447 terminating
081110 010352 5151 INFO dfs.DataNode$PacketResponder: PacketResponder 1 for block blk_-6477119214953353202 terminating
081110 010353 4818 INFO dfs.DataNode$PacketResponder: PacketResponder 1 for block blk_-4737205338790740733 terminating
081110 010353 4900 INFO dfs.DataNode$PacketResponder: PacketResponder 2 for block blk_-6477119214953353202 terminating
081110 010353 4948 INFO dfs.DataNode$PacketResponder: PacketResponder 2 for block blk_-7894564140721260898 terminating
081110 010353 4949 INFO dfs.DataNode$PacketResponder: PacketResponder 2 for block blk_2845826269586852126 terminating
081110 010353 4974 INFO dfs.DataNode$PacketResponder: PacketResponder 0 for block blk_1839982560312338419 terminating
081110 010353 4981 INFO dfs.DataNode$PacketResponder: PacketResponder 0 for block blk_2845826269586852126 terminating
081110 010353 4991 INFO dfs.DataNode$PacketResponder: PacketResponder 2 for block blk_6850540326424598719 terminating
081110 010353 4995 INFO dfs.DataNode$PacketResponder: PacketResponder 1 for block blk_6850540326424598719 terminating
081110 010353 4996 INFO dfs.DataNode$PacketResponder: PacketResponder 1 for block blk_-7894564140721260898 terminating
081110 010353 5001 INFO dfs.DataNode$PacketResponder: PacketResponder 0 for block blk_-4001771496170441047 terminating
081110 010353 5003 INFO dfs.DataNode$PacketResponder: PacketResponder 2 for block blk_4879981042879809440 terminating
081110 010353 5026 INFO dfs.DataNode$PacketResponder: PacketResponder 2 for block blk_-4001771496170441047 terminating
081110 010353 5026 INFO dfs.DataNode$PacketResponder: PacketResponder 2 for block blk_-726080034818865151 terminating
081110 010353 5037 INFO dfs.DataNode$PacketResponder: PacketResponder 0 for block blk_-4737205338790740733 terminating
081110 010353 5062 INFO dfs.DataNode$PacketResponder: PacketResponder 0 for block blk_-7894564140721260898 terminating
081110 010353 5062 INFO dfs.DataNode$PacketResponder: PacketResponder 1 for block blk_2845826269586852126 terminating
081110 010353 5066 INFO dfs.DataNode$PacketResponder: PacketResponder 2 for block blk_-4737205338790740733 terminating
081110 010353 5067 INFO dfs.DataNode$PacketResponder: PacketResponder 0 for block blk_-726080034818865151 terminating
081110 010353 5071 INFO dfs.DataNode$PacketResponder: PacketResponder 0 for block blk_-3241037554789478650 terminating
081110 010353 5121 INFO dfs.DataNode$PacketResponder: PacketResponder 0 for block blk_6850540326424598719 terminating
081110 010353 5121 INFO dfs.DataNode$PacketResponder: PacketResponder 1 for block blk_-4001771496170441047 terminating
081110 010353 5151 INFO dfs.DataNode$PacketResponder: PacketResponder 1 for block blk_-3241037554789478650 terminating
081110 010353 5223 INFO dfs.DataNode$PacketResponder: PacketResponder 1 for block blk_-726080034818865151 terminating
081110 010354 4902 INFO dfs.DataNode$PacketResponder: PacketResponder 0 for block blk_-7152190882826520998 terminating
081110 010354 4942 INFO dfs.DataNode$PacketResponder: PacketResponder 2 for block blk_-7152190882826520998 terminating
081110 010354 5015 INFO dfs.DataNode$PacketResponder: PacketResponder 1 for block blk_-3634909224051137768 terminating
081110 010354 5027 INFO dfs.DataNode$DataXceiver: writeBlock blk_2921131800553640617 received exception java.io.IOException: Could not read from stream
081110 010354 5027 INFO dfs.DataNode$PacketResponder: PacketResponder 2 for block blk_-3634909224051137768 terminating
081110 010354 5040 INFO dfs.DataNode$PacketResponder: PacketResponder 1 for block blk_1839982560312338419 terminating
081110 010354 5050 INFO dfs.DataNode$PacketResponder: PacketResponder 0 for block blk_6744368229962646673 terminating
081110 010354 5050 INFO dfs.DataNode$PacketResponder: PacketResponder 1 for block blk_-870575508187769404 terminating
081110 010354 5076 INFO dfs.DataNode$PacketResponder: PacketResponder 0 for block blk_-3634909224051137768 terminating
081110 010354 5082 INFO dfs.DataNode$PacketResponder: PacketResponder 2 for block blk_-870575508187769404 terminating
081110 010354 5083 INFO dfs.DataNode$PacketResponder: PacketResponder 0 for block blk_-870575508187769404 terminating
081110 010354 5100 INFO dfs.DataNode$PacketResponder: PacketResponder 2 for block blk_1839982560312338419 terminating
081110 010354 5126 INFO dfs.DataNode$PacketResponder: PacketResponder 2 for block blk_-3241037554789478650 terminating
081110 010354 5184 INFO dfs.DataNode$PacketResponder: PacketResponder 1 for block blk_-7152190882826520998 terminating
081110 010355 4913 INFO dfs.DataNode$PacketResponder: PacketResponder 1 for block blk_-1816290718624959561 terminating
081110 010355 4921 INFO dfs.DataNode$PacketResponder: PacketResponder 0 for block blk_-8148485003720355375 terminating
081110 010355 4928 INFO dfs.DataNode$PacketResponder: PacketResponder 2 for block blk_-1371225879221653862 terminating
081110 010355 4969 INFO dfs.DataNode$PacketResponder: PacketResponder 0 for block blk_-3667524514605848485 terminating
081110 010355 5014 INFO dfs.DataNode$PacketResponder: PacketResponder 0 for block blk_3688436626996989715 terminating
081110 010355 5025 INFO dfs.DataNode$PacketResponder: PacketResponder 2 for block blk_6744368229962646673 terminating
081110 010355 5033 INFO dfs.DataNode$PacketResponder: PacketResponder 1 for block blk_-8148485003720355375 terminating
081110 010355 5036 INFO dfs.DataNode$PacketResponder: PacketResponder 0 for block blk_-3905154627138081162 terminating
081110 010355 5036 INFO dfs.DataNode$PacketResponder: PacketResponder 2 for block blk_3951295522906286442 terminating
081110 010355 5049 INFO dfs.DataNode$PacketResponder: PacketResponder 2 for block blk_-8979536378185872171 terminating
081110 010355 5050 INFO dfs.DataNode$PacketResponder: PacketResponder 2 for block blk_-3905154627138081162 terminating
081110 010355 5065 INFO dfs.DataNode$PacketResponder: PacketResponder 1 for block blk_3951295522906286442 terminating
081110 010355 5066 INFO dfs.DataNode$PacketResponder: PacketResponder 1 for block blk_-3667524514605848485 terminating
081110 010355 5066 INFO dfs.DataNode$PacketResponder: PacketResponder 1 for block blk_-4295535369978184230 terminating
081110 010355 5067 INFO dfs.DataNode$PacketResponder: PacketResponder 0 for block blk_-4295535369978184230 terminating
081110 010355 5073 INFO dfs.DataNode$PacketResponder: PacketResponder 1 for block blk_7157440316803751258 terminating
081110 010355 5079 INFO dfs.DataNode$PacketResponder: PacketResponder 0 for block blk_-1371225879221653862 terminating
081110 010355 5079 INFO dfs.DataNode$PacketResponder: PacketResponder 0 for block blk_7157440316803751258 terminating
081110 010355 5082 INFO dfs.DataNode$PacketResponder: PacketResponder 0 for block blk_-8979536378185872171 terminating
081110 010355 5089 INFO dfs.DataNode$PacketResponder: PacketResponder 2 for block blk_-1816290718624959561 terminating
081110 010355 5092 INFO dfs.DataNode$PacketResponder: PacketResponder 2 for block blk_-8148485003720355375 terminating
081110 010355 5095 INFO dfs.DataNode$PacketResponder: PacketResponder 1 for block blk_-3905154627138081162 terminating
081110 010355 5112 INFO dfs.DataNode$PacketResponder: PacketResponder 1 for block blk_3688436626996989715 terminating
081110 010355 5119 INFO dfs.DataNode$PacketResponder: PacketResponder 2 for block blk_-3667524514605848485 terminating
081110 010355 5142 INFO dfs.DataNode$PacketResponder: PacketResponder 0 for block blk_-1816290718624959561 terminating
081110 010355 5144 INFO dfs.DataNode$PacketResponder: PacketResponder 0 for block blk_3951295522906286442 terminating
081110 010355 5161 INFO dfs.DataNode$PacketResponder: PacketResponder 2 for block blk_-4295535369978184230 terminating
081110 010355 5162 INFO dfs.DataNode$PacketResponder: PacketResponder 1 for block blk_-8979536378185872171 terminating
081110 010355 5186 INFO dfs.DataNode$PacketResponder: PacketResponder 1 for block blk_6744368229962646673 terminating
081110 010355 5189 INFO dfs.DataNode$PacketResponder: PacketResponder 1 for block blk_-1371225879221653862 terminating
081110 010356 4741 INFO dfs.DataNode$PacketResponder: PacketResponder 0 for block blk_5948256601412965783 terminating
081110 010356 4745 INFO dfs.DataNode$PacketResponder: PacketResponder 1 for block blk_-5809641273645253141 terminating
081110 010356 4870 INFO dfs.DataNode$PacketResponder: PacketResponder 0 for block blk_7305196851962599949 terminating
081110 010356 4893 INFO dfs.DataNode$PacketResponder: PacketResponder 0 for block blk_-5351768906774427681 terminating
081110 010356 4920 INFO dfs.DataNode$PacketResponder: PacketResponder 2 for block blk_3688436626996989715 terminating
081110 010356 4932 INFO dfs.DataNode$PacketResponder: PacketResponder 1 for block blk_5948256601412965783 terminating
081110 010356 4985 INFO dfs.DataNode$PacketResponder: PacketResponder 0 for block blk_-5809641273645253141 terminating
081110 010356 4987 INFO dfs.DataNode$PacketResponder: PacketResponder 0 for block blk_-8478222814257374829 terminating
081110 010356 4989 INFO dfs.DataNode$PacketResponder: PacketResponder 0 for block blk_5266524335328975377 terminating
081110 010356 4997 INFO dfs.DataNode$PacketResponder: PacketResponder 1 for block blk_-5351768906774427681 terminating
081110 010356 5005 INFO dfs.DataNode$PacketResponder: PacketResponder 2 for block blk_-5809641273645253141 terminating
081110 010356 5019 INFO dfs.DataNode$PacketResponder: PacketResponder 1 for block blk_3079702233861972247 terminating
081110 010356 5039 INFO dfs.DataNode$PacketResponder: PacketResponder 2 for block blk_5948256601412965783 terminating
081110 010356 5042 INFO dfs.DataNode$PacketResponder: PacketResponder 0 for block blk_-237335932047334310 terminating
081110 010356 5046 INFO dfs.DataNode$PacketResponder: PacketResponder 0 for block blk_8994427501704253145 terminating
081110 010356 5061 INFO dfs.DataNode$PacketResponder: PacketResponder 0 for block blk_4391885142956823297 terminating
081110 010356 5077 INFO dfs.DataNode$DataXceiver: writeBlock blk_-7001469464040424176 received exception java.io.IOException: Could not read from stream
081110 010356 5087 INFO dfs.DataNode$PacketResponder: PacketResponder 1 for block blk_-8478222814257374829 terminating
081110 010356 5097 INFO dfs.DataNode$PacketResponder: PacketResponder 2 for block blk_-8478222814257374829 terminating
081110 010356 5105 INFO dfs.DataNode$PacketResponder: PacketResponder 0 for block blk_3079702233861972247 terminating
081110 010356 5105 INFO dfs.DataNode$PacketResponder: PacketResponder 2 for block blk_8994427501704253145 terminating
081110 010356 5107 INFO dfs.DataNode$PacketResponder: PacketResponder 2 for block blk_-5351768906774427681 terminating
081110 010356 5111 INFO dfs.DataNode$PacketResponder: PacketResponder 1 for block blk_7305196851962599949 terminating
081110 010356 5137 INFO dfs.DataNode$PacketResponder: PacketResponder 1 for block blk_8994427501704253145 terminating
081110 010356 5184 INFO dfs.DataNode$PacketResponder: PacketResponder 2 for block blk_7157440316803751258 terminating
081110 010356 5219 INFO dfs.DataNode$PacketResponder: PacketResponder 2 for block blk_3079702233861972247 terminating
081110 010357 4866 INFO dfs.DataNode$PacketResponder: PacketResponder 1 for block blk_5266524335328975377 terminating
081110 010357 4897 INFO dfs.DataNode$PacketResponder: PacketResponder 0 for block blk_6894451320420604998 terminating
081110 010357 4911 INFO dfs.DataNode$PacketResponder: PacketResponder 0 for block blk_871304796971001219 terminating
081110 010357 4913 INFO dfs.DataNode$PacketResponder: PacketResponder 2 for block blk_7305196851962599949 terminating
081110 010357 4926 INFO dfs.DataNode$PacketResponder: PacketResponder 2 for block blk_-237335932047334310 terminating
081110 010357 4926 INFO dfs.DataNode$PacketResponder: PacketResponder 2 for block blk_871304796971001219 terminating
081110 010357 4955 INFO dfs.DataNode$PacketResponder: PacketResponder 2 for block blk_6894821835407163233 terminating
081110 010357 5003 INFO dfs.DataNode$PacketResponder: PacketResponder 1 for block blk_-3169115302160633294 terminating
081110 010357 5003 INFO dfs.DataNode$PacketResponder: PacketResponder 2 for block blk_4391885142956823297 terminating
081110 010357 5006 INFO dfs.DataNode$PacketResponder: PacketResponder 1 for block blk_6894451320420604998 terminating
081110 010357 5015 INFO dfs.DataNode$PacketResponder: PacketResponder 1 for block blk_871304796971001219 terminating
081110 010357 5038 INFO dfs.DataNode$PacketResponder: PacketResponder 1 for block blk_6894821835407163233 terminating
081110 010357 5077 INFO dfs.DataNode$PacketResponder: PacketResponder 2 for block blk_5266524335328975377 terminating
081110 010357 5117 INFO dfs.DataNode$PacketResponder: PacketResponder 2 for block blk_-3169115302160633294 terminating
081110 010357 5120 INFO dfs.DataNode$PacketResponder: PacketResponder 0 for block blk_6894821835407163233 terminating
081110 010357 5122 INFO dfs.DataNode$PacketResponder: PacketResponder 2 for block blk_2999219538810303484 terminating
081110 010357 5138 INFO dfs.DataNode$PacketResponder: PacketResponder 1 for block blk_2999219538810303484 terminating
081110 010357 5155 INFO dfs.DataNode$PacketResponder: PacketResponder 0 for block blk_2999219538810303484 terminating
081110 010357 5181 INFO dfs.DataNode$PacketResponder: PacketResponder 2 for block blk_6894451320420604998 terminating
081110 010357 5189 INFO dfs.DataNode$PacketResponder: PacketResponder 0 for block blk_-3169115302160633294 terminating
081110 010357 5205 INFO dfs.DataNode$PacketResponder: PacketResponder 1 for block blk_4391885142956823297 terminating
081110 010357 5207 INFO dfs.DataNode$PacketResponder: PacketResponder 1 for block blk_-237335932047334310 terminating
081110 010358 3876 INFO dfs.DataNode$PacketResponder: PacketResponder 2 for block blk_2587022771179908008 terminating
081110 010358 4784 INFO dfs.DataNode$PacketResponder: PacketResponder 0 for block blk_2587022771179908008 terminating
081110 010358 4868 INFO dfs.DataNode$PacketResponder: PacketResponder 2 for block blk_8663796575577316881 terminating
081110 010358 4873 INFO dfs.DataNode$PacketResponder: PacketResponder 1 for block blk_1865843329123558125 terminating
081110 010358 4948 INFO dfs.DataNode$PacketResponder: PacketResponder 1 for block blk_2587022771179908008 terminating
081110 010358 4949 INFO dfs.DataNode$PacketResponder: PacketResponder 2 for block blk_-8872817765550370792 terminating
081110 010358 4971 INFO dfs.DataNode$PacketResponder: PacketResponder 0 for block blk_-501891995863534815 terminating
081110 010358 4988 INFO dfs.DataNode$PacketResponder: PacketResponder 2 for block blk_-7687732572294196437 terminating
081110 010358 5025 INFO dfs.DataNode$PacketResponder: PacketResponder 1 for block blk_-8872817765550370792 terminating
081110 010358 5028 INFO dfs.DataNode$PacketResponder: PacketResponder 0 for block blk_-3285417573927194157 terminating
081110 010358 5041 INFO dfs.DataNode$PacketResponder: PacketResponder 2 for block blk_-3285417573927194157 terminating
081110 010358 5044 INFO dfs.DataNode$PacketResponder: PacketResponder 1 for block blk_-7687732572294196437 terminating
081110 010358 5070 INFO dfs.DataNode$PacketResponder: PacketResponder 1 for block blk_-501891995863534815 terminating
081110 010358 5074 INFO dfs.DataNode$PacketResponder: PacketResponder 0 for block blk_-334956818702282668 terminating
081110 010358 5077 INFO dfs.DataNode$PacketResponder: PacketResponder 0 for block blk_-3339781249002794633 terminating
081110 010358 5077 INFO dfs.DataNode$PacketResponder: PacketResponder 1 for block blk_8663796575577316881 terminating
081110 010358 5087 INFO dfs.DataNode$PacketResponder: PacketResponder 1 for block blk_-3339781249002794633 terminating
081110 010358 5091 INFO dfs.DataNode$PacketResponder: PacketResponder 2 for block blk_-501891995863534815 terminating
081110 010358 5123 INFO dfs.DataNode$PacketResponder: PacketResponder 2 for block blk_-3339781249002794633 terminating
081110 010358 5145 INFO dfs.DataNode$PacketResponder: PacketResponder 0 for block blk_-7687732572294196437 terminating
081110 010358 5149 INFO dfs.DataNode$PacketResponder: PacketResponder 1 for block blk_-3285417573927194157 terminating
081110 010358 5171 INFO dfs.DataNode$PacketResponder: PacketResponder 0 for block blk_1865843329123558125 terminating
081110 010358 5177 INFO dfs.DataNode$PacketResponder: PacketResponder 0 for block blk_-8872817765550370792 terminating
081110 010358 5184 INFO dfs.DataNode$PacketResponder: PacketResponder 0 for block blk_8663796575577316881 terminating
081110 010359 4816 INFO dfs.DataNode$PacketResponder: PacketResponder 2 for block blk_-5824466740000432665 terminating
081110 010359 4867 INFO dfs.DataNode$PacketResponder: PacketResponder 0 for block blk_7660764374890038238 terminating
081110 010359 4871 INFO dfs.DataNode$PacketResponder: PacketResponder 1 for block blk_-5824466740000432665 terminating
081110 010359 4919 INFO dfs.DataNode$PacketResponder: PacketResponder 0 for block blk_-1881530518095407208 terminating
081110 010359 4922 INFO dfs.DataNode$PacketResponder: PacketResponder 1 for block blk_-4250562764123354613 terminating
081110 010359 4922 INFO dfs.DataNode$PacketResponder: PacketResponder 2 for block blk_1865843329123558125 terminating
081110 010359 4924 INFO dfs.DataNode$PacketResponder: PacketResponder 2 for block blk_-6681342229500049786 terminating
081110 010359 4959 INFO dfs.DataNode$PacketResponder: PacketResponder 0 for block blk_-3411526705656321544 terminating
081110 010359 4973 INFO dfs.DataNode$PacketResponder: PacketResponder 1 for block blk_-367078238676218237 terminating
081110 010359 5007 INFO dfs.DataNode$PacketResponder: PacketResponder 2 for block blk_-1940635610203984898 terminating
081110 010359 5025 INFO dfs.DataNode$PacketResponder: PacketResponder 0 for block blk_8899879035718146978 terminating
081110 010359 5026 INFO dfs.DataNode$PacketResponder: PacketResponder 2 for block blk_-6586581157284287368 terminating
081110 010359 5028 INFO dfs.DataNode$PacketResponder: PacketResponder 1 for block blk_-3411526705656321544 terminating
081110 010359 5031 INFO dfs.DataNode$PacketResponder: PacketResponder 1 for block blk_-1166572419202217996 terminating
081110 010359 5035 INFO dfs.DataNode$PacketResponder: PacketResponder 1 for block blk_-9180826793082569240 terminating
081110 010359 5038 INFO dfs.DataNode$PacketResponder: PacketResponder 1 for block blk_-6681342229500049786 terminating
081110 010359 5042 INFO dfs.DataNode$PacketResponder: PacketResponder 2 for block blk_7660764374890038238 terminating
081110 010359 5053 INFO dfs.DataNode$PacketResponder: PacketResponder 2 for block blk_-5413990502420547812 terminating
081110 010359 5054 INFO dfs.DataNode$PacketResponder: PacketResponder 1 for block blk_-334956818702282668 terminating
081110 010359 5060 INFO dfs.DataNode$PacketResponder: PacketResponder 2 for block blk_8899879035718146978 terminating
081110 010359 5071 INFO dfs.DataNode$PacketResponder: PacketResponder 1 for block blk_-1881530518095407208 terminating
081110 010359 5071 INFO dfs.DataNode$PacketResponder: PacketResponder 1 for block blk_7660764374890038238 terminating
081110 010359 5076 INFO dfs.DataNode$PacketResponder: PacketResponder 2 for block blk_-334956818702282668 terminating
081110 010359 5078 INFO dfs.DataNode$PacketResponder: PacketResponder 0 for block blk_-5824466740000432665 terminating
081110 010359 5080 INFO dfs.DataNode$PacketResponder: PacketResponder 2 for block blk_-1166572419202217996 terminating
081110 010359 5081 INFO dfs.DataNode$PacketResponder: PacketResponder 0 for block blk_-4250562764123354613 terminating
081110 010359 5082 INFO dfs.DataNode$PacketResponder: PacketResponder 0 for block blk_-1166572419202217996 terminating
081110 010359 5082 INFO dfs.DataNode$PacketResponder: PacketResponder 1 for block blk_-5413990502420547812 terminating
081110 010359 5083 INFO dfs.DataNode$PacketResponder: PacketResponder 1 for block blk_8899879035718146978 terminating
081110 010359 5084 INFO dfs.DataNode$PacketResponder: PacketResponder 1 for block blk_-6586581157284287368 terminating
081110 010359 5090 INFO dfs.DataNode$PacketResponder: PacketResponder 0 for block blk_-367078238676218237 terminating
081110 010359 5093 INFO dfs.DataNode$PacketResponder: PacketResponder 2 for block blk_-1881530518095407208 terminating
081110 010359 5094 INFO dfs.DataNode$PacketResponder: PacketResponder 0 for block blk_-1940635610203984898 terminating
081110 010359 5115 INFO dfs.DataNode$PacketResponder: PacketResponder 2 for block blk_-367078238676218237 terminating
081110 010359 5127 INFO dfs.DataNode$PacketResponder: PacketResponder 0 for block blk_-6681342229500049786 terminating
081110 010359 5153 INFO dfs.DataNode$PacketResponder: PacketResponder 0 for block blk_-5413990502420547812 terminating
081110 010359 5164 INFO dfs.DataNode$PacketResponder: PacketResponder 1 for block blk_-1940635610203984898 terminating
081110 010359 5175 INFO dfs.DataNode$PacketResponder: PacketResponder 2 for block blk_-9180826793082569240 terminating
081110 010359 5190 INFO dfs.DataNode$PacketResponder: PacketResponder 0 for block blk_-9180826793082569240 terminating
081110 010359 5192 INFO dfs.DataNode$PacketResponder: PacketResponder 2 for block blk_-3411526705656321544 terminating
081110 010400 3878 INFO dfs.DataNode$PacketResponder: PacketResponder 1 for block blk_-8609495878476893770 terminating
081110 010400 4847 INFO dfs.DataNode$PacketResponder: PacketResponder 2 for block blk_8369318422940397427 terminating
081110 010400 4910 INFO dfs.DataNode$PacketResponder: PacketResponder 2 for block blk_1300507046851390886 terminating
081110 010400 4926 INFO dfs.DataNode$PacketResponder: PacketResponder 1 for block blk_4460380601168893513 terminating
081110 010400 4936 INFO dfs.DataNode$PacketResponder: PacketResponder 2 for block blk_-5514680331885101028 terminating
081110 010400 4968 INFO dfs.DataNode$PacketResponder: PacketResponder 0 for block blk_-5514680331885101028 terminating
081110 010400 4995 INFO dfs.DataNode$PacketResponder: PacketResponder 0 for block blk_1300507046851390886 terminating
081110 010400 5000 INFO dfs.DataNode$PacketResponder: PacketResponder 2 for block blk_-4250562764123354613 terminating
081110 010400 5034 INFO dfs.DataNode$PacketResponder: PacketResponder 0 for block blk_-8609495878476893770 terminating
081110 010400 5044 INFO dfs.DataNode$PacketResponder: PacketResponder 1 for block blk_8369318422940397427 terminating
081110 010400 5045 INFO dfs.DataNode$PacketResponder: PacketResponder 0 for block blk_4460380601168893513 terminating
081110 010400 5080 INFO dfs.DataNode$PacketResponder: PacketResponder 0 for block blk_5209626651618995889 terminating
081110 010400 5082 INFO dfs.DataNode$PacketResponder: PacketResponder 1 for block blk_1300507046851390886 terminating
081110 010400 5105 INFO dfs.DataNode$PacketResponder: PacketResponder 0 for block blk_-2849694198340041208 terminating
081110 010400 5107 INFO dfs.DataNode$PacketResponder: PacketResponder 0 for block blk_-6586581157284287368 terminating
081110 010400 5115 INFO dfs.DataNode$PacketResponder: PacketResponder 2 for block blk_4460380601168893513 terminating
081110 010400 5119 INFO dfs.DataNode$PacketResponder: PacketResponder 1 for block blk_5209626651618995889 terminating
081110 010400 5151 INFO dfs.DataNode$PacketResponder: PacketResponder 0 for block blk_8369318422940397427 terminating
081110 010400 5153 INFO dfs.DataNode$PacketResponder: PacketResponder 1 for block blk_-5514680331885101028 terminating
081110 010400 5165 INFO dfs.DataNode$PacketResponder: PacketResponder 2 for block blk_-8609495878476893770 terminating
081110 010401 4065 INFO dfs.DataNode$PacketResponder: PacketResponder 1 for block blk_-5231921832353619206 terminating
081110 010401 4739 INFO dfs.DataNode$PacketResponder: PacketResponder 2 for block blk_5209626651618995889 terminating
081110 010401 4749 INFO dfs.DataNode$PacketResponder: PacketResponder 1 for block blk_-2826907117266902386 terminating
081110 010401 4885 INFO dfs.DataNode$PacketResponder: PacketResponder 0 for block blk_-5231921832353619206 terminating
081110 010401 4891 INFO dfs.DataNode$PacketResponder: PacketResponder 0 for block blk_2710613844835036801 terminating
081110 010401 4943 INFO dfs.DataNode$PacketResponder: PacketResponder 0 for block blk_-6851851223450346314 terminating
081110 010401 4946 INFO dfs.DataNode$PacketResponder: PacketResponder 0 for block blk_5532565283590331387 terminating
081110 010401 4948 INFO dfs.DataNode$PacketResponder: PacketResponder 1 for block blk_-496968223189910226 terminating
081110 010401 4965 INFO dfs.DataNode$PacketResponder: PacketResponder 2 for block blk_2710613844835036801 terminating
081110 010401 4968 INFO dfs.DataNode$PacketResponder: PacketResponder 1 for block blk_-6851851223450346314 terminating
081110 010401 4971 INFO dfs.DataNode$PacketResponder: PacketResponder 0 for block blk_259395669625948813 terminating
081110 010401 4975 INFO dfs.DataNode$PacketResponder: PacketResponder 1 for block blk_2710613844835036801 terminating
081110 010401 4996 INFO dfs.DataNode$PacketResponder: PacketResponder 0 for block blk_4613918136798586972 terminating
081110 010401 5005 INFO dfs.DataNode$PacketResponder: PacketResponder 1 for block blk_4613918136798586972 terminating
081110 010401 5013 INFO dfs.DataNode$PacketResponder: PacketResponder 2 for block blk_259395669625948813 terminating
081110 010401 5017 INFO dfs.DataNode$PacketResponder: PacketResponder 2 for block blk_-2849694198340041208 terminating
081110 010401 5031 INFO dfs.DataNode$PacketResponder: PacketResponder 0 for block blk_-2826907117266902386 terminating
081110 010401 5041 INFO dfs.DataNode$PacketResponder: PacketResponder 0 for block blk_670855002924392646 terminating
081110 010401 5043 INFO dfs.DataNode$PacketResponder: PacketResponder 1 for block blk_259395669625948813 terminating
081110 010401 5049 INFO dfs.DataNode$PacketResponder: PacketResponder 2 for block blk_670855002924392646 terminating
081110 010401 5056 INFO dfs.DataNode$PacketResponder: PacketResponder 1 for block blk_-7038750981014766012 terminating
081110 010401 5058 INFO dfs.DataNode$PacketResponder: PacketResponder 1 for block blk_670855002924392646 terminating
081110 010401 5071 INFO dfs.DataNode$PacketResponder: PacketResponder 0 for block blk_4965349750124683766 terminating
081110 010401 5073 INFO dfs.DataNode$PacketResponder: PacketResponder 1 for block blk_7827286189495936009 terminating
081110 010401 5077 INFO dfs.DataNode$PacketResponder: PacketResponder 1 for block blk_1859966523093666609 terminating
081110 010401 5079 INFO dfs.DataNode$PacketResponder: PacketResponder 2 for block blk_-496968223189910226 terminating
081110 010401 5081 INFO dfs.DataNode$PacketResponder: PacketResponder 1 for block blk_4965349750124683766 terminating
081110 010401 5094 INFO dfs.DataNode$PacketResponder: PacketResponder 2 for block blk_4965349750124683766 terminating
081110 010401 5095 INFO dfs.DataNode$PacketResponder: PacketResponder 1 for block blk_-2849694198340041208 terminating
081110 010401 5097 INFO dfs.DataNode$PacketResponder: PacketResponder 1 for block blk_2570969679522034572 terminating
081110 010401 5098 INFO dfs.DataNode$PacketResponder: PacketResponder 2 for block blk_-7038750981014766012 terminating
081110 010401 5101 INFO dfs.DataNode$PacketResponder: PacketResponder 1 for block blk_-1663071511716296826 terminating
081110 010401 5101 INFO dfs.DataNode$PacketResponder: PacketResponder 2 for block blk_4613918136798586972 terminating
081110 010401 5103 INFO dfs.DataNode$PacketResponder: PacketResponder 0 for block blk_-496968223189910226 terminating
081110 010401 5109 INFO dfs.DataNode$PacketResponder: PacketResponder 2 for block blk_2570969679522034572 terminating
081110 010401 5110 INFO dfs.DataNode$PacketResponder: PacketResponder 0 for block blk_4301202833499977711 terminating
081110 010401 5113 INFO dfs.DataNode$PacketResponder: PacketResponder 0 for block blk_1859966523093666609 terminating
081110 010401 5113 INFO dfs.DataNode$PacketResponder: PacketResponder 0 for block blk_7827286189495936009 terminating
081110 010401 5128 INFO dfs.DataNode$PacketResponder: PacketResponder 0 for block blk_-1663071511716296826 terminating
081110 010401 5135 INFO dfs.DataNode$PacketResponder: PacketResponder 0 for block blk_-7038750981014766012 terminating
081110 010401 5146 INFO dfs.DataNode$PacketResponder: PacketResponder 2 for block blk_1859966523093666609 terminating
081110 010401 5195 INFO dfs.DataNode$PacketResponder: PacketResponder 0 for block blk_2570969679522034572 terminating
081110 010402 4875 INFO dfs.DataNode$PacketResponder: PacketResponder 2 for block blk_-6851851223450346314 terminating
081110 010402 4892 INFO dfs.DataNode$PacketResponder: PacketResponder 2 for block blk_4301461647197924653 terminating
081110 010402 4934 INFO dfs.DataNode$PacketResponder: PacketResponder 0 for block blk_-4138486067334666727 terminating
081110 010402 4993 INFO dfs.DataNode$PacketResponder: PacketResponder 2 for block blk_-6429434012505084565 terminating
081110 010402 5009 INFO dfs.DataNode$PacketResponder: PacketResponder 0 for block blk_1579815082179616970 terminating
081110 010402 5019 INFO dfs.DataNode$PacketResponder: PacketResponder 1 for block blk_-4138486067334666727 terminating
081110 010402 5027 INFO dfs.DataNode$PacketResponder: PacketResponder 2 for block blk_-1663071511716296826 terminating
081110 010402 5034 INFO dfs.DataNode$PacketResponder: PacketResponder 1 for block blk_928751901479416349 terminating
081110 010402 5036 INFO dfs.DataNode$PacketResponder: PacketResponder 0 for block blk_1646529509964328614 terminating
081110 010402 5038 INFO dfs.DataNode$PacketResponder: PacketResponder 2 for block blk_7827286189495936009 terminating
081110 010402 5047 INFO dfs.DataNode$PacketResponder: PacketResponder 0 for block blk_548181138543562691 terminating
081110 010402 5048 INFO dfs.DataNode$PacketResponder: PacketResponder 1 for block blk_5532565283590331387 terminating
081110 010402 5057 INFO dfs.DataNode$PacketResponder: PacketResponder 1 for block blk_-6429434012505084565 terminating
081110 010402 5065 INFO dfs.DataNode$PacketResponder: PacketResponder 2 for block blk_-4138486067334666727 terminating
081110 010402 5070 INFO dfs.DataNode$PacketResponder: PacketResponder 2 for block blk_-5231921832353619206 terminating
081110 010402 5071 INFO dfs.DataNode$PacketResponder: PacketResponder 2 for block blk_4301202833499977711 terminating
081110 010402 5072 INFO dfs.DataNode$PacketResponder: PacketResponder 2 for block blk_1579815082179616970 terminating
081110 010402 5080 INFO dfs.DataNode$PacketResponder: PacketResponder 0 for block blk_928751901479416349 terminating
081110 010402 5081 INFO dfs.DataNode$PacketResponder: PacketResponder 0 for block blk_4301461647197924653 terminating
081110 010402 5084 INFO dfs.DataNode$PacketResponder: PacketResponder 1 for block blk_1579815082179616970 terminating
081110 010402 5091 INFO dfs.DataNode$PacketResponder: PacketResponder 1 for block blk_4301461647197924653 terminating
081110 010402 5093 INFO dfs.DataNode$PacketResponder: PacketResponder 2 for block blk_1646529509964328614 terminating
081110 010402 5098 INFO dfs.DataNode$PacketResponder: PacketResponder 1 for block blk_1646529509964328614 terminating
081110 010402 5099 INFO dfs.DataNode$PacketResponder: PacketResponder 0 for block blk_-6429434012505084565 terminating
081110 010402 5107 INFO dfs.DataNode$PacketResponder: PacketResponder 2 for block blk_5532565283590331387 terminating
081110 010402 5113 INFO dfs.DataNode$PacketResponder: PacketResponder 1 for block blk_548181138543562691 terminating
081110 010402 5124 INFO dfs.DataNode$PacketResponder: PacketResponder 1 for block blk_4301202833499977711 terminating
081110 010402 5140 INFO dfs.DataNode$PacketResponder: PacketResponder 2 for block blk_928751901479416349 terminating
081110 010403 4880 INFO dfs.DataNode$PacketResponder: PacketResponder 2 for block blk_-1399131995000092908 terminating
081110 010403 4903 INFO dfs.DataNode$PacketResponder: PacketResponder 1 for block blk_-4985836105679869618 terminating
081110 010403 4906 INFO dfs.DataNode$PacketResponder: PacketResponder 0 for block blk_424109901288905176 terminating
081110 010403 4936 INFO dfs.DataNode$PacketResponder: PacketResponder 2 for block blk_3514129398287989321 terminating
081110 010403 4940 INFO dfs.DataNode$PacketResponder: PacketResponder 0 for block blk_-4694035551566263898 terminating
081110 010403 4957 INFO dfs.DataNode$PacketResponder: PacketResponder 1 for block blk_7076531058109381408 terminating
081110 010403 4976 INFO dfs.DataNode$PacketResponder: PacketResponder 2 for block blk_548181138543562691 terminating
081110 010403 4982 INFO dfs.DataNode$PacketResponder: PacketResponder 1 for block blk_424109901288905176 terminating
081110 010403 5007 INFO dfs.DataNode$PacketResponder: PacketResponder 1 for block blk_1646080155075098760 terminating
081110 010403 5011 INFO dfs.DataNode$PacketResponder: PacketResponder 0 for block blk_-4985836105679869618 terminating
081110 010403 5012 INFO dfs.DataNode$PacketResponder: PacketResponder 1 for block blk_-8306714721294235181 terminating
081110 010403 5024 INFO dfs.DataNode$PacketResponder: PacketResponder 2 for block blk_7076531058109381408 terminating
081110 010403 5025 INFO dfs.DataNode$PacketResponder: PacketResponder 0 for block blk_7676602116232167687 terminating
081110 010403 5032 INFO dfs.DataNode$PacketResponder: PacketResponder 0 for block blk_-8306714721294235181 terminating
081110 010403 5036 INFO dfs.DataNode$PacketResponder: PacketResponder 0 for block blk_1646080155075098760 terminating
081110 010403 5040 INFO dfs.DataNode$PacketResponder: PacketResponder 1 for block blk_3514129398287989321 terminating
081110 010403 5044 INFO dfs.DataNode$PacketResponder: PacketResponder 1 for block blk_-1399131995000092908 terminating
081110 010403 5066 INFO dfs.DataNode$PacketResponder: PacketResponder 0 for block blk_3514129398287989321 terminating
081110 010403 5072 INFO dfs.DataNode$PacketResponder: PacketResponder 1 for block blk_1598402858998071994 terminating
081110 010403 5075 INFO dfs.DataNode$PacketResponder: PacketResponder 2 for block blk_7676602116232167687 terminating
081110 010403 5078 INFO dfs.DataNode$PacketResponder: PacketResponder 1 for block blk_7676602116232167687 terminating
081110 010403 5100 INFO dfs.DataNode$PacketResponder: PacketResponder 0 for block blk_-4822601298816317308 terminating
081110 010403 5107 INFO dfs.DataNode$PacketResponder: PacketResponder 0 for block blk_7076531058109381408 terminating
081110 010403 5107 INFO dfs.DataNode$PacketResponder: PacketResponder 1 for block blk_-4694035551566263898 terminating
081110 010403 5117 INFO dfs.DataNode$PacketResponder: PacketResponder 2 for block blk_-4822601298816317308 terminating
081110 010403 5145 INFO dfs.DataNode$PacketResponder: PacketResponder 2 for block blk_-8306714721294235181 terminating
081110 010403 5158 INFO dfs.DataNode$PacketResponder: PacketResponder 2 for block blk_-2826907117266902386 terminating
081110 010403 5167 INFO dfs.DataNode$PacketResponder: PacketResponder 0 for block blk_1598402858998071994 terminating
081110 010403 5169 INFO dfs.DataNode$PacketResponder: PacketResponder 1 for block blk_-4822601298816317308 terminating
081110 010403 5196 INFO dfs.DataNode$PacketResponder: PacketResponder 2 for block blk_1598402858998071994 terminating
081110 010403 5210 INFO dfs.DataNode$PacketResponder: PacketResponder 0 for block blk_-4321498016885487025 terminating
081110 010404 3880 INFO dfs.DataNode$PacketResponder: PacketResponder 1 for block blk_-4321498016885487025 terminating
081110 010404 4802 INFO dfs.DataNode$PacketResponder: PacketResponder 2 for block blk_-4985836105679869618 terminating
081110 010404 4805 INFO dfs.DataNode$PacketResponder: PacketResponder 0 for block blk_-5291572631622172775 terminating
081110 010404 4905 INFO dfs.DataNode$PacketResponder: PacketResponder 2 for block blk_-6381667454676575833 terminating
081110 010404 4913 INFO dfs.DataNode$PacketResponder: PacketResponder 0 for block blk_-3031197607015092239 terminating
081110 010404 4924 INFO dfs.DataNode$PacketResponder: PacketResponder 0 for block blk_-829035739521589032 terminating
081110 010404 4952 INFO dfs.DataNode$PacketResponder: PacketResponder 1 for block blk_-3031197607015092239 terminating
081110 010404 4977 INFO dfs.DataNode$PacketResponder: PacketResponder 0 for block blk_-1399131995000092908 terminating
081110 010404 4999 INFO dfs.DataNode$PacketResponder: PacketResponder 2 for block blk_-5291572631622172775 terminating
081110 010404 5001 INFO dfs.DataNode$PacketResponder: PacketResponder 2 for block blk_478924776493253539 terminating
081110 010404 5020 INFO dfs.DataNode$PacketResponder: PacketResponder 2 for block blk_-4694035551566263898 terminating
081110 010404 5021 INFO dfs.DataNode$PacketResponder: PacketResponder 0 for block blk_478924776493253539 terminating
081110 010404 5034 INFO dfs.DataNode$PacketResponder: PacketResponder 1 for block blk_478924776493253539 terminating
081110 010404 5050 INFO dfs.DataNode$PacketResponder: PacketResponder 2 for block blk_5192255543657298444 terminating
081110 010404 5054 INFO dfs.DataNode$PacketResponder: PacketResponder 1 for block blk_5192255543657298444 terminating
081110 010404 5057 INFO dfs.DataNode$PacketResponder: PacketResponder 2 for block blk_7479560580461590186 terminating
081110 010404 5059 INFO dfs.DataNode$PacketResponder: PacketResponder 1 for block blk_-5291572631622172775 terminating
081110 010404 5059 INFO dfs.DataNode$PacketResponder: PacketResponder 1 for block blk_6825366346132053761 terminating
081110 010404 5074 INFO dfs.DataNode$PacketResponder: PacketResponder 2 for block blk_424109901288905176 terminating
081110 010404 5087 INFO dfs.DataNode$PacketResponder: PacketResponder 2 for block blk_-4321498016885487025 terminating
081110 010404 5088 INFO dfs.DataNode$PacketResponder: PacketResponder 1 for block blk_7479560580461590186 terminating
081110 010404 5102 INFO dfs.DataNode$PacketResponder: PacketResponder 0 for block blk_7479560580461590186 terminating
081110 010404 5105 INFO dfs.DataNode$PacketResponder: PacketResponder 0 for block blk_-4652390581995133938 terminating
081110 010404 5111 INFO dfs.DataNode$PacketResponder: PacketResponder 1 for block blk_-4652390581995133938 terminating
081110 010404 5111 INFO dfs.DataNode$PacketResponder: PacketResponder 2 for block blk_-829035739521589032 terminating
081110 010404 5119 INFO dfs.DataNode$PacketResponder: PacketResponder 0 for block blk_6825366346132053761 terminating
081110 010404 5128 INFO dfs.DataNode$PacketResponder: PacketResponder 1 for block blk_-6381667454676575833 terminating
081110 010404 5132 INFO dfs.DataNode$PacketResponder: PacketResponder 0 for block blk_-6381667454676575833 terminating
081110 010404 5158 INFO dfs.DataNode$PacketResponder: PacketResponder 1 for block blk_-829035739521589032 terminating
081110 010404 5163 INFO dfs.DataNode$PacketResponder: PacketResponder 2 for block blk_1646080155075098760 terminating
081110 010404 5175 INFO dfs.DataNode$PacketResponder: PacketResponder 0 for block blk_5192255543657298444 terminating
081110 010404 5208 INFO dfs.DataNode$PacketResponder: PacketResponder 2 for block blk_-3031197607015092239 terminating
081110 010405 4755 INFO dfs.DataNode$PacketResponder: PacketResponder 0 for block blk_-4503256306262040751 terminating
081110 010405 4899 INFO dfs.DataNode$PacketResponder: PacketResponder 1 for block blk_4334016784129651677 terminating
081110 010405 4991 INFO dfs.DataNode$PacketResponder: PacketResponder 2 for block blk_4185225149511022249 terminating
081110 010405 5013 INFO dfs.DataNode$PacketResponder: PacketResponder 2 for block blk_6825366346132053761 terminating
081110 010405 5029 INFO dfs.DataNode$PacketResponder: PacketResponder 2 for block blk_-7057646522558379116 terminating
081110 010405 5035 INFO dfs.DataNode$PacketResponder: PacketResponder 0 for block blk_4334016784129651677 terminating
081110 010405 5059 INFO dfs.DataNode$PacketResponder: PacketResponder 2 for block blk_-4503256306262040751 terminating
081110 010405 5064 INFO dfs.DataNode$PacketResponder: PacketResponder 2 for block blk_4334016784129651677 terminating
081110 010405 5073 INFO dfs.DataNode$PacketResponder: PacketResponder 1 for block blk_-7057646522558379116 terminating
081110 010405 5086 INFO dfs.DataNode$DataXceiver: writeBlock blk_-152459496294138933 received exception java.io.IOException: Could not read from stream
081110 010405 5086 INFO dfs.DataNode$PacketResponder: PacketResponder 1 for block blk_-4503256306262040751 terminating
081110 010405 5090 INFO dfs.DataNode$PacketResponder: PacketResponder 2 for block blk_-4652390581995133938 terminating
081110 010405 5102 INFO dfs.DataNode$PacketResponder: PacketResponder 1 for block blk_1954277143169596040 terminating
081110 010405 5105 INFO dfs.DataNode$PacketResponder: PacketResponder 1 for block blk_4185225149511022249 terminating
081110 010405 5109 INFO dfs.DataNode$PacketResponder: PacketResponder 0 for block blk_4185225149511022249 terminating
081110 010405 5200 INFO dfs.DataNode$PacketResponder: PacketResponder 0 for block blk_-7057646522558379116 terminating
081110 010406 4748 INFO dfs.DataNode$PacketResponder: PacketResponder 2 for block blk_-1770310606590898960 terminating
081110 010406 4749 INFO dfs.DataNode$PacketResponder: PacketResponder 0 for block blk_-3279036368931445042 terminating
081110 010406 4903 INFO dfs.DataNode$DataXceiver: writeBlock blk_6005568262680655781 received exception java.io.IOException: Could not read from stream
081110 010406 4928 INFO dfs.DataNode$PacketResponder: PacketResponder 1 for block blk_-3279036368931445042 terminating
081110 010406 4952 INFO dfs.DataNode$PacketResponder: PacketResponder 0 for block blk_1954277143169596040 terminating
081110 010406 4976 INFO dfs.DataNode$PacketResponder: PacketResponder 1 for block blk_-4650513131269324549 terminating
081110 010406 4988 INFO dfs.DataNode$PacketResponder: PacketResponder 2 for block blk_-4650513131269324549 terminating
081110 010406 4990 INFO dfs.DataNode$PacketResponder: PacketResponder 0 for block blk_-4881667387660866979 terminating
081110 010406 4994 INFO dfs.DataNode$PacketResponder: PacketResponder 1 for block blk_-4284451522814210410 terminating
081110 010406 4996 INFO dfs.DataNode$PacketResponder: PacketResponder 1 for block blk_2961487397565213509 terminating
081110 010406 4998 INFO dfs.DataNode$PacketResponder: PacketResponder 0 for block blk_4560462989503064840 terminating
081110 010406 5021 INFO dfs.DataNode$PacketResponder: PacketResponder 1 for block blk_-7237362845177673410 terminating
081110 010406 5024 INFO dfs.DataNode$PacketResponder: PacketResponder 2 for block blk_-3279036368931445042 terminating
081110 010406 5028 INFO dfs.DataNode$PacketResponder: PacketResponder 2 for block blk_4560462989503064840 terminating
081110 010406 5034 INFO dfs.DataNode$PacketResponder: PacketResponder 1 for block blk_4560462989503064840 terminating
081110 010406 5040 INFO dfs.DataNode$PacketResponder: PacketResponder 0 for block blk_-1770310606590898960 terminating
081110 010406 5040 INFO dfs.DataNode$PacketResponder: PacketResponder 0 for block blk_-4650513131269324549 terminating
081110 010406 5040 INFO dfs.DataNode$PacketResponder: PacketResponder 2 for block blk_-7237362845177673410 terminating
081110 010406 5042 INFO dfs.DataNode$PacketResponder: PacketResponder 0 for block blk_-2338321219891543278 terminating
081110 010406 5043 INFO dfs.DataNode$PacketResponder: PacketResponder 0 for block blk_1758834744185164790 terminating
081110 010406 5070 INFO dfs.DataNode$PacketResponder: PacketResponder 0 for block blk_-8150315416091293356 terminating
081110 010406 5073 INFO dfs.DataNode$PacketResponder: PacketResponder 2 for block blk_1758834744185164790 terminating
081110 010406 5075 INFO dfs.DataNode$PacketResponder: PacketResponder 2 for block blk_-4284451522814210410 terminating
081110 010406 5081 INFO dfs.DataNode$PacketResponder: PacketResponder 1 for block blk_1758834744185164790 terminating
081110 010406 5086 INFO dfs.DataNode$PacketResponder: PacketResponder 2 for block blk_-8150315416091293356 terminating
081110 010406 5095 INFO dfs.DataNode$PacketResponder: PacketResponder 0 for block blk_2961487397565213509 terminating
081110 010406 5102 INFO dfs.DataNode$PacketResponder: PacketResponder 1 for block blk_-4881667387660866979 terminating
081110 010406 5103 INFO dfs.DataNode$PacketResponder: PacketResponder 2 for block blk_1954277143169596040 terminating
081110 010406 5106 INFO dfs.DataNode$PacketResponder: PacketResponder 2 for block blk_2961487397565213509 terminating
081110 010406 5108 INFO dfs.DataNode$PacketResponder: PacketResponder 2 for block blk_-4881667387660866979 terminating
081110 010406 5113 INFO dfs.DataNode$PacketResponder: PacketResponder 1 for block blk_-8150315416091293356 terminating
081110 010406 5162 INFO dfs.DataNode$PacketResponder: PacketResponder 1 for block blk_-1770310606590898960 terminating
081110 010406 5170 INFO dfs.DataNode$PacketResponder: PacketResponder 1 for block blk_-8830529385751973196 terminating
081110 010406 5191 INFO dfs.DataNode$PacketResponder: PacketResponder 0 for block blk_-7237362845177673410 terminating
081110 010406 5204 INFO dfs.DataNode$PacketResponder: PacketResponder 0 for block blk_-8830529385751973196 terminating
081110 010406 5215 INFO dfs.DataNode$PacketResponder: PacketResponder 0 for block blk_-4284451522814210410 terminating
081110 010407 4923 INFO dfs.DataNode$PacketResponder: PacketResponder 2 for block blk_-2338321219891543278 terminating
081110 010407 4968 INFO dfs.DataNode$PacketResponder: PacketResponder 2 for block blk_3229049110517217878 terminating
081110 010407 5018 INFO dfs.DataNode$PacketResponder: PacketResponder 1 for block blk_9040080092564604127 terminating
081110 010407 5044 INFO dfs.DataNode$PacketResponder: PacketResponder 1 for block blk_-470262302623088646 terminating
081110 010407 5048 INFO dfs.DataNode$PacketResponder: PacketResponder 0 for block blk_-8153283173169192492 terminating
081110 010407 5048 INFO dfs.DataNode$PacketResponder: PacketResponder 2 for block blk_2798427532635268219 terminating
081110 010407 5077 INFO dfs.DataNode$PacketResponder: PacketResponder 1 for block blk_2798427532635268219 terminating
081110 010407 5078 INFO dfs.DataNode$PacketResponder: PacketResponder 2 for block blk_-470262302623088646 terminating
081110 010407 5095 INFO dfs.DataNode$PacketResponder: PacketResponder 1 for block blk_3229049110517217878 terminating
081110 010407 5109 INFO dfs.DataNode$PacketResponder: PacketResponder 2 for block blk_-8830529385751973196 terminating
081110 010407 5114 INFO dfs.DataNode$PacketResponder: PacketResponder 1 for block blk_-2338321219891543278 terminating
081110 010407 5116 INFO dfs.DataNode$PacketResponder: PacketResponder 0 for block blk_-470262302623088646 terminating
081110 010407 5122 INFO dfs.DataNode$PacketResponder: PacketResponder 2 for block blk_9040080092564604127 terminating
081110 010407 5126 INFO dfs.DataNode$PacketResponder: PacketResponder 0 for block blk_2798427532635268219 terminating
081110 010407 5128 INFO dfs.DataNode$PacketResponder: PacketResponder 1 for block blk_-7767574176707467677 terminating
081110 010407 5148 INFO dfs.DataNode$PacketResponder: PacketResponder 0 for block blk_-7767574176707467677 terminating
081110 010407 5149 INFO dfs.DataNode$PacketResponder: PacketResponder 0 for block blk_9040080092564604127 terminating
081110 010407 5211 INFO dfs.DataNode$PacketResponder: PacketResponder 0 for block blk_3229049110517217878 terminating
081110 010408 4747 INFO dfs.DataNode$PacketResponder: PacketResponder 0 for block blk_-1243107500664663072 terminating
081110 010408 4852 INFO dfs.DataNode$PacketResponder: PacketResponder 1 for block blk_88808045698183637 terminating
081110 010408 4872 INFO dfs.DataNode$PacketResponder: PacketResponder 1 for block blk_2812343266265062841 terminating
081110 010408 4877 INFO dfs.DataNode$PacketResponder: PacketResponder 2 for block blk_88808045698183637 terminating
081110 010408 4970 INFO dfs.DataNode$PacketResponder: PacketResponder 1 for block blk_-4862683527846356601 terminating
081110 010408 4988 INFO dfs.DataNode$PacketResponder: PacketResponder 0 for block blk_2812343266265062841 terminating
081110 010408 5007 INFO dfs.DataNode$PacketResponder: PacketResponder 2 for block blk_2287287821327989632 terminating
081110 010408 5026 INFO dfs.DataNode$PacketResponder: PacketResponder 1 for block blk_345868017170712671 terminating
081110 010408 5028 INFO dfs.DataNode$PacketResponder: PacketResponder 0 for block blk_-4862683527846356601 terminating
081110 010408 5029 INFO dfs.DataNode$PacketResponder: PacketResponder 0 for block blk_-1515931515206203625 terminating
081110 010408 5043 INFO dfs.DataNode$PacketResponder: PacketResponder 1 for block blk_-1515931515206203625 terminating
081110 010408 5045 INFO dfs.DataNode$PacketResponder: PacketResponder 2 for block blk_-8153283173169192492 terminating
081110 010408 5052 INFO dfs.DataNode$PacketResponder: PacketResponder 1 for block blk_-8153283173169192492 terminating
081110 010408 5069 INFO dfs.DataNode$PacketResponder: PacketResponder 1 for block blk_-8114292607875091566 terminating
081110 010408 5070 INFO dfs.DataNode$PacketResponder: PacketResponder 1 for block blk_6399572440744174348 terminating
081110 010408 5074 INFO dfs.DataNode$PacketResponder: PacketResponder 0 for block blk_88808045698183637 terminating
081110 010408 5081 INFO dfs.DataNode$PacketResponder: PacketResponder 0 for block blk_2287287821327989632 terminating
081110 010408 5093 INFO dfs.DataNode$PacketResponder: PacketResponder 2 for block blk_2812343266265062841 terminating
081110 010408 5100 INFO dfs.DataNode$PacketResponder: PacketResponder 0 for block blk_6399572440744174348 terminating
081110 010408 5101 INFO dfs.DataNode$PacketResponder: PacketResponder 1 for block blk_-4342811779699998148 terminating
081110 010408 5114 INFO dfs.DataNode$PacketResponder: PacketResponder 2 for block blk_-7767574176707467677 terminating
081110 010408 5121 INFO dfs.DataNode$PacketResponder: PacketResponder 0 for block blk_-8114292607875091566 terminating
081110 010408 5130 INFO dfs.DataNode$PacketResponder: PacketResponder 2 for block blk_-4342811779699998148 terminating
081110 010408 5146 INFO dfs.DataNode$PacketResponder: PacketResponder 0 for block blk_345868017170712671 terminating
081110 010408 5150 INFO dfs.DataNode$PacketResponder: PacketResponder 2 for block blk_345868017170712671 terminating
081110 010408 5150 INFO dfs.DataNode$PacketResponder: PacketResponder 2 for block blk_-8114292607875091566 terminating
081110 010408 5167 INFO dfs.DataNode$PacketResponder: PacketResponder 0 for block blk_-4342811779699998148 terminating
081110 010408 5190 INFO dfs.DataNode$PacketResponder: PacketResponder 1 for block blk_2287287821327989632 terminating
081110 010408 5192 INFO dfs.DataNode$PacketResponder: PacketResponder 2 for block blk_-1515931515206203625 terminating
081110 010409 4770 INFO dfs.DataNode$PacketResponder: PacketResponder 2 for block blk_2478277143345118027 terminating
081110 010409 4915 INFO dfs.DataNode$PacketResponder: PacketResponder 0 for block blk_2478277143345118027 terminating
081110 010409 4917 INFO dfs.DataNode$PacketResponder: PacketResponder 2 for block blk_-1243107500664663072 terminating
081110 010409 4946 INFO dfs.DataNode$PacketResponder: PacketResponder 2 for block blk_-875098426778305917 terminating
081110 010409 4952 INFO dfs.DataNode$PacketResponder: PacketResponder 2 for block blk_-6169076219292024141 terminating
081110 010409 5003 INFO dfs.DataNode$PacketResponder: PacketResponder 0 for block blk_-8828696700917844617 terminating
081110 010409 5018 INFO dfs.DataNode$PacketResponder: PacketResponder 2 for block blk_-7077633832621991613 terminating
081110 010409 5026 INFO dfs.DataNode$PacketResponder: PacketResponder 1 for block blk_-1092882438938938589 terminating
081110 010409 5034 INFO dfs.DataNode$PacketResponder: PacketResponder 1 for block blk_2478277143345118027 terminating
081110 010409 5046 INFO dfs.DataNode$PacketResponder: PacketResponder 1 for block blk_-8828696700917844617 terminating
081110 010409 5048 INFO dfs.DataNode$PacketResponder: PacketResponder 0 for block blk_6627336102327129168 terminating
081110 010409 5055 INFO dfs.DataNode$PacketResponder: PacketResponder 0 for block blk_-7077633832621991613 terminating
081110 010409 5063 INFO dfs.DataNode$PacketResponder: PacketResponder 0 for block blk_-1092882438938938589 terminating
081110 010409 5069 INFO dfs.DataNode$PacketResponder: PacketResponder 1 for block blk_-1243107500664663072 terminating
081110 010409 5073 INFO dfs.DataNode$PacketResponder: PacketResponder 1 for block blk_-875098426778305917 terminating
081110 010409 5077 INFO dfs.DataNode$PacketResponder: PacketResponder 1 for block blk_6627336102327129168 terminating
081110 010409 5082 INFO dfs.DataNode$PacketResponder: PacketResponder 1 for block blk_-7077633832621991613 terminating
081110 010409 5087 INFO dfs.DataNode$PacketResponder: PacketResponder 2 for block blk_-4862683527846356601 terminating
081110 010409 5103 INFO dfs.DataNode$PacketResponder: PacketResponder 2 for block blk_-8828696700917844617 terminating
081110 010409 5111 INFO dfs.DataNode$PacketResponder: PacketResponder 0 for block blk_-6169076219292024141 terminating
081110 010409 5139 INFO dfs.DataNode$PacketResponder: PacketResponder 2 for block blk_6399572440744174348 terminating
081110 010409 5144 INFO dfs.DataNode$PacketResponder: PacketResponder 0 for block blk_-875098426778305917 terminating
081110 010409 5148 INFO dfs.DataNode$PacketResponder: PacketResponder 1 for block blk_-6169076219292024141 terminating
081110 010410 4894 INFO dfs.DataNode$PacketResponder: PacketResponder 2 for block blk_-1092882438938938589 terminating
081110 010410 4974 INFO dfs.DataNode$PacketResponder: PacketResponder 2 for block blk_6627336102327129168 terminating
081110 010410 4998 INFO dfs.DataNode$PacketResponder: PacketResponder 0 for block blk_-2034866428508122329 terminating
081110 010410 5022 INFO dfs.DataNode$PacketResponder: PacketResponder 0 for block blk_-5982464687083741485 terminating
081110 010410 5023 INFO dfs.DataNode$PacketResponder: PacketResponder 2 for block blk_-5982464687083741485 terminating
081110 010410 5034 INFO dfs.DataNode$PacketResponder: PacketResponder 1 for block blk_110119570481486665 terminating
081110 010410 5040 INFO dfs.DataNode$PacketResponder: PacketResponder 0 for block blk_415345665758179719 terminating
081110 010410 5078 INFO dfs.DataNode$PacketResponder: PacketResponder 2 for block blk_-2034866428508122329 terminating
081110 010410 5083 INFO dfs.DataNode$PacketResponder: PacketResponder 1 for block blk_-2034866428508122329 terminating
081110 010410 5085 INFO dfs.DataNode$PacketResponder: PacketResponder 1 for block blk_-5982464687083741485 terminating
081110 010410 5099 INFO dfs.DataNode$PacketResponder: PacketResponder 2 for block blk_415345665758179719 terminating
081110 010410 5109 INFO dfs.DataNode$PacketResponder: PacketResponder 1 for block blk_415345665758179719 terminating
081110 010410 5171 INFO dfs.DataNode$PacketResponder: PacketResponder 0 for block blk_-1951607179258059023 terminating
081110 010411 4878 INFO dfs.DataNode$PacketResponder: PacketResponder 0 for block blk_-6925927703100064223 terminating
081110 010411 4881 INFO dfs.DataNode$PacketResponder: PacketResponder 2 for block blk_-1951607179258059023 terminating
081110 010411 4947 INFO dfs.DataNode$PacketResponder: PacketResponder 1 for block blk_-1951607179258059023 terminating
081110 010411 4950 INFO dfs.DataNode$PacketResponder: PacketResponder 1 for block blk_1550762408843719188 terminating
081110 010411 4978 INFO dfs.DataNode$PacketResponder: PacketResponder 0 for block blk_-8860507233464411836 terminating
081110 010411 4978 INFO dfs.DataNode$PacketResponder: PacketResponder 2 for block blk_-8860507233464411836 terminating
081110 010411 4983 INFO dfs.DataNode$PacketResponder: PacketResponder 1 for block blk_-8860507233464411836 terminating
081110 010411 5002 INFO dfs.DataNode$PacketResponder: PacketResponder 0 for block blk_2993694836967546778 terminating
081110 010411 5021 INFO dfs.DataNode$PacketResponder: PacketResponder 1 for block blk_-8342543350730321711 terminating
081110 010411 5036 INFO dfs.DataNode$PacketResponder: PacketResponder 2 for block blk_-4591069421727680254 terminating
081110 010411 5052 INFO dfs.DataNode$PacketResponder: PacketResponder 0 for block blk_1550762408843719188 terminating
081110 010411 5058 INFO dfs.DataNode$PacketResponder: PacketResponder 2 for block blk_110119570481486665 terminating
081110 010411 5078 INFO dfs.DataNode$PacketResponder: PacketResponder 0 for block blk_-1882328136150205677 terminating
081110 010411 5085 INFO dfs.DataNode$PacketResponder: PacketResponder 1 for block blk_-4591069421727680254 terminating
081110 010411 5147 INFO dfs.DataNode$PacketResponder: PacketResponder 0 for block blk_-4591069421727680254 terminating
081110 010411 5180 INFO dfs.DataNode$PacketResponder: PacketResponder 0 for block blk_110119570481486665 terminating
081110 010411 5212 INFO dfs.DataNode$PacketResponder: PacketResponder 2 for block blk_1550762408843719188 terminating
081110 010412 4757 INFO dfs.DataNode$PacketResponder: PacketResponder 0 for block blk_-8233888058496264341 terminating
081110 010412 4845 INFO dfs.DataNode$PacketResponder: PacketResponder 2 for block blk_2993694836967546778 terminating
081110 010412 4898 INFO dfs.DataNode$PacketResponder: PacketResponder 1 for block blk_-3446553477513787580 terminating
081110 010412 4926 INFO dfs.DataNode$PacketResponder: PacketResponder 1 for block blk_-8233888058496264341 terminating
081110 010412 4954 INFO dfs.DataNode$PacketResponder: PacketResponder 0 for block blk_-3446553477513787580 terminating
081110 010412 5017 INFO dfs.DataNode$PacketResponder: PacketResponder 2 for block blk_3505633279406951238 terminating
081110 010412 5022 INFO dfs.DataNode$PacketResponder: PacketResponder 0 for block blk_3617181105438006952 terminating
081110 010412 5038 INFO dfs.DataNode$PacketResponder: PacketResponder 0 for block blk_3837632720959057562 terminating
081110 010412 5039 INFO dfs.DataNode$PacketResponder: PacketResponder 1 for block blk_-1882328136150205677 terminating
081110 010412 5042 INFO dfs.DataNode$PacketResponder: PacketResponder 0 for block blk_-8342543350730321711 terminating
081110 010412 5044 INFO dfs.DataNode$PacketResponder: PacketResponder 2 for block blk_-1882328136150205677 terminating
081110 010412 5046 INFO dfs.DataNode$PacketResponder: PacketResponder 0 for block blk_1570225277440158345 terminating
081110 010412 5049 INFO dfs.DataNode$PacketResponder: PacketResponder 1 for block blk_-6925927703100064223 terminating
081110 010412 5060 INFO dfs.DataNode$PacketResponder: PacketResponder 2 for block blk_-3446553477513787580 terminating
081110 010412 5071 INFO dfs.DataNode$PacketResponder: PacketResponder 1 for block blk_1570225277440158345 terminating
081110 010412 5073 INFO dfs.DataNode$PacketResponder: PacketResponder 1 for block blk_9095407434068566340 terminating
081110 010412 5076 INFO dfs.DataNode$PacketResponder: PacketResponder 2 for block blk_-8342543350730321711 terminating
081110 010412 5082 INFO dfs.DataNode$PacketResponder: PacketResponder 1 for block blk_-4506379834746117923 terminating
081110 010412 5084 INFO dfs.DataNode$PacketResponder: PacketResponder 1 for block blk_3505633279406951238 terminating
081110 010412 5084 INFO dfs.DataNode$PacketResponder: PacketResponder 2 for block blk_-8233888058496264341 terminating
081110 010412 5086 INFO dfs.DataNode$PacketResponder: PacketResponder 0 for block blk_9095407434068566340 terminating
081110 010412 5088 INFO dfs.DataNode$PacketResponder: PacketResponder 2 for block blk_1109683354730697556 terminating
081110 010412 5091 INFO dfs.DataNode$PacketResponder: PacketResponder 0 for block blk_-4506379834746117923 terminating
081110 010412 5092 INFO dfs.DataNode$PacketResponder: PacketResponder 1 for block blk_3617181105438006952 terminating
081110 010412 5095 INFO dfs.DataNode$PacketResponder: PacketResponder 1 for block blk_3837632720959057562 terminating
081110 010412 5119 INFO dfs.DataNode$PacketResponder: PacketResponder 2 for block blk_-6925927703100064223 terminating
081110 010412 5130 INFO dfs.DataNode$PacketResponder: PacketResponder 1 for block blk_1109683354730697556 terminating
081110 010412 5134 INFO dfs.DataNode$PacketResponder: PacketResponder 0 for block blk_1109683354730697556 terminating
081110 010412 5167 INFO dfs.DataNode$PacketResponder: PacketResponder 0 for block blk_3505633279406951238 terminating
081110 010412 5167 INFO dfs.DataNode$PacketResponder: PacketResponder 2 for block blk_3617181105438006952 terminating
081110 010412 5211 INFO dfs.DataNode$PacketResponder: PacketResponder 2 for block blk_3837632720959057562 terminating
081110 010412 5222 INFO dfs.DataNode$PacketResponder: PacketResponder 1 for block blk_2993694836967546778 terminating
081110 010413 4755 INFO dfs.DataNode$PacketResponder: PacketResponder 2 for block blk_6989013304720779900 terminating
081110 010413 4874 INFO dfs.DataNode$PacketResponder: PacketResponder 2 for block blk_-6367976063486379184 terminating
081110 010413 4902 INFO dfs.DataNode$PacketResponder: PacketResponder 1 for block blk_4169864765790236673 terminating
081110 010413 4905 INFO dfs.DataNode$PacketResponder: PacketResponder 2 for block blk_9095407434068566340 terminating
081110 010413 4907 INFO dfs.DataNode$PacketResponder: PacketResponder 1 for block blk_1034020969714184745 terminating
081110 010413 4911 INFO dfs.DataNode$PacketResponder: PacketResponder 0 for block blk_8734648595969039069 terminating
081110 010413 4927 INFO dfs.DataNode$PacketResponder: PacketResponder 2 for block blk_-878357176976648286 terminating
081110 010413 4941 INFO dfs.DataNode$PacketResponder: PacketResponder 1 for block blk_5484100069520358300 terminating
081110 010413 4986 INFO dfs.DataNode$PacketResponder: PacketResponder 1 for block blk_-6367976063486379184 terminating
081110 010413 4987 INFO dfs.DataNode$PacketResponder: PacketResponder 2 for block blk_1034020969714184745 terminating
081110 010413 4995 INFO dfs.DataNode$PacketResponder: PacketResponder 1 for block blk_-3715778018241460063 terminating
081110 010413 5013 INFO dfs.DataNode$PacketResponder: PacketResponder 2 for block blk_1570225277440158345 terminating
081110 010413 5015 INFO dfs.DataNode$PacketResponder: PacketResponder 2 for block blk_5484100069520358300 terminating
081110 010413 5029 INFO dfs.DataNode$PacketResponder: PacketResponder 0 for block blk_1034020969714184745 terminating
081110 010413 5042 INFO dfs.DataNode$PacketResponder: PacketResponder 1 for block blk_2284195822014063301 terminating
081110 010413 5043 INFO dfs.DataNode$PacketResponder: PacketResponder 0 for block blk_-8343385199382850418 terminating
081110 010413 5047 INFO dfs.DataNode$PacketResponder: PacketResponder 1 for block blk_-5661370532202851855 terminating
081110 010413 5049 INFO dfs.DataNode$PacketResponder: PacketResponder 0 for block blk_-6367976063486379184 terminating
081110 010413 5049 INFO dfs.DataNode$PacketResponder: PacketResponder 0 for block blk_-878357176976648286 terminating
081110 010413 5055 INFO dfs.DataNode$PacketResponder: PacketResponder 2 for block blk_-4506379834746117923 terminating
081110 010413 5057 INFO dfs.DataNode$PacketResponder: PacketResponder 1 for block blk_260499925222973433 terminating
081110 010413 5062 INFO dfs.DataNode$PacketResponder: PacketResponder 1 for block blk_-1704945471799267464 terminating
081110 010413 5077 INFO dfs.DataNode$PacketResponder: PacketResponder 0 for block blk_2284195822014063301 terminating
081110 010413 5079 INFO dfs.DataNode$PacketResponder: PacketResponder 0 for block blk_5484100069520358300 terminating
081110 010413 5080 INFO dfs.DataNode$PacketResponder: PacketResponder 2 for block blk_8734648595969039069 terminating
081110 010413 5083 INFO dfs.DataNode$PacketResponder: PacketResponder 0 for block blk_-7959481248612385418 terminating
081110 010413 5084 INFO dfs.DataNode$PacketResponder: PacketResponder 0 for block blk_-1852683681755079277 terminating
081110 010413 5087 INFO dfs.DataNode$PacketResponder: PacketResponder 2 for block blk_-3715778018241460063 terminating
081110 010413 5090 INFO dfs.DataNode$PacketResponder: PacketResponder 0 for block blk_-1704945471799267464 terminating
081110 010413 5090 INFO dfs.DataNode$PacketResponder: PacketResponder 1 for block blk_-8343385199382850418 terminating
081110 010413 5091 INFO dfs.DataNode$PacketResponder: PacketResponder 0 for block blk_4169864765790236673 terminating
081110 010413 5099 INFO dfs.DataNode$PacketResponder: PacketResponder 0 for block blk_6989013304720779900 terminating
081110 010413 5100 INFO dfs.DataNode$PacketResponder: PacketResponder 2 for block blk_-8343385199382850418 terminating
081110 010413 5103 INFO dfs.DataNode$PacketResponder: PacketResponder 1 for block blk_-3250040554714350517 terminating
081110 010413 5112 INFO dfs.DataNode$PacketResponder: PacketResponder 1 for block blk_-878357176976648286 terminating
081110 010413 5117 INFO dfs.DataNode$PacketResponder: PacketResponder 2 for block blk_-1704945471799267464 terminating
081110 010413 5120 INFO dfs.DataNode$PacketResponder: PacketResponder 0 for block blk_-3715778018241460063 terminating
081110 010413 5128 INFO dfs.DataNode$PacketResponder: PacketResponder 1 for block blk_8734648595969039069 terminating
081110 010413 5131 INFO dfs.DataNode$PacketResponder: PacketResponder 1 for block blk_6989013304720779900 terminating
081110 010413 5132 INFO dfs.DataNode$PacketResponder: PacketResponder 1 for block blk_-7959481248612385418 terminating
081110 010413 5152 INFO dfs.DataNode$PacketResponder: PacketResponder 0 for block blk_-3250040554714350517 terminating
081110 010413 5170 INFO dfs.DataNode$PacketResponder: PacketResponder 2 for block blk_4169864765790236673 terminating
081110 010413 5177 INFO dfs.DataNode$PacketResponder: PacketResponder 2 for block blk_-7959481248612385418 terminating
081110 010413 5186 INFO dfs.DataNode$PacketResponder: PacketResponder 2 for block blk_4607914598938544049 terminating
081110 010413 5194 INFO dfs.DataNode$PacketResponder: PacketResponder 1 for block blk_4607914598938544049 terminating
081110 010413 5203 INFO dfs.DataNode$PacketResponder: PacketResponder 0 for block blk_4607914598938544049 terminating
081110 010413 5217 INFO dfs.DataNode$PacketResponder: PacketResponder 0 for block blk_-5661370532202851855 terminating
081110 010414 3884 INFO dfs.DataNode$PacketResponder: PacketResponder 1 for block blk_595348748534864113 terminating
081110 010414 4754 INFO dfs.DataNode$PacketResponder: PacketResponder 2 for block blk_595348748534864113 terminating
081110 010414 4771 INFO dfs.DataNode$PacketResponder: PacketResponder 1 for block blk_-870617526017244750 terminating
081110 010414 4868 INFO dfs.DataNode$PacketResponder: PacketResponder 2 for block blk_6617274596574227561 terminating
081110 010414 4877 INFO dfs.DataNode$PacketResponder: PacketResponder 0 for block blk_8564999654671130471 terminating
081110 010414 4907 INFO dfs.DataNode$PacketResponder: PacketResponder 1 for block blk_8564999654671130471 terminating
081110 010414 4950 INFO dfs.DataNode$PacketResponder: PacketResponder 1 for block blk_4940396181079642282 terminating
081110 010414 5008 INFO dfs.DataNode$PacketResponder: PacketResponder 1 for block blk_6617274596574227561 terminating
081110 010414 5009 INFO dfs.DataNode$PacketResponder: PacketResponder 0 for block blk_-870617526017244750 terminating
081110 010414 5015 INFO dfs.DataNode$PacketResponder: PacketResponder 1 for block blk_5525280941212527149 terminating
081110 010414 5017 INFO dfs.DataNode$PacketResponder: PacketResponder 1 for block blk_-1852683681755079277 terminating
081110 010414 5019 INFO dfs.DataNode$PacketResponder: PacketResponder 0 for block blk_6769413059462139990 terminating
081110 010414 5020 INFO dfs.DataNode$PacketResponder: PacketResponder 2 for block blk_-1852683681755079277 terminating
081110 010414 5022 INFO dfs.DataNode$PacketResponder: PacketResponder 0 for block blk_5525280941212527149 terminating
081110 010414 5022 INFO dfs.DataNode$PacketResponder: PacketResponder 0 for block blk_-6013218138927208123 terminating
081110 010414 5023 INFO dfs.DataNode$PacketResponder: PacketResponder 1 for block blk_2258222356222602322 terminating
081110 010414 5027 INFO dfs.DataNode$PacketResponder: PacketResponder 1 for block blk_-7316238149849189804 terminating
081110 010414 5028 INFO dfs.DataNode$PacketResponder: PacketResponder 0 for block blk_7615874815608945429 terminating
081110 010414 5033 INFO dfs.DataNode$PacketResponder: PacketResponder 0 for block blk_595348748534864113 terminating
081110 010414 5035 INFO dfs.DataNode$PacketResponder: PacketResponder 2 for block blk_-870617526017244750 terminating
081110 010414 5038 INFO dfs.DataNode$PacketResponder: PacketResponder 2 for block blk_4940396181079642282 terminating
081110 010414 5040 INFO dfs.DataNode$PacketResponder: PacketResponder 2 for block blk_5525280941212527149 terminating
081110 010414 5042 INFO dfs.DataNode$PacketResponder: PacketResponder 1 for block blk_-4623064950582162252 terminating
081110 010414 5043 INFO dfs.DataNode$PacketResponder: PacketResponder 0 for block blk_-7316238149849189804 terminating
081110 010414 5051 INFO dfs.DataNode$PacketResponder: PacketResponder 0 for block blk_7782021530565097016 terminating
081110 010414 5053 INFO dfs.DataNode$PacketResponder: PacketResponder 0 for block blk_2258222356222602322 terminating
081110 010414 5053 INFO dfs.DataNode$PacketResponder: PacketResponder 1 for block blk_7615874815608945429 terminating
081110 010414 5053 INFO dfs.DataNode$PacketResponder: PacketResponder 1 for block blk_7687853218608284049 terminating
081110 010414 5053 INFO dfs.DataNode$PacketResponder: PacketResponder 2 for block blk_7615874815608945429 terminating
081110 010414 5055 INFO dfs.DataNode$PacketResponder: PacketResponder 2 for block blk_-6013218138927208123 terminating
081110 010414 5057 INFO dfs.DataNode$PacketResponder: PacketResponder 2 for block blk_-7316238149849189804 terminating
081110 010414 5060 INFO dfs.DataNode$PacketResponder: PacketResponder 2 for block blk_260499925222973433 terminating
081110 010414 5061 INFO dfs.DataNode$PacketResponder: PacketResponder 2 for block blk_7755292490772122038 terminating
081110 010414 5074 INFO dfs.DataNode$PacketResponder: PacketResponder 2 for block blk_-5661370532202851855 terminating
081110 010414 5075 INFO dfs.DataNode$PacketResponder: PacketResponder 0 for block blk_4940396181079642282 terminating
081110 010414 5079 INFO dfs.DataNode$PacketResponder: PacketResponder 1 for block blk_6769413059462139990 terminating
081110 010414 5079 INFO dfs.DataNode$PacketResponder: PacketResponder 2 for block blk_7687853218608284049 terminating
081110 010414 5083 INFO dfs.DataNode$PacketResponder: PacketResponder 2 for block blk_8564999654671130471 terminating
081110 010414 5088 INFO dfs.DataNode$PacketResponder: PacketResponder 1 for block blk_7755292490772122038 terminating
081110 010414 5092 INFO dfs.DataNode$PacketResponder: PacketResponder 0 for block blk_7687853218608284049 terminating
081110 010414 5101 INFO dfs.DataNode$PacketResponder: PacketResponder 0 for block blk_7755292490772122038 terminating
081110 010414 5105 INFO dfs.DataNode$PacketResponder: PacketResponder 0 for block blk_1492228379242738571 terminating
081110 010414 5105 INFO dfs.DataNode$PacketResponder: PacketResponder 0 for block blk_260499925222973433 terminating
081110 010414 5114 INFO dfs.DataNode$PacketResponder: PacketResponder 2 for block blk_-4623064950582162252 terminating
081110 010414 5117 INFO dfs.DataNode$PacketResponder: PacketResponder 2 for block blk_2284195822014063301 terminating
081110 010414 5124 INFO dfs.DataNode$PacketResponder: PacketResponder 1 for block blk_-6013218138927208123 terminating
081110 010414 5129 INFO dfs.DataNode$PacketResponder: PacketResponder 0 for block blk_6617274596574227561 terminating
081110 010414 5146 INFO dfs.DataNode$PacketResponder: PacketResponder 2 for block blk_-3250040554714350517 terminating
081110 010414 5150 INFO dfs.DataNode$PacketResponder: PacketResponder 2 for block blk_6769413059462139990 terminating
081110 010414 5154 INFO dfs.DataNode$PacketResponder: PacketResponder 0 for block blk_-4623064950582162252 terminating
081110 010415 4751 INFO dfs.DataNode$PacketResponder: PacketResponder 1 for block blk_7068931339949618588 terminating
081110 010415 4864 INFO dfs.DataNode$PacketResponder: PacketResponder 1 for block blk_-6159904106756285888 terminating
081110 010415 4941 INFO dfs.DataNode$PacketResponder: PacketResponder 0 for block blk_3053884874589497246 terminating
081110 010415 4950 INFO dfs.DataNode$PacketResponder: PacketResponder 2 for block blk_7782021530565097016 terminating
081110 010415 4960 INFO dfs.DataNode$PacketResponder: PacketResponder 1 for block blk_3053884874589497246 terminating
081110 010415 4990 INFO dfs.DataNode$PacketResponder: PacketResponder 0 for block blk_-4233168847675298042 terminating
081110 010415 5036 INFO dfs.DataNode$PacketResponder: PacketResponder 1 for block blk_-4233168847675298042 terminating
081110 010415 5041 INFO dfs.DataNode$PacketResponder: PacketResponder 1 for block blk_1492228379242738571 terminating
081110 010415 5046 INFO dfs.DataNode$PacketResponder: PacketResponder 2 for block blk_7068931339949618588 terminating
081110 010415 5051 INFO dfs.DataNode$PacketResponder: PacketResponder 1 for block blk_7782021530565097016 terminating
081110 010415 5083 INFO dfs.DataNode$PacketResponder: PacketResponder 2 for block blk_1492228379242738571 terminating
081110 010415 5085 INFO dfs.DataNode$PacketResponder: PacketResponder 0 for block blk_7068931339949618588 terminating
081110 010415 5089 INFO dfs.DataNode$PacketResponder: PacketResponder 1 for block blk_706218505298448075 terminating
081110 010415 5096 INFO dfs.DataNode$PacketResponder: PacketResponder 2 for block blk_2258222356222602322 terminating
081110 010415 5098 INFO dfs.DataNode$PacketResponder: PacketResponder 0 for block blk_706218505298448075 terminating
081110 010415 5103 INFO dfs.DataNode$PacketResponder: PacketResponder 0 for block blk_-6159904106756285888 terminating
081110 010415 5191 INFO dfs.DataNode$PacketResponder: PacketResponder 2 for block blk_-4233168847675298042 terminating
081110 010416 4789 INFO dfs.DataNode$PacketResponder: PacketResponder 1 for block blk_-193887402512878102 terminating
081110 010416 4984 INFO dfs.DataNode$PacketResponder: PacketResponder 0 for block blk_-2340157914839190209 terminating
081110 010416 5028 INFO dfs.DataNode$PacketResponder: PacketResponder 1 for block blk_-2340157914839190209 terminating
081110 010416 5033 INFO dfs.DataNode$PacketResponder: PacketResponder 0 for block blk_-4246755907672232564 terminating
081110 010416 5042 INFO dfs.DataNode$PacketResponder: PacketResponder 2 for block blk_3053884874589497246 terminating
081110 010416 5048 INFO dfs.DataNode$PacketResponder: PacketResponder 2 for block blk_706218505298448075 terminating
081110 010416 5088 INFO dfs.DataNode$PacketResponder: PacketResponder 2 for block blk_-6159904106756285888 terminating
081110 010416 5172 INFO dfs.DataNode$PacketResponder: PacketResponder 2 for block blk_-2340157914839190209 terminating
081110 010417 4795 INFO dfs.DataNode$PacketResponder: PacketResponder 2 for block blk_-7440519379209478821 terminating
081110 010417 4915 INFO dfs.DataNode$PacketResponder: PacketResponder 0 for block blk_-7440519379209478821 terminating
081110 010417 4930 INFO dfs.DataNode$PacketResponder: PacketResponder 0 for block blk_-7560301548489432378 terminating
081110 010417 4930 INFO dfs.DataNode$PacketResponder: PacketResponder 0 for block blk_-895452991470517555 terminating
081110 010417 4932 INFO dfs.DataNode$PacketResponder: PacketResponder 0 for block blk_-1247855397501728585 terminating
081110 010417 4938 INFO dfs.DataNode$PacketResponder: PacketResponder 0 for block blk_-6514905719749263967 terminating
081110 010417 4944 INFO dfs.DataNode$PacketResponder: PacketResponder 0 for block blk_-193887402512878102 terminating
081110 010417 4952 INFO dfs.DataNode$PacketResponder: PacketResponder 0 for block blk_-4629463319501012187 terminating
081110 010417 4977 INFO dfs.DataNode$PacketResponder: PacketResponder 1 for block blk_-4246755907672232564 terminating
081110 010417 5009 INFO dfs.DataNode$PacketResponder: PacketResponder 2 for block blk_-193887402512878102 terminating
081110 010417 5026 INFO dfs.DataNode$PacketResponder: PacketResponder 1 for block blk_-7560301548489432378 terminating
081110 010417 5036 INFO dfs.DataNode$PacketResponder: PacketResponder 2 for block blk_-4246755907672232564 terminating
081110 010417 5037 INFO dfs.DataNode$PacketResponder: PacketResponder 1 for block blk_-5158437474646832583 terminating
081110 010417 5040 INFO dfs.DataNode$PacketResponder: PacketResponder 2 for block blk_-7279818966744202823 terminating
081110 010417 5041 INFO dfs.DataNode$PacketResponder: PacketResponder 1 for block blk_-7279818966744202823 terminating
081110 010417 5042 INFO dfs.DataNode$PacketResponder: PacketResponder 1 for block blk_-895452991470517555 terminating
081110 010417 5044 INFO dfs.DataNode$PacketResponder: PacketResponder 1 for block blk_-6514905719749263967 terminating
081110 010417 5054 INFO dfs.DataNode$PacketResponder: PacketResponder 2 for block blk_-6514905719749263967 terminating
081110 010417 5054 INFO dfs.DataNode$PacketResponder: PacketResponder 2 for block blk_-7417410912512522057 terminating
081110 010417 5056 INFO dfs.DataNode$PacketResponder: PacketResponder 0 for block blk_-5158437474646832583 terminating
081110 010417 5066 INFO dfs.DataNode$PacketResponder: PacketResponder 0 for block blk_-7417410912512522057 terminating
081110 010417 5076 INFO dfs.DataNode$PacketResponder: PacketResponder 1 for block blk_-4629463319501012187 terminating
081110 010417 5081 INFO dfs.DataNode$PacketResponder: PacketResponder 1 for block blk_-7440519379209478821 terminating
081110 010417 5082 INFO dfs.DataNode$PacketResponder: PacketResponder 2 for block blk_-895452991470517555 terminating
081110 010417 5116 INFO dfs.DataNode$PacketResponder: PacketResponder 1 for block blk_-1247855397501728585 terminating
081110 010417 5116 INFO dfs.DataNode$PacketResponder: PacketResponder 2 for block blk_-7560301548489432378 terminating
081110 010417 5117 INFO dfs.DataNode$PacketResponder: PacketResponder 2 for block blk_-4629463319501012187 terminating
081110 010417 5130 INFO dfs.DataNode$PacketResponder: PacketResponder 1 for block blk_-7417410912512522057 terminating
081110 010417 5131 INFO dfs.DataNode$PacketResponder: PacketResponder 0 for block blk_-2309284977220421395 terminating
081110 010417 5154 INFO dfs.DataNode$PacketResponder: PacketResponder 2 for block blk_-2309284977220421395 terminating
081110 010417 5192 INFO dfs.DataNode$PacketResponder: PacketResponder 0 for block blk_-7279818966744202823 terminating
081110 010417 5194 INFO dfs.DataNode$PacketResponder: PacketResponder 1 for block blk_-2309284977220421395 terminating
081110 010418 4752 INFO dfs.DataNode$PacketResponder: PacketResponder 1 for block blk_2758200945994192183 terminating
081110 010418 4935 INFO dfs.DataNode$PacketResponder: PacketResponder 0 for block blk_1360860598728772958 terminating
081110 010418 4974 INFO dfs.DataNode$PacketResponder: PacketResponder 1 for block blk_6232419205538848498 terminating
081110 010418 4977 INFO dfs.DataNode$PacketResponder: PacketResponder 1 for block blk_1360860598728772958 terminating
081110 010418 4991 INFO dfs.DataNode$PacketResponder: PacketResponder 2 for block blk_-5158437474646832583 terminating
081110 010418 5010 INFO dfs.DataNode$PacketResponder: PacketResponder 1 for block blk_6509751536845453029 terminating
081110 010418 5011 INFO dfs.DataNode$PacketResponder: PacketResponder 0 for block blk_6509751536845453029 terminating
081110 010418 5017 INFO dfs.DataNode$PacketResponder: PacketResponder 0 for block blk_2758200945994192183 terminating
081110 010418 5022 INFO dfs.DataNode$PacketResponder: PacketResponder 0 for block blk_-5819172125960072360 terminating
081110 010418 5047 INFO dfs.DataNode$PacketResponder: PacketResponder 1 for block blk_4311736976891728571 terminating
081110 010418 5052 INFO dfs.DataNode$PacketResponder: PacketResponder 0 for block blk_6232419205538848498 terminating
081110 010418 5052 INFO dfs.DataNode$PacketResponder: PacketResponder 2 for block blk_3863712353822449907 terminating
081110 010418 5059 INFO dfs.DataNode$PacketResponder: PacketResponder 0 for block blk_4311736976891728571 terminating
081110 010418 5080 INFO dfs.DataNode$PacketResponder: PacketResponder 1 for block blk_-5819172125960072360 terminating
081110 010418 5087 INFO dfs.DataNode$PacketResponder: PacketResponder 0 for block blk_3863712353822449907 terminating
081110 010418 5087 INFO dfs.DataNode$PacketResponder: PacketResponder 2 for block blk_-7956759520077454841 terminating
081110 010418 5091 INFO dfs.DataNode$PacketResponder: PacketResponder 1 for block blk_-7956759520077454841 terminating
081110 010418 5102 INFO dfs.DataNode$PacketResponder: PacketResponder 2 for block blk_4311736976891728571 terminating
081110 010418 5106 INFO dfs.DataNode$PacketResponder: PacketResponder 2 for block blk_1360860598728772958 terminating
081110 010418 5107 INFO dfs.DataNode$PacketResponder: PacketResponder 1 for block blk_3863712353822449907 terminating
081110 010418 5109 INFO dfs.DataNode$PacketResponder: PacketResponder 0 for block blk_-7956759520077454841 terminating
081110 010418 5116 INFO dfs.DataNode$PacketResponder: PacketResponder 2 for block blk_-1247855397501728585 terminating
081110 010418 5122 INFO dfs.DataNode$PacketResponder: PacketResponder 2 for block blk_2758200945994192183 terminating
081110 010418 5173 INFO dfs.DataNode$PacketResponder: PacketResponder 2 for block blk_6232419205538848498 terminating
081110 010418 5179 INFO dfs.DataNode$PacketResponder: PacketResponder 2 for block blk_-5819172125960072360 terminating
081110 010419 4882 INFO dfs.DataNode$PacketResponder: PacketResponder 0 for block blk_1157541238719541218 terminating
081110 010419 4931 INFO dfs.DataNode$PacketResponder: PacketResponder 2 for block blk_1157541238719541218 terminating
081110 010419 4950 INFO dfs.DataNode$PacketResponder: PacketResponder 0 for block blk_-6127053100128868455 terminating
081110 010419 4955 INFO dfs.DataNode$PacketResponder: PacketResponder 2 for block blk_1394707240607520187 terminating
081110 010419 4957 INFO dfs.DataNode$PacketResponder: PacketResponder 0 for block blk_1394707240607520187 terminating
081110 010419 4990 INFO dfs.DataNode$PacketResponder: PacketResponder 2 for block blk_6509751536845453029 terminating
081110 010419 5032 INFO dfs.DataNode$PacketResponder: PacketResponder 0 for block blk_4354855998514089456 terminating
081110 010419 5032 INFO dfs.DataNode$PacketResponder: PacketResponder 0 for block blk_-4652751141541045612 terminating
081110 010419 5038 INFO dfs.DataNode$PacketResponder: PacketResponder 2 for block blk_-4652751141541045612 terminating
081110 010419 5040 INFO dfs.DataNode$PacketResponder: PacketResponder 0 for block blk_3244958596144677073 terminating
081110 010419 5047 INFO dfs.DataNode$PacketResponder: PacketResponder 1 for block blk_3682360950687851111 terminating
081110 010419 5063 INFO dfs.DataNode$PacketResponder: PacketResponder 0 for block blk_1319980420613098546 terminating
081110 010419 5065 INFO dfs.DataNode$PacketResponder: PacketResponder 1 for block blk_1394707240607520187 terminating
081110 010419 5075 INFO dfs.DataNode$PacketResponder: PacketResponder 1 for block blk_-4652751141541045612 terminating
081110 010419 5082 INFO dfs.DataNode$PacketResponder: PacketResponder 1 for block blk_1157541238719541218 terminating
081110 010419 5089 INFO dfs.DataNode$PacketResponder: PacketResponder 0 for block blk_-1589223407608935685 terminating
081110 010419 5094 INFO dfs.DataNode$PacketResponder: PacketResponder 0 for block blk_-8249351415875704798 terminating
081110 010419 5095 INFO dfs.DataNode$PacketResponder: PacketResponder 1 for block blk_3244958596144677073 terminating
081110 010419 5104 INFO dfs.DataNode$PacketResponder: PacketResponder 1 for block blk_1319980420613098546 terminating
081110 010419 5117 INFO dfs.DataNode$PacketResponder: PacketResponder 0 for block blk_394903254644600369 terminating
081110 010419 5118 INFO dfs.DataNode$PacketResponder: PacketResponder 1 for block blk_-1589223407608935685 terminating
081110 010419 5122 INFO dfs.DataNode$PacketResponder: PacketResponder 1 for block blk_-6127053100128868455 terminating
081110 010419 5192 INFO dfs.DataNode$PacketResponder: PacketResponder 0 for block blk_3682360950687851111 terminating
081110 010420 4693 INFO dfs.DataNode$PacketResponder: PacketResponder 2 for block blk_8781472886517663548 terminating
081110 010420 4792 INFO dfs.DataNode$PacketResponder: PacketResponder 1 for block blk_394903254644600369 terminating
081110 010420 4894 INFO dfs.DataNode$PacketResponder: PacketResponder 1 for block blk_-8249351415875704798 terminating
081110 010420 4980 INFO dfs.DataNode$PacketResponder: PacketResponder 1 for block blk_-8938888073263893181 terminating
081110 010420 4980 INFO dfs.DataNode$PacketResponder: PacketResponder 2 for block blk_-34647526920929201 terminating
081110 010420 4984 INFO dfs.DataNode$PacketResponder: PacketResponder 0 for block blk_-1458124242618983689 terminating
081110 010420 4988 INFO dfs.DataNode$PacketResponder: PacketResponder 1 for block blk_1482359408349633416 terminating
081110 010420 4995 INFO dfs.DataNode$PacketResponder: PacketResponder 2 for block blk_-1589223407608935685 terminating
081110 010420 5007 INFO dfs.DataNode$PacketResponder: PacketResponder 1 for block blk_8058981264931493672 terminating
081110 010420 5010 INFO dfs.DataNode$PacketResponder: PacketResponder 2 for block blk_3019203474710516544 terminating
081110 010420 5034 INFO dfs.DataNode$PacketResponder: PacketResponder 2 for block blk_-8938888073263893181 terminating
081110 010420 5046 INFO dfs.DataNode$PacketResponder: PacketResponder 0 for block blk_-2560634805067102594 terminating
081110 010420 5048 INFO dfs.DataNode$PacketResponder: PacketResponder 0 for block blk_8781472886517663548 terminating
081110 010420 5051 INFO dfs.DataNode$PacketResponder: PacketResponder 0 for block blk_-4937944886986244998 terminating
081110 010420 5059 INFO dfs.DataNode$PacketResponder: PacketResponder 1 for block blk_1345832781273650755 terminating
081110 010420 5065 INFO dfs.DataNode$PacketResponder: PacketResponder 1 for block blk_4354855998514089456 terminating
081110 010420 5068 INFO dfs.DataNode$PacketResponder: PacketResponder 1 for block blk_3850851203984291536 terminating
081110 010420 5080 INFO dfs.DataNode$PacketResponder: PacketResponder 2 for block blk_394903254644600369 terminating
081110 010420 5082 INFO dfs.DataNode$PacketResponder: PacketResponder 0 for block blk_1345832781273650755 terminating
081110 010420 5086 INFO dfs.DataNode$PacketResponder: PacketResponder 0 for block blk_8058981264931493672 terminating
081110 010420 5087 INFO dfs.DataNode$PacketResponder: PacketResponder 2 for block blk_4796793994211299722 terminating
081110 010420 5088 INFO dfs.DataNode$PacketResponder: PacketResponder 0 for block blk_3019203474710516544 terminating
081110 010420 5088 INFO dfs.DataNode$PacketResponder: PacketResponder 2 for block blk_8058981264931493672 terminating
081110 010420 5089 INFO dfs.DataNode$PacketResponder: PacketResponder 1 for block blk_3019203474710516544 terminating
081110 010420 5096 INFO dfs.DataNode$PacketResponder: PacketResponder 0 for block blk_3850851203984291536 terminating
081110 010420 5097 INFO dfs.DataNode$PacketResponder: PacketResponder 2 for block blk_1482359408349633416 terminating
081110 010420 5098 INFO dfs.DataNode$PacketResponder: PacketResponder 1 for block blk_-34647526920929201 terminating
081110 010420 5100 INFO dfs.DataNode$PacketResponder: PacketResponder 2 for block blk_-8249351415875704798 terminating
081110 010420 5103 INFO dfs.DataNode$PacketResponder: PacketResponder 2 for block blk_3850851203984291536 terminating
081110 010420 5104 INFO dfs.DataNode$PacketResponder: PacketResponder 1 for block blk_-2560634805067102594 terminating
081110 010420 5105 INFO dfs.DataNode$PacketResponder: PacketResponder 0 for block blk_-8938888073263893181 terminating
081110 010420 5106 INFO dfs.DataNode$PacketResponder: PacketResponder 2 for block blk_3244958596144677073 terminating
081110 010420 5108 INFO dfs.DataNode$PacketResponder: PacketResponder 0 for block blk_1482359408349633416 terminating
081110 010420 5109 INFO dfs.DataNode$PacketResponder: PacketResponder 2 for block blk_-2560634805067102594 terminating
081110 010420 5123 INFO dfs.DataNode$PacketResponder: PacketResponder 1 for block blk_8781472886517663548 terminating
081110 010420 5127 INFO dfs.DataNode$PacketResponder: PacketResponder 2 for block blk_1319980420613098546 terminating
081110 010420 5129 INFO dfs.DataNode$PacketResponder: PacketResponder 2 for block blk_4354855998514089456 terminating
081110 010420 5154 INFO dfs.DataNode$PacketResponder: PacketResponder 2 for block blk_3682360950687851111 terminating
081110 010420 5165 INFO dfs.DataNode$PacketResponder: PacketResponder 0 for block blk_4796793994211299722 terminating
081110 010420 5177 INFO dfs.DataNode$PacketResponder: PacketResponder 0 for block blk_-34647526920929201 terminating
081110 010420 5201 INFO dfs.DataNode$PacketResponder: PacketResponder 1 for block blk_4796793994211299722 terminating
081110 010420 5225 INFO dfs.DataNode$PacketResponder: PacketResponder 2 for block blk_-6127053100128868455 terminating
081110 010421 3882 INFO dfs.DataNode$PacketResponder: PacketResponder 1 for block blk_-2420453720458989522 terminating
081110 010421 4782 INFO dfs.DataNode$PacketResponder: PacketResponder 2 for block blk_-4937944886986244998 terminating
081110 010421 4883 INFO dfs.DataNode$PacketResponder: PacketResponder 1 for block blk_-4937944886986244998 terminating
081110 010421 4924 INFO dfs.DataNode$PacketResponder: PacketResponder 1 for block blk_-1458124242618983689 terminating
081110 010421 4930 INFO dfs.DataNode$PacketResponder: PacketResponder 0 for block blk_4557564102781863717 terminating
081110 010421 4952 INFO dfs.DataNode$PacketResponder: PacketResponder 2 for block blk_-2420453720458989522 terminating
081110 010421 4984 INFO dfs.DataNode$PacketResponder: PacketResponder 0 for block blk_-1091129488418572420 terminating
081110 010421 4993 INFO dfs.DataNode$PacketResponder: PacketResponder 0 for block blk_6993791017842448499 terminating
081110 010421 4995 INFO dfs.DataNode$PacketResponder: PacketResponder 2 for block blk_-1091129488418572420 terminating
081110 010421 4997 INFO dfs.DataNode$PacketResponder: PacketResponder 0 for block blk_-2327973729926823343 terminating
081110 010421 5001 INFO dfs.DataNode$PacketResponder: PacketResponder 0 for block blk_-2420453720458989522 terminating
081110 010421 5019 INFO dfs.DataNode$PacketResponder: PacketResponder 1 for block blk_-1091129488418572420 terminating
081110 010421 5020 INFO dfs.DataNode$PacketResponder: PacketResponder 1 for block blk_4661152568865239410 terminating
081110 010421 5026 INFO dfs.DataNode$PacketResponder: PacketResponder 0 for block blk_1065579152163976572 terminating
081110 010421 5032 INFO dfs.DataNode$PacketResponder: PacketResponder 1 for block blk_6993791017842448499 terminating
081110 010421 5039 INFO dfs.DataNode$PacketResponder: PacketResponder 2 for block blk_-1458124242618983689 terminating
081110 010421 5050 INFO dfs.DataNode$PacketResponder: PacketResponder 2 for block blk_8055612059497283786 terminating
081110 010421 5054 INFO dfs.DataNode$PacketResponder: PacketResponder 0 for block blk_-1496449499081672987 terminating
081110 010421 5057 INFO dfs.DataNode$PacketResponder: PacketResponder 0 for block blk_-3375483817679409112 terminating
081110 010421 5064 INFO dfs.DataNode$PacketResponder: PacketResponder 1 for block blk_1065579152163976572 terminating
081110 010421 5067 INFO dfs.DataNode$PacketResponder: PacketResponder 2 for block blk_-1496449499081672987 terminating
081110 010421 5069 INFO dfs.DataNode$PacketResponder: PacketResponder 0 for block blk_4661152568865239410 terminating
081110 010421 5069 INFO dfs.DataNode$PacketResponder: PacketResponder 1 for block blk_6663065360047852976 terminating
081110 010421 5075 INFO dfs.DataNode$PacketResponder: PacketResponder 2 for block blk_-2327973729926823343 terminating
081110 010421 5076 INFO dfs.DataNode$PacketResponder: PacketResponder 0 for block blk_8055612059497283786 terminating
081110 010421 5078 INFO dfs.DataNode$PacketResponder: PacketResponder 1 for block blk_-1496449499081672987 terminating
081110 010421 5079 INFO dfs.DataNode$PacketResponder: PacketResponder 0 for block blk_6663065360047852976 terminating
081110 010421 5081 INFO dfs.DataNode$PacketResponder: PacketResponder 2 for block blk_6993791017842448499 terminating
081110 010421 5083 INFO dfs.DataNode$PacketResponder: PacketResponder 2 for block blk_6663065360047852976 terminating
081110 010421 5084 INFO dfs.DataNode$PacketResponder: PacketResponder 2 for block blk_4557564102781863717 terminating
081110 010421 5086 INFO dfs.DataNode$PacketResponder: PacketResponder 2 for block blk_1065579152163976572 terminating
081110 010421 5096 INFO dfs.DataNode$PacketResponder: PacketResponder 1 for block blk_4557564102781863717 terminating
081110 010421 5097 INFO dfs.DataNode$PacketResponder: PacketResponder 1 for block blk_8055612059497283786 terminating
081110 010421 5115 INFO dfs.DataNode$PacketResponder: PacketResponder 1 for block blk_-3375483817679409112 terminating
081110 010421 5198 INFO dfs.DataNode$PacketResponder: PacketResponder 1 for block blk_-2327973729926823343 terminating
081110 010422 4824 INFO dfs.DataNode$PacketResponder: PacketResponder 0 for block blk_3616759266887482062 terminating
081110 010422 4876 INFO dfs.DataNode$PacketResponder: PacketResponder 0 for block blk_5850659337550586523 terminating
081110 010422 4888 INFO dfs.DataNode$PacketResponder: PacketResponder 1 for block blk_3426268113189742204 terminating
081110 010422 4933 INFO dfs.DataNode$PacketResponder: PacketResponder 0 for block blk_6969684666539916308 terminating
081110 010422 4945 INFO dfs.DataNode$PacketResponder: PacketResponder 0 for block blk_3426268113189742204 terminating
081110 010422 4946 INFO dfs.DataNode$PacketResponder: PacketResponder 0 for block blk_4113314337179932342 terminating
081110 010422 4948 INFO dfs.DataNode$PacketResponder: PacketResponder 0 for block blk_3605614785083596622 terminating
081110 010422 4959 INFO dfs.DataNode$PacketResponder: PacketResponder 2 for block blk_-4979932443390136145 terminating
081110 010422 4972 INFO dfs.DataNode$PacketResponder: PacketResponder 2 for block blk_1345832781273650755 terminating
081110 010422 4979 INFO dfs.DataNode$PacketResponder: PacketResponder 1 for block blk_-4979932443390136145 terminating
081110 010422 4989 INFO dfs.DataNode$PacketResponder: PacketResponder 1 for block blk_3605614785083596622 terminating
081110 010422 4992 INFO dfs.DataNode$PacketResponder: PacketResponder 2 for block blk_-4273337502780510469 terminating
081110 010422 5013 INFO dfs.DataNode$PacketResponder: PacketResponder 1 for block blk_8934194194396715035 terminating
081110 010422 5016 INFO dfs.DataNode$PacketResponder: PacketResponder 1 for block blk_4113314337179932342 terminating
081110 010422 5030 INFO dfs.DataNode$PacketResponder: PacketResponder 0 for block blk_2331732112891779319 terminating
081110 010422 5031 INFO dfs.DataNode$PacketResponder: PacketResponder 2 for block blk_8934194194396715035 terminating
081110 010422 5043 INFO dfs.DataNode$PacketResponder: PacketResponder 2 for block blk_-4244077804523182139 terminating
081110 010422 5045 INFO dfs.DataNode$PacketResponder: PacketResponder 2 for block blk_3426268113189742204 terminating
081110 010422 5052 INFO dfs.DataNode$PacketResponder: PacketResponder 1 for block blk_3616759266887482062 terminating
081110 010422 5055 INFO dfs.DataNode$PacketResponder: PacketResponder 1 for block blk_2331732112891779319 terminating
081110 010422 5056 INFO dfs.DataNode$PacketResponder: PacketResponder 1 for block blk_-4273337502780510469 terminating
081110 010422 5056 INFO dfs.DataNode$PacketResponder: PacketResponder 2 for block blk_6969684666539916308 terminating
081110 010422 5060 INFO dfs.DataNode$PacketResponder: PacketResponder 0 for block blk_-4979932443390136145 terminating
081110 010422 5062 INFO dfs.DataNode$PacketResponder: PacketResponder 1 for block blk_-4244077804523182139 terminating
081110 010422 5062 INFO dfs.DataNode$PacketResponder: PacketResponder 1 for block blk_5850659337550586523 terminating
081110 010422 5063 INFO dfs.DataNode$PacketResponder: PacketResponder 2 for block blk_2331732112891779319 terminating
081110 010422 5074 INFO dfs.DataNode$PacketResponder: PacketResponder 2 for block blk_4113314337179932342 terminating
081110 010422 5088 INFO dfs.DataNode$PacketResponder: PacketResponder 2 for block blk_3605614785083596622 terminating
081110 010422 5090 INFO dfs.DataNode$PacketResponder: PacketResponder 0 for block blk_8934194194396715035 terminating
081110 010422 5091 INFO dfs.DataNode$PacketResponder: PacketResponder 2 for block blk_3616759266887482062 terminating
081110 010422 5097 INFO dfs.DataNode$PacketResponder: PacketResponder 2 for block blk_5850659337550586523 terminating
081110 010422 5098 INFO dfs.DataNode$PacketResponder: PacketResponder 2 for block blk_-3375483817679409112 terminating
081110 010422 5099 INFO dfs.DataNode$PacketResponder: PacketResponder 0 for block blk_-4244077804523182139 terminating
081110 010422 5111 INFO dfs.DataNode$PacketResponder: PacketResponder 2 for block blk_-7753277873015731624 terminating
081110 010422 5135 INFO dfs.DataNode$PacketResponder: PacketResponder 0 for block blk_-4273337502780510469 terminating
081110 010422 5196 INFO dfs.DataNode$PacketResponder: PacketResponder 1 for block blk_-7753277873015731624 terminating
081110 010422 5200 INFO dfs.DataNode$PacketResponder: PacketResponder 0 for block blk_-7753277873015731624 terminating
081110 010422 5208 INFO dfs.DataNode$PacketResponder: PacketResponder 2 for block blk_4661152568865239410 terminating
081110 010422 5209 INFO dfs.DataNode$PacketResponder: PacketResponder 1 for block blk_6969684666539916308 terminating
081110 010423 4780 INFO dfs.DataNode$PacketResponder: PacketResponder 1 for block blk_-6843976780017479716 terminating
081110 010423 4866 INFO dfs.DataNode$PacketResponder: PacketResponder 1 for block blk_7935487356346213462 terminating
081110 010423 4921 INFO dfs.DataNode$PacketResponder: PacketResponder 0 for block blk_6767341927676817551 terminating
081110 010423 4961 INFO dfs.DataNode$PacketResponder: PacketResponder 2 for block blk_-447267444890148079 terminating
081110 010423 4963 INFO dfs.DataNode$PacketResponder: PacketResponder 0 for block blk_-4895915248453484144 terminating
081110 010423 4998 INFO dfs.DataNode$PacketResponder: PacketResponder 1 for block blk_2825771689186330079 terminating
081110 010423 5000 INFO dfs.DataNode$PacketResponder: PacketResponder 2 for block blk_2241616049637034193 terminating
081110 010423 5002 INFO dfs.DataNode$PacketResponder: PacketResponder 0 for block blk_856360496067049183 terminating
081110 010423 5012 INFO dfs.DataNode$PacketResponder: PacketResponder 2 for block blk_5244069656991447223 terminating
081110 010423 5014 INFO dfs.DataNode$PacketResponder: PacketResponder 2 for block blk_7935487356346213462 terminating
081110 010423 5014 INFO dfs.DataNode$PacketResponder: PacketResponder 2 for block blk_80725643224150595 terminating
081110 010423 5018 INFO dfs.DataNode$PacketResponder: PacketResponder 0 for block blk_-4255372408768367945 terminating
081110 010423 5024 INFO dfs.DataNode$PacketResponder: PacketResponder 0 for block blk_2241616049637034193 terminating
081110 010423 5027 INFO dfs.DataNode$PacketResponder: PacketResponder 1 for block blk_-6642016116971546126 terminating
081110 010423 5028 INFO dfs.DataNode$PacketResponder: PacketResponder 0 for block blk_-2366894670008713059 terminating
081110 010423 5028 INFO dfs.DataNode$PacketResponder: PacketResponder 1 for block blk_856360496067049183 terminating
081110 010423 5031 INFO dfs.DataNode$PacketResponder: PacketResponder 1 for block blk_7484813640406419537 terminating
081110 010423 5032 INFO dfs.DataNode$PacketResponder: PacketResponder 2 for block blk_2825771689186330079 terminating
081110 010423 5035 INFO dfs.DataNode$PacketResponder: PacketResponder 1 for block blk_-2366894670008713059 terminating
081110 010423 5044 INFO dfs.DataNode$PacketResponder: PacketResponder 0 for block blk_-6642016116971546126 terminating
081110 010423 5044 INFO dfs.DataNode$PacketResponder: PacketResponder 2 for block blk_-8685942428808988602 terminating
081110 010423 5050 INFO dfs.DataNode$PacketResponder: PacketResponder 0 for block blk_7484813640406419537 terminating
081110 010423 5059 INFO dfs.DataNode$PacketResponder: PacketResponder 0 for block blk_2825771689186330079 terminating
081110 010423 5060 INFO dfs.DataNode$PacketResponder: PacketResponder 1 for block blk_5244069656991447223 terminating
081110 010423 5068 INFO dfs.DataNode$PacketResponder: PacketResponder 2 for block blk_-4255372408768367945 terminating
081110 010423 5071 INFO dfs.DataNode$PacketResponder: PacketResponder 0 for block blk_-6843976780017479716 terminating
081110 010423 5085 INFO dfs.DataNode$PacketResponder: PacketResponder 0 for block blk_-8685942428808988602 terminating
081110 010423 5086 INFO dfs.DataNode$PacketResponder: PacketResponder 1 for block blk_80725643224150595 terminating
081110 010423 5087 INFO dfs.DataNode$PacketResponder: PacketResponder 0 for block blk_7935487356346213462 terminating
081110 010423 5087 INFO dfs.DataNode$PacketResponder: PacketResponder 0 for block blk_80725643224150595 terminating
081110 010423 5102 INFO dfs.DataNode$PacketResponder: PacketResponder 1 for block blk_-8685942428808988602 terminating
081110 010423 5121 INFO dfs.DataNode$PacketResponder: PacketResponder 0 for block blk_-447267444890148079 terminating
081110 010423 5127 INFO dfs.DataNode$PacketResponder: PacketResponder 1 for block blk_-4255372408768367945 terminating
081110 010423 5134 INFO dfs.DataNode$PacketResponder: PacketResponder 2 for block blk_856360496067049183 terminating
081110 010423 5137 INFO dfs.DataNode$PacketResponder: PacketResponder 2 for block blk_-2366894670008713059 terminating
081110 010423 5138 INFO dfs.DataNode$PacketResponder: PacketResponder 2 for block blk_7484813640406419537 terminating
081110 010423 5158 INFO dfs.DataNode$PacketResponder: PacketResponder 1 for block blk_2241616049637034193 terminating
081110 010423 5162 INFO dfs.DataNode$PacketResponder: PacketResponder 1 for block blk_-447267444890148079 terminating
081110 010423 5195 INFO dfs.DataNode$PacketResponder: PacketResponder 0 for block blk_5244069656991447223 terminating
081110 010424 3886 INFO dfs.DataNode$PacketResponder: PacketResponder 2 for block blk_-2030351961361249817 terminating
081110 010424 4753 INFO dfs.DataNode$PacketResponder: PacketResponder 1 for block blk_7455713600511579189 terminating
081110 010424 4879 INFO dfs.DataNode$PacketResponder: PacketResponder 0 for block blk_-2585003365238334053 terminating
081110 010424 4881 INFO dfs.DataNode$PacketResponder: PacketResponder 2 for block blk_-6642016116971546126 terminating
081110 010424 4938 INFO dfs.DataNode$PacketResponder: PacketResponder 1 for block blk_-4895915248453484144 terminating
081110 010424 4959 INFO dfs.DataNode$PacketResponder: PacketResponder 2 for block blk_-5622932953231806146 terminating
081110 010424 4974 INFO dfs.DataNode$PacketResponder: PacketResponder 2 for block blk_-6843976780017479716 terminating
081110 010424 4981 INFO dfs.DataNode$DataXceiver: writeBlock blk_-7325005960494540734 received exception java.io.IOException: Could not read from stream
081110 010424 4986 INFO dfs.DataNode$PacketResponder: PacketResponder 2 for block blk_-6353079552128771356 terminating
081110 010424 5005 INFO dfs.DataNode$PacketResponder: PacketResponder 0 for block blk_-5622932953231806146 terminating
081110 010424 5018 INFO dfs.DataNode$PacketResponder: PacketResponder 1 for block blk_6767341927676817551 terminating
081110 010424 5022 INFO dfs.DataNode$PacketResponder: PacketResponder 2 for block blk_-2585003365238334053 terminating
081110 010424 5046 INFO dfs.DataNode$PacketResponder: PacketResponder 0 for block blk_7455713600511579189 terminating
081110 010424 5058 INFO dfs.DataNode$PacketResponder: PacketResponder 1 for block blk_-2585003365238334053 terminating
081110 010424 5061 INFO dfs.DataNode$PacketResponder: PacketResponder 2 for block blk_7455713600511579189 terminating
081110 010424 5062 INFO dfs.DataNode$PacketResponder: PacketResponder 0 for block blk_-2940154230804747632 terminating
081110 010424 5062 INFO dfs.DataNode$PacketResponder: PacketResponder 1 for block blk_-2030351961361249817 terminating
081110 010424 5065 INFO dfs.DataNode$PacketResponder: PacketResponder 2 for block blk_1566136332276216657 terminating
081110 010424 5071 INFO dfs.DataNode$PacketResponder: PacketResponder 0 for block blk_-2030351961361249817 terminating
081110 010424 5083 INFO dfs.DataNode$PacketResponder: PacketResponder 1 for block blk_-5753413855759476215 terminating
081110 010424 5084 INFO dfs.DataNode$PacketResponder: PacketResponder 2 for block blk_-5753413855759476215 terminating
081110 010424 5089 INFO dfs.DataNode$PacketResponder: PacketResponder 0 for block blk_1566136332276216657 terminating
081110 010424 5124 INFO dfs.DataNode$PacketResponder: PacketResponder 2 for block blk_-4895915248453484144 terminating
081110 010424 5129 INFO dfs.DataNode$PacketResponder: PacketResponder 2 for block blk_-2940154230804747632 terminating
081110 010424 5141 INFO dfs.DataNode$PacketResponder: PacketResponder 1 for block blk_-5622932953231806146 terminating
081110 010424 5148 INFO dfs.DataNode$PacketResponder: PacketResponder 2 for block blk_6767341927676817551 terminating
081110 010424 5151 INFO dfs.DataNode$PacketResponder: PacketResponder 0 for block blk_-6353079552128771356 terminating
081110 010424 5156 INFO dfs.DataNode$PacketResponder: PacketResponder 1 for block blk_-6353079552128771356 terminating
081110 010424 5158 INFO dfs.DataNode$PacketResponder: PacketResponder 1 for block blk_-2940154230804747632 terminating
081110 010424 5181 INFO dfs.DataNode$PacketResponder: PacketResponder 1 for block blk_1566136332276216657 terminating
081110 010424 5202 INFO dfs.DataNode$PacketResponder: PacketResponder 0 for block blk_-5753413855759476215 terminating
081110 010425 4821 INFO dfs.DataNode$PacketResponder: PacketResponder 2 for block blk_4648958243132589725 terminating
081110 010425 4849 INFO dfs.DataNode$PacketResponder: PacketResponder 1 for block blk_2402777249117474043 terminating
081110 010425 4855 INFO dfs.DataNode$PacketResponder: PacketResponder 0 for block blk_4825598470406259346 terminating
081110 010425 4886 INFO dfs.DataNode$PacketResponder: PacketResponder 1 for block blk_-899678669007896360 terminating
081110 010425 4923 INFO dfs.DataNode$PacketResponder: PacketResponder 0 for block blk_-5297339340342585124 terminating
081110 010425 4935 INFO dfs.DataNode$PacketResponder: PacketResponder 1 for block blk_7868637937163055315 terminating
081110 010425 4954 INFO dfs.DataNode$PacketResponder: PacketResponder 2 for block blk_-4039014119226092368 terminating
081110 010425 4965 INFO dfs.DataNode$PacketResponder: PacketResponder 2 for block blk_2402777249117474043 terminating
081110 010425 4998 INFO dfs.DataNode$PacketResponder: PacketResponder 0 for block blk_3680122495421797877 terminating
081110 010425 4999 INFO dfs.DataNode$PacketResponder: PacketResponder 0 for block blk_3733818651121949901 terminating
081110 010425 5007 INFO dfs.DataNode$PacketResponder: PacketResponder 2 for block blk_-7936479053093617722 terminating
081110 010425 5011 INFO dfs.DataNode$PacketResponder: PacketResponder 2 for block blk_7868637937163055315 terminating
081110 010425 5035 INFO dfs.DataNode$PacketResponder: PacketResponder 2 for block blk_-899678669007896360 terminating
081110 010425 5039 INFO dfs.DataNode$PacketResponder: PacketResponder 2 for block blk_4314641804178189333 terminating
081110 010425 5041 INFO dfs.DataNode$PacketResponder: PacketResponder 2 for block blk_-5297339340342585124 terminating
081110 010425 5043 INFO dfs.DataNode$PacketResponder: PacketResponder 0 for block blk_-899678669007896360 terminating
081110 010425 5053 INFO dfs.DataNode$PacketResponder: PacketResponder 0 for block blk_-4039014119226092368 terminating
081110 010425 5056 INFO dfs.DataNode$PacketResponder: PacketResponder 0 for block blk_8433807116611419180 terminating
081110 010425 5057 INFO dfs.DataNode$PacketResponder: PacketResponder 2 for block blk_-4324883657426691665 terminating
081110 010425 5058 INFO dfs.DataNode$PacketResponder: PacketResponder 1 for block blk_8433807116611419180 terminating
081110 010425 5064 INFO dfs.DataNode$PacketResponder: PacketResponder 1 for block blk_4314641804178189333 terminating
081110 010425 5067 INFO dfs.DataNode$PacketResponder: PacketResponder 1 for block blk_-7936479053093617722 terminating
081110 010425 5080 INFO dfs.DataNode$PacketResponder: PacketResponder 0 for block blk_7201898513090376787 terminating
081110 010425 5084 INFO dfs.DataNode$PacketResponder: PacketResponder 0 for block blk_6822127717207507188 terminating
081110 010425 5086 INFO dfs.DataNode$PacketResponder: PacketResponder 1 for block blk_-4039014119226092368 terminating
081110 010425 5086 INFO dfs.DataNode$PacketResponder: PacketResponder 1 for block blk_7201898513090376787 terminating
081110 010425 5089 INFO dfs.DataNode$PacketResponder: PacketResponder 0 for block blk_-4324883657426691665 terminating
081110 010425 5096 INFO dfs.DataNode$PacketResponder: PacketResponder 2 for block blk_3733818651121949901 terminating
081110 010425 5101 INFO dfs.DataNode$PacketResponder: PacketResponder 0 for block blk_4648958243132589725 terminating
081110 010425 5101 INFO dfs.DataNode$PacketResponder: PacketResponder 2 for block blk_7201898513090376787 terminating
081110 010425 5101 INFO dfs.DataNode$PacketResponder: PacketResponder 2 for block blk_8433807116611419180 terminating
081110 010425 5108 INFO dfs.DataNode$PacketResponder: PacketResponder 2 for block blk_3680122495421797877 terminating
081110 010425 5119 INFO dfs.DataNode$PacketResponder: PacketResponder 1 for block blk_4648958243132589725 terminating
081110 010425 5121 INFO dfs.DataNode$PacketResponder: PacketResponder 0 for block blk_4314641804178189333 terminating
081110 010425 5122 INFO dfs.DataNode$PacketResponder: PacketResponder 1 for block blk_-5297339340342585124 terminating
081110 010425 5132 INFO dfs.DataNode$PacketResponder: PacketResponder 1 for block blk_3680122495421797877 terminating
081110 010425 5154 INFO dfs.DataNode$PacketResponder: PacketResponder 1 for block blk_3733818651121949901 terminating
081110 010425 5158 INFO dfs.DataNode$PacketResponder: PacketResponder 0 for block blk_7868637937163055315 terminating
081110 010425 5173 INFO dfs.DataNode$PacketResponder: PacketResponder 0 for block blk_2402777249117474043 terminating
081110 010425 5197 INFO dfs.DataNode$PacketResponder: PacketResponder 0 for block blk_-7936479053093617722 terminating
081110 010426 4826 INFO dfs.DataNode$PacketResponder: PacketResponder 1 for block blk_3558058397483221896 terminating
081110 010426 4959 INFO dfs.DataNode$PacketResponder: PacketResponder 2 for block blk_5948455948626091880 terminating
081110 010426 4982 INFO dfs.DataNode$PacketResponder: PacketResponder 0 for block blk_-1320416988172655646 terminating
081110 010426 4997 INFO dfs.DataNode$PacketResponder: PacketResponder 1 for block blk_6822127717207507188 terminating
081110 010426 5001 INFO dfs.DataNode$PacketResponder: PacketResponder 1 for block blk_272610990013111022 terminating
081110 010426 5004 INFO dfs.DataNode$PacketResponder: PacketResponder 1 for block blk_5948455948626091880 terminating
081110 010426 5014 INFO dfs.DataNode$PacketResponder: PacketResponder 2 for block blk_2779793214236523070 terminating
081110 010426 5020 INFO dfs.DataNode$PacketResponder: PacketResponder 2 for block blk_4825598470406259346 terminating
081110 010426 5055 INFO dfs.DataNode$PacketResponder: PacketResponder 1 for block blk_9032219207231123670 terminating
081110 010426 5066 INFO dfs.DataNode$PacketResponder: PacketResponder 2 for block blk_3558058397483221896 terminating
081110 010426 5082 INFO dfs.DataNode$PacketResponder: PacketResponder 1 for block blk_4825598470406259346 terminating
081110 010426 5083 INFO dfs.DataNode$PacketResponder: PacketResponder 1 for block blk_-4324883657426691665 terminating
081110 010426 5087 INFO dfs.DataNode$PacketResponder: PacketResponder 2 for block blk_6822127717207507188 terminating
081110 010426 5104 INFO dfs.DataNode$PacketResponder: PacketResponder 0 for block blk_3558058397483221896 terminating
081110 010426 5107 INFO dfs.DataNode$PacketResponder: PacketResponder 1 for block blk_2779793214236523070 terminating
081110 010426 5112 INFO dfs.DataNode$PacketResponder: PacketResponder 0 for block blk_-3017048958008850905 terminating
081110 010426 5122 INFO dfs.DataNode$PacketResponder: PacketResponder 0 for block blk_9032219207231123670 terminating
081110 010426 5129 INFO dfs.DataNode$PacketResponder: PacketResponder 0 for block blk_2779793214236523070 terminating
081110 010426 5214 INFO dfs.DataNode$PacketResponder: PacketResponder 0 for block blk_5948455948626091880 terminating
081110 010427 4695 INFO dfs.DataNode$PacketResponder: PacketResponder 1 for block blk_-8332154190880711907 terminating
081110 010427 4803 INFO dfs.DataNode$PacketResponder: PacketResponder 2 for block blk_-992998516501193391 terminating
081110 010427 4857 INFO dfs.DataNode$PacketResponder: PacketResponder 2 for block blk_1295743768527774617 terminating
081110 010427 4859 INFO dfs.DataNode$PacketResponder: PacketResponder 1 for block blk_105744357802532974 terminating
081110 010427 4911 INFO dfs.DataNode$PacketResponder: PacketResponder 0 for block blk_-992998516501193391 terminating
081110 010427 4911 INFO dfs.DataNode$PacketResponder: PacketResponder 1 for block blk_1295743768527774617 terminating
081110 010427 4913 INFO dfs.DataNode$PacketResponder: PacketResponder 0 for block blk_7800164724285692227 terminating
081110 010427 4921 INFO dfs.DataNode$PacketResponder: PacketResponder 0 for block blk_-8332154190880711907 terminating
081110 010427 4954 INFO dfs.DataNode$PacketResponder: PacketResponder 2 for block blk_-1977211669773540741 terminating
081110 010427 4956 INFO dfs.DataNode$PacketResponder: PacketResponder 1 for block blk_-1320416988172655646 terminating
081110 010427 4958 INFO dfs.DataNode$PacketResponder: PacketResponder 1 for block blk_7800164724285692227 terminating
081110 010427 4962 INFO dfs.DataNode$PacketResponder: PacketResponder 2 for block blk_-8494258859425184308 terminating
081110 010427 4976 INFO dfs.DataNode$PacketResponder: PacketResponder 0 for block blk_-600638939709210777 terminating
081110 010427 4980 INFO dfs.DataNode$PacketResponder: PacketResponder 2 for block blk_752092532172269614 terminating
081110 010427 5012 INFO dfs.DataNode$PacketResponder: PacketResponder 1 for block blk_-992998516501193391 terminating
081110 010427 5025 INFO dfs.DataNode$PacketResponder: PacketResponder 0 for block blk_272610990013111022 terminating
081110 010427 5027 INFO dfs.DataNode$PacketResponder: PacketResponder 2 for block blk_-9189705960362165337 terminating
081110 010427 5034 INFO dfs.DataNode$PacketResponder: PacketResponder 1 for block blk_-3017048958008850905 terminating
081110 010427 5044 INFO dfs.DataNode$PacketResponder: PacketResponder 1 for block blk_3074014349169459607 terminating
081110 010427 5046 INFO dfs.DataNode$PacketResponder: PacketResponder 0 for block blk_752092532172269614 terminating
081110 010427 5049 INFO dfs.DataNode$PacketResponder: PacketResponder 0 for block blk_2149596146160464376 terminating
081110 010427 5049 INFO dfs.DataNode$PacketResponder: PacketResponder 1 for block blk_-8323793960066703126 terminating
081110 010427 5049 INFO dfs.DataNode$PacketResponder: PacketResponder 2 for block blk_272610990013111022 terminating
081110 010427 5053 INFO dfs.DataNode$PacketResponder: PacketResponder 1 for block blk_2149596146160464376 terminating
081110 010427 5054 INFO dfs.DataNode$PacketResponder: PacketResponder 2 for block blk_-8323793960066703126 terminating
081110 010427 5059 INFO dfs.DataNode$PacketResponder: PacketResponder 0 for block blk_2938875593664040384 terminating
081110 010427 5060 INFO dfs.DataNode$PacketResponder: PacketResponder 0 for block blk_1006045843630226064 terminating
081110 010427 5068 INFO dfs.DataNode$PacketResponder: PacketResponder 2 for block blk_9032219207231123670 terminating
081110 010427 5079 INFO dfs.DataNode$PacketResponder: PacketResponder 2 for block blk_-1320416988172655646 terminating
081110 010427 5084 INFO dfs.DataNode$PacketResponder: PacketResponder 0 for block blk_1295743768527774617 terminating
081110 010427 5085 INFO dfs.DataNode$PacketResponder: PacketResponder 2 for block blk_-3017048958008850905 terminating
081110 010427 5086 INFO dfs.DataNode$PacketResponder: PacketResponder 1 for block blk_-4584603036373323188 terminating
081110 010427 5086 INFO dfs.DataNode$PacketResponder: PacketResponder 2 for block blk_105744357802532974 terminating
081110 010427 5087 INFO dfs.DataNode$PacketResponder: PacketResponder 2 for block blk_1006045843630226064 terminating
081110 010427 5090 INFO dfs.DataNode$PacketResponder: PacketResponder 0 for block blk_-1894840815659658843 terminating
081110 010427 5090 INFO dfs.DataNode$PacketResponder: PacketResponder 2 for block blk_-8332154190880711907 terminating
081110 010427 5092 INFO dfs.DataNode$PacketResponder: PacketResponder 0 for block blk_-4584603036373323188 terminating
081110 010427 5094 INFO dfs.DataNode$PacketResponder: PacketResponder 0 for block blk_-1977211669773540741 terminating
081110 010427 5094 INFO dfs.DataNode$PacketResponder: PacketResponder 0 for block blk_-8323793960066703126 terminating
081110 010427 5099 INFO dfs.DataNode$PacketResponder: PacketResponder 1 for block blk_-1977211669773540741 terminating
081110 010427 5101 INFO dfs.DataNode$PacketResponder: PacketResponder 2 for block blk_7800164724285692227 terminating
081110 010427 5109 INFO dfs.DataNode$PacketResponder: PacketResponder 2 for block blk_3074014349169459607 terminating
081110 010427 5110 INFO dfs.DataNode$PacketResponder: PacketResponder 0 for block blk_-9189705960362165337 terminating
081110 010427 5111 INFO dfs.DataNode$PacketResponder: PacketResponder 0 for block blk_955392383187978548 terminating
081110 010427 5113 INFO dfs.DataNode$PacketResponder: PacketResponder 2 for block blk_955392383187978548 terminating
081110 010427 5117 INFO dfs.DataNode$PacketResponder: PacketResponder 1 for block blk_752092532172269614 terminating
081110 010427 5120 INFO dfs.DataNode$PacketResponder: PacketResponder 1 for block blk_1006045843630226064 terminating
081110 010427 5123 INFO dfs.DataNode$PacketResponder: PacketResponder 1 for block blk_-8494258859425184308 terminating
081110 010427 5129 INFO dfs.DataNode$PacketResponder: PacketResponder 1 for block blk_-600638939709210777 terminating
081110 010427 5133 INFO dfs.DataNode$PacketResponder: PacketResponder 0 for block blk_3074014349169459607 terminating
081110 010427 5146 INFO dfs.DataNode$PacketResponder: PacketResponder 1 for block blk_-9189705960362165337 terminating
081110 010427 5155 INFO dfs.DataNode$PacketResponder: PacketResponder 1 for block blk_955392383187978548 terminating
081110 010427 5156 INFO dfs.DataNode$PacketResponder: PacketResponder 0 for block blk_8622964490065729522 terminating
081110 010427 5173 INFO dfs.DataNode$PacketResponder: PacketResponder 0 for block blk_105744357802532974 terminating
081110 010428 4790 INFO dfs.DataNode$PacketResponder: PacketResponder 2 for block blk_2938875593664040384 terminating
081110 010428 4896 INFO dfs.DataNode$PacketResponder: PacketResponder 0 for block blk_757183969271242229 terminating
081110 010428 4988 INFO dfs.DataNode$PacketResponder: PacketResponder 0 for block blk_5556229877730701313 terminating
081110 010428 4992 INFO dfs.DataNode$PacketResponder: PacketResponder 0 for block blk_-363851888520825054 terminating
081110 010428 5005 INFO dfs.DataNode$PacketResponder: PacketResponder 1 for block blk_757183969271242229 terminating
081110 010428 5018 INFO dfs.DataNode$PacketResponder: PacketResponder 2 for block blk_-3495178427873542639 terminating
081110 010428 5022 INFO dfs.DataNode$PacketResponder: PacketResponder 0 for block blk_7748766926518302759 terminating
081110 010428 5036 INFO dfs.DataNode$PacketResponder: PacketResponder 2 for block blk_-4584603036373323188 terminating
081110 010428 5042 INFO dfs.DataNode$PacketResponder: PacketResponder 1 for block blk_-1894840815659658843 terminating
081110 010428 5059 INFO dfs.DataNode$PacketResponder: PacketResponder 1 for block blk_-363851888520825054 terminating
081110 010428 5066 INFO dfs.DataNode$PacketResponder: PacketResponder 1 for block blk_8622964490065729522 terminating
081110 010428 5072 INFO dfs.DataNode$PacketResponder: PacketResponder 1 for block blk_-3495178427873542639 terminating
081110 010428 5072 INFO dfs.DataNode$PacketResponder: PacketResponder 2 for block blk_-363851888520825054 terminating
081110 010428 5082 INFO dfs.DataNode$PacketResponder: PacketResponder 1 for block blk_5556229877730701313 terminating
081110 010428 5086 INFO dfs.DataNode$PacketResponder: PacketResponder 1 for block blk_2938875593664040384 terminating
081110 010428 5089 INFO dfs.DataNode$PacketResponder: PacketResponder 2 for block blk_-600638939709210777 terminating
081110 010428 5092 INFO dfs.DataNode$PacketResponder: PacketResponder 2 for block blk_-1894840815659658843 terminating
081110 010428 5099 INFO dfs.DataNode$PacketResponder: PacketResponder 2 for block blk_2149596146160464376 terminating
081110 010428 5106 INFO dfs.DataNode$DataXceiver: writeBlock blk_8501957753609895085 received exception java.io.IOException: Could not read from stream
081110 010428 5111 INFO dfs.DataNode$PacketResponder: PacketResponder 0 for block blk_-8494258859425184308 terminating
081110 010428 5121 INFO dfs.DataNode$PacketResponder: PacketResponder 0 for block blk_-3495178427873542639 terminating
081110 010428 5131 INFO dfs.DataNode$PacketResponder: PacketResponder 2 for block blk_8622964490065729522 terminating
081110 010428 5194 INFO dfs.DataNode$PacketResponder: PacketResponder 2 for block blk_757183969271242229 terminating
081110 010429 4875 INFO dfs.DataNode$PacketResponder: PacketResponder 2 for block blk_6938362824643030437 terminating
081110 010429 4901 INFO dfs.DataNode$PacketResponder: PacketResponder 2 for block blk_5556229877730701313 terminating
081110 010429 4915 INFO dfs.DataNode$PacketResponder: PacketResponder 0 for block blk_-6033344761296630126 terminating
081110 010429 4928 INFO dfs.DataNode$PacketResponder: PacketResponder 1 for block blk_-535333249814999140 terminating
081110 010429 4929 INFO dfs.DataNode$PacketResponder: PacketResponder 2 for block blk_7281820108351251698 terminating
081110 010429 4940 INFO dfs.DataNode$PacketResponder: PacketResponder 2 for block blk_7748766926518302759 terminating
081110 010429 4950 INFO dfs.DataNode$PacketResponder: PacketResponder 0 for block blk_-7913820453634893034 terminating
081110 010429 4970 INFO dfs.DataNode$PacketResponder: PacketResponder 1 for block blk_7281820108351251698 terminating
081110 010429 4982 INFO dfs.DataNode$PacketResponder: PacketResponder 2 for block blk_-7030580212957352107 terminating
081110 010429 4986 INFO dfs.DataNode$PacketResponder: PacketResponder 1 for block blk_-187562053644876780 terminating
081110 010429 5029 INFO dfs.DataNode$PacketResponder: PacketResponder 1 for block blk_-7030580212957352107 terminating
081110 010429 5030 INFO dfs.DataNode$PacketResponder: PacketResponder 0 for block blk_-535333249814999140 terminating
081110 010429 5033 INFO dfs.DataNode$PacketResponder: PacketResponder 0 for block blk_-187562053644876780 terminating
081110 010429 5047 INFO dfs.DataNode$PacketResponder: PacketResponder 2 for block blk_-187562053644876780 terminating
081110 010429 5049 INFO dfs.DataNode$PacketResponder: PacketResponder 2 for block blk_1567827079697775364 terminating
081110 010429 5057 INFO dfs.DataNode$PacketResponder: PacketResponder 1 for block blk_2156498938394392447 terminating
081110 010429 5059 INFO dfs.DataNode$PacketResponder: PacketResponder 0 for block blk_6938362824643030437 terminating
081110 010429 5062 INFO dfs.DataNode$PacketResponder: PacketResponder 1 for block blk_-7913820453634893034 terminating
081110 010429 5068 INFO dfs.DataNode$PacketResponder: PacketResponder 0 for block blk_-7030580212957352107 terminating
081110 010429 5073 INFO dfs.DataNode$PacketResponder: PacketResponder 1 for block blk_7748766926518302759 terminating
081110 010429 5083 INFO dfs.DataNode$PacketResponder: PacketResponder 1 for block blk_-3073524698716143215 terminating
081110 010429 5087 INFO dfs.DataNode$PacketResponder: PacketResponder 0 for block blk_1567827079697775364 terminating
081110 010429 5090 INFO dfs.DataNode$PacketResponder: PacketResponder 1 for block blk_6938362824643030437 terminating
081110 010429 5115 INFO dfs.DataNode$PacketResponder: PacketResponder 1 for block blk_1567827079697775364 terminating
081110 010429 5123 INFO dfs.DataNode$PacketResponder: PacketResponder 2 for block blk_-7913820453634893034 terminating
081110 010429 5126 INFO dfs.DataNode$PacketResponder: PacketResponder 0 for block blk_2156498938394392447 terminating
081110 010429 5147 INFO dfs.DataNode$PacketResponder: PacketResponder 1 for block blk_-6033344761296630126 terminating
081110 010429 5156 INFO dfs.DataNode$PacketResponder: PacketResponder 0 for block blk_7281820108351251698 terminating
081110 010429 5156 INFO dfs.DataNode$PacketResponder: PacketResponder 2 for block blk_-3073524698716143215 terminating
081110 010429 5168 INFO dfs.DataNode$PacketResponder: PacketResponder 2 for block blk_2156498938394392447 terminating
081110 010429 5227 INFO dfs.DataNode$PacketResponder: PacketResponder 0 for block blk_-3073524698716143215 terminating
081110 010430 4927 INFO dfs.DataNode$PacketResponder: PacketResponder 1 for block blk_1842751360752554267 terminating
081110 010430 4934 INFO dfs.DataNode$PacketResponder: PacketResponder 1 for block blk_-5190957385903864502 terminating
081110 010430 4936 INFO dfs.DataNode$PacketResponder: PacketResponder 2 for block blk_1842751360752554267 terminating
081110 010430 4945 INFO dfs.DataNode$PacketResponder: PacketResponder 0 for block blk_-8394320769137652809 terminating
081110 010430 4958 INFO dfs.DataNode$PacketResponder: PacketResponder 2 for block blk_-6033344761296630126 terminating
081110 010430 4986 INFO dfs.DataNode$DataXceiver: writeBlock blk_-8829536881065367654 received exception java.io.IOException: Could not read from stream
081110 010430 5023 INFO dfs.DataNode$PacketResponder: PacketResponder 2 for block blk_-1992711220282889343 terminating
081110 010430 5025 INFO dfs.DataNode$PacketResponder: PacketResponder 1 for block blk_-4637857968446099600 terminating
081110 010430 5045 INFO dfs.DataNode$PacketResponder: PacketResponder 0 for block blk_-5377953865110591724 terminating
081110 010430 5045 INFO dfs.DataNode$PacketResponder: PacketResponder 1 for block blk_-5377953865110591724 terminating
081110 010430 5060 INFO dfs.DataNode$PacketResponder: PacketResponder 2 for block blk_-535333249814999140 terminating
081110 010430 5061 INFO dfs.DataNode$PacketResponder: PacketResponder 1 for block blk_-4519956547533625231 terminating
081110 010430 5067 INFO dfs.DataNode$PacketResponder: PacketResponder 2 for block blk_-5377953865110591724 terminating
081110 010430 5088 INFO dfs.DataNode$PacketResponder: PacketResponder 0 for block blk_1842751360752554267 terminating
081110 010430 5094 INFO dfs.DataNode$PacketResponder: PacketResponder 1 for block blk_-1992711220282889343 terminating
081110 010430 5097 INFO dfs.DataNode$PacketResponder: PacketResponder 0 for block blk_-4637857968446099600 terminating
081110 010430 5098 INFO dfs.DataNode$PacketResponder: PacketResponder 2 for block blk_-5190957385903864502 terminating
081110 010430 5100 INFO dfs.DataNode$PacketResponder: PacketResponder 2 for block blk_-4519956547533625231 terminating
081110 010430 5103 INFO dfs.DataNode$PacketResponder: PacketResponder 0 for block blk_-4519956547533625231 terminating
081110 010430 5103 INFO dfs.DataNode$PacketResponder: PacketResponder 0 for block blk_-5778134575667585485 terminating
081110 010430 5113 INFO dfs.DataNode$PacketResponder: PacketResponder 0 for block blk_-5190957385903864502 terminating
081110 010430 5126 INFO dfs.DataNode$PacketResponder: PacketResponder 0 for block blk_-1992711220282889343 terminating
081110 010430 5217 INFO dfs.DataNode$PacketResponder: PacketResponder 2 for block blk_-4637857968446099600 terminating
081110 010431 4776 INFO dfs.DataNode$PacketResponder: PacketResponder 1 for block blk_5647154219629490753 terminating
081110 010431 4810 INFO dfs.DataNode$PacketResponder: PacketResponder 1 for block blk_5236200610508477543 terminating
081110 010431 4830 INFO dfs.DataNode$PacketResponder: PacketResponder 2 for block blk_-5089342820415689679 terminating
081110 010431 4870 INFO dfs.DataNode$PacketResponder: PacketResponder 2 for block blk_-1731006286104875405 terminating
081110 010431 4988 INFO dfs.DataNode$PacketResponder: PacketResponder 0 for block blk_-5089342820415689679 terminating
081110 010431 5017 INFO dfs.DataNode$PacketResponder: PacketResponder 2 for block blk_-460501811306541390 terminating
081110 010431 5032 INFO dfs.DataNode$PacketResponder: PacketResponder 0 for block blk_-7800925768275130706 terminating
081110 010431 5038 INFO dfs.DataNode$PacketResponder: PacketResponder 0 for block blk_5236200610508477543 terminating
081110 010431 5057 INFO dfs.DataNode$PacketResponder: PacketResponder 1 for block blk_-460501811306541390 terminating
081110 010431 5057 INFO dfs.DataNode$PacketResponder: PacketResponder 1 for block blk_-7800925768275130706 terminating
081110 010431 5060 INFO dfs.DataNode$PacketResponder: PacketResponder 2 for block blk_-8394320769137652809 terminating
081110 010431 5073 INFO dfs.DataNode$PacketResponder: PacketResponder 2 for block blk_5236200610508477543 terminating
081110 010431 5076 INFO dfs.DataNode$PacketResponder: PacketResponder 0 for block blk_-816919260421221139 terminating
081110 010431 5079 INFO dfs.DataNode$PacketResponder: PacketResponder 0 for block blk_5647154219629490753 terminating
081110 010431 5083 INFO dfs.DataNode$PacketResponder: PacketResponder 1 for block blk_-816919260421221139 terminating
081110 010431 5088 INFO dfs.DataNode$PacketResponder: PacketResponder 0 for block blk_-460501811306541390 terminating
081110 010431 5088 INFO dfs.DataNode$PacketResponder: PacketResponder 1 for block blk_-5089342820415689679 terminating
081110 010431 5107 INFO dfs.DataNode$PacketResponder: PacketResponder 0 for block blk_-1731006286104875405 terminating
081110 010431 5121 INFO dfs.DataNode$PacketResponder: PacketResponder 1 for block blk_-8394320769137652809 terminating
081110 010431 5138 INFO dfs.DataNode$PacketResponder: PacketResponder 2 for block blk_5647154219629490753 terminating
081110 010431 5152 INFO dfs.DataNode$PacketResponder: PacketResponder 1 for block blk_-1731006286104875405 terminating
081110 010432 4883 INFO dfs.DataNode$PacketResponder: PacketResponder 2 for block blk_-3098199631339527990 terminating
081110 010432 4885 INFO dfs.DataNode$PacketResponder: PacketResponder 1 for block blk_-5778134575667585485 terminating
081110 010432 4915 INFO dfs.DataNode$DataXceiver: writeBlock blk_-3595648725687864838 received exception java.io.IOException: Could not read from stream
081110 010432 4936 INFO dfs.DataNode$PacketResponder: PacketResponder 2 for block blk_-5778134575667585485 terminating
081110 010432 5024 INFO dfs.DataNode$PacketResponder: PacketResponder 1 for block blk_7492762042811259438 terminating
081110 010432 5056 INFO dfs.DataNode$PacketResponder: PacketResponder 0 for block blk_-2026326788119998576 terminating
081110 010432 5061 INFO dfs.DataNode$PacketResponder: PacketResponder 0 for block blk_7492762042811259438 terminating
081110 010432 5062 INFO dfs.DataNode$PacketResponder: PacketResponder 2 for block blk_7492762042811259438 terminating
081110 010432 5066 INFO dfs.DataNode$PacketResponder: PacketResponder 2 for block blk_-7800925768275130706 terminating
081110 010432 5086 INFO dfs.DataNode$PacketResponder: PacketResponder 2 for block blk_-816919260421221139 terminating
081110 010432 5087 INFO dfs.DataNode$PacketResponder: PacketResponder 1 for block blk_-2026326788119998576 terminating
081110 010432 5113 INFO dfs.DataNode$PacketResponder: PacketResponder 0 for block blk_-5663299338407520158 terminating
081110 010432 5113 INFO dfs.DataNode$PacketResponder: PacketResponder 2 for block blk_-2026326788119998576 terminating
081110 010432 5119 INFO dfs.DataNode$PacketResponder: PacketResponder 0 for block blk_-3098199631339527990 terminating
081110 010432 5173 INFO dfs.DataNode$PacketResponder: PacketResponder 1 for block blk_-3098199631339527990 terminating
081110 010433 4755 INFO dfs.DataNode$PacketResponder: PacketResponder 2 for block blk_-4009053503288366936 terminating
081110 010433 4861 INFO dfs.DataNode$PacketResponder: PacketResponder 0 for block blk_-5999233627723566229 terminating
081110 010433 4872 INFO dfs.DataNode$PacketResponder: PacketResponder 1 for block blk_1610868204294640453 terminating
081110 010433 4896 INFO dfs.DataNode$PacketResponder: PacketResponder 0 for block blk_728412933362417901 terminating
081110 010433 4980 INFO dfs.DataNode$PacketResponder: PacketResponder 2 for block blk_-5663299338407520158 terminating
081110 010433 4994 INFO dfs.DataNode$PacketResponder: PacketResponder 0 for block blk_-8362897998492166600 terminating
081110 010433 5051 INFO dfs.DataNode$PacketResponder: PacketResponder 2 for block blk_8102225319804191813 terminating
081110 010433 5053 INFO dfs.DataNode$PacketResponder: PacketResponder 2 for block blk_-245862970201539818 terminating
081110 010433 5057 INFO dfs.DataNode$PacketResponder: PacketResponder 1 for block blk_-245862970201539818 terminating
081110 010433 5061 INFO dfs.DataNode$PacketResponder: PacketResponder 0 for block blk_1610868204294640453 terminating
081110 010433 5063 INFO dfs.DataNode$PacketResponder: PacketResponder 2 for block blk_1610868204294640453 terminating
081110 010433 5067 INFO dfs.DataNode$PacketResponder: PacketResponder 0 for block blk_-2193728960924471937 terminating
081110 010433 5086 INFO dfs.DataNode$PacketResponder: PacketResponder 2 for block blk_911340189156850688 terminating
081110 010433 5089 INFO dfs.DataNode$PacketResponder: PacketResponder 1 for block blk_8102225319804191813 terminating
081110 010433 5094 INFO dfs.DataNode$PacketResponder: PacketResponder 0 for block blk_-245862970201539818 terminating
081110 010433 5095 INFO dfs.DataNode$PacketResponder: PacketResponder 0 for block blk_-5640874655617554632 terminating
081110 010433 5098 INFO dfs.DataNode$PacketResponder: PacketResponder 0 for block blk_911340189156850688 terminating
081110 010433 5099 INFO dfs.DataNode$PacketResponder: PacketResponder 1 for block blk_-4009053503288366936 terminating
081110 010433 5118 INFO dfs.DataNode$PacketResponder: PacketResponder 1 for block blk_-5663299338407520158 terminating
081110 010433 5119 INFO dfs.DataNode$PacketResponder: PacketResponder 0 for block blk_3574819591703231334 terminating
081110 010433 5124 INFO dfs.DataNode$PacketResponder: PacketResponder 0 for block blk_-4009053503288366936 terminating
081110 010433 5125 INFO dfs.DataNode$PacketResponder: PacketResponder 1 for block blk_911340189156850688 terminating
081110 010433 5126 INFO dfs.DataNode$PacketResponder: PacketResponder 1 for block blk_-2193728960924471937 terminating
081110 010433 5132 INFO dfs.DataNode$PacketResponder: PacketResponder 1 for block blk_-5640874655617554632 terminating
081110 010433 5133 INFO dfs.DataNode$PacketResponder: PacketResponder 2 for block blk_3574819591703231334 terminating
081110 010433 5134 INFO dfs.DataNode$PacketResponder: PacketResponder 1 for block blk_-8362897998492166600 terminating
081110 010433 5144 INFO dfs.DataNode$PacketResponder: PacketResponder 1 for block blk_3574819591703231334 terminating
081110 010433 5152 INFO dfs.DataNode$PacketResponder: PacketResponder 2 for block blk_-8362897998492166600 terminating
081110 010433 5154 INFO dfs.DataNode$PacketResponder: PacketResponder 2 for block blk_-5640874655617554632 terminating
081110 010433 5181 INFO dfs.DataNode$PacketResponder: PacketResponder 2 for block blk_728412933362417901 terminating
081110 010433 5193 INFO dfs.DataNode$PacketResponder: PacketResponder 0 for block blk_8102225319804191813 terminating
081110 010433 5215 INFO dfs.DataNode$PacketResponder: PacketResponder 1 for block blk_728412933362417901 terminating
081110 010434 4807 INFO dfs.DataNode$PacketResponder: PacketResponder 1 for block blk_-1664121676534408733 terminating
081110 010434 4853 INFO dfs.DataNode$PacketResponder: PacketResponder 2 for block blk_-5505397527366983447 terminating
081110 010434 4878 INFO dfs.DataNode$PacketResponder: PacketResponder 2 for block blk_-5999233627723566229 terminating
081110 010434 4892 INFO dfs.DataNode$PacketResponder: PacketResponder 0 for block blk_-121137475764112147 terminating
081110 010434 4933 INFO dfs.DataNode$PacketResponder: PacketResponder 2 for block blk_-2193728960924471937 terminating
081110 010434 4938 INFO dfs.DataNode$PacketResponder: PacketResponder 0 for block blk_-5067848977396353079 terminating
081110 010434 4960 INFO dfs.DataNode$PacketResponder: PacketResponder 0 for block blk_-6400800712482719158 terminating
081110 010434 4984 INFO dfs.DataNode$PacketResponder: PacketResponder 2 for block blk_2947691553710577304 terminating
081110 010434 4988 INFO dfs.DataNode$PacketResponder: PacketResponder 0 for block blk_-4532607509947958090 terminating
081110 010434 5017 INFO dfs.DataNode$PacketResponder: PacketResponder 0 for block blk_8071023073878640763 terminating
081110 010434 5047 INFO dfs.DataNode$PacketResponder: PacketResponder 0 for block blk_2947691553710577304 terminating
081110 010434 5048 INFO dfs.DataNode$PacketResponder: PacketResponder 2 for block blk_-5067848977396353079 terminating
081110 010434 5051 INFO dfs.DataNode$PacketResponder: PacketResponder 1 for block blk_-121137475764112147 terminating
081110 010434 5053 INFO dfs.DataNode$PacketResponder: PacketResponder 2 for block blk_1327021609240219968 terminating
081110 010434 5059 INFO dfs.DataNode$PacketResponder: PacketResponder 1 for block blk_-6400800712482719158 terminating
081110 010434 5063 INFO dfs.DataNode$PacketResponder: PacketResponder 1 for block blk_1327021609240219968 terminating
081110 010434 5065 INFO dfs.DataNode$PacketResponder: PacketResponder 0 for block blk_4616917336779309617 terminating
081110 010434 5068 INFO dfs.DataNode$PacketResponder: PacketResponder 1 for block blk_8071023073878640763 terminating
081110 010434 5072 INFO dfs.DataNode$PacketResponder: PacketResponder 1 for block blk_-5999233627723566229 terminating
081110 010434 5074 INFO dfs.DataNode$PacketResponder: PacketResponder 0 for block blk_-5505397527366983447 terminating
081110 010434 5079 INFO dfs.DataNode$PacketResponder: PacketResponder 1 for block blk_4616917336779309617 terminating
081110 010434 5081 INFO dfs.DataNode$PacketResponder: PacketResponder 1 for block blk_3598350210966536875 terminating
081110 010434 5110 INFO dfs.DataNode$PacketResponder: PacketResponder 2 for block blk_-121137475764112147 terminating
081110 010434 5114 INFO dfs.DataNode$PacketResponder: PacketResponder 1 for block blk_-5505397527366983447 terminating
081110 010434 5124 INFO dfs.DataNode$PacketResponder: PacketResponder 1 for block blk_2947691553710577304 terminating
081110 010434 5133 INFO dfs.DataNode$PacketResponder: PacketResponder 2 for block blk_-1664121676534408733 terminating
081110 010434 5146 INFO dfs.DataNode$PacketResponder: PacketResponder 1 for block blk_-5067848977396353079 terminating
081110 010434 5150 INFO dfs.DataNode$PacketResponder: PacketResponder 0 for block blk_3598350210966536875 terminating
081110 010434 5154 INFO dfs.DataNode$PacketResponder: PacketResponder 0 for block blk_-1664121676534408733 terminating
081110 010434 5176 INFO dfs.DataNode$PacketResponder: PacketResponder 0 for block blk_1327021609240219968 terminating
081110 010435 4699 INFO dfs.DataNode$PacketResponder: PacketResponder 0 for block blk_-3393746773324540420 terminating
081110 010435 4745 INFO dfs.DataNode$PacketResponder: PacketResponder 2 for block blk_3598350210966536875 terminating
081110 010435 4909 INFO dfs.DataNode$PacketResponder: PacketResponder 2 for block blk_-7601014986867513293 terminating
081110 010435 4940 INFO dfs.DataNode$PacketResponder: PacketResponder 2 for block blk_3087788977907955881 terminating
081110 010435 4953 INFO dfs.DataNode$PacketResponder: PacketResponder 1 for block blk_-6978834972387259885 terminating
081110 010435 4954 INFO dfs.DataNode$PacketResponder: PacketResponder 2 for block blk_-6978834972387259885 terminating
081110 010435 4956 INFO dfs.DataNode$PacketResponder: PacketResponder 0 for block blk_-7601014986867513293 terminating
081110 010435 4961 INFO dfs.DataNode$PacketResponder: PacketResponder 2 for block blk_-7466647772912315661 terminating
081110 010435 4978 INFO dfs.DataNode$PacketResponder: PacketResponder 1 for block blk_-3393746773324540420 terminating
081110 010435 4986 INFO dfs.DataNode$PacketResponder: PacketResponder 1 for block blk_71723294368122639 terminating
081110 010435 5002 INFO dfs.DataNode$PacketResponder: PacketResponder 1 for block blk_-7466647772912315661 terminating
081110 010435 5003 INFO dfs.DataNode$PacketResponder: PacketResponder 2 for block blk_8071023073878640763 terminating
081110 010435 5013 INFO dfs.DataNode$PacketResponder: PacketResponder 1 for block blk_-4532607509947958090 terminating
081110 010435 5014 INFO dfs.DataNode$PacketResponder: PacketResponder 1 for block blk_7066020104425047797 terminating
081110 010435 5015 INFO dfs.DataNode$PacketResponder: PacketResponder 1 for block blk_1228286860391882078 terminating
081110 010435 5020 INFO dfs.DataNode$PacketResponder: PacketResponder 1 for block blk_-7601014986867513293 terminating
081110 010435 5055 INFO dfs.DataNode$PacketResponder: PacketResponder 0 for block blk_3087788977907955881 terminating
081110 010435 5061 INFO dfs.DataNode$PacketResponder: PacketResponder 0 for block blk_8773973528709460045 terminating
081110 010435 5064 INFO dfs.DataNode$PacketResponder: PacketResponder 0 for block blk_-6978834972387259885 terminating
081110 010435 5079 INFO dfs.DataNode$PacketResponder: PacketResponder 1 for block blk_3087788977907955881 terminating
081110 010435 5085 INFO dfs.DataNode$PacketResponder: PacketResponder 2 for block blk_-6400800712482719158 terminating
081110 010435 5088 INFO dfs.DataNode$PacketResponder: PacketResponder 2 for block blk_-5530828875352283032 terminating
081110 010435 5088 INFO dfs.DataNode$PacketResponder: PacketResponder 2 for block blk_8773973528709460045 terminating
081110 010435 5089 INFO dfs.DataNode$PacketResponder: PacketResponder 0 for block blk_-1160891164202095767 terminating
081110 010435 5090 INFO dfs.DataNode$PacketResponder: PacketResponder 0 for block blk_1228286860391882078 terminating
081110 010435 5103 INFO dfs.DataNode$PacketResponder: PacketResponder 2 for block blk_7066020104425047797 terminating
081110 010435 5106 INFO dfs.DataNode$PacketResponder: PacketResponder 2 for block blk_4616917336779309617 terminating
081110 010435 5116 INFO dfs.DataNode$PacketResponder: PacketResponder 2 for block blk_-1160891164202095767 terminating
081110 010435 5119 INFO dfs.DataNode$PacketResponder: PacketResponder 2 for block blk_71723294368122639 terminating
081110 010435 5120 INFO dfs.DataNode$PacketResponder: PacketResponder 0 for block blk_-5530828875352283032 terminating
081110 010435 5123 INFO dfs.DataNode$PacketResponder: PacketResponder 0 for block blk_71723294368122639 terminating
081110 010435 5126 INFO dfs.DataNode$PacketResponder: PacketResponder 1 for block blk_-1160891164202095767 terminating
081110 010435 5127 INFO dfs.DataNode$PacketResponder: PacketResponder 0 for block blk_-7466647772912315661 terminating
081110 010435 5153 INFO dfs.DataNode$PacketResponder: PacketResponder 2 for block blk_-4532607509947958090 terminating
081110 010435 5162 INFO dfs.DataNode$PacketResponder: PacketResponder 1 for block blk_-5530828875352283032 terminating
081110 010435 5197 INFO dfs.DataNode$PacketResponder: PacketResponder 2 for block blk_1228286860391882078 terminating
081110 010435 5202 INFO dfs.DataNode$PacketResponder: PacketResponder 2 for block blk_-3393746773324540420 terminating
081110 010435 5216 INFO dfs.DataNode$PacketResponder: PacketResponder 0 for block blk_7066020104425047797 terminating
081110 010436 4762 INFO dfs.DataNode$PacketResponder: PacketResponder 1 for block blk_-2832650846000136561 terminating
081110 010436 4812 INFO dfs.DataNode$PacketResponder: PacketResponder 2 for block blk_-7336849591137729699 terminating
081110 010436 4967 INFO dfs.DataNode$PacketResponder: PacketResponder 1 for block blk_7080595829429179072 terminating
081110 010436 4990 INFO dfs.DataNode$PacketResponder: PacketResponder 1 for block blk_-1327600867825798742 terminating
081110 010436 4997 INFO dfs.DataNode$PacketResponder: PacketResponder 0 for block blk_3128732457077131375 terminating
081110 010436 4997 INFO dfs.DataNode$PacketResponder: PacketResponder 1 for block blk_7691467508541174692 terminating
081110 010436 5008 INFO dfs.DataNode$PacketResponder: PacketResponder 2 for block blk_-2634327413620646714 terminating
081110 010436 5009 INFO dfs.DataNode$PacketResponder: PacketResponder 2 for block blk_-1327600867825798742 terminating
081110 010436 5017 INFO dfs.DataNode$PacketResponder: PacketResponder 0 for block blk_-2832650846000136561 terminating
081110 010436 5022 INFO dfs.DataNode$PacketResponder: PacketResponder 0 for block blk_6652910668973620040 terminating
081110 010436 5024 INFO dfs.DataNode$PacketResponder: PacketResponder 2 for block blk_7691467508541174692 terminating
081110 010436 5052 INFO dfs.DataNode$PacketResponder: PacketResponder 1 for block blk_6976015212048596508 terminating
081110 010436 5063 INFO dfs.DataNode$PacketResponder: PacketResponder 0 for block blk_-7336849591137729699 terminating
081110 010436 5072 INFO dfs.DataNode$PacketResponder: PacketResponder 1 for block blk_3128732457077131375 terminating
081110 010436 5081 INFO dfs.DataNode$PacketResponder: PacketResponder 0 for block blk_-1327600867825798742 terminating
081110 010436 5084 INFO dfs.DataNode$PacketResponder: PacketResponder 2 for block blk_6652910668973620040 terminating
081110 010436 5090 INFO dfs.DataNode$PacketResponder: PacketResponder 2 for block blk_6976015212048596508 terminating
081110 010436 5090 INFO dfs.DataNode$PacketResponder: PacketResponder 2 for block blk_7080595829429179072 terminating
081110 010436 5093 INFO dfs.DataNode$PacketResponder: PacketResponder 1 for block blk_-2634327413620646714 terminating
081110 010436 5095 INFO dfs.DataNode$PacketResponder: PacketResponder 0 for block blk_7340996138597011598 terminating
081110 010436 5101 INFO dfs.DataNode$PacketResponder: PacketResponder 2 for block blk_3128732457077131375 terminating
081110 010436 5110 INFO dfs.DataNode$PacketResponder: PacketResponder 1 for block blk_8773973528709460045 terminating
081110 010436 5124 INFO dfs.DataNode$PacketResponder: PacketResponder 0 for block blk_7080595829429179072 terminating
081110 010436 5130 INFO dfs.DataNode$PacketResponder: PacketResponder 0 for block blk_6976015212048596508 terminating
081110 010436 5135 INFO dfs.DataNode$PacketResponder: PacketResponder 2 for block blk_-2832650846000136561 terminating
081110 010436 5160 INFO dfs.DataNode$PacketResponder: PacketResponder 1 for block blk_6652910668973620040 terminating
081110 010436 5162 INFO dfs.DataNode$PacketResponder: PacketResponder 0 for block blk_7691467508541174692 terminating
081110 010436 5187 INFO dfs.DataNode$PacketResponder: PacketResponder 1 for block blk_-7336849591137729699 terminating
081110 010436 5233 INFO dfs.DataNode$PacketResponder: PacketResponder 0 for block blk_-2634327413620646714 terminating
081110 010437 4796 INFO dfs.DataNode$PacketResponder: PacketResponder 1 for block blk_2027913396083646110 terminating
081110 010437 4931 INFO dfs.DataNode$PacketResponder: PacketResponder 1 for block blk_7250192019351258779 terminating
081110 010437 4951 INFO dfs.DataNode$PacketResponder: PacketResponder 2 for block blk_2027913396083646110 terminating
081110 010437 4978 INFO dfs.DataNode$PacketResponder: PacketResponder 1 for block blk_7340996138597011598 terminating
081110 010437 4985 INFO dfs.DataNode$PacketResponder: PacketResponder 0 for block blk_2027913396083646110 terminating
081110 010437 4986 INFO dfs.DataNode$PacketResponder: PacketResponder 1 for block blk_-2333968611805316333 terminating
081110 010437 4990 INFO dfs.DataNode$PacketResponder: PacketResponder 1 for block blk_5438591115788384633 terminating
081110 010437 5010 INFO dfs.DataNode$PacketResponder: PacketResponder 0 for block blk_-2333968611805316333 terminating
081110 010437 5020 INFO dfs.DataNode$PacketResponder: PacketResponder 2 for block blk_-2333968611805316333 terminating
081110 010437 5034 INFO dfs.DataNode$PacketResponder: PacketResponder 1 for block blk_-2750042703258492723 terminating
081110 010437 5067 INFO dfs.DataNode$PacketResponder: PacketResponder 0 for block blk_-2750042703258492723 terminating
081110 010437 5083 INFO dfs.DataNode$PacketResponder: PacketResponder 2 for block blk_694075959005073591 terminating
081110 010437 5085 INFO dfs.DataNode$PacketResponder: PacketResponder 2 for block blk_7340996138597011598 terminating
081110 010437 5115 INFO dfs.DataNode$PacketResponder: PacketResponder 0 for block blk_5438591115788384633 terminating
081110 010437 5119 INFO dfs.DataNode$PacketResponder: PacketResponder 2 for block blk_-2750042703258492723 terminating
081110 010437 5140 INFO dfs.DataNode$PacketResponder: PacketResponder 0 for block blk_694075959005073591 terminating
081110 010437 5156 INFO dfs.DataNode$PacketResponder: PacketResponder 0 for block blk_7250192019351258779 terminating
081110 010437 5179 INFO dfs.DataNode$PacketResponder: PacketResponder 2 for block blk_7250192019351258779 terminating
081110 010437 5200 INFO dfs.DataNode$PacketResponder: PacketResponder 2 for block blk_5438591115788384633 terminating
081110 010438 4881 INFO dfs.DataNode$PacketResponder: PacketResponder 2 for block blk_5724881599012632297 terminating
081110 010438 4907 INFO dfs.DataNode$PacketResponder: PacketResponder 2 for block blk_7616061600904024095 terminating
081110 010438 4925 INFO dfs.DataNode$PacketResponder: PacketResponder 0 for block blk_6398011655432686429 terminating
081110 010438 4929 INFO dfs.DataNode$PacketResponder: PacketResponder 1 for block blk_694075959005073591 terminating
081110 010438 4956 INFO dfs.DataNode$PacketResponder: PacketResponder 1 for block blk_-518200318393314784 terminating
081110 010438 4961 INFO dfs.DataNode$PacketResponder: PacketResponder 1 for block blk_6398011655432686429 terminating
081110 010438 4966 INFO dfs.DataNode$PacketResponder: PacketResponder 1 for block blk_-6290539368412556215 terminating
081110 010438 4990 INFO dfs.DataNode$PacketResponder: PacketResponder 2 for block blk_-6976181451156608633 terminating
081110 010438 5001 INFO dfs.DataNode$PacketResponder: PacketResponder 1 for block blk_501413631844384825 terminating
081110 010438 5013 INFO dfs.DataNode$PacketResponder: PacketResponder 0 for block blk_501413631844384825 terminating
081110 010438 5032 INFO dfs.DataNode$PacketResponder: PacketResponder 1 for block blk_7616061600904024095 terminating
081110 010438 5067 INFO dfs.DataNode$PacketResponder: PacketResponder 2 for block blk_501413631844384825 terminating
081110 010438 5074 INFO dfs.DataNode$PacketResponder: PacketResponder 0 for block blk_-6976181451156608633 terminating
081110 010438 5076 INFO dfs.DataNode$PacketResponder: PacketResponder 0 for block blk_7616061600904024095 terminating
081110 010438 5081 INFO dfs.DataNode$PacketResponder: PacketResponder 2 for block blk_6398011655432686429 terminating
081110 010438 5084 INFO dfs.DataNode$PacketResponder: PacketResponder 1 for block blk_5724881599012632297 terminating
081110 010438 5086 INFO dfs.DataNode$PacketResponder: PacketResponder 0 for block blk_-6290539368412556215 terminating
081110 010438 5093 INFO dfs.DataNode$PacketResponder: PacketResponder 0 for block blk_8835867634489753291 terminating
081110 010438 5131 INFO dfs.DataNode$PacketResponder: PacketResponder 0 for block blk_5724881599012632297 terminating
081110 010438 5177 INFO dfs.DataNode$PacketResponder: PacketResponder 2 for block blk_-6290539368412556215 terminating
081110 010438 5206 INFO dfs.DataNode$PacketResponder: PacketResponder 1 for block blk_-6976181451156608633 terminating
081110 010439 4917 INFO dfs.DataNode$PacketResponder: PacketResponder 2 for block blk_-4815054201187306343 terminating
081110 010439 4922 INFO dfs.DataNode$PacketResponder: PacketResponder 0 for block blk_2391094085248968658 terminating
081110 010439 4931 INFO dfs.DataNode$PacketResponder: PacketResponder 1 for block blk_3814938800123373672 terminating
081110 010439 4932 INFO dfs.DataNode$PacketResponder: PacketResponder 2 for block blk_-518200318393314784 terminating
081110 010439 4944 INFO dfs.DataNode$PacketResponder: PacketResponder 2 for block blk_2391094085248968658 terminating
081110 010439 4961 INFO dfs.DataNode$PacketResponder: PacketResponder 0 for block blk_1768065073761987197 terminating
081110 010439 4962 INFO dfs.DataNode$PacketResponder: PacketResponder 1 for block blk_-7454489883433838587 terminating
081110 010439 4993 INFO dfs.DataNode$PacketResponder: PacketResponder 1 for block blk_8563008442778506631 terminating
081110 010439 5009 INFO dfs.DataNode$PacketResponder: PacketResponder 1 for block blk_1837115320126886674 terminating
081110 010439 5012 INFO dfs.DataNode$PacketResponder: PacketResponder 0 for block blk_-4815054201187306343 terminating
081110 010439 5032 INFO dfs.DataNode$PacketResponder: PacketResponder 1 for block blk_8272016400511827719 terminating
081110 010439 5046 INFO dfs.DataNode$PacketResponder: PacketResponder 1 for block blk_2391094085248968658 terminating
081110 010439 5053 INFO dfs.DataNode$PacketResponder: PacketResponder 0 for block blk_3814938800123373672 terminating
081110 010439 5053 INFO dfs.DataNode$PacketResponder: PacketResponder 2 for block blk_8272016400511827719 terminating
081110 010439 5068 INFO dfs.DataNode$PacketResponder: PacketResponder 1 for block blk_7674218892823383718 terminating
081110 010439 5069 INFO dfs.DataNode$PacketResponder: PacketResponder 1 for block blk_-4815054201187306343 terminating
081110 010439 5075 INFO dfs.DataNode$PacketResponder: PacketResponder 0 for block blk_-7454489883433838587 terminating
081110 010439 5084 INFO dfs.DataNode$PacketResponder: PacketResponder 2 for block blk_8563008442778506631 terminating
081110 010439 5099 INFO dfs.DataNode$PacketResponder: PacketResponder 1 for block blk_1768065073761987197 terminating
081110 010439 5104 INFO dfs.DataNode$PacketResponder: PacketResponder 0 for block blk_-518200318393314784 terminating
081110 010439 5109 INFO dfs.DataNode$PacketResponder: PacketResponder 0 for block blk_3594802358194010907 terminating
081110 010439 5109 INFO dfs.DataNode$PacketResponder: PacketResponder 1 for block blk_3594802358194010907 terminating
081110 010439 5117 INFO dfs.DataNode$PacketResponder: PacketResponder 2 for block blk_-7454489883433838587 terminating
081110 010439 5128 INFO dfs.DataNode$PacketResponder: PacketResponder 0 for block blk_8563008442778506631 terminating
081110 010439 5151 INFO dfs.DataNode$PacketResponder: PacketResponder 2 for block blk_1768065073761987197 terminating
081110 010439 5156 INFO dfs.DataNode$PacketResponder: PacketResponder 1 for block blk_8835867634489753291 terminating
081110 010439 5160 INFO dfs.DataNode$PacketResponder: PacketResponder 0 for block blk_8272016400511827719 terminating
081110 010439 5171 INFO dfs.DataNode$PacketResponder: PacketResponder 2 for block blk_8835867634489753291 terminating
081110 010439 5219 INFO dfs.DataNode$PacketResponder: PacketResponder 0 for block blk_1837115320126886674 terminating
081110 010439 5221 INFO dfs.DataNode$PacketResponder: PacketResponder 0 for block blk_7674218892823383718 terminating
081110 010440 4816 INFO dfs.DataNode$PacketResponder: PacketResponder 0 for block blk_8688217907224861635 terminating
081110 010440 4865 INFO dfs.DataNode$PacketResponder: PacketResponder 1 for block blk_8688217907224861635 terminating
081110 010440 4883 INFO dfs.DataNode$PacketResponder: PacketResponder 0 for block blk_-8791361838372909342 terminating
081110 010440 4883 INFO dfs.DataNode$PacketResponder: PacketResponder 2 for block blk_1837115320126886674 terminating
081110 010440 4935 INFO dfs.DataNode$PacketResponder: PacketResponder 2 for block blk_3594802358194010907 terminating
081110 010440 4939 INFO dfs.DataNode$PacketResponder: PacketResponder 0 for block blk_-1563695053844768785 terminating
081110 010440 4964 INFO dfs.DataNode$PacketResponder: PacketResponder 0 for block blk_-9059772830264945464 terminating
081110 010440 4986 INFO dfs.DataNode$PacketResponder: PacketResponder 1 for block blk_8009998077682746078 terminating
081110 010440 4991 INFO dfs.DataNode$PacketResponder: PacketResponder 2 for block blk_-4546913357275313387 terminating
081110 010440 5002 INFO dfs.DataNode$PacketResponder: PacketResponder 1 for block blk_-7820879469041022299 terminating
081110 010440 5026 INFO dfs.DataNode$PacketResponder: PacketResponder 2 for block blk_9207736759178968533 terminating
081110 010440 5028 INFO dfs.DataNode$PacketResponder: PacketResponder 1 for block blk_-1103770339084989846 terminating
081110 010440 5030 INFO dfs.DataNode$PacketResponder: PacketResponder 2 for block blk_7674218892823383718 terminating
081110 010440 5036 INFO dfs.DataNode$PacketResponder: PacketResponder 2 for block blk_8688217907224861635 terminating
081110 010440 5037 INFO dfs.DataNode$PacketResponder: PacketResponder 0 for block blk_-7820879469041022299 terminating
081110 010440 5059 INFO dfs.DataNode$PacketResponder: PacketResponder 2 for block blk_526271477423211976 terminating
081110 010440 5064 INFO dfs.DataNode$PacketResponder: PacketResponder 2 for block blk_-9059772830264945464 terminating
081110 010440 5069 INFO dfs.DataNode$PacketResponder: PacketResponder 0 for block blk_-1103770339084989846 terminating
081110 010440 5070 INFO dfs.DataNode$PacketResponder: PacketResponder 0 for block blk_526271477423211976 terminating
081110 010440 5075 INFO dfs.DataNode$PacketResponder: PacketResponder 0 for block blk_-9087305031133500650 terminating
081110 010440 5083 INFO dfs.DataNode$PacketResponder: PacketResponder 2 for block blk_-1103770339084989846 terminating
081110 010440 5083 INFO dfs.DataNode$PacketResponder: PacketResponder 2 for block blk_8009998077682746078 terminating
081110 010440 5091 INFO dfs.DataNode$PacketResponder: PacketResponder 2 for block blk_-8791361838372909342 terminating
081110 010440 5092 INFO dfs.DataNode$PacketResponder: PacketResponder 0 for block blk_9207736759178968533 terminating
081110 010440 5095 INFO dfs.DataNode$PacketResponder: PacketResponder 1 for block blk_526271477423211976 terminating
081110 010440 5102 INFO dfs.DataNode$PacketResponder: PacketResponder 2 for block blk_-7820879469041022299 terminating
081110 010440 5109 INFO dfs.DataNode$PacketResponder: PacketResponder 1 for block blk_9207736759178968533 terminating
081110 010440 5121 INFO dfs.DataNode$PacketResponder: PacketResponder 0 for block blk_-4546913357275313387 terminating
081110 010440 5122 INFO dfs.DataNode$PacketResponder: PacketResponder 1 for block blk_-4546913357275313387 terminating
081110 010440 5134 INFO dfs.DataNode$PacketResponder: PacketResponder 0 for block blk_8009998077682746078 terminating
081110 010440 5158 INFO dfs.DataNode$PacketResponder: PacketResponder 1 for block blk_-9059772830264945464 terminating
081110 010440 5166 INFO dfs.DataNode$PacketResponder: PacketResponder 1 for block blk_6676290866690853866 terminating
081110 010440 5171 INFO dfs.DataNode$PacketResponder: PacketResponder 2 for block blk_3814938800123373672 terminating
081110 010440 5175 INFO dfs.DataNode$PacketResponder: PacketResponder 2 for block blk_6676290866690853866 terminating
081110 010440 5179 INFO dfs.DataNode$PacketResponder: PacketResponder 1 for block blk_-8791361838372909342 terminating
081110 010440 5199 INFO dfs.DataNode$PacketResponder: PacketResponder 0 for block blk_6676290866690853866 terminating
081110 010440 5214 INFO dfs.DataNode$PacketResponder: PacketResponder 1 for block blk_-9087305031133500650 terminating
081110 010441 3892 INFO dfs.DataNode$PacketResponder: PacketResponder 1 for block blk_-3472065970831990322 terminating
081110 010441 4904 INFO dfs.DataNode$PacketResponder: PacketResponder 2 for block blk_-3472065970831990322 terminating
081110 010441 4914 INFO dfs.DataNode$PacketResponder: PacketResponder 0 for block blk_2300493023263186039 terminating
081110 010441 4919 INFO dfs.DataNode$PacketResponder: PacketResponder 2 for block blk_8896584257283591216 terminating
081110 010441 4927 INFO dfs.DataNode$PacketResponder: PacketResponder 0 for block blk_8896584257283591216 terminating
081110 010441 4992 INFO dfs.DataNode$PacketResponder: PacketResponder 1 for block blk_5440848697349005404 terminating
081110 010441 4994 INFO dfs.DataNode$PacketResponder: PacketResponder 1 for block blk_2300493023263186039 terminating
081110 010441 5000 INFO dfs.DataNode$PacketResponder: PacketResponder 0 for block blk_-3876327023438741454 terminating
081110 010441 5029 INFO dfs.DataNode$PacketResponder: PacketResponder 1 for block blk_8896584257283591216 terminating
081110 010441 5033 INFO dfs.DataNode$PacketResponder: PacketResponder 2 for block blk_-1563695053844768785 terminating
081110 010441 5040 INFO dfs.DataNode$PacketResponder: PacketResponder 2 for block blk_-9087305031133500650 terminating
081110 010441 5047 INFO dfs.DataNode$PacketResponder: PacketResponder 2 for block blk_1991494606938200020 terminating
081110 010441 5050 INFO dfs.DataNode$PacketResponder: PacketResponder 2 for block blk_127132358851055459 terminating
081110 010441 5067 INFO dfs.DataNode$PacketResponder: PacketResponder 0 for block blk_127132358851055459 terminating
081110 010441 5080 INFO dfs.DataNode$PacketResponder: PacketResponder 0 for block blk_5440848697349005404 terminating
081110 010441 5087 INFO dfs.DataNode$PacketResponder: PacketResponder 0 for block blk_-3499534114643163033 terminating
081110 010441 5088 INFO dfs.DataNode$PacketResponder: PacketResponder 1 for block blk_127132358851055459 terminating
081110 010441 5088 INFO dfs.DataNode$PacketResponder: PacketResponder 2 for block blk_2991144548276605145 terminating
081110 010441 5091 INFO dfs.DataNode$PacketResponder: PacketResponder 0 for block blk_-3472065970831990322 terminating
081110 010441 5095 INFO dfs.DataNode$PacketResponder: PacketResponder 1 for block blk_-3499534114643163033 terminating
081110 010441 5103 INFO dfs.DataNode$PacketResponder: PacketResponder 1 for block blk_-3876327023438741454 terminating
081110 010441 5108 INFO dfs.DataNode$PacketResponder: PacketResponder 0 for block blk_1991494606938200020 terminating
081110 010441 5119 INFO dfs.DataNode$PacketResponder: PacketResponder 1 for block blk_1991494606938200020 terminating
081110 010441 5124 INFO dfs.DataNode$PacketResponder: PacketResponder 0 for block blk_2991144548276605145 terminating
081110 010441 5156 INFO dfs.DataNode$PacketResponder: PacketResponder 1 for block blk_2991144548276605145 terminating
081110 010441 5157 INFO dfs.DataNode$PacketResponder: PacketResponder 2 for block blk_5440848697349005404 terminating
081110 010441 5170 INFO dfs.DataNode$PacketResponder: PacketResponder 2 for block blk_2300493023263186039 terminating
081110 010441 5237 INFO dfs.DataNode$PacketResponder: PacketResponder 1 for block blk_-1563695053844768785 terminating
081110 010442 4905 INFO dfs.DataNode$PacketResponder: PacketResponder 0 for block blk_202102770479285436 terminating
081110 010442 4939 INFO dfs.DataNode$PacketResponder: PacketResponder 1 for block blk_444420909612546272 terminating
081110 010442 4940 INFO dfs.DataNode$PacketResponder: PacketResponder 2 for block blk_-8689306903161251414 terminating
081110 010442 4950 INFO dfs.DataNode$PacketResponder: PacketResponder 2 for block blk_444420909612546272 terminating
081110 010442 4956 INFO dfs.DataNode$PacketResponder: PacketResponder 0 for block blk_3743061448359457970 terminating
081110 010442 4962 INFO dfs.DataNode$PacketResponder: PacketResponder 1 for block blk_202102770479285436 terminating
081110 010442 4984 INFO dfs.DataNode$PacketResponder: PacketResponder 0 for block blk_444420909612546272 terminating
081110 010442 4985 INFO dfs.DataNode$PacketResponder: PacketResponder 1 for block blk_7240474479418464476 terminating
081110 010442 4991 INFO dfs.DataNode$PacketResponder: PacketResponder 2 for block blk_-1834410069960612486 terminating
081110 010442 5006 INFO dfs.DataNode$PacketResponder: PacketResponder 2 for block blk_5952479181622417869 terminating
081110 010442 5022 INFO dfs.DataNode$PacketResponder: PacketResponder 1 for block blk_-1834410069960612486 terminating
081110 010442 5024 INFO dfs.DataNode$PacketResponder: PacketResponder 0 for block blk_4449829462591994353 terminating
081110 010442 5028 INFO dfs.DataNode$PacketResponder: PacketResponder 2 for block blk_-3499534114643163033 terminating
081110 010442 5040 INFO dfs.DataNode$PacketResponder: PacketResponder 2 for block blk_202102770479285436 terminating
081110 010442 5043 INFO dfs.DataNode$PacketResponder: PacketResponder 2 for block blk_7332868574602130520 terminating
081110 010442 5079 INFO dfs.DataNode$PacketResponder: PacketResponder 2 for block blk_7240474479418464476 terminating
081110 010442 5102 INFO dfs.DataNode$PacketResponder: PacketResponder 0 for block blk_8577349653847156386 terminating
081110 010442 5105 INFO dfs.DataNode$PacketResponder: PacketResponder 0 for block blk_7240474479418464476 terminating
081110 010442 5109 INFO dfs.DataNode$PacketResponder: PacketResponder 1 for block blk_3743061448359457970 terminating
081110 010442 5112 INFO dfs.DataNode$PacketResponder: PacketResponder 1 for block blk_8577349653847156386 terminating
081110 010442 5115 INFO dfs.DataNode$PacketResponder: PacketResponder 0 for block blk_-8689306903161251414 terminating
081110 010442 5121 INFO dfs.DataNode$PacketResponder: PacketResponder 0 for block blk_-8939425378212216235 terminating
081110 010442 5125 INFO dfs.DataNode$PacketResponder: PacketResponder 0 for block blk_7332868574602130520 terminating
081110 010442 5130 INFO dfs.DataNode$PacketResponder: PacketResponder 1 for block blk_7332868574602130520 terminating
081110 010442 5130 INFO dfs.DataNode$PacketResponder: PacketResponder 2 for block blk_-3876327023438741454 terminating
081110 010442 5152 INFO dfs.DataNode$PacketResponder: PacketResponder 1 for block blk_5952479181622417869 terminating
081110 010442 5161 INFO dfs.DataNode$PacketResponder: PacketResponder 0 for block blk_-1834410069960612486 terminating
081110 010442 5169 INFO dfs.DataNode$PacketResponder: PacketResponder 0 for block blk_5952479181622417869 terminating
081110 010442 5183 INFO dfs.DataNode$PacketResponder: PacketResponder 1 for block blk_-8689306903161251414 terminating
081110 010442 5235 INFO dfs.DataNode$PacketResponder: PacketResponder 2 for block blk_3743061448359457970 terminating
081110 010443 4822 INFO dfs.DataNode$PacketResponder: PacketResponder 1 for block blk_-8939425378212216235 terminating
081110 010443 4925 INFO dfs.DataNode$PacketResponder: PacketResponder 2 for block blk_4449829462591994353 terminating
081110 010443 4936 INFO dfs.DataNode$PacketResponder: PacketResponder 2 for block blk_9064893239041670432 terminating
081110 010443 5014 INFO dfs.DataNode$PacketResponder: PacketResponder 2 for block blk_7556002158439040073 terminating
081110 010443 5018 INFO dfs.DataNode$PacketResponder: PacketResponder 0 for block blk_4478761594875694679 terminating
081110 010443 5031 INFO dfs.DataNode$PacketResponder: PacketResponder 1 for block blk_4449829462591994353 terminating
081110 010443 5064 INFO dfs.DataNode$PacketResponder: PacketResponder 1 for block blk_7556002158439040073 terminating
081110 010443 5069 INFO dfs.DataNode$PacketResponder: PacketResponder 1 for block blk_-2489527551580517322 terminating
081110 010443 5085 INFO dfs.DataNode$PacketResponder: PacketResponder 2 for block blk_-8939425378212216235 terminating
081110 010443 5091 INFO dfs.DataNode$PacketResponder: PacketResponder 0 for block blk_-2489527551580517322 terminating
081110 010443 5092 INFO dfs.DataNode$PacketResponder: PacketResponder 2 for block blk_8577349653847156386 terminating
081110 010443 5094 INFO dfs.DataNode$PacketResponder: PacketResponder 0 for block blk_7556002158439040073 terminating
081110 010443 5125 INFO dfs.DataNode$PacketResponder: PacketResponder 0 for block blk_-22585498157289651 terminating
081110 010443 5126 INFO dfs.DataNode$PacketResponder: PacketResponder 1 for block blk_-22585498157289651 terminating
081110 010443 5142 INFO dfs.DataNode$PacketResponder: PacketResponder 2 for block blk_-2489527551580517322 terminating
081110 010443 5164 INFO dfs.DataNode$PacketResponder: PacketResponder 2 for block blk_4478761594875694679 terminating
081110 010443 5180 INFO dfs.DataNode$PacketResponder: PacketResponder 1 for block blk_4478761594875694679 terminating
081110 010443 5210 INFO dfs.DataNode$PacketResponder: PacketResponder 0 for block blk_9064893239041670432 terminating
081110 010443 5231 INFO dfs.DataNode$PacketResponder: PacketResponder 1 for block blk_9064893239041670432 terminating
081110 010444 4757 INFO dfs.DataNode$PacketResponder: PacketResponder 2 for block blk_-8117733739027574535 terminating
081110 010444 4768 INFO dfs.DataNode$PacketResponder: PacketResponder 1 for block blk_-1220949550361180414 terminating
081110 010444 4863 INFO dfs.DataNode$PacketResponder: PacketResponder 0 for block blk_-1173957222805117698 terminating
081110 010444 4932 INFO dfs.DataNode$PacketResponder: PacketResponder 0 for block blk_-1772339382867324170 terminating
081110 010444 4940 INFO dfs.DataNode$PacketResponder: PacketResponder 1 for block blk_6577523957241998819 terminating
081110 010444 4942 INFO dfs.DataNode$PacketResponder: PacketResponder 1 for block blk_4323895944981570047 terminating
081110 010444 4943 INFO dfs.DataNode$PacketResponder: PacketResponder 1 for block blk_1087543247836561794 terminating
081110 010444 4958 INFO dfs.DataNode$PacketResponder: PacketResponder 2 for block blk_6577523957241998819 terminating
081110 010444 4960 INFO dfs.DataNode$PacketResponder: PacketResponder 0 for block blk_1087543247836561794 terminating
081110 010444 4960 INFO dfs.DataNode$PacketResponder: PacketResponder 0 for block blk_4323895944981570047 terminating
081110 010444 4990 INFO dfs.DataNode$PacketResponder: PacketResponder 0 for block blk_6577523957241998819 terminating
081110 010444 4997 INFO dfs.DataNode$PacketResponder: PacketResponder 0 for block blk_8609860249985793916 terminating
081110 010444 4997 INFO dfs.DataNode$PacketResponder: PacketResponder 1 for block blk_-7228817609256879637 terminating
081110 010444 4999 INFO dfs.DataNode$PacketResponder: PacketResponder 2 for block blk_-642777787700945008 terminating
081110 010444 5001 INFO dfs.DataNode$PacketResponder: PacketResponder 2 for block blk_6307339985979757372 terminating
081110 010444 5027 INFO dfs.DataNode$PacketResponder: PacketResponder 1 for block blk_5222639065663708643 terminating
081110 010444 5035 INFO dfs.DataNode$PacketResponder: PacketResponder 2 for block blk_4323895944981570047 terminating
081110 010444 5038 INFO dfs.DataNode$PacketResponder: PacketResponder 1 for block blk_-1173957222805117698 terminating
081110 010444 5039 INFO dfs.DataNode$PacketResponder: PacketResponder 2 for block blk_-1220949550361180414 terminating
081110 010444 5052 INFO dfs.DataNode$PacketResponder: PacketResponder 1 for block blk_6307339985979757372 terminating
081110 010444 5057 INFO dfs.DataNode$PacketResponder: PacketResponder 0 for block blk_5222639065663708643 terminating
081110 010444 5058 INFO dfs.DataNode$PacketResponder: PacketResponder 1 for block blk_8609860249985793916 terminating
081110 010444 5064 INFO dfs.DataNode$PacketResponder: PacketResponder 0 for block blk_-642777787700945008 terminating
081110 010444 5064 INFO dfs.DataNode$PacketResponder: PacketResponder 1 for block blk_-642777787700945008 terminating
081110 010444 5066 INFO dfs.DataNode$PacketResponder: PacketResponder 1 for block blk_-8117733739027574535 terminating
081110 010444 5095 INFO dfs.DataNode$PacketResponder: PacketResponder 1 for block blk_5518086439960595033 terminating
081110 010444 5099 INFO dfs.DataNode$PacketResponder: PacketResponder 0 for block blk_6307339985979757372 terminating
081110 010444 5102 INFO dfs.DataNode$PacketResponder: PacketResponder 0 for block blk_-7228817609256879637 terminating
081110 010444 5115 INFO dfs.DataNode$PacketResponder: PacketResponder 1 for block blk_-1772339382867324170 terminating
081110 010444 5140 INFO dfs.DataNode$PacketResponder: PacketResponder 0 for block blk_-1220949550361180414 terminating
081110 010444 5145 INFO dfs.DataNode$PacketResponder: PacketResponder 2 for block blk_-22585498157289651 terminating
081110 010444 5160 INFO dfs.DataNode$PacketResponder: PacketResponder 2 for block blk_5222639065663708643 terminating
081110 010444 5185 INFO dfs.DataNode$PacketResponder: PacketResponder 2 for block blk_-1173957222805117698 terminating
081110 010444 5195 INFO dfs.DataNode$PacketResponder: PacketResponder 2 for block blk_-7228817609256879637 terminating
081110 010444 5241 INFO dfs.DataNode$PacketResponder: PacketResponder 0 for block blk_-8117733739027574535 terminating
081110 010445 4954 INFO dfs.DataNode$PacketResponder: PacketResponder 2 for block blk_-1772339382867324170 terminating
081110 010445 5020 INFO dfs.DataNode$PacketResponder: PacketResponder 2 for block blk_843575063312572385 terminating
081110 010445 5028 INFO dfs.DataNode$PacketResponder: PacketResponder 2 for block blk_-2529128429759677991 terminating
081110 010445 5030 INFO dfs.DataNode$PacketResponder: PacketResponder 1 for block blk_-8627532630100805165 terminating
081110 010445 5034 INFO dfs.DataNode$PacketResponder: PacketResponder 2 for block blk_1087543247836561794 terminating
081110 010445 5043 INFO dfs.DataNode$PacketResponder: PacketResponder 2 for block blk_-8584950808816057849 terminating
081110 010445 5046 INFO dfs.DataNode$PacketResponder: PacketResponder 0 for block blk_-8627532630100805165 terminating
081110 010445 5050 INFO dfs.DataNode$PacketResponder: PacketResponder 2 for block blk_-8627532630100805165 terminating
081110 010445 5055 INFO dfs.DataNode$PacketResponder: PacketResponder 0 for block blk_5518086439960595033 terminating
081110 010445 5061 INFO dfs.DataNode$PacketResponder: PacketResponder 2 for block blk_5518086439960595033 terminating
081110 010445 5070 INFO dfs.DataNode$PacketResponder: PacketResponder 2 for block blk_5486152059606751278 terminating
081110 010445 5072 INFO dfs.DataNode$PacketResponder: PacketResponder 1 for block blk_5486152059606751278 terminating
081110 010445 5074 INFO dfs.DataNode$PacketResponder: PacketResponder 1 for block blk_843575063312572385 terminating
081110 010445 5077 INFO dfs.DataNode$PacketResponder: PacketResponder 0 for block blk_666713934549639791 terminating
081110 010445 5079 INFO dfs.DataNode$PacketResponder: PacketResponder 0 for block blk_5486152059606751278 terminating
081110 010445 5087 INFO dfs.DataNode$PacketResponder: PacketResponder 1 for block blk_-8584950808816057849 terminating
081110 010445 5090 INFO dfs.DataNode$PacketResponder: PacketResponder 0 for block blk_8291940280510144635 terminating
081110 010445 5092 INFO dfs.DataNode$PacketResponder: PacketResponder 1 for block blk_8291940280510144635 terminating
081110 010445 5093 INFO dfs.DataNode$PacketResponder: PacketResponder 0 for block blk_-8584950808816057849 terminating
081110 010445 5093 INFO dfs.DataNode$PacketResponder: PacketResponder 2 for block blk_7171391376047390620 terminating
081110 010445 5101 INFO dfs.DataNode$PacketResponder: PacketResponder 1 for block blk_7171391376047390620 terminating
081110 010445 5123 INFO dfs.DataNode$PacketResponder: PacketResponder 1 for block blk_666713934549639791 terminating
081110 010445 5128 INFO dfs.DataNode$PacketResponder: PacketResponder 0 for block blk_7171391376047390620 terminating
081110 010445 5135 INFO dfs.DataNode$PacketResponder: PacketResponder 1 for block blk_-2529128429759677991 terminating
081110 010445 5143 INFO dfs.DataNode$PacketResponder: PacketResponder 0 for block blk_-2529128429759677991 terminating
081110 010445 5175 INFO dfs.DataNode$PacketResponder: PacketResponder 2 for block blk_8609860249985793916 terminating
081110 010445 5183 INFO dfs.DataNode$PacketResponder: PacketResponder 0 for block blk_843575063312572385 terminating
081110 010446 4758 INFO dfs.DataNode$PacketResponder: PacketResponder 2 for block blk_666713934549639791 terminating
081110 010446 4764 INFO dfs.DataNode$PacketResponder: PacketResponder 2 for block blk_8291940280510144635 terminating
081110 010446 4917 INFO dfs.DataNode$PacketResponder: PacketResponder 1 for block blk_3461088693008650242 terminating
081110 010446 4936 INFO dfs.DataNode$PacketResponder: PacketResponder 2 for block blk_8326801870480614696 terminating
081110 010446 5019 INFO dfs.DataNode$PacketResponder: PacketResponder 1 for block blk_8326801870480614696 terminating
081110 010446 5050 INFO dfs.DataNode$PacketResponder: PacketResponder 1 for block blk_5854224617410510631 terminating
081110 010446 5074 INFO dfs.DataNode$PacketResponder: PacketResponder 0 for block blk_8326801870480614696 terminating
081110 010446 5079 INFO dfs.DataNode$PacketResponder: PacketResponder 0 for block blk_3461088693008650242 terminating
081110 010446 5081 INFO dfs.DataNode$DataXceiver: writeBlock blk_-4570504902004458955 received exception java.io.IOException: Could not read from stream
081110 010446 5085 INFO dfs.DataNode$PacketResponder: PacketResponder 1 for block blk_7364037705037727857 terminating
081110 010446 5092 INFO dfs.DataNode$PacketResponder: PacketResponder 0 for block blk_5854224617410510631 terminating
081110 010446 5106 INFO dfs.DataNode$PacketResponder: PacketResponder 2 for block blk_7364037705037727857 terminating
081110 010446 5123 INFO dfs.DataNode$PacketResponder: PacketResponder 0 for block blk_-494038630963339183 terminating
081110 010446 5126 INFO dfs.DataNode$PacketResponder: PacketResponder 0 for block blk_-7290549692898631190 terminating
081110 010446 5132 INFO dfs.DataNode$PacketResponder: PacketResponder 2 for block blk_3461088693008650242 terminating
081110 010446 5179 INFO dfs.DataNode$PacketResponder: PacketResponder 0 for block blk_7364037705037727857 terminating
081110 010446 5220 INFO dfs.DataNode$PacketResponder: PacketResponder 2 for block blk_5854224617410510631 terminating
081110 010447 4757 INFO dfs.DataNode$PacketResponder: PacketResponder 1 for block blk_-619969278240194831 terminating
081110 010447 4876 INFO dfs.DataNode$PacketResponder: PacketResponder 2 for block blk_-619969278240194831 terminating
081110 010447 4930 INFO dfs.DataNode$PacketResponder: PacketResponder 1 for block blk_4371704900851400560 terminating
081110 010447 5058 INFO dfs.DataNode$PacketResponder: PacketResponder 2 for block blk_-3710224859339110294 terminating
081110 010447 5059 INFO dfs.DataNode$PacketResponder: PacketResponder 0 for block blk_-619969278240194831 terminating
081110 010447 5085 INFO dfs.DataNode$PacketResponder: PacketResponder 1 for block blk_-494038630963339183 terminating
081110 010447 5086 INFO dfs.DataNode$PacketResponder: PacketResponder 2 for block blk_4371704900851400560 terminating
081110 010447 5096 INFO dfs.DataNode$PacketResponder: PacketResponder 1 for block blk_-3710224859339110294 terminating
081110 010447 5104 INFO dfs.DataNode$PacketResponder: PacketResponder 0 for block blk_-3710224859339110294 terminating
081110 010447 5107 INFO dfs.DataNode$PacketResponder: PacketResponder 2 for block blk_-7290549692898631190 terminating
081110 010447 5111 INFO dfs.DataNode$PacketResponder: PacketResponder 1 for block blk_-7290549692898631190 terminating
081110 010447 5117 INFO dfs.DataNode$PacketResponder: PacketResponder 2 for block blk_-494038630963339183 terminating
081110 010447 5128 INFO dfs.DataNode$PacketResponder: PacketResponder 0 for block blk_4371704900851400560 terminating
081110 010448 4784 INFO dfs.DataNode$PacketResponder: PacketResponder 0 for block blk_3307603790149126109 terminating
081110 010448 5006 INFO dfs.DataNode$PacketResponder: PacketResponder 0 for block blk_4882683889077125510 terminating
081110 010448 5009 INFO dfs.DataNode$PacketResponder: PacketResponder 2 for block blk_3307603790149126109 terminating
081110 010448 5021 INFO dfs.DataNode$PacketResponder: PacketResponder 0 for block blk_1708299040976712994 terminating
081110 010448 5030 INFO dfs.DataNode$PacketResponder: PacketResponder 2 for block blk_1708299040976712994 terminating
081110 010448 5066 INFO dfs.DataNode$PacketResponder: PacketResponder 2 for block blk_-2347226994112751594 terminating
081110 010448 5069 INFO dfs.DataNode$PacketResponder: PacketResponder 0 for block blk_-2347226994112751594 terminating
081110 010448 5087 INFO dfs.DataNode$PacketResponder: PacketResponder 1 for block blk_3307603790149126109 terminating
081110 010448 5094 INFO dfs.DataNode$PacketResponder: PacketResponder 1 for block blk_1103585172534138092 terminating
081110 010448 5096 INFO dfs.DataNode$PacketResponder: PacketResponder 0 for block blk_7417190280090804749 terminating
081110 010448 5097 INFO dfs.DataNode$PacketResponder: PacketResponder 2 for block blk_1103585172534138092 terminating
081110 010448 5101 INFO dfs.DataNode$PacketResponder: PacketResponder 0 for block blk_1103585172534138092 terminating
081110 010448 5104 INFO dfs.DataNode$PacketResponder: PacketResponder 1 for block blk_-7299942933946092473 terminating
081110 010448 5118 INFO dfs.DataNode$PacketResponder: PacketResponder 1 for block blk_8639074161865513064 terminating
081110 010448 5125 INFO dfs.DataNode$PacketResponder: PacketResponder 2 for block blk_-7299942933946092473 terminating
081110 010448 5130 INFO dfs.DataNode$PacketResponder: PacketResponder 0 for block blk_8639074161865513064 terminating
081110 010448 5132 INFO dfs.DataNode$PacketResponder: PacketResponder 1 for block blk_4882683889077125510 terminating
081110 010448 5139 INFO dfs.DataNode$PacketResponder: PacketResponder 2 for block blk_8639074161865513064 terminating
081110 010448 5168 INFO dfs.DataNode$PacketResponder: PacketResponder 0 for block blk_-7299942933946092473 terminating
081110 010448 5178 INFO dfs.DataNode$PacketResponder: PacketResponder 1 for block blk_1708299040976712994 terminating
081110 010448 5208 INFO dfs.DataNode$PacketResponder: PacketResponder 1 for block blk_-2347226994112751594 terminating
081110 010448 5214 INFO dfs.DataNode$PacketResponder: PacketResponder 1 for block blk_7417190280090804749 terminating
081110 010449 4069 INFO dfs.DataNode$PacketResponder: PacketResponder 0 for block blk_6380728257139690161 terminating
081110 010449 4789 INFO dfs.DataNode$PacketResponder: PacketResponder 0 for block blk_5045353232865626915 terminating
081110 010449 4898 INFO dfs.DataNode$PacketResponder: PacketResponder 1 for block blk_6380728257139690161 terminating
081110 010449 4919 INFO dfs.DataNode$PacketResponder: PacketResponder 0 for block blk_-6102335345870304047 terminating
081110 010449 4934 INFO dfs.DataNode$PacketResponder: PacketResponder 0 for block blk_2824989079846756994 terminating
081110 010449 4973 INFO dfs.DataNode$PacketResponder: PacketResponder 0 for block blk_491030274605320617 terminating
081110 010449 4983 INFO dfs.DataNode$PacketResponder: PacketResponder 1 for block blk_2248814962301711752 terminating
081110 010449 5011 INFO dfs.DataNode$PacketResponder: PacketResponder 0 for block blk_3709825395024434234 terminating
081110 010449 5024 INFO dfs.DataNode$PacketResponder: PacketResponder 1 for block blk_-6102335345870304047 terminating
081110 010449 5027 INFO dfs.DataNode$PacketResponder: PacketResponder 0 for block blk_3451393079763901420 terminating
081110 010449 5038 INFO dfs.DataNode$PacketResponder: PacketResponder 2 for block blk_3451393079763901420 terminating
081110 010449 5053 INFO dfs.DataNode$PacketResponder: PacketResponder 2 for block blk_4882683889077125510 terminating
081110 010449 5062 INFO dfs.DataNode$PacketResponder: PacketResponder 0 for block blk_3327398049756042959 terminating
081110 010449 5070 INFO dfs.DataNode$PacketResponder: PacketResponder 2 for block blk_7417190280090804749 terminating
081110 010449 5073 INFO dfs.DataNode$PacketResponder: PacketResponder 2 for block blk_3327398049756042959 terminating
081110 010449 5092 INFO dfs.DataNode$PacketResponder: PacketResponder 1 for block blk_5045353232865626915 terminating
081110 010449 5094 INFO dfs.DataNode$PacketResponder: PacketResponder 1 for block blk_2824989079846756994 terminating
081110 010449 5097 INFO dfs.DataNode$PacketResponder: PacketResponder 0 for block blk_2248814962301711752 terminating
081110 010449 5107 INFO dfs.DataNode$PacketResponder: PacketResponder 2 for block blk_2248814962301711752 terminating
081110 010449 5131 INFO dfs.DataNode$PacketResponder: PacketResponder 1 for block blk_3327398049756042959 terminating
081110 010449 5133 INFO dfs.DataNode$PacketResponder: PacketResponder 0 for block blk_-9040832867809915320 terminating
081110 010449 5152 INFO dfs.DataNode$PacketResponder: PacketResponder 2 for block blk_6380728257139690161 terminating
081110 010449 5202 INFO dfs.DataNode$PacketResponder: PacketResponder 1 for block blk_3451393079763901420 terminating
081110 010450 4697 INFO dfs.DataNode$PacketResponder: PacketResponder 0 for block blk_-5989240488331720404 terminating
081110 010450 4703 INFO dfs.DataNode$PacketResponder: PacketResponder 1 for block blk_491030274605320617 terminating
081110 010450 4760 INFO dfs.DataNode$PacketResponder: PacketResponder 0 for block blk_6995531210251438045 terminating
081110 010450 4911 INFO dfs.DataNode$PacketResponder: PacketResponder 0 for block blk_3856550974417786494 terminating
081110 010450 4929 INFO dfs.DataNode$PacketResponder: PacketResponder 2 for block blk_5045353232865626915 terminating
081110 010450 4944 INFO dfs.DataNode$PacketResponder: PacketResponder 2 for block blk_2965014112489742051 terminating
081110 010450 4957 INFO dfs.DataNode$PacketResponder: PacketResponder 1 for block blk_-4469620209641136999 terminating
081110 010450 4972 INFO dfs.DataNode$PacketResponder: PacketResponder 2 for block blk_128447522618688299 terminating
081110 010450 4995 INFO dfs.DataNode$PacketResponder: PacketResponder 1 for block blk_3709825395024434234 terminating
081110 010450 5003 INFO dfs.DataNode$PacketResponder: PacketResponder 2 for block blk_2824989079846756994 terminating
081110 010450 5017 INFO dfs.DataNode$PacketResponder: PacketResponder 2 for block blk_-3001434302544328012 terminating
081110 010450 5023 INFO dfs.DataNode$PacketResponder: PacketResponder 2 for block blk_-6102335345870304047 terminating
081110 010450 5024 INFO dfs.DataNode$PacketResponder: PacketResponder 1 for block blk_-9040832867809915320 terminating
081110 010450 5030 INFO dfs.DataNode$PacketResponder: PacketResponder 1 for block blk_6199713857849751855 terminating
081110 010450 5044 INFO dfs.DataNode$PacketResponder: PacketResponder 2 for block blk_-5989240488331720404 terminating
081110 010450 5060 INFO dfs.DataNode$PacketResponder: PacketResponder 1 for block blk_-3001434302544328012 terminating
081110 010450 5063 INFO dfs.DataNode$PacketResponder: PacketResponder 1 for block blk_6995531210251438045 terminating
081110 010450 5073 INFO dfs.DataNode$PacketResponder: PacketResponder 2 for block blk_6995531210251438045 terminating
081110 010450 5082 INFO dfs.DataNode$PacketResponder: PacketResponder 2 for block blk_-4469620209641136999 terminating
081110 010450 5092 INFO dfs.DataNode$PacketResponder: PacketResponder 0 for block blk_-4469620209641136999 terminating
081110 010450 5093 INFO dfs.DataNode$PacketResponder: PacketResponder 0 for block blk_-3001434302544328012 terminating
081110 010450 5097 INFO dfs.DataNode$PacketResponder: PacketResponder 0 for block blk_128447522618688299 terminating
081110 010450 5111 INFO dfs.DataNode$PacketResponder: PacketResponder 0 for block blk_-523689276867656982 terminating
081110 010450 5116 INFO dfs.DataNode$PacketResponder: PacketResponder 2 for block blk_3709825395024434234 terminating
081110 010450 5116 INFO dfs.DataNode$PacketResponder: PacketResponder 2 for block blk_3856550974417786494 terminating
081110 010450 5117 INFO dfs.DataNode$PacketResponder: PacketResponder 0 for block blk_2965014112489742051 terminating
081110 010450 5121 INFO dfs.DataNode$PacketResponder: PacketResponder 2 for block blk_6199713857849751855 terminating
081110 010450 5131 INFO dfs.DataNode$PacketResponder: PacketResponder 1 for block blk_-5989240488331720404 terminating
081110 010450 5134 INFO dfs.DataNode$PacketResponder: PacketResponder 0 for block blk_6199713857849751855 terminating
081110 010450 5143 INFO dfs.DataNode$PacketResponder: PacketResponder 2 for block blk_-523689276867656982 terminating
081110 010450 5145 INFO dfs.DataNode$PacketResponder: PacketResponder 1 for block blk_2965014112489742051 terminating
081110 010450 5164 INFO dfs.DataNode$PacketResponder: PacketResponder 2 for block blk_491030274605320617 terminating
081110 010450 5174 INFO dfs.DataNode$PacketResponder: PacketResponder 1 for block blk_3856550974417786494 terminating
081110 010450 5218 INFO dfs.DataNode$PacketResponder: PacketResponder 2 for block blk_-9040832867809915320 terminating
081110 010451 4761 INFO dfs.DataNode$PacketResponder: PacketResponder 1 for block blk_7181230090772072889 terminating
081110 010451 4800 INFO dfs.DataNode$PacketResponder: PacketResponder 0 for block blk_-6841967399949215218 terminating
081110 010451 4878 INFO dfs.DataNode$PacketResponder: PacketResponder 1 for block blk_-4767690974180377931 terminating
081110 010451 4944 INFO dfs.DataNode$PacketResponder: PacketResponder 1 for block blk_-6841967399949215218 terminating
081110 010451 4966 INFO dfs.DataNode$PacketResponder: PacketResponder 1 for block blk_-523689276867656982 terminating
081110 010451 5009 INFO dfs.DataNode$PacketResponder: PacketResponder 2 for block blk_-5908495695268691758 terminating
081110 010451 5011 INFO dfs.DataNode$PacketResponder: PacketResponder 0 for block blk_7337902846819617378 terminating
081110 010451 5019 INFO dfs.DataNode$PacketResponder: PacketResponder 1 for block blk_128447522618688299 terminating
081110 010451 5020 INFO dfs.DataNode$PacketResponder: PacketResponder 1 for block blk_-8774798511550544107 terminating
081110 010451 5035 INFO dfs.DataNode$PacketResponder: PacketResponder 0 for block blk_-8850496943598563854 terminating
081110 010451 5042 INFO dfs.DataNode$PacketResponder: PacketResponder 0 for block blk_5026676853087583184 terminating
081110 010451 5048 INFO dfs.DataNode$PacketResponder: PacketResponder 1 for block blk_-5908495695268691758 terminating
081110 010451 5059 INFO dfs.DataNode$PacketResponder: PacketResponder 1 for block blk_2757954075909990829 terminating
081110 010451 5068 INFO dfs.DataNode$PacketResponder: PacketResponder 0 for block blk_7592557177497275917 terminating
081110 010451 5069 INFO dfs.DataNode$PacketResponder: PacketResponder 1 for block blk_5026676853087583184 terminating
081110 010451 5071 INFO dfs.DataNode$PacketResponder: PacketResponder 2 for block blk_7181230090772072889 terminating
081110 010451 5072 INFO dfs.DataNode$PacketResponder: PacketResponder 2 for block blk_2757954075909990829 terminating
081110 010451 5091 INFO dfs.DataNode$PacketResponder: PacketResponder 0 for block blk_-5908495695268691758 terminating
081110 010451 5092 INFO dfs.DataNode$PacketResponder: PacketResponder 0 for block blk_-4767690974180377931 terminating
081110 010451 5092 INFO dfs.DataNode$PacketResponder: PacketResponder 2 for block blk_5026676853087583184 terminating
081110 010451 5101 INFO dfs.DataNode$PacketResponder: PacketResponder 1 for block blk_7337902846819617378 terminating
081110 010451 5106 INFO dfs.DataNode$PacketResponder: PacketResponder 2 for block blk_-6841967399949215218 terminating
081110 010451 5108 INFO dfs.DataNode$PacketResponder: PacketResponder 0 for block blk_7181230090772072889 terminating
081110 010451 5114 INFO dfs.DataNode$PacketResponder: PacketResponder 1 for block blk_7592557177497275917 terminating
081110 010451 5123 INFO dfs.DataNode$PacketResponder: PacketResponder 1 for block blk_-8850496943598563854 terminating
081110 010451 5129 INFO dfs.DataNode$PacketResponder: PacketResponder 2 for block blk_7592557177497275917 terminating
081110 010451 5141 INFO dfs.DataNode$PacketResponder: PacketResponder 0 for block blk_8262273346374981029 terminating
081110 010451 5146 INFO dfs.DataNode$PacketResponder: PacketResponder 2 for block blk_-8850496943598563854 terminating
081110 010451 5182 INFO dfs.DataNode$PacketResponder: PacketResponder 2 for block blk_-4767690974180377931 terminating
081110 010451 5204 INFO dfs.DataNode$PacketResponder: PacketResponder 0 for block blk_2757954075909990829 terminating
081110 010452 4689 INFO dfs.DataNode$PacketResponder: PacketResponder 2 for block blk_7821034360702861850 terminating
081110 010452 4779 INFO dfs.DataNode$PacketResponder: PacketResponder 0 for block blk_7821034360702861850 terminating
081110 010452 4786 INFO dfs.DataNode$PacketResponder: PacketResponder 0 for block blk_-8774798511550544107 terminating
081110 010452 4790 INFO dfs.DataNode$PacketResponder: PacketResponder 2 for block blk_8262273346374981029 terminating
081110 010452 4889 INFO dfs.DataNode$PacketResponder: PacketResponder 1 for block blk_1623363940441363571 terminating
081110 010452 4945 INFO dfs.DataNode$PacketResponder: PacketResponder 2 for block blk_9219246724277586736 terminating
081110 010452 4997 INFO dfs.DataNode$PacketResponder: PacketResponder 0 for block blk_1623363940441363571 terminating
081110 010452 4998 INFO dfs.DataNode$PacketResponder: PacketResponder 0 for block blk_9219246724277586736 terminating
081110 010452 5022 INFO dfs.DataNode$PacketResponder: PacketResponder 1 for block blk_9219246724277586736 terminating
081110 010452 5044 INFO dfs.DataNode$PacketResponder: PacketResponder 1 for block blk_5023589098106964367 terminating
081110 010452 5052 INFO dfs.DataNode$PacketResponder: PacketResponder 1 for block blk_8262273346374981029 terminating
081110 010452 5061 INFO dfs.DataNode$PacketResponder: PacketResponder 0 for block blk_8490988750020679672 terminating
081110 010452 5065 INFO dfs.DataNode$PacketResponder: PacketResponder 2 for block blk_-6139404013620186332 terminating
081110 010452 5077 INFO dfs.DataNode$PacketResponder: PacketResponder 1 for block blk_8490988750020679672 terminating
081110 010452 5080 INFO dfs.DataNode$PacketResponder: PacketResponder 1 for block blk_785617468624382133 terminating
081110 010452 5090 INFO dfs.DataNode$PacketResponder: PacketResponder 0 for block blk_5023589098106964367 terminating
081110 010452 5090 INFO dfs.DataNode$PacketResponder: PacketResponder 2 for block blk_1623363940441363571 terminating
081110 010452 5098 INFO dfs.DataNode$PacketResponder: PacketResponder 2 for block blk_7337902846819617378 terminating
081110 010452 5098 INFO dfs.DataNode$PacketResponder: PacketResponder 2 for block blk_-8774798511550544107 terminating
081110 010452 5100 INFO dfs.DataNode$PacketResponder: PacketResponder 1 for block blk_7821034360702861850 terminating
081110 010452 5101 INFO dfs.DataNode$PacketResponder: PacketResponder 0 for block blk_-3263570002598906431 terminating
081110 010452 5102 INFO dfs.DataNode$PacketResponder: PacketResponder 0 for block blk_-6139404013620186332 terminating
081110 010452 5113 INFO dfs.DataNode$PacketResponder: PacketResponder 0 for block blk_785617468624382133 terminating
081110 010452 5122 INFO dfs.DataNode$PacketResponder: PacketResponder 2 for block blk_8490988750020679672 terminating
081110 010452 5138 INFO dfs.DataNode$PacketResponder: PacketResponder 2 for block blk_5023589098106964367 terminating
081110 010452 5218 INFO dfs.DataNode$PacketResponder: PacketResponder 1 for block blk_-6139404013620186332 terminating
081110 010452 5239 INFO dfs.DataNode$PacketResponder: PacketResponder 1 for block blk_-3263570002598906431 terminating
081110 010453 3894 INFO dfs.DataNode$PacketResponder: PacketResponder 1 for block blk_-7119361177666137961 terminating
081110 010453 4067 INFO dfs.DataNode$PacketResponder: PacketResponder 0 for block blk_7950320536918985226 terminating
081110 010453 4925 INFO dfs.DataNode$PacketResponder: PacketResponder 2 for block blk_7950320536918985226 terminating
081110 010453 4925 INFO dfs.DataNode$PacketResponder: PacketResponder 2 for block blk_8543955788152073798 terminating
081110 010453 4964 INFO dfs.DataNode$PacketResponder: PacketResponder 0 for block blk_658514402998670761 terminating
081110 010453 4998 INFO dfs.DataNode$PacketResponder: PacketResponder 2 for block blk_-9036441579801089380 terminating
081110 010453 5018 INFO dfs.DataNode$PacketResponder: PacketResponder 1 for block blk_-869921997559817079 terminating
081110 010453 5026 INFO dfs.DataNode$PacketResponder: PacketResponder 0 for block blk_-9036441579801089380 terminating
081110 010453 5037 INFO dfs.DataNode$PacketResponder: PacketResponder 0 for block blk_-1156762620461156972 terminating
081110 010453 5045 INFO dfs.DataNode$PacketResponder: PacketResponder 1 for block blk_-1156762620461156972 terminating
081110 010453 5059 INFO dfs.DataNode$PacketResponder: PacketResponder 1 for block blk_7950320536918985226 terminating
081110 010453 5063 INFO dfs.DataNode$PacketResponder: PacketResponder 1 for block blk_-5529010234113223195 terminating
081110 010453 5066 INFO dfs.DataNode$PacketResponder: PacketResponder 2 for block blk_-5529010234113223195 terminating
081110 010453 5082 INFO dfs.DataNode$PacketResponder: PacketResponder 2 for block blk_-1156762620461156972 terminating
081110 010453 5093 INFO dfs.DataNode$PacketResponder: PacketResponder 2 for block blk_-869921997559817079 terminating
081110 010453 5101 INFO dfs.DataNode$PacketResponder: PacketResponder 0 for block blk_-7119361177666137961 terminating
081110 010453 5122 INFO dfs.DataNode$PacketResponder: PacketResponder 2 for block blk_785617468624382133 terminating
081110 010453 5131 INFO dfs.DataNode$PacketResponder: PacketResponder 0 for block blk_-5529010234113223195 terminating
081110 010453 5141 INFO dfs.DataNode$PacketResponder: PacketResponder 1 for block blk_8543955788152073798 terminating
081110 010453 5162 INFO dfs.DataNode$PacketResponder: PacketResponder 2 for block blk_-7119361177666137961 terminating
081110 010453 5172 INFO dfs.DataNode$PacketResponder: PacketResponder 1 for block blk_-9036441579801089380 terminating
081110 010453 5181 INFO dfs.DataNode$PacketResponder: PacketResponder 0 for block blk_8543955788152073798 terminating
081110 010453 5191 INFO dfs.DataNode$PacketResponder: PacketResponder 0 for block blk_-869921997559817079 terminating
081110 010454 4765 INFO dfs.DataNode$PacketResponder: PacketResponder 0 for block blk_-3437479612881004723 terminating
081110 010454 4836 INFO dfs.DataNode$PacketResponder: PacketResponder 2 for block blk_-6129865864768534150 terminating
081110 010454 4885 INFO dfs.DataNode$PacketResponder: PacketResponder 0 for block blk_-4958303781117549877 terminating
081110 010454 4889 INFO dfs.DataNode$PacketResponder: PacketResponder 2 for block blk_-4818473149384118163 terminating
081110 010454 4920 INFO dfs.DataNode$PacketResponder: PacketResponder 1 for block blk_2561233023805120592 terminating
081110 010454 4958 INFO dfs.DataNode$PacketResponder: PacketResponder 1 for block blk_-4958303781117549877 terminating
081110 010454 5005 INFO dfs.DataNode$PacketResponder: PacketResponder 0 for block blk_-4818473149384118163 terminating
081110 010454 5011 INFO dfs.DataNode$PacketResponder: PacketResponder 1 for block blk_658514402998670761 terminating
081110 010454 5012 INFO dfs.DataNode$PacketResponder: PacketResponder 1 for block blk_-6129865864768534150 terminating
081110 010454 5029 INFO dfs.DataNode$PacketResponder: PacketResponder 2 for block blk_2817195392167142197 terminating
081110 010454 5036 INFO dfs.DataNode$PacketResponder: PacketResponder 0 for block blk_2561233023805120592 terminating
081110 010454 5062 INFO dfs.DataNode$PacketResponder: PacketResponder 2 for block blk_-4958303781117549877 terminating
081110 010454 5075 INFO dfs.DataNode$PacketResponder: PacketResponder 0 for block blk_-7578960879279652942 terminating
081110 010454 5076 INFO dfs.DataNode$PacketResponder: PacketResponder 0 for block blk_66867809683151337 terminating
081110 010454 5078 INFO dfs.DataNode$PacketResponder: PacketResponder 1 for block blk_-3437479612881004723 terminating
081110 010454 5089 INFO dfs.DataNode$PacketResponder: PacketResponder 1 for block blk_2817195392167142197 terminating
081110 010454 5094 INFO dfs.DataNode$PacketResponder: PacketResponder 2 for block blk_658514402998670761 terminating
081110 010454 5097 INFO dfs.DataNode$PacketResponder: PacketResponder 0 for block blk_7120807062840189530 terminating
081110 010454 5098 INFO dfs.DataNode$PacketResponder: PacketResponder 1 for block blk_66867809683151337 terminating
081110 010454 5100 INFO dfs.DataNode$PacketResponder: PacketResponder 0 for block blk_2817195392167142197 terminating
081110 010454 5105 INFO dfs.DataNode$DataXceiver: writeBlock blk_-1013481023655112960 received exception java.io.IOException: Could not read from stream
081110 010454 5107 INFO dfs.DataNode$PacketResponder: PacketResponder 0 for block blk_-6129865864768534150 terminating
081110 010454 5117 INFO dfs.DataNode$PacketResponder: PacketResponder 2 for block blk_-3437479612881004723 terminating
081110 010454 5161 INFO dfs.DataNode$PacketResponder: PacketResponder 1 for block blk_-4818473149384118163 terminating
081110 010454 5165 INFO dfs.DataNode$PacketResponder: PacketResponder 2 for block blk_-3263570002598906431 terminating
081110 010455 4798 INFO dfs.DataNode$PacketResponder: PacketResponder 2 for block blk_-7578960879279652942 terminating
081110 010455 4855 INFO dfs.DataNode$PacketResponder: PacketResponder 2 for block blk_-3176092839872787839 terminating
081110 010455 4946 INFO dfs.DataNode$PacketResponder: PacketResponder 0 for block blk_-5090115424388887435 terminating
081110 010455 4996 INFO dfs.DataNode$PacketResponder: PacketResponder 0 for block blk_8084873934288936838 terminating
081110 010455 5005 INFO dfs.DataNode$PacketResponder: PacketResponder 0 for block blk_8384810646555484353 terminating
081110 010455 5011 INFO dfs.DataNode$PacketResponder: PacketResponder 1 for block blk_8384810646555484353 terminating
081110 010455 5035 INFO dfs.DataNode$PacketResponder: PacketResponder 0 for block blk_6829107562463305300 terminating
081110 010455 5036 INFO dfs.DataNode$PacketResponder: PacketResponder 1 for block blk_-3176092839872787839 terminating
081110 010455 5039 INFO dfs.DataNode$PacketResponder: PacketResponder 2 for block blk_66867809683151337 terminating
081110 010455 5044 INFO dfs.DataNode$PacketResponder: PacketResponder 2 for block blk_8384810646555484353 terminating
081110 010455 5057 INFO dfs.DataNode$PacketResponder: PacketResponder 2 for block blk_2561233023805120592 terminating
081110 010455 5067 INFO dfs.DataNode$PacketResponder: PacketResponder 1 for block blk_6829107562463305300 terminating
081110 010455 5069 INFO dfs.DataNode$PacketResponder: PacketResponder 1 for block blk_-5090115424388887435 terminating
081110 010455 5096 INFO dfs.DataNode$PacketResponder: PacketResponder 0 for block blk_8801108209799845602 terminating
081110 010455 5096 INFO dfs.DataNode$PacketResponder: PacketResponder 1 for block blk_8084873934288936838 terminating
081110 010455 5110 INFO dfs.DataNode$PacketResponder: PacketResponder 0 for block blk_-3176092839872787839 terminating
081110 010455 5110 INFO dfs.DataNode$PacketResponder: PacketResponder 2 for block blk_-5090115424388887435 terminating
081110 010455 5139 INFO dfs.DataNode$PacketResponder: PacketResponder 1 for block blk_-7578960879279652942 terminating
081110 010456 3888 INFO dfs.DataNode$PacketResponder: PacketResponder 2 for block blk_7120807062840189530 terminating
081110 010456 4887 INFO dfs.DataNode$PacketResponder: PacketResponder 1 for block blk_4535419450112684272 terminating
081110 010456 4959 INFO dfs.DataNode$PacketResponder: PacketResponder 1 for block blk_-1481756566400401231 terminating
081110 010456 4987 INFO dfs.DataNode$PacketResponder: PacketResponder 2 for block blk_-1884029956895129518 terminating
081110 010456 4992 INFO dfs.DataNode$PacketResponder: PacketResponder 2 for block blk_6829107562463305300 terminating
081110 010456 4994 INFO dfs.DataNode$PacketResponder: PacketResponder 1 for block blk_7120807062840189530 terminating
081110 010456 5015 INFO dfs.DataNode$PacketResponder: PacketResponder 2 for block blk_4740281143178668985 terminating
081110 010456 5016 INFO dfs.DataNode$PacketResponder: PacketResponder 0 for block blk_-9069929877903313193 terminating
081110 010456 5023 INFO dfs.DataNode$PacketResponder: PacketResponder 0 for block blk_-1965847453021568736 terminating
081110 010456 5029 INFO dfs.DataNode$PacketResponder: PacketResponder 2 for block blk_4535419450112684272 terminating
081110 010456 5031 INFO dfs.DataNode$PacketResponder: PacketResponder 0 for block blk_4740281143178668985 terminating
081110 010456 5044 INFO dfs.DataNode$PacketResponder: PacketResponder 1 for block blk_-1843793659588366761 terminating
081110 010456 5054 INFO dfs.DataNode$PacketResponder: PacketResponder 0 for block blk_4535419450112684272 terminating
081110 010456 5054 INFO dfs.DataNode$PacketResponder: PacketResponder 1 for block blk_588358709061972432 terminating
081110 010456 5057 INFO dfs.DataNode$PacketResponder: PacketResponder 1 for block blk_2233303036145891872 terminating
081110 010456 5061 INFO dfs.DataNode$PacketResponder: PacketResponder 1 for block blk_8801108209799845602 terminating
081110 010456 5063 INFO dfs.DataNode$PacketResponder: PacketResponder 1 for block blk_-9069929877903313193 terminating
081110 010456 5071 INFO dfs.DataNode$PacketResponder: PacketResponder 2 for block blk_-1481756566400401231 terminating
081110 010456 5079 INFO dfs.DataNode$PacketResponder: PacketResponder 2 for block blk_588358709061972432 terminating
081110 010456 5087 INFO dfs.DataNode$PacketResponder: PacketResponder 0 for block blk_2233303036145891872 terminating
081110 010456 5091 INFO dfs.DataNode$PacketResponder: PacketResponder 1 for block blk_-1884029956895129518 terminating
081110 010456 5092 INFO dfs.DataNode$PacketResponder: PacketResponder 2 for block blk_8084873934288936838 terminating
081110 010456 5098 INFO dfs.DataNode$PacketResponder: PacketResponder 2 for block blk_8801108209799845602 terminating
081110 010456 5112 INFO dfs.DataNode$PacketResponder: PacketResponder 0 for block blk_-1884029956895129518 terminating
081110 010456 5123 INFO dfs.DataNode$PacketResponder: PacketResponder 0 for block blk_588358709061972432 terminating
081110 010456 5124 INFO dfs.DataNode$PacketResponder: PacketResponder 2 for block blk_-1965847453021568736 terminating
081110 010456 5132 INFO dfs.DataNode$PacketResponder: PacketResponder 2 for block blk_-1843793659588366761 terminating
081110 010456 5135 INFO dfs.DataNode$PacketResponder: PacketResponder 2 for block blk_-9069929877903313193 terminating
081110 010456 5149 INFO dfs.DataNode$PacketResponder: PacketResponder 0 for block blk_-1843793659588366761 terminating
081110 010456 5162 INFO dfs.DataNode$PacketResponder: PacketResponder 1 for block blk_4740281143178668985 terminating
081110 010456 5172 INFO dfs.DataNode$PacketResponder: PacketResponder 1 for block blk_-1965847453021568736 terminating
081110 010456 5181 INFO dfs.DataNode$PacketResponder: PacketResponder 0 for block blk_-1481756566400401231 terminating
081110 010456 5190 INFO dfs.DataNode$PacketResponder: PacketResponder 2 for block blk_2233303036145891872 terminating
081110 010457 4701 INFO dfs.DataNode$PacketResponder: PacketResponder 2 for block blk_-3671387659970535532 terminating
081110 010457 4885 INFO dfs.DataNode$PacketResponder: PacketResponder 2 for block blk_8011634479257782898 terminating
081110 010457 4891 INFO dfs.DataNode$PacketResponder: PacketResponder 0 for block blk_-5255920597773420397 terminating
081110 010457 4923 INFO dfs.DataNode$PacketResponder: PacketResponder 0 for block blk_-6889551608022473230 terminating
081110 010457 4933 INFO dfs.DataNode$PacketResponder: PacketResponder 1 for block blk_-8064619051073819842 terminating
081110 010457 4942 INFO dfs.DataNode$PacketResponder: PacketResponder 1 for block blk_-6889551608022473230 terminating
081110 010457 4962 INFO dfs.DataNode$PacketResponder: PacketResponder 0 for block blk_-3981225521422600352 terminating
081110 010457 4968 INFO dfs.DataNode$PacketResponder: PacketResponder 1 for block blk_-5255920597773420397 terminating
081110 010457 4995 INFO dfs.DataNode$PacketResponder: PacketResponder 2 for block blk_-3160656958070088991 terminating
081110 010457 5016 INFO dfs.DataNode$PacketResponder: PacketResponder 2 for block blk_-6889551608022473230 terminating
081110 010457 5022 INFO dfs.DataNode$PacketResponder: PacketResponder 2 for block blk_-6884156705319098212 terminating
081110 010457 5026 INFO dfs.DataNode$PacketResponder: PacketResponder 0 for block blk_-3160656958070088991 terminating
081110 010457 5039 INFO dfs.DataNode$PacketResponder: PacketResponder 0 for block blk_5001552956010640242 terminating
081110 010457 5040 INFO dfs.DataNode$PacketResponder: PacketResponder 0 for block blk_6189599732791847092 terminating
081110 010457 5049 INFO dfs.DataNode$PacketResponder: PacketResponder 1 for block blk_5001552956010640242 terminating
081110 010457 5061 INFO dfs.DataNode$PacketResponder: PacketResponder 0 for block blk_-6884156705319098212 terminating
081110 010457 5069 INFO dfs.DataNode$PacketResponder: PacketResponder 2 for block blk_-5255920597773420397 terminating
081110 010457 5088 INFO dfs.DataNode$PacketResponder: PacketResponder 1 for block blk_-3160656958070088991 terminating
081110 010457 5093 INFO dfs.DataNode$PacketResponder: PacketResponder 0 for block blk_2165327251614185097 terminating
081110 010457 5093 INFO dfs.DataNode$PacketResponder: PacketResponder 2 for block blk_2165327251614185097 terminating
081110 010457 5096 INFO dfs.DataNode$PacketResponder: PacketResponder 2 for block blk_-8064619051073819842 terminating
081110 010457 5100 INFO dfs.DataNode$PacketResponder: PacketResponder 1 for block blk_6189599732791847092 terminating
081110 010457 5107 INFO dfs.DataNode$PacketResponder: PacketResponder 1 for block blk_8011634479257782898 terminating
081110 010457 5108 INFO dfs.DataNode$PacketResponder: PacketResponder 1 for block blk_-6884156705319098212 terminating
081110 010457 5113 INFO dfs.DataNode$PacketResponder: PacketResponder 0 for block blk_4558581489607503537 terminating
081110 010457 5114 INFO dfs.DataNode$PacketResponder: PacketResponder 1 for block blk_2165327251614185097 terminating
081110 010457 5120 INFO dfs.DataNode$PacketResponder: PacketResponder 2 for block blk_206362525607912131 terminating
081110 010457 5121 INFO dfs.DataNode$PacketResponder: PacketResponder 0 for block blk_206362525607912131 terminating
081110 010457 5126 INFO dfs.DataNode$PacketResponder: PacketResponder 0 for block blk_8011634479257782898 terminating
081110 010457 5131 INFO dfs.DataNode$PacketResponder: PacketResponder 1 for block blk_206362525607912131 terminating
081110 010457 5136 INFO dfs.DataNode$PacketResponder: PacketResponder 2 for block blk_4558581489607503537 terminating
081110 010457 5145 INFO dfs.DataNode$PacketResponder: PacketResponder 0 for block blk_-3671387659970535532 terminating
081110 010457 5193 INFO dfs.DataNode$PacketResponder: PacketResponder 0 for block blk_-8261365478405857864 terminating
081110 010457 5207 INFO dfs.DataNode$PacketResponder: PacketResponder 0 for block blk_-8064619051073819842 terminating
081110 010457 5226 INFO dfs.DataNode$PacketResponder: PacketResponder 1 for block blk_-3671387659970535532 terminating
081110 010458 4900 INFO dfs.DataNode$PacketResponder: PacketResponder 2 for block blk_-3981225521422600352 terminating
081110 010458 4944 INFO dfs.DataNode$PacketResponder: PacketResponder 0 for block blk_-7086631398245078683 terminating
081110 010458 4964 INFO dfs.DataNode$PacketResponder: PacketResponder 1 for block blk_4825543766489483670 terminating
081110 010458 4968 INFO dfs.DataNode$PacketResponder: PacketResponder 0 for block blk_-7487818387900498912 terminating
081110 010458 4971 INFO dfs.DataNode$PacketResponder: PacketResponder 2 for block blk_6189599732791847092 terminating
081110 010458 4988 INFO dfs.DataNode$PacketResponder: PacketResponder 2 for block blk_-7086631398245078683 terminating
081110 010458 4992 INFO dfs.DataNode$PacketResponder: PacketResponder 1 for block blk_-8859567175365014307 terminating
081110 010458 5001 INFO dfs.DataNode$PacketResponder: PacketResponder 0 for block blk_4301241372049876027 terminating
081110 010458 5005 INFO dfs.DataNode$PacketResponder: PacketResponder 0 for block blk_-8859567175365014307 terminating
081110 010458 5019 INFO dfs.DataNode$PacketResponder: PacketResponder 0 for block blk_-2588672143287004144 terminating
081110 010458 5034 INFO dfs.DataNode$PacketResponder: PacketResponder 0 for block blk_58573424424625449 terminating
081110 010458 5054 INFO dfs.DataNode$PacketResponder: PacketResponder 1 for block blk_-7086631398245078683 terminating
081110 010458 5054 INFO dfs.DataNode$PacketResponder: PacketResponder 2 for block blk_-8261365478405857864 terminating
081110 010458 5055 INFO dfs.DataNode$PacketResponder: PacketResponder 1 for block blk_58573424424625449 terminating
081110 010458 5066 INFO dfs.DataNode$PacketResponder: PacketResponder 1 for block blk_4301241372049876027 terminating
081110 010458 5075 INFO dfs.DataNode$PacketResponder: PacketResponder 1 for block blk_-8261365478405857864 terminating
081110 010458 5078 INFO dfs.DataNode$PacketResponder: PacketResponder 2 for block blk_4825543766489483670 terminating
081110 010458 5091 INFO dfs.DataNode$PacketResponder: PacketResponder 2 for block blk_-7487818387900498912 terminating
081110 010458 5095 INFO dfs.DataNode$PacketResponder: PacketResponder 0 for block blk_4825543766489483670 terminating
081110 010458 5100 INFO dfs.DataNode$PacketResponder: PacketResponder 0 for block blk_1161628808973366855 terminating
081110 010458 5100 INFO dfs.DataNode$PacketResponder: PacketResponder 1 for block blk_3812078484791038037 terminating
081110 010458 5103 INFO dfs.DataNode$PacketResponder: PacketResponder 2 for block blk_4301241372049876027 terminating
081110 010458 5106 INFO dfs.DataNode$PacketResponder: PacketResponder 2 for block blk_1161628808973366855 terminating
081110 010458 5111 INFO dfs.DataNode$PacketResponder: PacketResponder 1 for block blk_-3981225521422600352 terminating
081110 010458 5114 INFO dfs.DataNode$PacketResponder: PacketResponder 1 for block blk_1161628808973366855 terminating
081110 010458 5118 INFO dfs.DataNode$PacketResponder: PacketResponder 0 for block blk_3812078484791038037 terminating
081110 010458 5119 INFO dfs.DataNode$PacketResponder: PacketResponder 1 for block blk_4558581489607503537 terminating
081110 010458 5121 INFO dfs.DataNode$PacketResponder: PacketResponder 2 for block blk_5001552956010640242 terminating
081110 010458 5130 INFO dfs.DataNode$PacketResponder: PacketResponder 1 for block blk_-7487818387900498912 terminating
081110 010458 5130 INFO dfs.DataNode$PacketResponder: PacketResponder 2 for block blk_58573424424625449 terminating
081110 010458 5137 INFO dfs.DataNode$PacketResponder: PacketResponder 2 for block blk_3812078484791038037 terminating
081110 010458 5168 INFO dfs.DataNode$PacketResponder: PacketResponder 1 for block blk_-2588672143287004144 terminating
081110 010458 5204 INFO dfs.DataNode$PacketResponder: PacketResponder 2 for block blk_-2588672143287004144 terminating
081110 010459 3897 INFO dfs.DataNode$PacketResponder: PacketResponder 0 for block blk_8126881900098017723 terminating
081110 010459 4759 INFO dfs.DataNode$PacketResponder: PacketResponder 1 for block blk_-2061109905401286611 terminating
081110 010459 4832 INFO dfs.DataNode$PacketResponder: PacketResponder 2 for block blk_2188264767226859655 terminating
081110 010459 4884 INFO dfs.DataNode$PacketResponder: PacketResponder 0 for block blk_8731045480969981768 terminating
081110 010459 4908 INFO dfs.DataNode$PacketResponder: PacketResponder 1 for block blk_-3417510644063904923 terminating
081110 010459 4940 INFO dfs.DataNode$PacketResponder: PacketResponder 0 for block blk_-2036833785599340622 terminating
081110 010459 4959 INFO dfs.DataNode$PacketResponder: PacketResponder 0 for block blk_-2677497899890066282 terminating
081110 010459 4982 INFO dfs.DataNode$PacketResponder: PacketResponder 0 for block blk_-3417510644063904923 terminating
081110 010459 4996 INFO dfs.DataNode$PacketResponder: PacketResponder 0 for block blk_1579989948338307291 terminating
081110 010459 5010 INFO dfs.DataNode$PacketResponder: PacketResponder 2 for block blk_8126881900098017723 terminating
081110 010459 5019 INFO dfs.DataNode$PacketResponder: PacketResponder 1 for block blk_8749974174824944353 terminating
081110 010459 5035 INFO dfs.DataNode$PacketResponder: PacketResponder 2 for block blk_5550435266341183079 terminating
081110 010459 5048 INFO dfs.DataNode$PacketResponder: PacketResponder 0 for block blk_-5127199302765676988 terminating
081110 010459 5053 INFO dfs.DataNode$PacketResponder: PacketResponder 2 for block blk_1579989948338307291 terminating
081110 010459 5056 INFO dfs.DataNode$PacketResponder: PacketResponder 0 for block blk_1397702427527209131 terminating
081110 010459 5060 INFO dfs.DataNode$PacketResponder: PacketResponder 2 for block blk_-2036833785599340622 terminating
081110 010459 5065 INFO dfs.DataNode$PacketResponder: PacketResponder 2 for block blk_-2061109905401286611 terminating
081110 010459 5070 INFO dfs.DataNode$PacketResponder: PacketResponder 1 for block blk_1579989948338307291 terminating
081110 010459 5072 INFO dfs.DataNode$PacketResponder: PacketResponder 1 for block blk_-2677497899890066282 terminating
081110 010459 5075 INFO dfs.DataNode$PacketResponder: PacketResponder 1 for block blk_-2036833785599340622 terminating
081110 010459 5084 INFO dfs.DataNode$PacketResponder: PacketResponder 0 for block blk_5550435266341183079 terminating
081110 010459 5092 INFO dfs.DataNode$PacketResponder: PacketResponder 2 for block blk_-1281297280209799556 terminating
081110 010459 5094 INFO dfs.DataNode$PacketResponder: PacketResponder 1 for block blk_2188264767226859655 terminating
081110 010459 5097 INFO dfs.DataNode$PacketResponder: PacketResponder 2 for block blk_-8859567175365014307 terminating
081110 010459 5100 INFO dfs.DataNode$PacketResponder: PacketResponder 2 for block blk_8749974174824944353 terminating
081110 010459 5101 INFO dfs.DataNode$PacketResponder: PacketResponder 1 for block blk_-1281297280209799556 terminating
081110 010459 5110 INFO dfs.DataNode$PacketResponder: PacketResponder 1 for block blk_8731045480969981768 terminating
081110 010459 5112 INFO dfs.DataNode$PacketResponder: PacketResponder 1 for block blk_5550435266341183079 terminating
081110 010459 5118 INFO dfs.DataNode$PacketResponder: PacketResponder 0 for block blk_-2061109905401286611 terminating
081110 010459 5119 INFO dfs.DataNode$PacketResponder: PacketResponder 2 for block blk_-3417510644063904923 terminating
081110 010459 5122 INFO dfs.DataNode$PacketResponder: PacketResponder 1 for block blk_-5127199302765676988 terminating
081110 010459 5134 INFO dfs.DataNode$PacketResponder: PacketResponder 0 for block blk_-1281297280209799556 terminating
081110 010459 5135 INFO dfs.DataNode$PacketResponder: PacketResponder 0 for block blk_8749974174824944353 terminating
081110 010459 5149 INFO dfs.DataNode$PacketResponder: PacketResponder 1 for block blk_8126881900098017723 terminating
081110 010459 5184 INFO dfs.DataNode$PacketResponder: PacketResponder 2 for block blk_-5127199302765676988 terminating
081110 010459 5201 INFO dfs.DataNode$PacketResponder: PacketResponder 2 for block blk_-2677497899890066282 terminating
081110 010459 5203 INFO dfs.DataNode$PacketResponder: PacketResponder 0 for block blk_2188264767226859655 terminating
081110 010459 5221 INFO dfs.DataNode$PacketResponder: PacketResponder 0 for block blk_7392347992738396554 terminating
081110 010500 4887 INFO dfs.DataNode$PacketResponder: PacketResponder 0 for block blk_-7231841251262152955 terminating
081110 010500 4924 INFO dfs.DataNode$PacketResponder: PacketResponder 0 for block blk_-6699232963977832030 terminating
081110 010500 4955 INFO dfs.DataNode$PacketResponder: PacketResponder 1 for block blk_7392347992738396554 terminating
081110 010500 4981 INFO dfs.DataNode$PacketResponder: PacketResponder 2 for block blk_7392347992738396554 terminating
081110 010500 5007 INFO dfs.DataNode$PacketResponder: PacketResponder 1 for block blk_1397702427527209131 terminating
081110 010500 5013 INFO dfs.DataNode$PacketResponder: PacketResponder 0 for block blk_-2321429885822848006 terminating
081110 010500 5027 INFO dfs.DataNode$PacketResponder: PacketResponder 2 for block blk_6879420770179008885 terminating
081110 010500 5034 INFO dfs.DataNode$PacketResponder: PacketResponder 1 for block blk_-92790776025368258 terminating
081110 010500 5042 INFO dfs.DataNode$PacketResponder: PacketResponder 2 for block blk_1397702427527209131 terminating
081110 010500 5043 INFO dfs.DataNode$PacketResponder: PacketResponder 0 for block blk_-3696476407822210863 terminating
081110 010500 5048 INFO dfs.DataNode$PacketResponder: PacketResponder 2 for block blk_1524087105836388013 terminating
081110 010500 5061 INFO dfs.DataNode$PacketResponder: PacketResponder 0 for block blk_-7336411730124698174 terminating
081110 010500 5067 INFO dfs.DataNode$PacketResponder: PacketResponder 2 for block blk_-1080779937665949686 terminating
081110 010500 5071 INFO dfs.DataNode$PacketResponder: PacketResponder 2 for block blk_-92790776025368258 terminating
081110 010500 5077 INFO dfs.DataNode$PacketResponder: PacketResponder 1 for block blk_-5440916734461165259 terminating
081110 010500 5079 INFO dfs.DataNode$PacketResponder: PacketResponder 0 for block blk_6879420770179008885 terminating
081110 010500 5084 INFO dfs.DataNode$PacketResponder: PacketResponder 1 for block blk_-1080779937665949686 terminating
081110 010500 5092 INFO dfs.DataNode$PacketResponder: PacketResponder 1 for block blk_6879420770179008885 terminating
081110 010500 5093 INFO dfs.DataNode$PacketResponder: PacketResponder 1 for block blk_1524087105836388013 terminating
081110 010500 5097 INFO dfs.DataNode$PacketResponder: PacketResponder 2 for block blk_-7231841251262152955 terminating
081110 010500 5098 INFO dfs.DataNode$PacketResponder: PacketResponder 1 for block blk_-6699232963977832030 terminating
081110 010500 5102 INFO dfs.DataNode$PacketResponder: PacketResponder 2 for block blk_-5440916734461165259 terminating
081110 010500 5104 INFO dfs.DataNode$PacketResponder: PacketResponder 2 for block blk_-6699232963977832030 terminating
081110 010500 5114 INFO dfs.DataNode$PacketResponder: PacketResponder 0 for block blk_-92790776025368258 terminating
081110 010500 5130 INFO dfs.DataNode$PacketResponder: PacketResponder 1 for block blk_-7231841251262152955 terminating
081110 010500 5132 INFO dfs.DataNode$PacketResponder: PacketResponder 0 for block blk_1524087105836388013 terminating
081110 010500 5135 INFO dfs.DataNode$PacketResponder: PacketResponder 2 for block blk_8731045480969981768 terminating
081110 010500 5163 INFO dfs.DataNode$PacketResponder: PacketResponder 0 for block blk_-5440916734461165259 terminating
081110 010500 5193 INFO dfs.DataNode$PacketResponder: PacketResponder 1 for block blk_-3696476407822210863 terminating
081110 010500 5210 INFO dfs.DataNode$PacketResponder: PacketResponder 0 for block blk_-1080779937665949686 terminating
081110 010501 4071 INFO dfs.DataNode$PacketResponder: PacketResponder 0 for block blk_-6804350164234357062 terminating
081110 010501 4867 INFO dfs.DataNode$PacketResponder: PacketResponder 1 for block blk_-2321429885822848006 terminating
081110 010501 4946 INFO dfs.DataNode$PacketResponder: PacketResponder 1 for block blk_-8330303455320693946 terminating
081110 010501 4994 INFO dfs.DataNode$PacketResponder: PacketResponder 0 for block blk_-5501273590267260989 terminating
081110 010501 5006 INFO dfs.DataNode$PacketResponder: PacketResponder 1 for block blk_-7336411730124698174 terminating
081110 010501 5009 INFO dfs.DataNode$PacketResponder: PacketResponder 0 for block blk_2725630548359868998 terminating
081110 010501 5039 INFO dfs.DataNode$PacketResponder: PacketResponder 1 for block blk_9131161879017604405 terminating
081110 010501 5043 INFO dfs.DataNode$PacketResponder: PacketResponder 0 for block blk_-8237896297210928773 terminating
081110 010501 5046 INFO dfs.DataNode$PacketResponder: PacketResponder 2 for block blk_-6804350164234357062 terminating
081110 010501 5052 INFO dfs.DataNode$PacketResponder: PacketResponder 1 for block blk_-2216297861150605768 terminating
081110 010501 5054 INFO dfs.DataNode$PacketResponder: PacketResponder 2 for block blk_-7580749245723363126 terminating
081110 010501 5060 INFO dfs.DataNode$PacketResponder: PacketResponder 1 for block blk_-7580749245723363126 terminating
081110 010501 5063 INFO dfs.DataNode$PacketResponder: PacketResponder 0 for block blk_-8330303455320693946 terminating
081110 010501 5086 INFO dfs.DataNode$PacketResponder: PacketResponder 0 for block blk_-5620744592326207752 terminating
081110 010501 5089 INFO dfs.DataNode$PacketResponder: PacketResponder 1 for block blk_-5501273590267260989 terminating
081110 010501 5094 INFO dfs.DataNode$PacketResponder: PacketResponder 0 for block blk_-2216297861150605768 terminating
081110 010501 5107 INFO dfs.DataNode$PacketResponder: PacketResponder 2 for block blk_-2216297861150605768 terminating
081110 010501 5108 INFO dfs.DataNode$PacketResponder: PacketResponder 2 for block blk_-7336411730124698174 terminating
081110 010501 5111 INFO dfs.DataNode$PacketResponder: PacketResponder 1 for block blk_-8237896297210928773 terminating
081110 010501 5112 INFO dfs.DataNode$PacketResponder: PacketResponder 2 for block blk_-2321429885822848006 terminating
081110 010501 5116 INFO dfs.DataNode$PacketResponder: PacketResponder 0 for block blk_9131161879017604405 terminating
081110 010501 5118 INFO dfs.DataNode$PacketResponder: PacketResponder 0 for block blk_-8944250353890390604 terminating
081110 010501 5126 INFO dfs.DataNode$PacketResponder: PacketResponder 2 for block blk_-3696476407822210863 terminating
081110 010501 5137 INFO dfs.DataNode$PacketResponder: PacketResponder 2 for block blk_-8330303455320693946 terminating
081110 010501 5167 INFO dfs.DataNode$PacketResponder: PacketResponder 2 for block blk_-5501273590267260989 terminating
081110 010501 5197 INFO dfs.DataNode$PacketResponder: PacketResponder 0 for block blk_-7580749245723363126 terminating
081110 010501 5212 INFO dfs.DataNode$PacketResponder: PacketResponder 1 for block blk_-6804350164234357062 terminating
081110 010501 5225 INFO dfs.DataNode$PacketResponder: PacketResponder 1 for block blk_-5620744592326207752 terminating
081110 010502 4942 INFO dfs.DataNode$PacketResponder: PacketResponder 1 for block blk_-944724529438638196 terminating
081110 010502 4948 INFO dfs.DataNode$PacketResponder: PacketResponder 2 for block blk_8960216494127577320 terminating
081110 010502 4963 INFO dfs.DataNode$PacketResponder: PacketResponder 2 for block blk_4635367384874684981 terminating
081110 010502 4968 INFO dfs.DataNode$PacketResponder: PacketResponder 1 for block blk_2725630548359868998 terminating
081110 010502 5000 INFO dfs.DataNode$PacketResponder: PacketResponder 2 for block blk_9131161879017604405 terminating
081110 010502 5001 INFO dfs.DataNode$PacketResponder: PacketResponder 2 for block blk_2725630548359868998 terminating
081110 010502 5016 INFO dfs.DataNode$PacketResponder: PacketResponder 1 for block blk_3647686937026831074 terminating
081110 010502 5025 INFO dfs.DataNode$PacketResponder: PacketResponder 1 for block blk_2183393021886552819 terminating
081110 010502 5029 INFO dfs.DataNode$PacketResponder: PacketResponder 0 for block blk_-944724529438638196 terminating
081110 010502 5041 INFO dfs.DataNode$PacketResponder: PacketResponder 0 for block blk_3169060243663461885 terminating
081110 010502 5041 INFO dfs.DataNode$PacketResponder: PacketResponder 1 for block blk_6481237534101085585 terminating
081110 010502 5050 INFO dfs.DataNode$PacketResponder: PacketResponder 2 for block blk_-8944250353890390604 terminating
081110 010502 5060 INFO dfs.DataNode$PacketResponder: PacketResponder 1 for block blk_204320419326563217 terminating
081110 010502 5065 INFO dfs.DataNode$PacketResponder: PacketResponder 1 for block blk_-8944250353890390604 terminating
081110 010502 5068 INFO dfs.DataNode$PacketResponder: PacketResponder 0 for block blk_204320419326563217 terminating
081110 010502 5083 INFO dfs.DataNode$PacketResponder: PacketResponder 1 for block blk_8960216494127577320 terminating
081110 010502 5086 INFO dfs.DataNode$PacketResponder: PacketResponder 0 for block blk_3647686937026831074 terminating
081110 010502 5098 INFO dfs.DataNode$PacketResponder: PacketResponder 1 for block blk_4635367384874684981 terminating
081110 010502 5104 INFO dfs.DataNode$PacketResponder: PacketResponder 0 for block blk_6481237534101085585 terminating
081110 010502 5110 INFO dfs.DataNode$PacketResponder: PacketResponder 0 for block blk_-4470872840191041917 terminating
081110 010502 5111 INFO dfs.DataNode$PacketResponder: PacketResponder 0 for block blk_2183393021886552819 terminating
081110 010502 5117 INFO dfs.DataNode$PacketResponder: PacketResponder 1 for block blk_3169060243663461885 terminating
081110 010502 5117 INFO dfs.DataNode$PacketResponder: PacketResponder 2 for block blk_-944724529438638196 terminating
081110 010502 5118 INFO dfs.DataNode$PacketResponder: PacketResponder 2 for block blk_3169060243663461885 terminating
081110 010502 5120 INFO dfs.DataNode$PacketResponder: PacketResponder 2 for block blk_-5620744592326207752 terminating
081110 010502 5121 INFO dfs.DataNode$PacketResponder: PacketResponder 0 for block blk_4635367384874684981 terminating
081110 010502 5143 INFO dfs.DataNode$PacketResponder: PacketResponder 2 for block blk_-8237896297210928773 terminating
081110 010502 5168 INFO dfs.DataNode$PacketResponder: PacketResponder 2 for block blk_204320419326563217 terminating
081110 010502 5179 INFO dfs.DataNode$PacketResponder: PacketResponder 2 for block blk_6481237534101085585 terminating
081110 010503 3898 INFO dfs.DataNode$PacketResponder: PacketResponder 2 for block blk_-7299981473943416150 terminating
081110 010503 4794 INFO dfs.DataNode$PacketResponder: PacketResponder 2 for block blk_2329443073807075045 terminating
081110 010503 4851 INFO dfs.DataNode$PacketResponder: PacketResponder 2 for block blk_-4470872840191041917 terminating
081110 010503 4949 INFO dfs.DataNode$PacketResponder: PacketResponder 0 for block blk_-7299981473943416150 terminating
081110 010503 4996 INFO dfs.DataNode$PacketResponder: PacketResponder 2 for block blk_3647686937026831074 terminating
081110 010503 5000 INFO dfs.DataNode$PacketResponder: PacketResponder 2 for block blk_2183393021886552819 terminating
081110 010503 5032 INFO dfs.DataNode$PacketResponder: PacketResponder 0 for block blk_8960216494127577320 terminating
081110 010503 5065 INFO dfs.DataNode$PacketResponder: PacketResponder 0 for block blk_-5049738491911063534 terminating
081110 010503 5093 INFO dfs.DataNode$PacketResponder: PacketResponder 1 for block blk_-7299981473943416150 terminating
081110 010503 5096 INFO dfs.DataNode$PacketResponder: PacketResponder 1 for block blk_-5049738491911063534 terminating
081110 010503 5097 INFO dfs.DataNode$PacketResponder: PacketResponder 1 for block blk_2329443073807075045 terminating
081110 010503 5102 INFO dfs.DataNode$PacketResponder: PacketResponder 1 for block blk_-4470872840191041917 terminating
081110 010503 5115 INFO dfs.DataNode$PacketResponder: PacketResponder 0 for block blk_2329443073807075045 terminating
081110 010503 5166 INFO dfs.DataNode$PacketResponder: PacketResponder 1 for block blk_-8816257570109254681 terminating
081110 010503 5173 INFO dfs.DataNode$PacketResponder: PacketResponder 0 for block blk_-8816257570109254681 terminating
081110 010503 5222 INFO dfs.DataNode$PacketResponder: PacketResponder 2 for block blk_-5049738491911063534 terminating
081110 010504 4793 INFO dfs.DataNode$PacketResponder: PacketResponder 0 for block blk_6250634122405467019 terminating
081110 010504 4893 INFO dfs.DataNode$PacketResponder: PacketResponder 0 for block blk_2911607067067032214 terminating
081110 010504 4947 INFO dfs.DataNode$PacketResponder: PacketResponder 0 for block blk_5883148882153831738 terminating
081110 010504 4964 INFO dfs.DataNode$PacketResponder: PacketResponder 1 for block blk_3880748955441156004 terminating
081110 010504 4995 INFO dfs.DataNode$PacketResponder: PacketResponder 0 for block blk_-8457500260059277055 terminating
081110 010504 5008 INFO dfs.DataNode$PacketResponder: PacketResponder 2 for block blk_3880748955441156004 terminating
081110 010504 5038 INFO dfs.DataNode$PacketResponder: PacketResponder 0 for block blk_3880748955441156004 terminating
081110 010504 5038 INFO dfs.DataNode$PacketResponder: PacketResponder 1 for block blk_6250634122405467019 terminating
081110 010504 5039 INFO dfs.DataNode$PacketResponder: PacketResponder 0 for block blk_3879982205574346899 terminating
081110 010504 5044 INFO dfs.DataNode$PacketResponder: PacketResponder 1 for block blk_5651612297957106462 terminating
081110 010504 5046 INFO dfs.DataNode$PacketResponder: PacketResponder 1 for block blk_-4583281426142159193 terminating
081110 010504 5050 INFO dfs.DataNode$PacketResponder: PacketResponder 2 for block blk_2266638610086388553 terminating
081110 010504 5073 INFO dfs.DataNode$PacketResponder: PacketResponder 2 for block blk_-8816257570109254681 terminating
081110 010504 5087 INFO dfs.DataNode$PacketResponder: PacketResponder 1 for block blk_-8457500260059277055 terminating
081110 010504 5090 INFO dfs.DataNode$PacketResponder: PacketResponder 2 for block blk_3879982205574346899 terminating
081110 010504 5095 INFO dfs.DataNode$PacketResponder: PacketResponder 1 for block blk_3879982205574346899 terminating
081110 010504 5097 INFO dfs.DataNode$PacketResponder: PacketResponder 2 for block blk_-3966176461149230233 terminating
081110 010504 5099 INFO dfs.DataNode$PacketResponder: PacketResponder 2 for block blk_6250634122405467019 terminating
081110 010504 5104 INFO dfs.DataNode$PacketResponder: PacketResponder 0 for block blk_2266638610086388553 terminating
081110 010504 5104 INFO dfs.DataNode$PacketResponder: PacketResponder 0 for block blk_-3966176461149230233 terminating
081110 010504 5110 INFO dfs.DataNode$PacketResponder: PacketResponder 1 for block blk_-3966176461149230233 terminating
081110 010504 5111 INFO dfs.DataNode$PacketResponder: PacketResponder 1 for block blk_2266638610086388553 terminating
081110 010504 5139 INFO dfs.DataNode$PacketResponder: PacketResponder 2 for block blk_5651612297957106462 terminating
081110 010504 5164 INFO dfs.DataNode$PacketResponder: PacketResponder 1 for block blk_-8947016250124757668 terminating
081110 010504 5187 INFO dfs.DataNode$PacketResponder: PacketResponder 0 for block blk_-4583281426142159193 terminating
081110 010504 5196 INFO dfs.DataNode$PacketResponder: PacketResponder 0 for block blk_5651612297957106462 terminating
081110 010504 5200 INFO dfs.DataNode$PacketResponder: PacketResponder 2 for block blk_-8457500260059277055 terminating
081110 010504 5206 INFO dfs.DataNode$PacketResponder: PacketResponder 1 for block blk_2911607067067032214 terminating
081110 010505 4820 INFO dfs.DataNode$PacketResponder: PacketResponder 1 for block blk_-390248378900262721 terminating
081110 010505 4861 INFO dfs.DataNode$PacketResponder: PacketResponder 0 for block blk_-4059907205663524197 terminating
081110 010505 4881 INFO dfs.DataNode$PacketResponder: PacketResponder 0 for block blk_1542682700374606559 terminating
081110 010505 4897 INFO dfs.DataNode$PacketResponder: PacketResponder 0 for block blk_5517553676340049098 terminating
081110 010505 4913 INFO dfs.DataNode$PacketResponder: PacketResponder 0 for block blk_-3657665801189425193 terminating
081110 010505 4973 INFO dfs.DataNode$PacketResponder: PacketResponder 1 for block blk_-3657665801189425193 terminating
081110 010505 4989 INFO dfs.DataNode$PacketResponder: PacketResponder 2 for block blk_7899601233480327021 terminating
081110 010505 5003 INFO dfs.DataNode$PacketResponder: PacketResponder 2 for block blk_-8619924724697050279 terminating
081110 010505 5009 INFO dfs.DataNode$PacketResponder: PacketResponder 2 for block blk_2911607067067032214 terminating
081110 010505 5013 INFO dfs.DataNode$PacketResponder: PacketResponder 2 for block blk_-8947016250124757668 terminating
081110 010505 5019 INFO dfs.DataNode$PacketResponder: PacketResponder 0 for block blk_-390248378900262721 terminating
081110 010505 5035 INFO dfs.DataNode$PacketResponder: PacketResponder 2 for block blk_-390248378900262721 terminating
081110 010505 5043 INFO dfs.DataNode$PacketResponder: PacketResponder 1 for block blk_-4274076477478314435 terminating
081110 010505 5044 INFO dfs.DataNode$PacketResponder: PacketResponder 1 for block blk_1542682700374606559 terminating
081110 010505 5066 INFO dfs.DataNode$PacketResponder: PacketResponder 2 for block blk_-4059907205663524197 terminating
081110 010505 5070 INFO dfs.DataNode$PacketResponder: PacketResponder 1 for block blk_3675598397192399957 terminating
081110 010505 5074 INFO dfs.DataNode$PacketResponder: PacketResponder 2 for block blk_5517553676340049098 terminating
081110 010505 5095 INFO dfs.DataNode$PacketResponder: PacketResponder 0 for block blk_3675598397192399957 terminating
081110 010505 5096 INFO dfs.DataNode$PacketResponder: PacketResponder 1 for block blk_-4059907205663524197 terminating
081110 010505 5102 INFO dfs.DataNode$PacketResponder: PacketResponder 1 for block blk_5517553676340049098 terminating
081110 010505 5117 INFO dfs.DataNode$PacketResponder: PacketResponder 0 for block blk_-4274076477478314435 terminating
081110 010505 5126 INFO dfs.DataNode$PacketResponder: PacketResponder 0 for block blk_-8947016250124757668 terminating
081110 010505 5134 INFO dfs.DataNode$PacketResponder: PacketResponder 2 for block blk_3675598397192399957 terminating
081110 010505 5143 INFO dfs.DataNode$PacketResponder: PacketResponder 2 for block blk_-4274076477478314435 terminating
081110 010505 5147 INFO dfs.DataNode$PacketResponder: PacketResponder 1 for block blk_7899601233480327021 terminating
081110 010505 5166 INFO dfs.DataNode$PacketResponder: PacketResponder 0 for block blk_7899601233480327021 terminating
081110 010505 5184 INFO dfs.DataNode$PacketResponder: PacketResponder 2 for block blk_-4583281426142159193 terminating
081110 010506 4939 INFO dfs.DataNode$PacketResponder: PacketResponder 2 for block blk_8727431426036842930 terminating
081110 010506 4970 INFO dfs.DataNode$PacketResponder: PacketResponder 2 for block blk_1542682700374606559 terminating
081110 010506 4988 INFO dfs.DataNode$PacketResponder: PacketResponder 0 for block blk_-4834777048448506999 terminating
081110 010506 5005 INFO dfs.DataNode$PacketResponder: PacketResponder 1 for block blk_6498266952912463966 terminating
081110 010506 5015 INFO dfs.DataNode$PacketResponder: PacketResponder 0 for block blk_-5411642579058981230 terminating
081110 010506 5025 INFO dfs.DataNode$PacketResponder: PacketResponder 2 for block blk_975646634278703512 terminating
081110 010506 5037 INFO dfs.DataNode$PacketResponder: PacketResponder 0 for block blk_6498266952912463966 terminating
081110 010506 5043 INFO dfs.DataNode$PacketResponder: PacketResponder 2 for block blk_5883148882153831738 terminating
081110 010506 5052 INFO dfs.DataNode$PacketResponder: PacketResponder 2 for block blk_-5411642579058981230 terminating
081110 010506 5076 INFO dfs.DataNode$PacketResponder: PacketResponder 0 for block blk_8727431426036842930 terminating
081110 010506 5076 INFO dfs.DataNode$PacketResponder: PacketResponder 1 for block blk_315669516467970825 terminating
081110 010506 5080 INFO dfs.DataNode$PacketResponder: PacketResponder 1 for block blk_-4834777048448506999 terminating
081110 010506 5095 INFO dfs.DataNode$PacketResponder: PacketResponder 0 for block blk_-8619924724697050279 terminating
081110 010506 5102 INFO dfs.DataNode$PacketResponder: PacketResponder 1 for block blk_5883148882153831738 terminating
081110 010506 5102 INFO dfs.DataNode$PacketResponder: PacketResponder 2 for block blk_6498266952912463966 terminating
081110 010506 5103 INFO dfs.DataNode$PacketResponder: PacketResponder 1 for block blk_8727431426036842930 terminating
081110 010506 5105 INFO dfs.DataNode$PacketResponder: PacketResponder 1 for block blk_975646634278703512 terminating
081110 010506 5107 INFO dfs.DataNode$PacketResponder: PacketResponder 2 for block blk_8772892713521115147 terminating
081110 010506 5114 INFO dfs.DataNode$PacketResponder: PacketResponder 0 for block blk_975646634278703512 terminating
081110 010506 5125 INFO dfs.DataNode$PacketResponder: PacketResponder 1 for block blk_-8619924724697050279 terminating
081110 010506 5126 INFO dfs.DataNode$PacketResponder: PacketResponder 0 for block blk_8772892713521115147 terminating
081110 010506 5128 INFO dfs.DataNode$PacketResponder: PacketResponder 1 for block blk_8772892713521115147 terminating
081110 010506 5133 INFO dfs.DataNode$PacketResponder: PacketResponder 0 for block blk_-5020071629045407007 terminating
081110 010506 5141 INFO dfs.DataNode$PacketResponder: PacketResponder 1 for block blk_-5411642579058981230 terminating
081110 010506 5226 INFO dfs.DataNode$PacketResponder: PacketResponder 2 for block blk_-3657665801189425193 terminating
081110 010506 5232 INFO dfs.DataNode$PacketResponder: PacketResponder 0 for block blk_315669516467970825 terminating
081110 010507 4804 INFO dfs.DataNode$PacketResponder: PacketResponder 2 for block blk_315669516467970825 terminating
081110 010507 4889 INFO dfs.DataNode$PacketResponder: PacketResponder 2 for block blk_-4834777048448506999 terminating
081110 010507 4896 INFO dfs.DataNode$PacketResponder: PacketResponder 0 for block blk_2847874656957685281 terminating
081110 010507 4952 INFO dfs.DataNode$PacketResponder: PacketResponder 0 for block blk_4387220793980380329 terminating
081110 010507 4967 INFO dfs.DataNode$PacketResponder: PacketResponder 0 for block blk_6351781872671167875 terminating
081110 010507 4991 INFO dfs.DataNode$PacketResponder: PacketResponder 0 for block blk_7117703195139582525 terminating
081110 010507 5031 INFO dfs.DataNode$PacketResponder: PacketResponder 2 for block blk_4387220793980380329 terminating
081110 010507 5045 INFO dfs.DataNode$PacketResponder: PacketResponder 2 for block blk_2847874656957685281 terminating
081110 010507 5056 INFO dfs.DataNode$PacketResponder: PacketResponder 0 for block blk_-4693900517575433312 terminating
081110 010507 5056 INFO dfs.DataNode$PacketResponder: PacketResponder 1 for block blk_4387220793980380329 terminating
081110 010507 5058 INFO dfs.DataNode$PacketResponder: PacketResponder 2 for block blk_7117703195139582525 terminating
081110 010507 5062 INFO dfs.DataNode$PacketResponder: PacketResponder 0 for block blk_6127396821422779892 terminating
081110 010507 5069 INFO dfs.DataNode$PacketResponder: PacketResponder 0 for block blk_1937400128699460221 terminating
081110 010507 5075 INFO dfs.DataNode$PacketResponder: PacketResponder 1 for block blk_6127396821422779892 terminating
081110 010507 5077 INFO dfs.DataNode$PacketResponder: PacketResponder 1 for block blk_7117703195139582525 terminating
081110 010507 5091 INFO dfs.DataNode$PacketResponder: PacketResponder 1 for block blk_-5020071629045407007 terminating
081110 010507 5137 INFO dfs.DataNode$PacketResponder: PacketResponder 2 for block blk_6127396821422779892 terminating
081110 010507 5139 INFO dfs.DataNode$PacketResponder: PacketResponder 0 for block blk_3296352055559294672 terminating
081110 010507 5142 INFO dfs.DataNode$PacketResponder: PacketResponder 1 for block blk_2847874656957685281 terminating
081110 010507 5176 INFO dfs.DataNode$PacketResponder: PacketResponder 1 for block blk_1937400128699460221 terminating
081110 010507 5183 INFO dfs.DataNode$PacketResponder: PacketResponder 2 for block blk_-5020071629045407007 terminating
081110 010507 5205 INFO dfs.DataNode$PacketResponder: PacketResponder 1 for block blk_3296352055559294672 terminating
081110 010508 3900 INFO dfs.DataNode$PacketResponder: PacketResponder 1 for block blk_6228959920085786537 terminating
081110 010508 4906 INFO dfs.DataNode$PacketResponder: PacketResponder 0 for block blk_7074189757087468221 terminating
081110 010508 4935 INFO dfs.DataNode$PacketResponder: PacketResponder 0 for block blk_6980313935739699300 terminating
081110 010508 4966 INFO dfs.DataNode$PacketResponder: PacketResponder 0 for block blk_2543547073009093750 terminating
081110 010508 5007 INFO dfs.DataNode$PacketResponder: PacketResponder 1 for block blk_-3657511127852996023 terminating
081110 010508 5028 INFO dfs.DataNode$PacketResponder: PacketResponder 1 for block blk_2543547073009093750 terminating
081110 010508 5038 INFO dfs.DataNode$PacketResponder: PacketResponder 0 for block blk_2532488139912929721 terminating
081110 010508 5041 INFO dfs.DataNode$PacketResponder: PacketResponder 2 for block blk_-2082779234208198567 terminating
081110 010508 5047 INFO dfs.DataNode$PacketResponder: PacketResponder 0 for block blk_-3657511127852996023 terminating
081110 010508 5047 INFO dfs.DataNode$PacketResponder: PacketResponder 1 for block blk_6980313935739699300 terminating
081110 010508 5058 INFO dfs.DataNode$PacketResponder: PacketResponder 2 for block blk_-6205238186005542104 terminating
081110 010508 5067 INFO dfs.DataNode$PacketResponder: PacketResponder 1 for block blk_2532488139912929721 terminating
081110 010508 5075 INFO dfs.DataNode$PacketResponder: PacketResponder 2 for block blk_3296352055559294672 terminating
081110 010508 5083 INFO dfs.DataNode$PacketResponder: PacketResponder 0 for block blk_-6095867949776910111 terminating
081110 010508 5093 INFO dfs.DataNode$PacketResponder: PacketResponder 2 for block blk_64860764872795471 terminating
081110 010508 5094 INFO dfs.DataNode$PacketResponder: PacketResponder 2 for block blk_2543547073009093750 terminating
081110 010508 5096 INFO dfs.DataNode$PacketResponder: PacketResponder 2 for block blk_2532488139912929721 terminating
081110 010508 5110 INFO dfs.DataNode$PacketResponder: PacketResponder 0 for block blk_6228959920085786537 terminating
081110 010508 5111 INFO dfs.DataNode$PacketResponder: PacketResponder 2 for block blk_1937400128699460221 terminating
081110 010508 5119 INFO dfs.DataNode$PacketResponder: PacketResponder 1 for block blk_-4693900517575433312 terminating
081110 010508 5121 INFO dfs.DataNode$PacketResponder: PacketResponder 1 for block blk_6351781872671167875 terminating
081110 010508 5123 INFO dfs.DataNode$PacketResponder: PacketResponder 0 for block blk_-2082779234208198567 terminating
081110 010508 5123 INFO dfs.DataNode$PacketResponder: PacketResponder 2 for block blk_-4693900517575433312 terminating
081110 010508 5124 INFO dfs.DataNode$PacketResponder: PacketResponder 1 for block blk_-2082779234208198567 terminating
081110 010508 5128 INFO dfs.DataNode$PacketResponder: PacketResponder 2 for block blk_7074189757087468221 terminating
081110 010508 5136 INFO dfs.DataNode$PacketResponder: PacketResponder 1 for block blk_-6095867949776910111 terminating
081110 010508 5143 INFO dfs.DataNode$PacketResponder: PacketResponder 0 for block blk_-6205238186005542104 terminating
081110 010508 5145 INFO dfs.DataNode$PacketResponder: PacketResponder 1 for block blk_64860764872795471 terminating
081110 010508 5159 INFO dfs.DataNode$PacketResponder: PacketResponder 2 for block blk_-6095867949776910111 terminating
081110 010508 5172 INFO dfs.DataNode$PacketResponder: PacketResponder 2 for block blk_-3657511127852996023 terminating
081110 010508 5175 INFO dfs.DataNode$PacketResponder: PacketResponder 0 for block blk_64860764872795471 terminating
081110 010508 5176 INFO dfs.DataNode$PacketResponder: PacketResponder 2 for block blk_6351781872671167875 terminating
081110 010508 5185 INFO dfs.DataNode$PacketResponder: PacketResponder 1 for block blk_7074189757087468221 terminating
081110 010508 5185 INFO dfs.DataNode$PacketResponder: PacketResponder 2 for block blk_6980313935739699300 terminating
081110 010508 5191 INFO dfs.DataNode$PacketResponder: PacketResponder 1 for block blk_-6205238186005542104 terminating
081110 010508 5208 INFO dfs.DataNode$PacketResponder: PacketResponder 2 for block blk_6228959920085786537 terminating
081110 010509 4798 INFO dfs.DataNode$PacketResponder: PacketResponder 1 for block blk_3452706355303648905 terminating
081110 010509 4873 INFO dfs.DataNode$PacketResponder: PacketResponder 1 for block blk_-6167614592259354917 terminating
081110 010509 4892 INFO dfs.DataNode$PacketResponder: PacketResponder 0 for block blk_-6859553366343034031 terminating
081110 010509 4917 INFO dfs.DataNode$PacketResponder: PacketResponder 2 for block blk_-3926377113812881183 terminating
081110 010509 4966 INFO dfs.DataNode$PacketResponder: PacketResponder 2 for block blk_-6859553366343034031 terminating
081110 010509 4970 INFO dfs.DataNode$PacketResponder: PacketResponder 0 for block blk_272144326832763509 terminating
081110 010509 4994 INFO dfs.DataNode$PacketResponder: PacketResponder 2 for block blk_-6167614592259354917 terminating
081110 010509 5008 INFO dfs.DataNode$PacketResponder: PacketResponder 0 for block blk_5934930495155174590 terminating
081110 010509 5030 INFO dfs.DataNode$PacketResponder: PacketResponder 1 for block blk_5934930495155174590 terminating
081110 010509 5036 INFO dfs.DataNode$PacketResponder: PacketResponder 0 for block blk_-810133426112115107 terminating
081110 010509 5064 INFO dfs.DataNode$PacketResponder: PacketResponder 0 for block blk_-6167614592259354917 terminating
081110 010509 5070 INFO dfs.DataNode$PacketResponder: PacketResponder 1 for block blk_-3926377113812881183 terminating
081110 010509 5093 INFO dfs.DataNode$PacketResponder: PacketResponder 1 for block blk_272144326832763509 terminating
081110 010509 5100 INFO dfs.DataNode$PacketResponder: PacketResponder 2 for block blk_3452706355303648905 terminating
081110 010509 5105 INFO dfs.DataNode$PacketResponder: PacketResponder 1 for block blk_-6859553366343034031 terminating
081110 010509 5130 INFO dfs.DataNode$PacketResponder: PacketResponder 2 for block blk_5934930495155174590 terminating
081110 010509 5134 INFO dfs.DataNode$PacketResponder: PacketResponder 2 for block blk_272144326832763509 terminating
081110 010509 5136 INFO dfs.DataNode$PacketResponder: PacketResponder 0 for block blk_3452706355303648905 terminating
081110 010509 5136 INFO dfs.DataNode$PacketResponder: PacketResponder 0 for block blk_-3926377113812881183 terminating
081110 010509 5139 INFO dfs.DataNode$PacketResponder: PacketResponder 0 for block blk_-3519189809284898706 terminating
081110 010509 5141 INFO dfs.DataNode$DataXceiver: writeBlock blk_52982050234241631 received exception java.io.IOException: Could not read from stream
081110 010510 4822 INFO dfs.DataNode$PacketResponder: PacketResponder 2 for block blk_8261699611913563575 terminating
081110 010510 4963 INFO dfs.DataNode$PacketResponder: PacketResponder 0 for block blk_-3761883525160425520 terminating
081110 010510 4967 INFO dfs.DataNode$PacketResponder: PacketResponder 1 for block blk_3353257138309470260 terminating
081110 010510 4971 INFO dfs.DataNode$PacketResponder: PacketResponder 2 for block blk_-810133426112115107 terminating
081110 010510 5004 INFO dfs.DataNode$PacketResponder: PacketResponder 0 for block blk_-6662374457421163247 terminating
081110 010510 5005 INFO dfs.DataNode$PacketResponder: PacketResponder 0 for block blk_7251889424542492034 terminating
081110 010510 5015 INFO dfs.DataNode$PacketResponder: PacketResponder 2 for block blk_-3519189809284898706 terminating
081110 010510 5042 INFO dfs.DataNode$PacketResponder: PacketResponder 2 for block blk_7020724634947918834 terminating
081110 010510 5064 INFO dfs.DataNode$PacketResponder: PacketResponder 1 for block blk_4178886512545289487 terminating
081110 010510 5074 INFO dfs.DataNode$PacketResponder: PacketResponder 1 for block blk_-810133426112115107 terminating
081110 010510 5076 INFO dfs.DataNode$PacketResponder: PacketResponder 0 for block blk_7020724634947918834 terminating
081110 010510 5090 INFO dfs.DataNode$PacketResponder: PacketResponder 1 for block blk_7251889424542492034 terminating
081110 010510 5098 INFO dfs.DataNode$PacketResponder: PacketResponder 0 for block blk_-2047689267608347182 terminating
081110 010510 5099 INFO dfs.DataNode$PacketResponder: PacketResponder 2 for block blk_4999369097481453288 terminating
081110 010510 5100 INFO dfs.DataNode$PacketResponder: PacketResponder 0 for block blk_-7478455483042188597 terminating
081110 010510 5101 INFO dfs.DataNode$PacketResponder: PacketResponder 0 for block blk_4178886512545289487 terminating
081110 010510 5107 INFO dfs.DataNode$PacketResponder: PacketResponder 0 for block blk_3353257138309470260 terminating
081110 010510 5108 INFO dfs.DataNode$PacketResponder: PacketResponder 0 for block blk_4999369097481453288 terminating
081110 010510 5110 INFO dfs.DataNode$PacketResponder: PacketResponder 2 for block blk_-6662374457421163247 terminating
081110 010510 5113 INFO dfs.DataNode$PacketResponder: PacketResponder 2 for block blk_3353257138309470260 terminating
081110 010510 5118 INFO dfs.DataNode$PacketResponder: PacketResponder 1 for block blk_7020724634947918834 terminating
081110 010510 5123 INFO dfs.DataNode$PacketResponder: PacketResponder 1 for block blk_8261699611913563575 terminating
081110 010510 5126 INFO dfs.DataNode$PacketResponder: PacketResponder 2 for block blk_7251889424542492034 terminating
081110 010510 5138 INFO dfs.DataNode$PacketResponder: PacketResponder 1 for block blk_-6662374457421163247 terminating
081110 010510 5151 INFO dfs.DataNode$PacketResponder: PacketResponder 1 for block blk_4999369097481453288 terminating
081110 010510 5169 INFO dfs.DataNode$PacketResponder: PacketResponder 1 for block blk_-2047689267608347182 terminating
081110 010510 5174 INFO dfs.DataNode$PacketResponder: PacketResponder 1 for block blk_-3761883525160425520 terminating
081110 010510 5223 INFO dfs.DataNode$PacketResponder: PacketResponder 2 for block blk_-3761883525160425520 terminating
081110 010510 5227 INFO dfs.DataNode$PacketResponder: PacketResponder 1 for block blk_-3519189809284898706 terminating
081110 010510 5237 INFO dfs.DataNode$PacketResponder: PacketResponder 0 for block blk_8261699611913563575 terminating
081110 010511 4766 INFO dfs.DataNode$PacketResponder: PacketResponder 2 for block blk_7098882625704366959 terminating
081110 010511 4875 INFO dfs.DataNode$PacketResponder: PacketResponder 2 for block blk_-6237644422391558323 terminating
081110 010511 4877 INFO dfs.DataNode$PacketResponder: PacketResponder 0 for block blk_1863874216645794342 terminating
081110 010511 4879 INFO dfs.DataNode$PacketResponder: PacketResponder 0 for block blk_2020816003092398508 terminating
081110 010511 4887 INFO dfs.DataNode$PacketResponder: PacketResponder 0 for block blk_540218869937811560 terminating
081110 010511 4891 INFO dfs.DataNode$PacketResponder: PacketResponder 0 for block blk_-6237644422391558323 terminating
081110 010511 4899 INFO dfs.DataNode$PacketResponder: PacketResponder 1 for block blk_7098882625704366959 terminating
081110 010511 4919 INFO dfs.DataNode$PacketResponder: PacketResponder 2 for block blk_-1710954959572984262 terminating
081110 010511 4951 INFO dfs.DataNode$PacketResponder: PacketResponder 1 for block blk_568512247271694931 terminating
081110 010511 4973 INFO dfs.DataNode$PacketResponder: PacketResponder 1 for block blk_-6237644422391558323 terminating
081110 010511 4976 INFO dfs.DataNode$PacketResponder: PacketResponder 0 for block blk_568512247271694931 terminating
081110 010511 4979 INFO dfs.DataNode$PacketResponder: PacketResponder 1 for block blk_-9181483295349456199 terminating
081110 010511 5002 INFO dfs.DataNode$PacketResponder: PacketResponder 1 for block blk_-9182085926920559338 terminating
081110 010511 5004 INFO dfs.DataNode$PacketResponder: PacketResponder 2 for block blk_1863874216645794342 terminating
081110 010511 5007 INFO dfs.DataNode$PacketResponder: PacketResponder 1 for block blk_2020816003092398508 terminating
081110 010511 5028 INFO dfs.DataNode$PacketResponder: PacketResponder 0 for block blk_7098882625704366959 terminating
081110 010511 5040 INFO dfs.DataNode$PacketResponder: PacketResponder 1 for block blk_1863874216645794342 terminating
081110 010511 5041 INFO dfs.DataNode$PacketResponder: PacketResponder 0 for block blk_2775452838048596366 terminating
081110 010511 5044 INFO dfs.DataNode$PacketResponder: PacketResponder 0 for block blk_5184822381815156931 terminating
081110 010511 5045 INFO dfs.DataNode$PacketResponder: PacketResponder 2 for block blk_5184822381815156931 terminating
081110 010511 5062 INFO dfs.DataNode$PacketResponder: PacketResponder 2 for block blk_-9182085926920559338 terminating
081110 010511 5065 INFO dfs.DataNode$PacketResponder: PacketResponder 0 for block blk_-9182085926920559338 terminating
081110 010511 5068 INFO dfs.DataNode$PacketResponder: PacketResponder 0 for block blk_-1710954959572984262 terminating
081110 010511 5073 INFO dfs.DataNode$PacketResponder: PacketResponder 1 for block blk_-1710954959572984262 terminating
081110 010511 5073 INFO dfs.DataNode$PacketResponder: PacketResponder 2 for block blk_2775452838048596366 terminating
081110 010511 5074 INFO dfs.DataNode$PacketResponder: PacketResponder 0 for block blk_-7957942609113522800 terminating
081110 010511 5076 INFO dfs.DataNode$PacketResponder: PacketResponder 2 for block blk_4178886512545289487 terminating
081110 010511 5079 INFO dfs.DataNode$PacketResponder: PacketResponder 1 for block blk_5184822381815156931 terminating
081110 010511 5096 INFO dfs.DataNode$PacketResponder: PacketResponder 2 for block blk_-2047689267608347182 terminating
081110 010511 5108 INFO dfs.DataNode$PacketResponder: PacketResponder 1 for block blk_-7478455483042188597 terminating
081110 010511 5110 INFO dfs.DataNode$PacketResponder: PacketResponder 2 for block blk_2020816003092398508 terminating
081110 010511 5112 INFO dfs.DataNode$PacketResponder: PacketResponder 2 for block blk_-9181483295349456199 terminating
081110 010511 5115 INFO dfs.DataNode$PacketResponder: PacketResponder 2 for block blk_568512247271694931 terminating
081110 010511 5123 INFO dfs.DataNode$PacketResponder: PacketResponder 2 for block blk_-7478455483042188597 terminating
081110 010511 5181 INFO dfs.DataNode$PacketResponder: PacketResponder 0 for block blk_-9181483295349456199 terminating
081110 010511 5186 INFO dfs.DataNode$PacketResponder: PacketResponder 0 for block blk_5771285844000207074 terminating
081110 010512 4887 INFO dfs.DataNode$PacketResponder: PacketResponder 1 for block blk_6429937042237658216 terminating
081110 010512 4891 INFO dfs.DataNode$PacketResponder: PacketResponder 2 for block blk_2510512818022063813 terminating
081110 010512 4893 INFO dfs.DataNode$PacketResponder: PacketResponder 2 for block blk_540218869937811560 terminating
081110 010512 4938 INFO dfs.DataNode$PacketResponder: PacketResponder 1 for block blk_-7957942609113522800 terminating
081110 010512 4942 INFO dfs.DataNode$PacketResponder: PacketResponder 1 for block blk_-2827436722240484166 terminating
081110 010512 4966 INFO dfs.DataNode$PacketResponder: PacketResponder 2 for block blk_6429937042237658216 terminating
081110 010512 4976 INFO dfs.DataNode$PacketResponder: PacketResponder 2 for block blk_-5958441207287811233 terminating
081110 010512 4992 INFO dfs.DataNode$PacketResponder: PacketResponder 2 for block blk_1131901836900265544 terminating
081110 010512 5047 INFO dfs.DataNode$PacketResponder: PacketResponder 0 for block blk_951638327579424044 terminating
081110 010512 5048 INFO dfs.DataNode$PacketResponder: PacketResponder 1 for block blk_5771285844000207074 terminating
081110 010512 5065 INFO dfs.DataNode$PacketResponder: PacketResponder 0 for block blk_-3134856292942426494 terminating
081110 010512 5067 INFO dfs.DataNode$PacketResponder: PacketResponder 2 for block blk_951638327579424044 terminating
081110 010512 5071 INFO dfs.DataNode$PacketResponder: PacketResponder 0 for block blk_8213429221227659864 terminating
081110 010512 5081 INFO dfs.DataNode$PacketResponder: PacketResponder 0 for block blk_6358682690700506595 terminating
081110 010512 5082 INFO dfs.DataNode$PacketResponder: PacketResponder 1 for block blk_2510512818022063813 terminating
081110 010512 5094 INFO dfs.DataNode$PacketResponder: PacketResponder 0 for block blk_-7018599904820759110 terminating
081110 010512 5096 INFO dfs.DataNode$PacketResponder: PacketResponder 2 for block blk_6358682690700506595 terminating
081110 010512 5097 INFO dfs.DataNode$PacketResponder: PacketResponder 1 for block blk_-5958441207287811233 terminating
081110 010512 5097 INFO dfs.DataNode$PacketResponder: PacketResponder 1 for block blk_7810601838377857534 terminating
081110 010512 5098 INFO dfs.DataNode$PacketResponder: PacketResponder 0 for block blk_8020791080193255045 terminating
081110 010512 5100 INFO dfs.DataNode$PacketResponder: PacketResponder 1 for block blk_-3134856292942426494 terminating
081110 010512 5100 INFO dfs.DataNode$PacketResponder: PacketResponder 1 for block blk_540218869937811560 terminating
081110 010512 5102 INFO dfs.DataNode$PacketResponder: PacketResponder 0 for block blk_-5958441207287811233 terminating
081110 010512 5107 INFO dfs.DataNode$PacketResponder: PacketResponder 2 for block blk_-7018599904820759110 terminating
081110 010512 5114 INFO dfs.DataNode$PacketResponder: PacketResponder 0 for block blk_-2827436722240484166 terminating
081110 010512 5120 INFO dfs.DataNode$PacketResponder: PacketResponder 1 for block blk_-7018599904820759110 terminating
081110 010512 5122 INFO dfs.DataNode$PacketResponder: PacketResponder 1 for block blk_2775452838048596366 terminating
081110 010512 5122 INFO dfs.DataNode$PacketResponder: PacketResponder 2 for block blk_-7957942609113522800 terminating
081110 010512 5129 INFO dfs.DataNode$PacketResponder: PacketResponder 2 for block blk_8020791080193255045 terminating
081110 010512 5137 INFO dfs.DataNode$PacketResponder: PacketResponder 2 for block blk_-2827436722240484166 terminating
081110 010512 5140 INFO dfs.DataNode$PacketResponder: PacketResponder 0 for block blk_7810601838377857534 terminating
081110 010512 5141 INFO dfs.DataNode$PacketResponder: PacketResponder 0 for block blk_1131901836900265544 terminating
081110 010512 5157 INFO dfs.DataNode$PacketResponder: PacketResponder 2 for block blk_5771285844000207074 terminating
081110 010512 5181 INFO dfs.DataNode$PacketResponder: PacketResponder 1 for block blk_6358682690700506595 terminating
081110 010512 5185 INFO dfs.DataNode$PacketResponder: PacketResponder 0 for block blk_2510512818022063813 terminating
081110 010512 5189 INFO dfs.DataNode$PacketResponder: PacketResponder 0 for block blk_6429937042237658216 terminating
081110 010512 5191 INFO dfs.DataNode$PacketResponder: PacketResponder 1 for block blk_8020791080193255045 terminating
081110 010512 5210 INFO dfs.DataNode$PacketResponder: PacketResponder 1 for block blk_1131901836900265544 terminating
081110 010512 5228 INFO dfs.DataNode$PacketResponder: PacketResponder 1 for block blk_951638327579424044 terminating
081110 010512 5245 INFO dfs.DataNode$PacketResponder: PacketResponder 1 for block blk_8213429221227659864 terminating
081110 010513 4766 INFO dfs.DataNode$PacketResponder: PacketResponder 1 for block blk_-7677035520293846500 terminating
081110 010513 4769 INFO dfs.DataNode$PacketResponder: PacketResponder 2 for block blk_-5578376443481838504 terminating
081110 010513 4916 INFO dfs.DataNode$PacketResponder: PacketResponder 0 for block blk_4604200569804214980 terminating
081110 010513 4949 INFO dfs.DataNode$PacketResponder: PacketResponder 0 for block blk_1397483946971899683 terminating
081110 010513 4950 INFO dfs.DataNode$PacketResponder: PacketResponder 1 for block blk_1397483946971899683 terminating
081110 010513 4952 INFO dfs.DataNode$PacketResponder: PacketResponder 1 for block blk_6334353029306390873 terminating
081110 010513 4964 INFO dfs.DataNode$PacketResponder: PacketResponder 2 for block blk_-3134856292942426494 terminating
081110 010513 4967 INFO dfs.DataNode$PacketResponder: PacketResponder 2 for block blk_1397483946971899683 terminating
081110 010513 4972 INFO dfs.DataNode$DataXceiver: writeBlock blk_-2601372232678172746 received exception java.io.IOException: Could not read from stream
081110 010513 4977 INFO dfs.DataNode$PacketResponder: PacketResponder 2 for block blk_6334353029306390873 terminating
081110 010513 5010 INFO dfs.DataNode$PacketResponder: PacketResponder 1 for block blk_-5829580119193443625 terminating
081110 010513 5016 INFO dfs.DataNode$PacketResponder: PacketResponder 1 for block blk_-8118714592702333171 terminating
081110 010513 5031 INFO dfs.DataNode$PacketResponder: PacketResponder 0 for block blk_-8118714592702333171 terminating
081110 010513 5046 INFO dfs.DataNode$PacketResponder: PacketResponder 0 for block blk_6334353029306390873 terminating
081110 010513 5048 INFO dfs.DataNode$PacketResponder: PacketResponder 2 for block blk_-8118714592702333171 terminating
081110 010513 5049 INFO dfs.DataNode$PacketResponder: PacketResponder 1 for block blk_-5578376443481838504 terminating
081110 010513 5063 INFO dfs.DataNode$PacketResponder: PacketResponder 1 for block blk_-1126748985323504130 terminating
081110 010513 5076 INFO dfs.DataNode$PacketResponder: PacketResponder 2 for block blk_8213429221227659864 terminating
081110 010513 5080 INFO dfs.DataNode$PacketResponder: PacketResponder 2 for block blk_7810601838377857534 terminating
081110 010513 5090 INFO dfs.DataNode$PacketResponder: PacketResponder 0 for block blk_-1126748985323504130 terminating
081110 010513 5097 INFO dfs.DataNode$PacketResponder: PacketResponder 0 for block blk_-2073921274063078851 terminating
081110 010513 5101 INFO dfs.DataNode$PacketResponder: PacketResponder 0 for block blk_-5578376443481838504 terminating
081110 010513 5104 INFO dfs.DataNode$PacketResponder: PacketResponder 1 for block blk_4604200569804214980 terminating
081110 010513 5124 INFO dfs.DataNode$PacketResponder: PacketResponder 1 for block blk_-2073921274063078851 terminating
081110 010513 5186 INFO dfs.DataNode$PacketResponder: PacketResponder 0 for block blk_-5829580119193443625 terminating
081110 010513 5201 INFO dfs.DataNode$PacketResponder: PacketResponder 2 for block blk_-5829580119193443625 terminating
081110 010514 4767 INFO dfs.DataNode$PacketResponder: PacketResponder 1 for block blk_-624593662649007342 terminating
081110 010514 4882 INFO dfs.DataNode$PacketResponder: PacketResponder 2 for block blk_736792623905496812 terminating
081110 010514 4889 INFO dfs.DataNode$PacketResponder: PacketResponder 2 for block blk_-6446359851754364991 terminating
081110 010514 4897 INFO dfs.DataNode$PacketResponder: PacketResponder 0 for block blk_736792623905496812 terminating
081110 010514 4939 INFO dfs.DataNode$PacketResponder: PacketResponder 2 for block blk_-2115984506637589167 terminating
081110 010514 4946 INFO dfs.DataNode$PacketResponder: PacketResponder 1 for block blk_8929265776971322693 terminating
081110 010514 4965 INFO dfs.DataNode$PacketResponder: PacketResponder 2 for block blk_-6795316576243985672 terminating
081110 010514 4969 INFO dfs.DataNode$PacketResponder: PacketResponder 1 for block blk_1865287675015607070 terminating
081110 010514 4971 INFO dfs.DataNode$PacketResponder: PacketResponder 0 for block blk_1865287675015607070 terminating
081110 010514 5006 INFO dfs.DataNode$PacketResponder: PacketResponder 0 for block blk_-5248668338843015407 terminating
081110 010514 5012 INFO dfs.DataNode$PacketResponder: PacketResponder 2 for block blk_3765771650106030930 terminating
081110 010514 5025 INFO dfs.DataNode$PacketResponder: PacketResponder 1 for block blk_-6446359851754364991 terminating
081110 010514 5031 INFO dfs.DataNode$PacketResponder: PacketResponder 1 for block blk_3765771650106030930 terminating
081110 010514 5056 INFO dfs.DataNode$PacketResponder: PacketResponder 0 for block blk_-6446359851754364991 terminating
081110 010514 5064 INFO dfs.DataNode$PacketResponder: PacketResponder 0 for block blk_-7677035520293846500 terminating
081110 010514 5075 INFO dfs.DataNode$PacketResponder: PacketResponder 0 for block blk_3765771650106030930 terminating
081110 010514 5080 INFO dfs.DataNode$PacketResponder: PacketResponder 2 for block blk_-7677035520293846500 terminating
081110 010514 5081 INFO dfs.DataNode$PacketResponder: PacketResponder 2 for block blk_4604200569804214980 terminating
081110 010514 5083 INFO dfs.DataNode$PacketResponder: PacketResponder 0 for block blk_8929265776971322693 terminating
081110 010514 5094 INFO dfs.DataNode$PacketResponder: PacketResponder 1 for block blk_-8908087546356967415 terminating
081110 010514 5099 INFO dfs.DataNode$PacketResponder: PacketResponder 2 for block blk_-2073921274063078851 terminating
081110 010514 5104 INFO dfs.DataNode$PacketResponder: PacketResponder 0 for block blk_-8908087546356967415 terminating
081110 010514 5106 INFO dfs.DataNode$PacketResponder: PacketResponder 0 for block blk_-6795316576243985672 terminating
081110 010514 5108 INFO dfs.DataNode$PacketResponder: PacketResponder 2 for block blk_8929265776971322693 terminating
081110 010514 5130 INFO dfs.DataNode$PacketResponder: PacketResponder 1 for block blk_-2115984506637589167 terminating
081110 010514 5131 INFO dfs.DataNode$PacketResponder: PacketResponder 0 for block blk_-624593662649007342 terminating
081110 010514 5136 INFO dfs.DataNode$PacketResponder: PacketResponder 1 for block blk_736792623905496812 terminating
081110 010514 5189 INFO dfs.DataNode$PacketResponder: PacketResponder 0 for block blk_-2115984506637589167 terminating
081110 010514 5229 INFO dfs.DataNode$PacketResponder: PacketResponder 1 for block blk_-6795316576243985672 terminating
081110 010514 5249 INFO dfs.DataNode$PacketResponder: PacketResponder 2 for block blk_-5248668338843015407 terminating
081110 010515 4806 INFO dfs.DataNode$PacketResponder: PacketResponder 1 for block blk_6578121330605668650 terminating
081110 010515 4916 INFO dfs.DataNode$PacketResponder: PacketResponder 2 for block blk_1865287675015607070 terminating
081110 010515 4922 INFO dfs.DataNode$PacketResponder: PacketResponder 0 for block blk_7169362794027313752 terminating
081110 010515 4930 INFO dfs.DataNode$PacketResponder: PacketResponder 2 for block blk_6578121330605668650 terminating
081110 010515 4951 INFO dfs.DataNode$PacketResponder: PacketResponder 0 for block blk_3458722796940119804 terminating
081110 010515 5000 INFO dfs.DataNode$PacketResponder: PacketResponder 1 for block blk_-7089839579646260807 terminating
081110 010515 5003 INFO dfs.DataNode$PacketResponder: PacketResponder 2 for block blk_-1126748985323504130 terminating
081110 010515 5007 INFO dfs.DataNode$PacketResponder: PacketResponder 1 for block blk_-8450427981021372122 terminating
081110 010515 5019 INFO dfs.DataNode$PacketResponder: PacketResponder 0 for block blk_-8450427981021372122 terminating
081110 010515 5021 INFO dfs.DataNode$PacketResponder: PacketResponder 2 for block blk_-7089839579646260807 terminating
081110 010515 5047 INFO dfs.DataNode$PacketResponder: PacketResponder 2 for block blk_7169362794027313752 terminating
081110 010515 5055 INFO dfs.DataNode$PacketResponder: PacketResponder 1 for block blk_3752108225086734733 terminating
081110 010515 5077 INFO dfs.DataNode$PacketResponder: PacketResponder 2 for block blk_-8450427981021372122 terminating
081110 010515 5081 INFO dfs.DataNode$PacketResponder: PacketResponder 0 for block blk_7870810105454010840 terminating
081110 010515 5087 INFO dfs.DataNode$PacketResponder: PacketResponder 0 for block blk_-7089839579646260807 terminating
081110 010515 5088 INFO dfs.DataNode$PacketResponder: PacketResponder 0 for block blk_6515403361104915694 terminating
081110 010515 5095 INFO dfs.DataNode$PacketResponder: PacketResponder 2 for block blk_-8908087546356967415 terminating
081110 010515 5098 INFO dfs.DataNode$PacketResponder: PacketResponder 2 for block blk_3752108225086734733 terminating
081110 010515 5099 INFO dfs.DataNode$PacketResponder: PacketResponder 1 for block blk_17642153493260840 terminating
081110 010515 5103 INFO dfs.DataNode$PacketResponder: PacketResponder 1 for block blk_-5248668338843015407 terminating
081110 010515 5104 INFO dfs.DataNode$PacketResponder: PacketResponder 0 for block blk_-7079959728481905451 terminating
081110 010515 5105 INFO dfs.DataNode$PacketResponder: PacketResponder 1 for block blk_3458722796940119804 terminating
081110 010515 5107 INFO dfs.DataNode$PacketResponder: PacketResponder 0 for block blk_3752108225086734733 terminating
081110 010515 5107 INFO dfs.DataNode$PacketResponder: PacketResponder 2 for block blk_3458722796940119804 terminating
081110 010515 5110 INFO dfs.DataNode$PacketResponder: PacketResponder 2 for block blk_-624593662649007342 terminating
081110 010515 5142 INFO dfs.DataNode$PacketResponder: PacketResponder 0 for block blk_6578121330605668650 terminating
081110 010515 5143 INFO dfs.DataNode$PacketResponder: PacketResponder 1 for block blk_7169362794027313752 terminating
081110 010515 5170 INFO dfs.DataNode$PacketResponder: PacketResponder 1 for block blk_-7079959728481905451 terminating
081110 010515 5229 INFO dfs.DataNode$PacketResponder: PacketResponder 0 for block blk_17642153493260840 terminating
081110 010516 4759 INFO dfs.DataNode$PacketResponder: PacketResponder 2 for block blk_-9075882000787538612 terminating
081110 010516 4834 INFO dfs.DataNode$PacketResponder: PacketResponder 1 for block blk_7904445558156399127 terminating
081110 010516 4902 INFO dfs.DataNode$PacketResponder: PacketResponder 1 for block blk_914398845878888794 terminating
081110 010516 4931 INFO dfs.DataNode$PacketResponder: PacketResponder 0 for block blk_-3451315515401624589 terminating
081110 010516 4965 INFO dfs.DataNode$PacketResponder: PacketResponder 0 for block blk_4556568989042840185 terminating
081110 010516 5007 INFO dfs.DataNode$PacketResponder: PacketResponder 2 for block blk_-6305669242560766675 terminating
081110 010516 5014 INFO dfs.DataNode$PacketResponder: PacketResponder 0 for block blk_-2148199385443512679 terminating
081110 010516 5017 INFO dfs.DataNode$PacketResponder: PacketResponder 0 for block blk_-8645965452194578594 terminating
081110 010516 5026 INFO dfs.DataNode$PacketResponder: PacketResponder 1 for block blk_-5625024480987223863 terminating
081110 010516 5030 INFO dfs.DataNode$PacketResponder: PacketResponder 1 for block blk_-9152432207312607132 terminating
081110 010516 5033 INFO dfs.DataNode$PacketResponder: PacketResponder 2 for block blk_7904445558156399127 terminating
081110 010516 5039 INFO dfs.DataNode$PacketResponder: PacketResponder 2 for block blk_6515403361104915694 terminating
081110 010516 5043 INFO dfs.DataNode$PacketResponder: PacketResponder 0 for block blk_7904445558156399127 terminating
081110 010516 5046 INFO dfs.DataNode$PacketResponder: PacketResponder 0 for block blk_-7307781172222506865 terminating
081110 010516 5046 INFO dfs.DataNode$PacketResponder: PacketResponder 2 for block blk_8213288422159403620 terminating
081110 010516 5048 INFO dfs.DataNode$PacketResponder: PacketResponder 1 for block blk_-8392920677800846334 terminating
081110 010516 5050 INFO dfs.DataNode$PacketResponder: PacketResponder 2 for block blk_17642153493260840 terminating
081110 010516 5063 INFO dfs.DataNode$PacketResponder: PacketResponder 2 for block blk_-3451315515401624589 terminating
081110 010516 5069 INFO dfs.DataNode$PacketResponder: PacketResponder 2 for block blk_-8645965452194578594 terminating
081110 010516 5078 INFO dfs.DataNode$PacketResponder: PacketResponder 0 for block blk_8213288422159403620 terminating
081110 010516 5078 INFO dfs.DataNode$PacketResponder: PacketResponder 1 for block blk_-9075882000787538612 terminating
081110 010516 5085 INFO dfs.DataNode$PacketResponder: PacketResponder 1 for block blk_-3451315515401624589 terminating
081110 010516 5088 INFO dfs.DataNode$PacketResponder: PacketResponder 0 for block blk_914398845878888794 terminating
081110 010516 5095 INFO dfs.DataNode$PacketResponder: PacketResponder 2 for block blk_-7307781172222506865 terminating
081110 010516 5099 INFO dfs.DataNode$PacketResponder: PacketResponder 1 for block blk_-6305669242560766675 terminating
081110 010516 5099 INFO dfs.DataNode$PacketResponder: PacketResponder 1 for block blk_-8645965452194578594 terminating
081110 010516 5102 INFO dfs.DataNode$PacketResponder: PacketResponder 2 for block blk_-8392920677800846334 terminating
081110 010516 5104 INFO dfs.DataNode$PacketResponder: PacketResponder 1 for block blk_7870810105454010840 terminating
081110 010516 5109 INFO dfs.DataNode$PacketResponder: PacketResponder 1 for block blk_4556568989042840185 terminating
081110 010516 5112 INFO dfs.DataNode$PacketResponder: PacketResponder 1 for block blk_6515403361104915694 terminating
081110 010516 5124 INFO dfs.DataNode$PacketResponder: PacketResponder 2 for block blk_4556568989042840185 terminating
081110 010516 5135 INFO dfs.DataNode$PacketResponder: PacketResponder 2 for block blk_914398845878888794 terminating
081110 010516 5137 INFO dfs.DataNode$PacketResponder: PacketResponder 0 for block blk_-9075882000787538612 terminating
081110 010516 5140 INFO dfs.DataNode$PacketResponder: PacketResponder 0 for block blk_-9152432207312607132 terminating
081110 010516 5140 INFO dfs.DataNode$PacketResponder: PacketResponder 1 for block blk_-7307781172222506865 terminating
081110 010516 5141 INFO dfs.DataNode$PacketResponder: PacketResponder 2 for block blk_7870810105454010840 terminating
081110 010516 5149 INFO dfs.DataNode$PacketResponder: PacketResponder 1 for block blk_8213288422159403620 terminating
081110 010516 5152 INFO dfs.DataNode$PacketResponder: PacketResponder 2 for block blk_-5625024480987223863 terminating
081110 010516 5153 INFO dfs.DataNode$PacketResponder: PacketResponder 0 for block blk_-5625024480987223863 terminating
081110 010516 5207 INFO dfs.DataNode$PacketResponder: PacketResponder 0 for block blk_-6305669242560766675 terminating
081110 010516 5216 INFO dfs.DataNode$PacketResponder: PacketResponder 2 for block blk_-7079959728481905451 terminating
081110 010516 5247 INFO dfs.DataNode$PacketResponder: PacketResponder 0 for block blk_-8392920677800846334 terminating
081110 010517 4912 INFO dfs.DataNode$PacketResponder: PacketResponder 1 for block blk_6613373976472978295 terminating
081110 010517 4920 INFO dfs.DataNode$PacketResponder: PacketResponder 2 for block blk_-6543889749770222531 terminating
081110 010517 4929 INFO dfs.DataNode$PacketResponder: PacketResponder 1 for block blk_2980406572067878054 terminating
081110 010517 4947 INFO dfs.DataNode$PacketResponder: PacketResponder 2 for block blk_4634998332829720457 terminating
081110 010517 4949 INFO dfs.DataNode$PacketResponder: PacketResponder 1 for block blk_-6543889749770222531 terminating
081110 010517 4950 INFO dfs.DataNode$PacketResponder: PacketResponder 2 for block blk_-9104557160147106166 terminating
081110 010517 4970 INFO dfs.DataNode$PacketResponder: PacketResponder 2 for block blk_-9152432207312607132 terminating
081110 010517 4974 INFO dfs.DataNode$PacketResponder: PacketResponder 0 for block blk_2980406572067878054 terminating
081110 010517 4975 INFO dfs.DataNode$PacketResponder: PacketResponder 1 for block blk_-5727576186449563022 terminating
081110 010517 5005 INFO dfs.DataNode$PacketResponder: PacketResponder 2 for block blk_2980406572067878054 terminating
081110 010517 5013 INFO dfs.DataNode$PacketResponder: PacketResponder 2 for block blk_-5727576186449563022 terminating
081110 010517 5026 INFO dfs.DataNode$PacketResponder: PacketResponder 0 for block blk_-5936299372352405527 terminating
081110 010517 5027 INFO dfs.DataNode$PacketResponder: PacketResponder 1 for block blk_-9104557160147106166 terminating
081110 010517 5034 INFO dfs.DataNode$PacketResponder: PacketResponder 2 for block blk_-2148199385443512679 terminating
081110 010517 5037 INFO dfs.DataNode$PacketResponder: PacketResponder 0 for block blk_-5344613886842054550 terminating
081110 010517 5043 INFO dfs.DataNode$PacketResponder: PacketResponder 0 for block blk_-5727576186449563022 terminating
081110 010517 5044 INFO dfs.DataNode$PacketResponder: PacketResponder 2 for block blk_-5936299372352405527 terminating
081110 010517 5088 INFO dfs.DataNode$PacketResponder: PacketResponder 1 for block blk_-2148199385443512679 terminating
081110 010517 5098 INFO dfs.DataNode$PacketResponder: PacketResponder 1 for block blk_4634998332829720457 terminating
081110 010517 5105 INFO dfs.DataNode$PacketResponder: PacketResponder 2 for block blk_-2640106516909052170 terminating
081110 010517 5113 INFO dfs.DataNode$PacketResponder: PacketResponder 0 for block blk_6613373976472978295 terminating
081110 010517 5119 INFO dfs.DataNode$PacketResponder: PacketResponder 0 for block blk_4634998332829720457 terminating
081110 010517 5120 INFO dfs.DataNode$PacketResponder: PacketResponder 0 for block blk_-6543889749770222531 terminating
081110 010517 5129 INFO dfs.DataNode$PacketResponder: PacketResponder 1 for block blk_-5936299372352405527 terminating
081110 010517 5141 INFO dfs.DataNode$PacketResponder: PacketResponder 0 for block blk_-2640106516909052170 terminating
081110 010517 5212 INFO dfs.DataNode$PacketResponder: PacketResponder 1 for block blk_-2640106516909052170 terminating
081110 010517 5230 INFO dfs.DataNode$PacketResponder: PacketResponder 0 for block blk_-9104557160147106166 terminating
081110 010518 4857 INFO dfs.DataNode$PacketResponder: PacketResponder 0 for block blk_5255187100464972468 terminating
081110 010518 4946 INFO dfs.DataNode$PacketResponder: PacketResponder 2 for block blk_6613373976472978295 terminating
081110 010518 4976 INFO dfs.DataNode$PacketResponder: PacketResponder 2 for block blk_1663223003210418580 terminating
081110 010518 5015 INFO dfs.DataNode$PacketResponder: PacketResponder 0 for block blk_8209901847592496702 terminating
081110 010518 5017 INFO dfs.DataNode$PacketResponder: PacketResponder 1 for block blk_5255187100464972468 terminating
081110 010518 5019 INFO dfs.DataNode$DataXceiver: writeBlock blk_-5232647334233637683 received exception java.io.IOException: Could not read from stream
081110 010518 5045 INFO dfs.DataNode$PacketResponder: PacketResponder 2 for block blk_5828085554691349408 terminating
081110 010518 5055 INFO dfs.DataNode$DataXceiver: writeBlock blk_-9004228558797198504 received exception java.io.IOException: Could not read from stream
081110 010518 5070 INFO dfs.DataNode$PacketResponder: PacketResponder 1 for block blk_-5344613886842054550 terminating
081110 010518 5079 INFO dfs.DataNode$PacketResponder: PacketResponder 2 for block blk_-5344613886842054550 terminating
081110 010518 5101 INFO dfs.DataNode$PacketResponder: PacketResponder 1 for block blk_1663223003210418580 terminating
081110 010518 5105 INFO dfs.DataNode$PacketResponder: PacketResponder 2 for block blk_5255187100464972468 terminating
081110 010518 5112 INFO dfs.DataNode$DataXceiver: writeBlock blk_6734357328215217507 received exception java.io.IOException: Could not read from stream
081110 010518 5112 INFO dfs.DataNode$PacketResponder: PacketResponder 1 for block blk_3117076790554215179 terminating
081110 010518 5116 INFO dfs.DataNode$PacketResponder: PacketResponder 1 for block blk_5828085554691349408 terminating
081110 010518 5145 INFO dfs.DataNode$PacketResponder: PacketResponder 0 for block blk_5828085554691349408 terminating
081110 010518 5151 INFO dfs.DataNode$PacketResponder: PacketResponder 2 for block blk_3117076790554215179 terminating
081110 010518 5155 INFO dfs.DataNode$PacketResponder: PacketResponder 1 for block blk_8209901847592496702 terminating
081110 010518 5199 INFO dfs.DataNode$PacketResponder: PacketResponder 0 for block blk_3117076790554215179 terminating
081110 010519 4871 INFO dfs.DataNode$PacketResponder: PacketResponder 2 for block blk_710118796995156682 terminating
081110 010519 4895 INFO dfs.DataNode$PacketResponder: PacketResponder 2 for block blk_9152521521042992881 terminating
081110 010519 5002 INFO dfs.DataNode$PacketResponder: PacketResponder 1 for block blk_-7634493013542213367 terminating
081110 010519 5010 INFO dfs.DataNode$PacketResponder: PacketResponder 1 for block blk_-3754380497028858014 terminating
081110 010519 5016 INFO dfs.DataNode$PacketResponder: PacketResponder 0 for block blk_-671418227372119850 terminating
081110 010519 5024 INFO dfs.DataNode$PacketResponder: PacketResponder 0 for block blk_9152521521042992881 terminating
081110 010519 5032 INFO dfs.DataNode$PacketResponder: PacketResponder 0 for block blk_-3824659361316430055 terminating
081110 010519 5048 INFO dfs.DataNode$DataXceiver: writeBlock blk_-4782397208216321522 received exception java.io.IOException: Could not read from stream
081110 010519 5051 INFO dfs.DataNode$PacketResponder: PacketResponder 0 for block blk_8172466252833114864 terminating
081110 010519 5051 INFO dfs.DataNode$PacketResponder: PacketResponder 2 for block blk_-3754380497028858014 terminating
081110 010519 5060 INFO dfs.DataNode$PacketResponder: PacketResponder 1 for block blk_-671418227372119850 terminating
081110 010519 5060 INFO dfs.DataNode$PacketResponder: PacketResponder 2 for block blk_8085517795934551112 terminating
081110 010519 5066 INFO dfs.DataNode$PacketResponder: PacketResponder 0 for block blk_-7634493013542213367 terminating
081110 010519 5067 INFO dfs.DataNode$PacketResponder: PacketResponder 2 for block blk_8209901847592496702 terminating
081110 010519 5071 INFO dfs.DataNode$PacketResponder: PacketResponder 0 for block blk_8085517795934551112 terminating
081110 010519 5081 INFO dfs.DataNode$PacketResponder: PacketResponder 1 for block blk_9152521521042992881 terminating
081110 010519 5086 INFO dfs.DataNode$PacketResponder: PacketResponder 0 for block blk_-3754380497028858014 terminating
081110 010519 5089 INFO dfs.DataNode$PacketResponder: PacketResponder 2 for block blk_8172466252833114864 terminating
081110 010519 5102 INFO dfs.DataNode$PacketResponder: PacketResponder 0 for block blk_710118796995156682 terminating
081110 010519 5102 INFO dfs.DataNode$PacketResponder: PacketResponder 2 for block blk_-671418227372119850 terminating
081110 010519 5104 INFO dfs.DataNode$PacketResponder: PacketResponder 1 for block blk_-1752173695070450796 terminating
081110 010519 5128 INFO dfs.DataNode$PacketResponder: PacketResponder 0 for block blk_-1752173695070450796 terminating
081110 010519 5128 INFO dfs.DataNode$PacketResponder: PacketResponder 1 for block blk_-3824659361316430055 terminating
081110 010519 5134 INFO dfs.DataNode$PacketResponder: PacketResponder 0 for block blk_1663223003210418580 terminating
081110 010519 5144 INFO dfs.DataNode$PacketResponder: PacketResponder 1 for block blk_8085517795934551112 terminating
081110 010519 5166 INFO dfs.DataNode$PacketResponder: PacketResponder 1 for block blk_8172466252833114864 terminating
081110 010519 5168 INFO dfs.DataNode$PacketResponder: PacketResponder 1 for block blk_1174317553147259236 terminating
081110 010519 5174 INFO dfs.DataNode$PacketResponder: PacketResponder 0 for block blk_1174317553147259236 terminating
081110 010519 5174 INFO dfs.DataNode$PacketResponder: PacketResponder 1 for block blk_710118796995156682 terminating
081110 010519 5187 INFO dfs.DataNode$PacketResponder: PacketResponder 2 for block blk_-7634493013542213367 terminating
081110 010520 4705 INFO dfs.DataNode$PacketResponder: PacketResponder 1 for block blk_4383030048701822516 terminating
081110 010520 4707 INFO dfs.DataNode$PacketResponder: PacketResponder 0 for block blk_-5324267275782442741 terminating
081110 010520 4808 INFO dfs.DataNode$PacketResponder: PacketResponder 2 for block blk_-4663363061418207178 terminating
081110 010520 4953 INFO dfs.DataNode$PacketResponder: PacketResponder 1 for block blk_-8405707873629492066 terminating
081110 010520 4962 INFO dfs.DataNode$PacketResponder: PacketResponder 0 for block blk_-8405707873629492066 terminating
081110 010520 4967 INFO dfs.DataNode$PacketResponder: PacketResponder 1 for block blk_-8061437424272420670 terminating
081110 010520 4972 INFO dfs.DataNode$PacketResponder: PacketResponder 2 for block blk_1174317553147259236 terminating
081110 010520 4974 INFO dfs.DataNode$PacketResponder: PacketResponder 0 for block blk_4383030048701822516 terminating
081110 010520 4974 INFO dfs.DataNode$PacketResponder: PacketResponder 2 for block blk_-8405707873629492066 terminating
081110 010520 4977 INFO dfs.DataNode$PacketResponder: PacketResponder 0 for block blk_-2737437048058469376 terminating
081110 010520 5023 INFO dfs.DataNode$PacketResponder: PacketResponder 0 for block blk_-1037261815851389323 terminating
081110 010520 5032 INFO dfs.DataNode$PacketResponder: PacketResponder 2 for block blk_-3824659361316430055 terminating
081110 010520 5046 INFO dfs.DataNode$PacketResponder: PacketResponder 0 for block blk_-8061437424272420670 terminating
081110 010520 5049 INFO dfs.DataNode$PacketResponder: PacketResponder 1 for block blk_-2737437048058469376 terminating
081110 010520 5056 INFO dfs.DataNode$PacketResponder: PacketResponder 0 for block blk_6884036053199919193 terminating
081110 010520 5056 INFO dfs.DataNode$PacketResponder: PacketResponder 1 for block blk_-4043575125191588695 terminating
081110 010520 5062 INFO dfs.DataNode$PacketResponder: PacketResponder 1 for block blk_190226965654957826 terminating
081110 010520 5064 INFO dfs.DataNode$PacketResponder: PacketResponder 2 for block blk_-4043575125191588695 terminating
081110 010520 5071 INFO dfs.DataNode$PacketResponder: PacketResponder 1 for block blk_-8950277007516155316 terminating
081110 010520 5077 INFO dfs.DataNode$PacketResponder: PacketResponder 0 for block blk_-4663363061418207178 terminating
081110 010520 5082 INFO dfs.DataNode$PacketResponder: PacketResponder 1 for block blk_-4663363061418207178 terminating
081110 010520 5086 INFO dfs.DataNode$PacketResponder: PacketResponder 2 for block blk_190226965654957826 terminating
081110 010520 5100 INFO dfs.DataNode$PacketResponder: PacketResponder 2 for block blk_-2737437048058469376 terminating
081110 010520 5110 INFO dfs.DataNode$PacketResponder: PacketResponder 1 for block blk_6884036053199919193 terminating
081110 010520 5119 INFO dfs.DataNode$PacketResponder: PacketResponder 0 for block blk_190226965654957826 terminating
081110 010520 5144 INFO dfs.DataNode$PacketResponder: PacketResponder 2 for block blk_-8950277007516155316 terminating
081110 010520 5145 INFO dfs.DataNode$PacketResponder: PacketResponder 2 for block blk_6884036053199919193 terminating
081110 010520 5158 INFO dfs.DataNode$PacketResponder: PacketResponder 0 for block blk_-8950277007516155316 terminating
081110 010520 5162 INFO dfs.DataNode$PacketResponder: PacketResponder 2 for block blk_-8061437424272420670 terminating
081110 010520 5166 INFO dfs.DataNode$PacketResponder: PacketResponder 0 for block blk_-4043575125191588695 terminating
081110 010520 5235 INFO dfs.DataNode$PacketResponder: PacketResponder 2 for block blk_-1752173695070450796 terminating
081110 010521 4778 INFO dfs.DataNode$PacketResponder: PacketResponder 2 for block blk_5117466789965423812 terminating
081110 010521 4802 INFO dfs.DataNode$PacketResponder: PacketResponder 1 for block blk_-5589568689864632754 terminating
081110 010521 4918 INFO dfs.DataNode$PacketResponder: PacketResponder 0 for block blk_5117466789965423812 terminating
081110 010521 4956 INFO dfs.DataNode$PacketResponder: PacketResponder 0 for block blk_8489291479786719698 terminating
081110 010521 4959 INFO dfs.DataNode$PacketResponder: PacketResponder 2 for block blk_-4377293024806199420 terminating
081110 010521 4979 INFO dfs.DataNode$PacketResponder: PacketResponder 2 for block blk_3039497329177443153 terminating
081110 010521 4993 INFO dfs.DataNode$PacketResponder: PacketResponder 1 for block blk_-6830155670108553778 terminating
081110 010521 5015 INFO dfs.DataNode$PacketResponder: PacketResponder 0 for block blk_-5589568689864632754 terminating
081110 010521 5023 INFO dfs.DataNode$PacketResponder: PacketResponder 0 for block blk_3039497329177443153 terminating
081110 010521 5045 INFO dfs.DataNode$PacketResponder: PacketResponder 2 for block blk_-5589568689864632754 terminating
081110 010521 5047 INFO dfs.DataNode$DataXceiver: writeBlock blk_151458194873283466 received exception java.io.IOException: Could not read from stream
081110 010521 5054 INFO dfs.DataNode$PacketResponder: PacketResponder 1 for block blk_5117466789965423812 terminating
081110 010521 5059 INFO dfs.DataNode$PacketResponder: PacketResponder 2 for block blk_4383030048701822516 terminating
081110 010521 5073 INFO dfs.DataNode$PacketResponder: PacketResponder 2 for block blk_-8846182420733225548 terminating
081110 010521 5080 INFO dfs.DataNode$PacketResponder: PacketResponder 2 for block blk_8489291479786719698 terminating
081110 010521 5082 INFO dfs.DataNode$PacketResponder: PacketResponder 1 for block blk_-8846182420733225548 terminating
081110 010521 5087 INFO dfs.DataNode$PacketResponder: PacketResponder 1 for block blk_3039497329177443153 terminating
081110 010521 5096 INFO dfs.DataNode$PacketResponder: PacketResponder 2 for block blk_-1037261815851389323 terminating
081110 010521 5103 INFO dfs.DataNode$PacketResponder: PacketResponder 0 for block blk_-4377293024806199420 terminating
081110 010521 5116 INFO dfs.DataNode$PacketResponder: PacketResponder 0 for block blk_-936194285867327651 terminating
081110 010521 5116 INFO dfs.DataNode$PacketResponder: PacketResponder 1 for block blk_-4377293024806199420 terminating
081110 010521 5117 INFO dfs.DataNode$PacketResponder: PacketResponder 0 for block blk_-8846182420733225548 terminating
081110 010521 5133 INFO dfs.DataNode$PacketResponder: PacketResponder 1 for block blk_-5324267275782442741 terminating
081110 010521 5133 INFO dfs.DataNode$PacketResponder: PacketResponder 2 for block blk_-5324267275782442741 terminating
081110 010521 5146 INFO dfs.DataNode$PacketResponder: PacketResponder 0 for block blk_2493096007767019260 terminating
081110 010521 5157 INFO dfs.DataNode$PacketResponder: PacketResponder 1 for block blk_-936194285867327651 terminating
081110 010521 5164 INFO dfs.DataNode$PacketResponder: PacketResponder 1 for block blk_-1037261815851389323 terminating
081110 010521 5173 INFO dfs.DataNode$PacketResponder: PacketResponder 0 for block blk_-6830155670108553778 terminating
081110 010521 5181 INFO dfs.DataNode$PacketResponder: PacketResponder 1 for block blk_8489291479786719698 terminating
081110 010522 4772 INFO dfs.DataNode$PacketResponder: PacketResponder 0 for block blk_8023315365305023205 terminating
081110 010522 4774 INFO dfs.DataNode$PacketResponder: PacketResponder 0 for block blk_6321072570790889337 terminating
081110 010522 4969 INFO dfs.DataNode$PacketResponder: PacketResponder 1 for block blk_8023315365305023205 terminating
081110 010522 4980 INFO dfs.DataNode$PacketResponder: PacketResponder 1 for block blk_2840635127457686429 terminating
081110 010522 5011 INFO dfs.DataNode$PacketResponder: PacketResponder 1 for block blk_45035063097494790 terminating
081110 010522 5020 INFO dfs.DataNode$PacketResponder: PacketResponder 2 for block blk_6321072570790889337 terminating
081110 010522 5036 INFO dfs.DataNode$PacketResponder: PacketResponder 1 for block blk_-5280812232151411014 terminating
081110 010522 5040 INFO dfs.DataNode$PacketResponder: PacketResponder 2 for block blk_-2775659425108724813 terminating
081110 010522 5050 INFO dfs.DataNode$PacketResponder: PacketResponder 2 for block blk_-6830155670108553778 terminating
081110 010522 5051 INFO dfs.DataNode$PacketResponder: PacketResponder 0 for block blk_8968901928048122831 terminating
081110 010522 5058 INFO dfs.DataNode$PacketResponder: PacketResponder 0 for block blk_-2775659425108724813 terminating
081110 010522 5061 INFO dfs.DataNode$PacketResponder: PacketResponder 0 for block blk_45035063097494790 terminating
081110 010522 5072 INFO dfs.DataNode$PacketResponder: PacketResponder 0 for block blk_-7477319265188628774 terminating
081110 010522 5079 INFO dfs.DataNode$PacketResponder: PacketResponder 1 for block blk_2493096007767019260 terminating
081110 010522 5079 INFO dfs.DataNode$PacketResponder: PacketResponder 2 for block blk_-936194285867327651 terminating
081110 010522 5080 INFO dfs.DataNode$PacketResponder: PacketResponder 0 for block blk_5676986405851923250 terminating
081110 010522 5085 INFO dfs.DataNode$PacketResponder: PacketResponder 1 for block blk_-7477319265188628774 terminating
081110 010522 5101 INFO dfs.DataNode$PacketResponder: PacketResponder 2 for block blk_-5280812232151411014 terminating
081110 010522 5102 INFO dfs.DataNode$PacketResponder: PacketResponder 0 for block blk_-5280812232151411014 terminating
081110 010522 5111 INFO dfs.DataNode$PacketResponder: PacketResponder 2 for block blk_2493096007767019260 terminating
081110 010522 5123 INFO dfs.DataNode$PacketResponder: PacketResponder 2 for block blk_2840635127457686429 terminating
081110 010522 5132 INFO dfs.DataNode$PacketResponder: PacketResponder 1 for block blk_6321072570790889337 terminating
081110 010522 5149 INFO dfs.DataNode$PacketResponder: PacketResponder 0 for block blk_2840635127457686429 terminating
081110 010522 5168 INFO dfs.DataNode$PacketResponder: PacketResponder 2 for block blk_-7477319265188628774 terminating
081110 010522 5183 INFO dfs.DataNode$PacketResponder: PacketResponder 1 for block blk_6032586313994272005 terminating
081110 010522 5183 INFO dfs.DataNode$PacketResponder: PacketResponder 2 for block blk_6032586313994272005 terminating
081110 010522 5188 INFO dfs.DataNode$PacketResponder: PacketResponder 1 for block blk_8968901928048122831 terminating
081110 010522 5212 INFO dfs.DataNode$PacketResponder: PacketResponder 0 for block blk_6032586313994272005 terminating
081110 010522 5225 INFO dfs.DataNode$PacketResponder: PacketResponder 1 for block blk_-2775659425108724813 terminating
081110 010523 4713 INFO dfs.DataNode$PacketResponder: PacketResponder 2 for block blk_1617996137587639501 terminating
081110 010523 4863 INFO dfs.DataNode$PacketResponder: PacketResponder 0 for block blk_7598684685768073492 terminating
081110 010523 4886 INFO dfs.DataNode$PacketResponder: PacketResponder 2 for block blk_7598684685768073492 terminating
081110 010523 4893 INFO dfs.DataNode$PacketResponder: PacketResponder 0 for block blk_-4331645510723292163 terminating
081110 010523 4915 INFO dfs.DataNode$PacketResponder: PacketResponder 2 for block blk_3007183710528460158 terminating
081110 010523 4925 INFO dfs.DataNode$PacketResponder: PacketResponder 2 for block blk_8968901928048122831 terminating
081110 010523 4970 INFO dfs.DataNode$PacketResponder: PacketResponder 2 for block blk_8959868309530725086 terminating
081110 010523 4972 INFO dfs.DataNode$PacketResponder: PacketResponder 1 for block blk_8959868309530725086 terminating
081110 010523 4981 INFO dfs.DataNode$PacketResponder: PacketResponder 0 for block blk_-1052042477367214961 terminating
081110 010523 5007 INFO dfs.DataNode$PacketResponder: PacketResponder 1 for block blk_2735636527446577614 terminating
081110 010523 5027 INFO dfs.DataNode$PacketResponder: PacketResponder 0 for block blk_1617996137587639501 terminating
081110 010523 5037 INFO dfs.DataNode$PacketResponder: PacketResponder 2 for block blk_45035063097494790 terminating
081110 010523 5038 INFO dfs.DataNode$PacketResponder: PacketResponder 2 for block blk_-1052042477367214961 terminating
081110 010523 5044 INFO dfs.DataNode$PacketResponder: PacketResponder 2 for block blk_2735636527446577614 terminating
081110 010523 5064 INFO dfs.DataNode$PacketResponder: PacketResponder 1 for block blk_-7747435990004068501 terminating
081110 010523 5075 INFO dfs.DataNode$PacketResponder: PacketResponder 0 for block blk_8959868309530725086 terminating
081110 010523 5082 INFO dfs.DataNode$PacketResponder: PacketResponder 1 for block blk_-1052042477367214961 terminating
081110 010523 5089 INFO dfs.DataNode$PacketResponder: PacketResponder 1 for block blk_-4331645510723292163 terminating
081110 010523 5099 INFO dfs.DataNode$PacketResponder: PacketResponder 2 for block blk_-4331645510723292163 terminating
081110 010523 5100 INFO dfs.DataNode$PacketResponder: PacketResponder 1 for block blk_5676986405851923250 terminating
081110 010523 5101 INFO dfs.DataNode$PacketResponder: PacketResponder 2 for block blk_-7747435990004068501 terminating
081110 010523 5108 INFO dfs.DataNode$PacketResponder: PacketResponder 1 for block blk_3007183710528460158 terminating
081110 010523 5110 INFO dfs.DataNode$PacketResponder: PacketResponder 2 for block blk_8023315365305023205 terminating
081110 010523 5114 INFO dfs.DataNode$DataXceiver: writeBlock blk_3331951376358937159 received exception java.io.IOException: Could not read from stream
081110 010523 5138 INFO dfs.DataNode$PacketResponder: PacketResponder 0 for block blk_-2186064601842639343 terminating
081110 010523 5138 INFO dfs.DataNode$PacketResponder: PacketResponder 0 for block blk_2735636527446577614 terminating
081110 010523 5146 INFO dfs.DataNode$PacketResponder: PacketResponder 0 for block blk_-7747435990004068501 terminating
081110 010523 5147 INFO dfs.DataNode$PacketResponder: PacketResponder 1 for block blk_-7988334399522833983 terminating
081110 010523 5149 INFO dfs.DataNode$PacketResponder: PacketResponder 1 for block blk_7598684685768073492 terminating
081110 010523 5150 INFO dfs.DataNode$PacketResponder: PacketResponder 1 for block blk_1617996137587639501 terminating
081110 010523 5151 INFO dfs.DataNode$PacketResponder: PacketResponder 2 for block blk_-2186064601842639343 terminating
081110 010523 5161 INFO dfs.DataNode$PacketResponder: PacketResponder 0 for block blk_-7988334399522833983 terminating
081110 010523 5170 INFO dfs.DataNode$PacketResponder: PacketResponder 0 for block blk_3007183710528460158 terminating
081110 010523 5170 INFO dfs.DataNode$PacketResponder: PacketResponder 2 for block blk_5676986405851923250 terminating
081110 010523 5172 INFO dfs.DataNode$PacketResponder: PacketResponder 2 for block blk_-7988334399522833983 terminating
081110 010523 5193 INFO dfs.DataNode$PacketResponder: PacketResponder 1 for block blk_-2186064601842639343 terminating
081110 010524 4950 INFO dfs.DataNode$PacketResponder: PacketResponder 2 for block blk_780114981289232705 terminating
081110 010524 4951 INFO dfs.DataNode$PacketResponder: PacketResponder 2 for block blk_-307114766216344178 terminating
081110 010524 4965 INFO dfs.DataNode$PacketResponder: PacketResponder 1 for block blk_-8377262282662774657 terminating
081110 010524 4972 INFO dfs.DataNode$PacketResponder: PacketResponder 1 for block blk_-7270035315512641106 terminating
081110 010524 4976 INFO dfs.DataNode$PacketResponder: PacketResponder 1 for block blk_7547986222968253222 terminating
081110 010524 5021 INFO dfs.DataNode$PacketResponder: PacketResponder 0 for block blk_-8377262282662774657 terminating
081110 010524 5030 INFO dfs.DataNode$PacketResponder: PacketResponder 2 for block blk_-8377262282662774657 terminating
081110 010524 5047 INFO dfs.DataNode$PacketResponder: PacketResponder 1 for block blk_780114981289232705 terminating
081110 010524 5058 INFO dfs.DataNode$PacketResponder: PacketResponder 2 for block blk_-1613203300144557730 terminating
081110 010524 5060 INFO dfs.DataNode$PacketResponder: PacketResponder 0 for block blk_-7270035315512641106 terminating
081110 010524 5069 INFO dfs.DataNode$PacketResponder: PacketResponder 1 for block blk_1251993894993127346 terminating
081110 010524 5073 INFO dfs.DataNode$PacketResponder: PacketResponder 0 for block blk_1251993894993127346 terminating
081110 010524 5073 INFO dfs.DataNode$PacketResponder: PacketResponder 0 for block blk_780114981289232705 terminating
081110 010524 5075 INFO dfs.DataNode$PacketResponder: PacketResponder 2 for block blk_7547986222968253222 terminating
081110 010524 5085 INFO dfs.DataNode$PacketResponder: PacketResponder 2 for block blk_-6866006318570458672 terminating
081110 010524 5092 INFO dfs.DataNode$PacketResponder: PacketResponder 0 for block blk_-1613203300144557730 terminating
081110 010524 5093 INFO dfs.DataNode$PacketResponder: PacketResponder 0 for block blk_7547986222968253222 terminating
081110 010524 5104 INFO dfs.DataNode$PacketResponder: PacketResponder 1 for block blk_-307114766216344178 terminating
081110 010524 5106 INFO dfs.DataNode$PacketResponder: PacketResponder 0 for block blk_-307114766216344178 terminating
081110 010524 5106 INFO dfs.DataNode$PacketResponder: PacketResponder 2 for block blk_-5013965296861509520 terminating
081110 010524 5109 INFO dfs.DataNode$PacketResponder: PacketResponder 1 for block blk_-1613203300144557730 terminating
081110 010524 5112 INFO dfs.DataNode$PacketResponder: PacketResponder 0 for block blk_-6866006318570458672 terminating
081110 010524 5121 INFO dfs.DataNode$PacketResponder: PacketResponder 2 for block blk_-7270035315512641106 terminating
081110 010524 5192 INFO dfs.DataNode$PacketResponder: PacketResponder 1 for block blk_-6866006318570458672 terminating
081110 010524 5215 INFO dfs.DataNode$PacketResponder: PacketResponder 1 for block blk_-5013965296861509520 terminating
081110 010524 5235 INFO dfs.DataNode$PacketResponder: PacketResponder 0 for block blk_-5013965296861509520 terminating
081110 010525 4924 INFO dfs.DataNode$PacketResponder: PacketResponder 0 for block blk_5689494216505577930 terminating
081110 010525 4929 INFO dfs.DataNode$PacketResponder: PacketResponder 0 for block blk_-3816050699031994544 terminating
081110 010525 4974 INFO dfs.DataNode$PacketResponder: PacketResponder 2 for block blk_1251993894993127346 terminating
081110 010525 5002 INFO dfs.DataNode$PacketResponder: PacketResponder 0 for block blk_3578560847670825832 terminating
081110 010525 5009 INFO dfs.DataNode$PacketResponder: PacketResponder 0 for block blk_7837014635279597383 terminating
081110 010525 5014 INFO dfs.DataNode$PacketResponder: PacketResponder 0 for block blk_-2928349273236149907 terminating
081110 010525 5036 INFO dfs.DataNode$PacketResponder: PacketResponder 1 for block blk_-9122393830096102632 terminating
081110 010525 5065 INFO dfs.DataNode$PacketResponder: PacketResponder 2 for block blk_-8942306010724099218 terminating
081110 010525 5067 INFO dfs.DataNode$PacketResponder: PacketResponder 0 for block blk_-9122393830096102632 terminating
081110 010525 5067 INFO dfs.DataNode$PacketResponder: PacketResponder 1 for block blk_-8442560982271744413 terminating
081110 010525 5069 INFO dfs.DataNode$PacketResponder: PacketResponder 1 for block blk_3578560847670825832 terminating
081110 010525 5070 INFO dfs.DataNode$PacketResponder: PacketResponder 1 for block blk_-3816050699031994544 terminating
081110 010525 5072 INFO dfs.DataNode$PacketResponder: PacketResponder 0 for block blk_-8942306010724099218 terminating
081110 010525 5086 INFO dfs.DataNode$PacketResponder: PacketResponder 1 for block blk_7837014635279597383 terminating
081110 010525 5091 INFO dfs.DataNode$PacketResponder: PacketResponder 2 for block blk_-8442560982271744413 terminating
081110 010525 5099 INFO dfs.DataNode$PacketResponder: PacketResponder 1 for block blk_-6979800421545566530 terminating
081110 010525 5102 INFO dfs.DataNode$PacketResponder: PacketResponder 1 for block blk_5689494216505577930 terminating
081110 010525 5104 INFO dfs.DataNode$PacketResponder: PacketResponder 0 for block blk_-8442560982271744413 terminating
081110 010525 5105 INFO dfs.DataNode$PacketResponder: PacketResponder 2 for block blk_7837014635279597383 terminating
081110 010525 5105 INFO dfs.DataNode$PacketResponder: PacketResponder 2 for block blk_-9122393830096102632 terminating
081110 010525 5109 INFO dfs.DataNode$PacketResponder: PacketResponder 0 for block blk_-6979800421545566530 terminating
081110 010525 5135 INFO dfs.DataNode$PacketResponder: PacketResponder 1 for block blk_-8942306010724099218 terminating
081110 010525 5153 INFO dfs.DataNode$PacketResponder: PacketResponder 2 for block blk_-6979800421545566530 terminating
081110 010526 4769 INFO dfs.DataNode$PacketResponder: PacketResponder 1 for block blk_8150047286411391602 terminating
081110 010526 4914 INFO dfs.DataNode$PacketResponder: PacketResponder 1 for block blk_-9179683681047554601 terminating
081110 010526 4956 INFO dfs.DataNode$PacketResponder: PacketResponder 2 for block blk_3578560847670825832 terminating
081110 010526 4969 INFO dfs.DataNode$PacketResponder: PacketResponder 2 for block blk_-3816050699031994544 terminating
081110 010526 4977 INFO dfs.DataNode$PacketResponder: PacketResponder 1 for block blk_-2928349273236149907 terminating
081110 010526 4978 INFO dfs.DataNode$PacketResponder: PacketResponder 0 for block blk_-9046381568253774314 terminating
081110 010526 4983 INFO dfs.DataNode$PacketResponder: PacketResponder 0 for block blk_4106515016449303750 terminating
081110 010526 5005 INFO dfs.DataNode$PacketResponder: PacketResponder 0 for block blk_-9179683681047554601 terminating
081110 010526 5024 INFO dfs.DataNode$PacketResponder: PacketResponder 1 for block blk_-7479361470075126266 terminating
081110 010526 5050 INFO dfs.DataNode$PacketResponder: PacketResponder 2 for block blk_-7479361470075126266 terminating
081110 010526 5076 INFO dfs.DataNode$PacketResponder: PacketResponder 2 for block blk_8406590940066635710 terminating
081110 010526 5077 INFO dfs.DataNode$PacketResponder: PacketResponder 0 for block blk_7415498720802497339 terminating
081110 010526 5078 INFO dfs.DataNode$PacketResponder: PacketResponder 2 for block blk_-1167706718690323940 terminating
081110 010526 5080 INFO dfs.DataNode$PacketResponder: PacketResponder 1 for block blk_7415498720802497339 terminating
081110 010526 5083 INFO dfs.DataNode$PacketResponder: PacketResponder 2 for block blk_7415498720802497339 terminating
081110 010526 5087 INFO dfs.DataNode$PacketResponder: PacketResponder 2 for block blk_780215072656721542 terminating
081110 010526 5091 INFO dfs.DataNode$PacketResponder: PacketResponder 2 for block blk_-9179683681047554601 terminating
081110 010526 5095 INFO dfs.DataNode$PacketResponder: PacketResponder 0 for block blk_-1167706718690323940 terminating
081110 010526 5101 INFO dfs.DataNode$PacketResponder: PacketResponder 1 for block blk_-4404211452788225272 terminating
081110 010526 5105 INFO dfs.DataNode$PacketResponder: PacketResponder 1 for block blk_780215072656721542 terminating
081110 010526 5111 INFO dfs.DataNode$PacketResponder: PacketResponder 2 for block blk_-9046381568253774314 terminating
081110 010526 5112 INFO dfs.DataNode$PacketResponder: PacketResponder 2 for block blk_5689494216505577930 terminating
081110 010526 5113 INFO dfs.DataNode$PacketResponder: PacketResponder 2 for block blk_-4404211452788225272 terminating
081110 010526 5114 INFO dfs.DataNode$PacketResponder: PacketResponder 1 for block blk_-1167706718690323940 terminating
081110 010526 5125 INFO dfs.DataNode$PacketResponder: PacketResponder 1 for block blk_-9046381568253774314 terminating
081110 010526 5127 INFO dfs.DataNode$PacketResponder: PacketResponder 0 for block blk_8406590940066635710 terminating
081110 010526 5127 INFO dfs.DataNode$PacketResponder: PacketResponder 1 for block blk_8406590940066635710 terminating
081110 010526 5131 INFO dfs.DataNode$PacketResponder: PacketResponder 2 for block blk_4106515016449303750 terminating
081110 010526 5136 INFO dfs.DataNode$PacketResponder: PacketResponder 0 for block blk_8150047286411391602 terminating
081110 010526 5140 INFO dfs.DataNode$PacketResponder: PacketResponder 0 for block blk_-4404211452788225272 terminating
081110 010526 5142 INFO dfs.DataNode$PacketResponder: PacketResponder 0 for block blk_-7479361470075126266 terminating
081110 010526 5172 INFO dfs.DataNode$PacketResponder: PacketResponder 2 for block blk_8150047286411391602 terminating
081110 010526 5179 INFO dfs.DataNode$PacketResponder: PacketResponder 0 for block blk_780215072656721542 terminating
081110 010526 5189 INFO dfs.DataNode$PacketResponder: PacketResponder 2 for block blk_-2928349273236149907 terminating
081110 010526 5215 INFO dfs.DataNode$PacketResponder: PacketResponder 1 for block blk_4106515016449303750 terminating
081110 010527 4767 INFO dfs.DataNode$PacketResponder: PacketResponder 2 for block blk_-2495564433756676856 terminating
081110 010527 4934 INFO dfs.DataNode$PacketResponder: PacketResponder 1 for block blk_1520039390747265588 terminating
081110 010527 4944 INFO dfs.DataNode$PacketResponder: PacketResponder 1 for block blk_-9125926898578493 terminating
081110 010527 4959 INFO dfs.DataNode$DataXceiver: writeBlock blk_4127811737640671260 received exception java.io.IOException: Could not read from stream
081110 010527 5055 INFO dfs.DataNode$PacketResponder: PacketResponder 0 for block blk_-475472424939093108 terminating
081110 010527 5076 INFO dfs.DataNode$PacketResponder: PacketResponder 1 for block blk_2046916870202478534 terminating
081110 010527 5079 INFO dfs.DataNode$PacketResponder: PacketResponder 2 for block blk_175795278694574149 terminating
081110 010527 5085 INFO dfs.DataNode$PacketResponder: PacketResponder 0 for block blk_175795278694574149 terminating
081110 010527 5096 INFO dfs.DataNode$PacketResponder: PacketResponder 1 for block blk_-2495564433756676856 terminating
081110 010527 5100 INFO dfs.DataNode$PacketResponder: PacketResponder 0 for block blk_1520039390747265588 terminating
081110 010527 5102 INFO dfs.DataNode$PacketResponder: PacketResponder 2 for block blk_2046916870202478534 terminating
081110 010527 5132 INFO dfs.DataNode$PacketResponder: PacketResponder 2 for block blk_-475472424939093108 terminating
081110 010527 5139 INFO dfs.DataNode$PacketResponder: PacketResponder 0 for block blk_-2495564433756676856 terminating
081110 010527 5148 INFO dfs.DataNode$PacketResponder: PacketResponder 2 for block blk_-9125926898578493 terminating
081110 010527 5177 INFO dfs.DataNode$PacketResponder: PacketResponder 0 for block blk_2046916870202478534 terminating
081110 010527 5189 INFO dfs.DataNode$PacketResponder: PacketResponder 0 for block blk_-9125926898578493 terminating
081110 010527 5209 INFO dfs.DataNode$PacketResponder: PacketResponder 1 for block blk_175795278694574149 terminating
081110 010527 5257 INFO dfs.DataNode$PacketResponder: PacketResponder 1 for block blk_-475472424939093108 terminating
081110 010528 4956 INFO dfs.DataNode$PacketResponder: PacketResponder 0 for block blk_8893280028750036018 terminating
081110 010528 4976 INFO dfs.DataNode$PacketResponder: PacketResponder 1 for block blk_1268874732805493163 terminating
081110 010528 4990 INFO dfs.DataNode$PacketResponder: PacketResponder 1 for block blk_4865300039474106523 terminating
081110 010528 5023 INFO dfs.DataNode$PacketResponder: PacketResponder 1 for block blk_5699300682243249417 terminating
081110 010528 5029 INFO dfs.DataNode$PacketResponder: PacketResponder 2 for block blk_1278501459998650655 terminating
081110 010528 5033 INFO dfs.DataNode$PacketResponder: PacketResponder 1 for block blk_2353736086406077625 terminating
081110 010528 5068 INFO dfs.DataNode$PacketResponder: PacketResponder 1 for block blk_1278501459998650655 terminating
081110 010528 5071 INFO dfs.DataNode$PacketResponder: PacketResponder 1 for block blk_-8958982750408876584 terminating
081110 010528 5078 INFO dfs.DataNode$PacketResponder: PacketResponder 2 for block blk_-8958982750408876584 terminating
081110 010528 5080 INFO dfs.DataNode$PacketResponder: PacketResponder 0 for block blk_4865300039474106523 terminating
081110 010528 5081 INFO dfs.DataNode$PacketResponder: PacketResponder 1 for block blk_-8604833704940302821 terminating
081110 010528 5087 INFO dfs.DataNode$PacketResponder: PacketResponder 1 for block blk_8893280028750036018 terminating
081110 010528 5095 INFO dfs.DataNode$DataXceiver: writeBlock blk_-8614398968796466697 received exception java.io.IOException: Could not read from stream
081110 010528 5102 INFO dfs.DataNode$PacketResponder: PacketResponder 0 for block blk_5699300682243249417 terminating
081110 010528 5105 INFO dfs.DataNode$PacketResponder: PacketResponder 1 for block blk_531129626852362586 terminating
081110 010528 5107 INFO dfs.DataNode$PacketResponder: PacketResponder 0 for block blk_531129626852362586 terminating
081110 010528 5108 INFO dfs.DataNode$PacketResponder: PacketResponder 2 for block blk_5699300682243249417 terminating
081110 010528 5114 INFO dfs.DataNode$PacketResponder: PacketResponder 0 for block blk_3453610554035600186 terminating
081110 010528 5127 INFO dfs.DataNode$PacketResponder: PacketResponder 0 for block blk_-8958982750408876584 terminating
081110 010528 5133 INFO dfs.DataNode$PacketResponder: PacketResponder 0 for block blk_-8604833704940302821 terminating
081110 010528 5138 INFO dfs.DataNode$PacketResponder: PacketResponder 2 for block blk_-8604833704940302821 terminating
081110 010528 5144 INFO dfs.DataNode$PacketResponder: PacketResponder 0 for block blk_1268874732805493163 terminating
081110 010528 5190 INFO dfs.DataNode$PacketResponder: PacketResponder 0 for block blk_1278501459998650655 terminating
081110 010528 5199 INFO dfs.DataNode$PacketResponder: PacketResponder 0 for block blk_2353736086406077625 terminating
081110 010528 5202 INFO dfs.DataNode$PacketResponder: PacketResponder 2 for block blk_1268874732805493163 terminating
081110 010528 5207 INFO dfs.DataNode$PacketResponder: PacketResponder 2 for block blk_531129626852362586 terminating
081110 010528 5212 INFO dfs.DataNode$PacketResponder: PacketResponder 2 for block blk_4865300039474106523 terminating
081110 010529 3903 INFO dfs.DataNode$PacketResponder: PacketResponder 0 for block blk_6484297782245774604 terminating
081110 010529 4901 INFO dfs.DataNode$PacketResponder: PacketResponder 0 for block blk_-4154121158534164639 terminating
081110 010529 4903 INFO dfs.DataNode$PacketResponder: PacketResponder 2 for block blk_8893280028750036018 terminating
081110 010529 4924 INFO dfs.DataNode$PacketResponder: PacketResponder 1 for block blk_6484297782245774604 terminating
081110 010529 4958 INFO dfs.DataNode$PacketResponder: PacketResponder 2 for block blk_4494549952824233384 terminating
081110 010529 4996 INFO dfs.DataNode$PacketResponder: PacketResponder 1 for block blk_98186533399826732 terminating
081110 010529 5023 INFO dfs.DataNode$PacketResponder: PacketResponder 1 for block blk_9051642876390581984 terminating
081110 010529 5030 INFO dfs.DataNode$PacketResponder: PacketResponder 2 for block blk_-2993715015965778306 terminating
081110 010529 5031 INFO dfs.DataNode$PacketResponder: PacketResponder 2 for block blk_98186533399826732 terminating
081110 010529 5042 INFO dfs.DataNode$PacketResponder: PacketResponder 1 for block blk_-4154121158534164639 terminating
081110 010529 5052 INFO dfs.DataNode$PacketResponder: PacketResponder 2 for block blk_3453610554035600186 terminating
081110 010529 5060 INFO dfs.DataNode$PacketResponder: PacketResponder 0 for block blk_4494549952824233384 terminating
081110 010529 5064 INFO dfs.DataNode$PacketResponder: PacketResponder 1 for block blk_4494549952824233384 terminating
081110 010529 5077 INFO dfs.DataNode$PacketResponder: PacketResponder 0 for block blk_-349363770900846674 terminating
081110 010529 5079 INFO dfs.DataNode$PacketResponder: PacketResponder 2 for block blk_-4154121158534164639 terminating
081110 010529 5081 INFO dfs.DataNode$PacketResponder: PacketResponder 0 for block blk_9051642876390581984 terminating
081110 010529 5083 INFO dfs.DataNode$PacketResponder: PacketResponder 2 for block blk_2353736086406077625 terminating
081110 010529 5087 INFO dfs.DataNode$PacketResponder: PacketResponder 1 for block blk_-349363770900846674 terminating
081110 010529 5102 INFO dfs.DataNode$PacketResponder: PacketResponder 2 for block blk_1520039390747265588 terminating
081110 010529 5108 INFO dfs.DataNode$PacketResponder: PacketResponder 0 for block blk_98186533399826732 terminating
081110 010529 5120 INFO dfs.DataNode$DataXceiver: writeBlock blk_-6441742117709794738 received exception java.io.IOException: Could not read from stream
081110 010529 5127 INFO dfs.DataNode$PacketResponder: PacketResponder 2 for block blk_6484297782245774604 terminating
081110 010529 5138 INFO dfs.DataNode$PacketResponder: PacketResponder 1 for block blk_-2993715015965778306 terminating
081110 010529 5176 INFO dfs.DataNode$PacketResponder: PacketResponder 1 for block blk_3453610554035600186 terminating
081110 010529 5191 INFO dfs.DataNode$PacketResponder: PacketResponder 0 for block blk_-2993715015965778306 terminating
081110 010530 4804 INFO dfs.DataNode$PacketResponder: PacketResponder 2 for block blk_7372805276453489520 terminating
081110 010530 4824 INFO dfs.DataNode$PacketResponder: PacketResponder 0 for block blk_-3869245710412543371 terminating
081110 010530 4947 INFO dfs.DataNode$PacketResponder: PacketResponder 2 for block blk_1525035621856620656 terminating
081110 010530 5039 INFO dfs.DataNode$PacketResponder: PacketResponder 1 for block blk_7636065226485984313 terminating
081110 010530 5056 INFO dfs.DataNode$PacketResponder: PacketResponder 1 for block blk_-6935575655126087848 terminating
081110 010530 5059 INFO dfs.DataNode$PacketResponder: PacketResponder 1 for block blk_7372805276453489520 terminating
081110 010530 5064 INFO dfs.DataNode$PacketResponder: PacketResponder 2 for block blk_-867422137340868348 terminating
081110 010530 5066 INFO dfs.DataNode$PacketResponder: PacketResponder 2 for block blk_-349363770900846674 terminating
081110 010530 5072 INFO dfs.DataNode$PacketResponder: PacketResponder 2 for block blk_6618586546284987306 terminating
081110 010530 5079 INFO dfs.DataNode$PacketResponder: PacketResponder 2 for block blk_7636065226485984313 terminating
081110 010530 5083 INFO dfs.DataNode$PacketResponder: PacketResponder 0 for block blk_1272673864980731691 terminating
081110 010530 5083 INFO dfs.DataNode$PacketResponder: PacketResponder 0 for block blk_7636065226485984313 terminating
081110 010530 5087 INFO dfs.DataNode$PacketResponder: PacketResponder 0 for block blk_-867422137340868348 terminating
081110 010530 5095 INFO dfs.DataNode$PacketResponder: PacketResponder 0 for block blk_7372805276453489520 terminating
081110 010530 5106 INFO dfs.DataNode$PacketResponder: PacketResponder 2 for block blk_3450295517185924407 terminating
081110 010530 5109 INFO dfs.DataNode$PacketResponder: PacketResponder 0 for block blk_6618586546284987306 terminating
081110 010530 5109 INFO dfs.DataNode$PacketResponder: PacketResponder 1 for block blk_-3869245710412543371 terminating
081110 010530 5122 INFO dfs.DataNode$PacketResponder: PacketResponder 0 for block blk_3450295517185924407 terminating
081110 010530 5147 INFO dfs.DataNode$PacketResponder: PacketResponder 0 for block blk_-6935575655126087848 terminating
081110 010530 5147 INFO dfs.DataNode$PacketResponder: PacketResponder 1 for block blk_3450295517185924407 terminating
081110 010530 5147 INFO dfs.DataNode$PacketResponder: PacketResponder 1 for block blk_6618586546284987306 terminating
081110 010530 5155 INFO dfs.DataNode$PacketResponder: PacketResponder 0 for block blk_1525035621856620656 terminating
081110 010530 5155 INFO dfs.DataNode$PacketResponder: PacketResponder 1 for block blk_1525035621856620656 terminating
081110 010530 5195 INFO dfs.DataNode$PacketResponder: PacketResponder 2 for block blk_9051642876390581984 terminating
081110 010530 5216 INFO dfs.DataNode$PacketResponder: PacketResponder 1 for block blk_-867422137340868348 terminating
081110 010531 4711 INFO dfs.DataNode$PacketResponder: PacketResponder 2 for block blk_7750329311660990885 terminating
081110 010531 4881 INFO dfs.DataNode$PacketResponder: PacketResponder 1 for block blk_-5149684038162579726 terminating
081110 010531 4943 INFO dfs.DataNode$PacketResponder: PacketResponder 1 for block blk_-6191265524072192220 terminating
081110 010531 4949 INFO dfs.DataNode$PacketResponder: PacketResponder 0 for block blk_7750329311660990885 terminating
081110 010531 4954 INFO dfs.DataNode$PacketResponder: PacketResponder 0 for block blk_-6035227144971623134 terminating
081110 010531 5006 INFO dfs.DataNode$PacketResponder: PacketResponder 0 for block blk_-5242367389301636883 terminating
081110 010531 5020 INFO dfs.DataNode$PacketResponder: PacketResponder 1 for block blk_-272877987214643819 terminating
081110 010531 5028 INFO dfs.DataNode$PacketResponder: PacketResponder 1 for block blk_7750329311660990885 terminating
081110 010531 5029 INFO dfs.DataNode$PacketResponder: PacketResponder 2 for block blk_1272673864980731691 terminating
081110 010531 5051 INFO dfs.DataNode$PacketResponder: PacketResponder 0 for block blk_7739481501073553044 terminating
081110 010531 5057 INFO dfs.DataNode$PacketResponder: PacketResponder 0 for block blk_-272877987214643819 terminating
081110 010531 5060 INFO dfs.DataNode$PacketResponder: PacketResponder 0 for block blk_5723408440487939118 terminating
081110 010531 5062 INFO dfs.DataNode$PacketResponder: PacketResponder 1 for block blk_-8387318582241319714 terminating
081110 010531 5076 INFO dfs.DataNode$PacketResponder: PacketResponder 2 for block blk_7739481501073553044 terminating
081110 010531 5084 INFO dfs.DataNode$PacketResponder: PacketResponder 0 for block blk_-5149684038162579726 terminating
081110 010531 5087 INFO dfs.DataNode$PacketResponder: PacketResponder 2 for block blk_-8387318582241319714 terminating
081110 010531 5091 INFO dfs.DataNode$PacketResponder: PacketResponder 1 for block blk_5723408440487939118 terminating
081110 010531 5095 INFO dfs.DataNode$PacketResponder: PacketResponder 1 for block blk_-6035227144971623134 terminating
081110 010531 5096 INFO dfs.DataNode$PacketResponder: PacketResponder 1 for block blk_7739481501073553044 terminating
081110 010531 5104 INFO dfs.DataNode$PacketResponder: PacketResponder 0 for block blk_6633435747633618471 terminating
081110 010531 5108 INFO dfs.DataNode$PacketResponder: PacketResponder 0 for block blk_-6191265524072192220 terminating
081110 010531 5109 INFO dfs.DataNode$PacketResponder: PacketResponder 2 for block blk_5723408440487939118 terminating
081110 010531 5113 INFO dfs.DataNode$PacketResponder: PacketResponder 2 for block blk_-3869245710412543371 terminating
081110 010531 5119 INFO dfs.DataNode$PacketResponder: PacketResponder 1 for block blk_-5242367389301636883 terminating
081110 010531 5121 INFO dfs.DataNode$PacketResponder: PacketResponder 1 for block blk_1272673864980731691 terminating
081110 010531 5132 INFO dfs.DataNode$PacketResponder: PacketResponder 2 for block blk_-6935575655126087848 terminating
081110 010531 5134 INFO dfs.DataNode$PacketResponder: PacketResponder 2 for block blk_-5242367389301636883 terminating
081110 010531 5142 INFO dfs.DataNode$PacketResponder: PacketResponder 2 for block blk_-6191265524072192220 terminating
081110 010531 5142 INFO dfs.DataNode$PacketResponder: PacketResponder 2 for block blk_6633435747633618471 terminating
081110 010531 5147 INFO dfs.DataNode$PacketResponder: PacketResponder 2 for block blk_-6035227144971623134 terminating
081110 010531 5150 INFO dfs.DataNode$PacketResponder: PacketResponder 2 for block blk_-5149684038162579726 terminating
081110 010531 5167 INFO dfs.DataNode$PacketResponder: PacketResponder 2 for block blk_-272877987214643819 terminating
081110 010531 5198 INFO dfs.DataNode$PacketResponder: PacketResponder 1 for block blk_6633435747633618471 terminating
081110 010531 5234 INFO dfs.DataNode$PacketResponder: PacketResponder 0 for block blk_-8387318582241319714 terminating
081110 010532 3904 INFO dfs.DataNode$PacketResponder: PacketResponder 2 for block blk_-3680888389781695673 terminating
081110 010532 5057 INFO dfs.DataNode$PacketResponder: PacketResponder 1 for block blk_-7346561415392213135 terminating
081110 010532 5062 INFO dfs.DataNode$PacketResponder: PacketResponder 0 for block blk_-3680888389781695673 terminating
081110 010532 5068 INFO dfs.DataNode$PacketResponder: PacketResponder 1 for block blk_-8679638359776975497 terminating
081110 010532 5097 INFO dfs.DataNode$PacketResponder: PacketResponder 0 for block blk_90092168244599170 terminating
081110 010532 5097 INFO dfs.DataNode$PacketResponder: PacketResponder 1 for block blk_5205367051767649935 terminating
081110 010532 5098 INFO dfs.DataNode$PacketResponder: PacketResponder 2 for block blk_90092168244599170 terminating
081110 010532 5103 INFO dfs.DataNode$PacketResponder: PacketResponder 1 for block blk_90092168244599170 terminating
081110 010532 5106 INFO dfs.DataNode$PacketResponder: PacketResponder 2 for block blk_5205367051767649935 terminating
081110 010532 5114 INFO dfs.DataNode$PacketResponder: PacketResponder 0 for block blk_-7346561415392213135 terminating
081110 010532 5125 INFO dfs.DataNode$PacketResponder: PacketResponder 0 for block blk_5205367051767649935 terminating
081110 010532 5149 INFO dfs.DataNode$PacketResponder: PacketResponder 1 for block blk_-3680888389781695673 terminating
081110 010532 5214 INFO dfs.DataNode$PacketResponder: PacketResponder 2 for block blk_-7346561415392213135 terminating
081110 010533 4784 INFO dfs.DataNode$PacketResponder: PacketResponder 1 for block blk_-1561973110485675925 terminating
081110 010533 4800 INFO dfs.DataNode$PacketResponder: PacketResponder 2 for block blk_8422608532543588880 terminating
081110 010533 4888 INFO dfs.DataNode$PacketResponder: PacketResponder 0 for block blk_-1561973110485675925 terminating
081110 010533 4920 INFO dfs.DataNode$PacketResponder: PacketResponder 2 for block blk_-1561973110485675925 terminating
081110 010533 4938 INFO dfs.DataNode$PacketResponder: PacketResponder 2 for block blk_-3724383526837883373 terminating
081110 010533 4951 INFO dfs.DataNode$PacketResponder: PacketResponder 1 for block blk_7520042582713464177 terminating
081110 010533 4952 INFO dfs.DataNode$PacketResponder: PacketResponder 2 for block blk_7520042582713464177 terminating
081110 010533 4954 INFO dfs.DataNode$PacketResponder: PacketResponder 0 for block blk_-3362838757940877177 terminating
081110 010533 4968 INFO dfs.DataNode$PacketResponder: PacketResponder 0 for block blk_-4613492560411048467 terminating
081110 010533 4979 INFO dfs.DataNode$PacketResponder: PacketResponder 2 for block blk_5271292813307424057 terminating
081110 010533 4985 INFO dfs.DataNode$PacketResponder: PacketResponder 1 for block blk_5271292813307424057 terminating
081110 010533 5008 INFO dfs.DataNode$PacketResponder: PacketResponder 0 for block blk_-4520756846905001295 terminating
081110 010533 5010 INFO dfs.DataNode$PacketResponder: PacketResponder 0 for block blk_8422608532543588880 terminating
081110 010533 5018 INFO dfs.DataNode$PacketResponder: PacketResponder 2 for block blk_6511190223287234373 terminating
081110 010533 5021 INFO dfs.DataNode$PacketResponder: PacketResponder 1 for block blk_8422608532543588880 terminating
081110 010533 5034 INFO dfs.DataNode$PacketResponder: PacketResponder 0 for block blk_6511190223287234373 terminating
081110 010533 5040 INFO dfs.DataNode$PacketResponder: PacketResponder 0 for block blk_-317616250070861020 terminating
081110 010533 5048 INFO dfs.DataNode$PacketResponder: PacketResponder 2 for block blk_-5666896344660234876 terminating
081110 010533 5053 INFO dfs.DataNode$PacketResponder: PacketResponder 0 for block blk_6310309154331039657 terminating
081110 010533 5060 INFO dfs.DataNode$PacketResponder: PacketResponder 1 for block blk_3246500098797355097 terminating
081110 010533 5062 INFO dfs.DataNode$PacketResponder: PacketResponder 0 for block blk_-8679638359776975497 terminating
081110 010533 5080 INFO dfs.DataNode$PacketResponder: PacketResponder 1 for block blk_6310309154331039657 terminating
081110 010533 5088 INFO dfs.DataNode$PacketResponder: PacketResponder 1 for block blk_6511190223287234373 terminating
081110 010533 5089 INFO dfs.DataNode$PacketResponder: PacketResponder 0 for block blk_-3724383526837883373 terminating
081110 010533 5095 INFO dfs.DataNode$PacketResponder: PacketResponder 1 for block blk_-4520756846905001295 terminating
081110 010533 5099 INFO dfs.DataNode$PacketResponder: PacketResponder 2 for block blk_6310309154331039657 terminating
081110 010533 5103 INFO dfs.DataNode$PacketResponder: PacketResponder 1 for block blk_-4613492560411048467 terminating
081110 010533 5104 INFO dfs.DataNode$PacketResponder: PacketResponder 0 for block blk_7520042582713464177 terminating
081110 010533 5108 INFO dfs.DataNode$PacketResponder: PacketResponder 1 for block blk_4166047388657106871 terminating
081110 010533 5111 INFO dfs.DataNode$PacketResponder: PacketResponder 0 for block blk_-5666896344660234876 terminating
081110 010533 5111 INFO dfs.DataNode$PacketResponder: PacketResponder 1 for block blk_-317616250070861020 terminating
081110 010533 5114 INFO dfs.DataNode$PacketResponder: PacketResponder 2 for block blk_-3362838757940877177 terminating
081110 010533 5115 INFO dfs.DataNode$PacketResponder: PacketResponder 2 for block blk_3246500098797355097 terminating
081110 010533 5136 INFO dfs.DataNode$PacketResponder: PacketResponder 1 for block blk_-3362838757940877177 terminating
081110 010533 5137 INFO dfs.DataNode$PacketResponder: PacketResponder 2 for block blk_4166047388657106871 terminating
081110 010533 5144 INFO dfs.DataNode$PacketResponder: PacketResponder 0 for block blk_3246500098797355097 terminating
081110 010533 5153 INFO dfs.DataNode$PacketResponder: PacketResponder 2 for block blk_-8679638359776975497 terminating
081110 010533 5181 INFO dfs.DataNode$PacketResponder: PacketResponder 1 for block blk_-5666896344660234876 terminating
081110 010533 5187 INFO dfs.DataNode$PacketResponder: PacketResponder 1 for block blk_-3724383526837883373 terminating
081110 010533 5188 INFO dfs.DataNode$PacketResponder: PacketResponder 2 for block blk_-317616250070861020 terminating
081110 010533 5191 INFO dfs.DataNode$PacketResponder: PacketResponder 2 for block blk_-4613492560411048467 terminating
081110 010533 5203 INFO dfs.DataNode$PacketResponder: PacketResponder 0 for block blk_4166047388657106871 terminating
081110 010533 5210 INFO dfs.DataNode$PacketResponder: PacketResponder 2 for block blk_-4520756846905001295 terminating
081110 010533 5213 INFO dfs.DataNode$PacketResponder: PacketResponder 0 for block blk_5271292813307424057 terminating
081110 010534 4771 INFO dfs.DataNode$PacketResponder: PacketResponder 2 for block blk_-2029948329995721079 terminating
081110 010534 4895 INFO dfs.DataNode$PacketResponder: PacketResponder 0 for block blk_-76319045393864144 terminating
081110 010534 4907 INFO dfs.DataNode$PacketResponder: PacketResponder 1 for block blk_7129421278684634187 terminating
081110 010534 4946 INFO dfs.DataNode$PacketResponder: PacketResponder 0 for block blk_-6445022031044542458 terminating
081110 010534 4979 INFO dfs.DataNode$PacketResponder: PacketResponder 1 for block blk_-5518828063271624927 terminating
081110 010534 4999 INFO dfs.DataNode$PacketResponder: PacketResponder 0 for block blk_-3141698501695154019 terminating
081110 010534 5017 INFO dfs.DataNode$PacketResponder: PacketResponder 2 for block blk_-7027815725433571091 terminating
081110 010534 5036 INFO dfs.DataNode$PacketResponder: PacketResponder 1 for block blk_3245915983646674182 terminating
081110 010534 5040 INFO dfs.DataNode$PacketResponder: PacketResponder 1 for block blk_-334293366472178979 terminating
081110 010534 5046 INFO dfs.DataNode$PacketResponder: PacketResponder 1 for block blk_-76319045393864144 terminating
081110 010534 5052 INFO dfs.DataNode$PacketResponder: PacketResponder 1 for block blk_-3456705033767295874 terminating
081110 010534 5055 INFO dfs.DataNode$PacketResponder: PacketResponder 2 for block blk_-76319045393864144 terminating
081110 010534 5058 INFO dfs.DataNode$PacketResponder: PacketResponder 0 for block blk_-5518828063271624927 terminating
081110 010534 5058 INFO dfs.DataNode$PacketResponder: PacketResponder 0 for block blk_9046356857019937137 terminating
081110 010534 5067 INFO dfs.DataNode$PacketResponder: PacketResponder 0 for block blk_-3456705033767295874 terminating
081110 010534 5074 INFO dfs.DataNode$PacketResponder: PacketResponder 0 for block blk_-7027815725433571091 terminating
081110 010534 5075 INFO dfs.DataNode$PacketResponder: PacketResponder 1 for block blk_-6445022031044542458 terminating
081110 010534 5084 INFO dfs.DataNode$PacketResponder: PacketResponder 1 for block blk_-3331544436250561639 terminating
081110 010534 5088 INFO dfs.DataNode$PacketResponder: PacketResponder 0 for block blk_3245915983646674182 terminating
081110 010534 5089 INFO dfs.DataNode$PacketResponder: PacketResponder 1 for block blk_-3141698501695154019 terminating
081110 010534 5089 INFO dfs.DataNode$PacketResponder: PacketResponder 2 for block blk_3245915983646674182 terminating
081110 010534 5105 INFO dfs.DataNode$PacketResponder: PacketResponder 0 for block blk_7129421278684634187 terminating
081110 010534 5108 INFO dfs.DataNode$PacketResponder: PacketResponder 1 for block blk_-2029948329995721079 terminating
081110 010534 5112 INFO dfs.DataNode$PacketResponder: PacketResponder 0 for block blk_-2029948329995721079 terminating
081110 010534 5112 INFO dfs.DataNode$PacketResponder: PacketResponder 1 for block blk_7340379925148607927 terminating
081110 010534 5114 INFO dfs.DataNode$PacketResponder: PacketResponder 2 for block blk_-6445022031044542458 terminating
081110 010534 5121 INFO dfs.DataNode$PacketResponder: PacketResponder 0 for block blk_-3331544436250561639 terminating
081110 010534 5131 INFO dfs.DataNode$PacketResponder: PacketResponder 2 for block blk_-3331544436250561639 terminating
081110 010534 5133 INFO dfs.DataNode$PacketResponder: PacketResponder 2 for block blk_-334293366472178979 terminating
081110 010534 5135 INFO dfs.DataNode$PacketResponder: PacketResponder 0 for block blk_7340379925148607927 terminating
081110 010534 5142 INFO dfs.DataNode$PacketResponder: PacketResponder 2 for block blk_9046356857019937137 terminating
081110 010534 5149 INFO dfs.DataNode$PacketResponder: PacketResponder 1 for block blk_-7027815725433571091 terminating
081110 010534 5151 INFO dfs.DataNode$PacketResponder: PacketResponder 0 for block blk_-334293366472178979 terminating
081110 010534 5152 INFO dfs.DataNode$PacketResponder: PacketResponder 2 for block blk_-3456705033767295874 terminating
081110 010534 5154 INFO dfs.DataNode$PacketResponder: PacketResponder 0 for block blk_-3343965010467648362 terminating
081110 010534 5171 INFO dfs.DataNode$PacketResponder: PacketResponder 1 for block blk_9046356857019937137 terminating
081110 010534 5180 INFO dfs.DataNode$PacketResponder: PacketResponder 2 for block blk_7129421278684634187 terminating
081110 010534 5184 INFO dfs.DataNode$PacketResponder: PacketResponder 1 for block blk_-3343965010467648362 terminating
081110 010534 5231 INFO dfs.DataNode$PacketResponder: PacketResponder 2 for block blk_-5518828063271624927 terminating
081110 010535 4932 INFO dfs.DataNode$PacketResponder: PacketResponder 2 for block blk_-6682086626404547888 terminating
081110 010535 4964 INFO dfs.DataNode$PacketResponder: PacketResponder 1 for block blk_4431276050833427373 terminating
081110 010535 4987 INFO dfs.DataNode$PacketResponder: PacketResponder 1 for block blk_-3761167371268579164 terminating
081110 010535 5002 INFO dfs.DataNode$PacketResponder: PacketResponder 1 for block blk_-1097838642517147669 terminating
081110 010535 5008 INFO dfs.DataNode$PacketResponder: PacketResponder 0 for block blk_-3761167371268579164 terminating
081110 010535 5012 INFO dfs.DataNode$PacketResponder: PacketResponder 1 for block blk_6496946766259077183 terminating
081110 010535 5027 INFO dfs.DataNode$PacketResponder: PacketResponder 2 for block blk_4431276050833427373 terminating
081110 010535 5034 INFO dfs.DataNode$PacketResponder: PacketResponder 0 for block blk_6496946766259077183 terminating
081110 010535 5036 INFO dfs.DataNode$PacketResponder: PacketResponder 0 for block blk_5626425821527222346 terminating
081110 010535 5037 INFO dfs.DataNode$PacketResponder: PacketResponder 2 for block blk_-3343965010467648362 terminating
081110 010535 5038 INFO dfs.DataNode$PacketResponder: PacketResponder 1 for block blk_-167521708772011055 terminating
081110 010535 5066 INFO dfs.DataNode$PacketResponder: PacketResponder 2 for block blk_-1097838642517147669 terminating
081110 010535 5079 INFO dfs.DataNode$PacketResponder: PacketResponder 0 for block blk_-1097838642517147669 terminating
081110 010535 5097 INFO dfs.DataNode$PacketResponder: PacketResponder 1 for block blk_-6682086626404547888 terminating
081110 010535 5102 INFO dfs.DataNode$PacketResponder: PacketResponder 2 for block blk_7340379925148607927 terminating
081110 010535 5117 INFO dfs.DataNode$PacketResponder: PacketResponder 0 for block blk_-6682086626404547888 terminating
081110 010535 5122 INFO dfs.DataNode$PacketResponder: PacketResponder 2 for block blk_6325730183156322972 terminating
081110 010535 5123 INFO dfs.DataNode$PacketResponder: PacketResponder 2 for block blk_-3761167371268579164 terminating
081110 010535 5126 INFO dfs.DataNode$PacketResponder: PacketResponder 0 for block blk_6325730183156322972 terminating
081110 010535 5135 INFO dfs.DataNode$PacketResponder: PacketResponder 1 for block blk_6325730183156322972 terminating
081110 010535 5144 INFO dfs.DataNode$PacketResponder: PacketResponder 0 for block blk_4431276050833427373 terminating
081110 010535 5145 INFO dfs.DataNode$PacketResponder: PacketResponder 0 for block blk_-167521708772011055 terminating
081110 010535 5197 INFO dfs.DataNode$PacketResponder: PacketResponder 2 for block blk_-3141698501695154019 terminating
081110 010535 5220 INFO dfs.DataNode$PacketResponder: PacketResponder 2 for block blk_-167521708772011055 terminating
081110 010536 4859 INFO dfs.DataNode$PacketResponder: PacketResponder 1 for block blk_3594854072194910766 terminating
081110 010536 4931 INFO dfs.DataNode$PacketResponder: PacketResponder 1 for block blk_3716266052579370211 terminating
081110 010536 4986 INFO dfs.DataNode$PacketResponder: PacketResponder 1 for block blk_-1979334185373526844 terminating
081110 010536 5006 INFO dfs.DataNode$PacketResponder: PacketResponder 2 for block blk_6496946766259077183 terminating
081110 010536 5032 INFO dfs.DataNode$PacketResponder: PacketResponder 2 for block blk_3594854072194910766 terminating
081110 010536 5050 INFO dfs.DataNode$PacketResponder: PacketResponder 1 for block blk_5626425821527222346 terminating
081110 010536 5054 INFO dfs.DataNode$PacketResponder: PacketResponder 2 for block blk_-1979334185373526844 terminating
081110 010536 5069 INFO dfs.DataNode$PacketResponder: PacketResponder 2 for block blk_306203091672257779 terminating
081110 010536 5080 INFO dfs.DataNode$PacketResponder: PacketResponder 1 for block blk_306203091672257779 terminating
081110 010536 5090 INFO dfs.DataNode$PacketResponder: PacketResponder 1 for block blk_-3388622754917117674 terminating
081110 010536 5098 INFO dfs.DataNode$PacketResponder: PacketResponder 0 for block blk_3716266052579370211 terminating
081110 010536 5099 INFO dfs.DataNode$PacketResponder: PacketResponder 0 for block blk_7507728980259674427 terminating
081110 010536 5100 INFO dfs.DataNode$PacketResponder: PacketResponder 0 for block blk_3594854072194910766 terminating
081110 010536 5103 INFO dfs.DataNode$PacketResponder: PacketResponder 2 for block blk_7507728980259674427 terminating
081110 010536 5106 INFO dfs.DataNode$PacketResponder: PacketResponder 0 for block blk_306203091672257779 terminating
081110 010536 5110 INFO dfs.DataNode$PacketResponder: PacketResponder 0 for block blk_-1979334185373526844 terminating
081110 010536 5114 INFO dfs.DataNode$PacketResponder: PacketResponder 0 for block blk_-5163666088433060950 terminating
081110 010536 5121 INFO dfs.DataNode$PacketResponder: PacketResponder 1 for block blk_-5163666088433060950 terminating
081110 010536 5129 INFO dfs.DataNode$PacketResponder: PacketResponder 2 for block blk_5626425821527222346 terminating
081110 010536 5130 INFO dfs.DataNode$PacketResponder: PacketResponder 0 for block blk_-3388622754917117674 terminating
081110 010536 5133 INFO dfs.DataNode$PacketResponder: PacketResponder 0 for block blk_-8271359113085245799 terminating
081110 010536 5136 INFO dfs.DataNode$PacketResponder: PacketResponder 1 for block blk_7507728980259674427 terminating
081110 010537 4073 INFO dfs.DataNode$PacketResponder: PacketResponder 0 for block blk_7812424490903766626 terminating
081110 010537 4818 INFO dfs.DataNode$PacketResponder: PacketResponder 2 for block blk_-8271359113085245799 terminating
081110 010537 4869 INFO dfs.DataNode$PacketResponder: PacketResponder 2 for block blk_-3132238410518850719 terminating
081110 010537 4936 INFO dfs.DataNode$PacketResponder: PacketResponder 1 for block blk_8316088262788831522 terminating
081110 010537 4947 INFO dfs.DataNode$PacketResponder: PacketResponder 2 for block blk_-5163666088433060950 terminating
081110 010537 4952 INFO dfs.DataNode$PacketResponder: PacketResponder 2 for block blk_-5882656797910099058 terminating
081110 010537 4960 INFO dfs.DataNode$PacketResponder: PacketResponder 1 for block blk_2234866792281582820 terminating
081110 010537 4960 INFO dfs.DataNode$PacketResponder: PacketResponder 1 for block blk_7812424490903766626 terminating
081110 010537 4999 INFO dfs.DataNode$PacketResponder: PacketResponder 1 for block blk_4011441488154410673 terminating
081110 010537 5004 INFO dfs.DataNode$PacketResponder: PacketResponder 2 for block blk_7812424490903766626 terminating
081110 010537 5009 INFO dfs.DataNode$PacketResponder: PacketResponder 0 for block blk_-3132238410518850719 terminating
081110 010537 5012 INFO dfs.DataNode$PacketResponder: PacketResponder 0 for block blk_2234866792281582820 terminating
081110 010537 5017 INFO dfs.DataNode$PacketResponder: PacketResponder 2 for block blk_-3283915730066813349 terminating
081110 010537 5031 INFO dfs.DataNode$PacketResponder: PacketResponder 1 for block blk_-1104209682635186337 terminating
081110 010537 5064 INFO dfs.DataNode$PacketResponder: PacketResponder 0 for block blk_2398554504952806394 terminating
081110 010537 5075 INFO dfs.DataNode$PacketResponder: PacketResponder 0 for block blk_8316088262788831522 terminating
081110 010537 5078 INFO dfs.DataNode$PacketResponder: PacketResponder 0 for block blk_-3743253910750008328 terminating
081110 010537 5087 INFO dfs.DataNode$PacketResponder: PacketResponder 1 for block blk_-1581605246928123722 terminating
081110 010537 5090 INFO dfs.DataNode$PacketResponder: PacketResponder 0 for block blk_4411328636846780345 terminating
081110 010537 5098 INFO dfs.DataNode$PacketResponder: PacketResponder 1 for block blk_2398554504952806394 terminating
081110 010537 5098 INFO dfs.DataNode$PacketResponder: PacketResponder 2 for block blk_8316088262788831522 terminating
081110 010537 5100 INFO dfs.DataNode$PacketResponder: PacketResponder 0 for block blk_-1104209682635186337 terminating
081110 010537 5101 INFO dfs.DataNode$PacketResponder: PacketResponder 0 for block blk_4011441488154410673 terminating
081110 010537 5103 INFO dfs.DataNode$PacketResponder: PacketResponder 0 for block blk_-1581605246928123722 terminating
081110 010537 5103 INFO dfs.DataNode$PacketResponder: PacketResponder 0 for block blk_-3283915730066813349 terminating
081110 010537 5107 INFO dfs.DataNode$PacketResponder: PacketResponder 0 for block blk_-5882656797910099058 terminating
081110 010537 5108 INFO dfs.DataNode$PacketResponder: PacketResponder 1 for block blk_-8271359113085245799 terminating
081110 010537 5112 INFO dfs.DataNode$PacketResponder: PacketResponder 2 for block blk_-3388622754917117674 terminating
081110 010537 5122 INFO dfs.DataNode$PacketResponder: PacketResponder 2 for block blk_3716266052579370211 terminating
081110 010537 5143 INFO dfs.DataNode$PacketResponder: PacketResponder 0 for block blk_2497876588689808608 terminating
081110 010537 5183 INFO dfs.DataNode$PacketResponder: PacketResponder 2 for block blk_4011441488154410673 terminating
081110 010537 5191 INFO dfs.DataNode$PacketResponder: PacketResponder 2 for block blk_-1104209682635186337 terminating
081110 010537 5211 INFO dfs.DataNode$PacketResponder: PacketResponder 1 for block blk_-3132238410518850719 terminating
081110 010537 5211 INFO dfs.DataNode$PacketResponder: PacketResponder 1 for block blk_-3283915730066813349 terminating
081110 010537 5234 INFO dfs.DataNode$PacketResponder: PacketResponder 2 for block blk_-1581605246928123722 terminating
081110 010537 5241 INFO dfs.DataNode$DataXceiver: writeBlock blk_-6166990240842554250 received exception java.io.IOException: Could not read from stream
081110 010537 5253 INFO dfs.DataNode$PacketResponder: PacketResponder 1 for block blk_-5882656797910099058 terminating
081110 010537 5259 INFO dfs.DataNode$PacketResponder: PacketResponder 2 for block blk_2234866792281582820 terminating
081110 010538 4811 INFO dfs.DataNode$PacketResponder: PacketResponder 0 for block blk_-1702385952284174470 terminating
081110 010538 4901 INFO dfs.DataNode$PacketResponder: PacketResponder 1 for block blk_-1702385952284174470 terminating
081110 010538 4901 INFO dfs.DataNode$PacketResponder: PacketResponder 1 for block blk_-3743253910750008328 terminating
081110 010538 4943 INFO dfs.DataNode$PacketResponder: PacketResponder 2 for block blk_9106798727257416931 terminating
081110 010538 4956 INFO dfs.DataNode$PacketResponder: PacketResponder 1 for block blk_-6013406203697615847 terminating
081110 010538 4962 INFO dfs.DataNode$PacketResponder: PacketResponder 1 for block blk_2497876588689808608 terminating
081110 010538 4973 INFO dfs.DataNode$PacketResponder: PacketResponder 0 for block blk_9106798727257416931 terminating
081110 010538 4975 INFO dfs.DataNode$PacketResponder: PacketResponder 1 for block blk_-29317720310564537 terminating
081110 010538 4982 INFO dfs.DataNode$PacketResponder: PacketResponder 0 for block blk_-2238933225803552268 terminating
081110 010538 5000 INFO dfs.DataNode$PacketResponder: PacketResponder 1 for block blk_-8218874856540253451 terminating
081110 010538 5037 INFO dfs.DataNode$PacketResponder: PacketResponder 2 for block blk_854331083664351361 terminating
081110 010538 5046 INFO dfs.DataNode$PacketResponder: PacketResponder 2 for block blk_-29317720310564537 terminating
081110 010538 5047 INFO dfs.DataNode$PacketResponder: PacketResponder 2 for block blk_-1702385952284174470 terminating
081110 010538 5048 INFO dfs.DataNode$PacketResponder: PacketResponder 0 for block blk_-4286211180297140508 terminating
081110 010538 5050 INFO dfs.DataNode$PacketResponder: PacketResponder 0 for block blk_-6013406203697615847 terminating
081110 010538 5052 INFO dfs.DataNode$PacketResponder: PacketResponder 2 for block blk_2497876588689808608 terminating
081110 010538 5058 INFO dfs.DataNode$PacketResponder: PacketResponder 0 for block blk_854331083664351361 terminating
081110 010538 5064 INFO dfs.DataNode$PacketResponder: PacketResponder 2 for block blk_-8218874856540253451 terminating
081110 010538 5069 INFO dfs.DataNode$PacketResponder: PacketResponder 1 for block blk_-4286211180297140508 terminating
081110 010538 5069 INFO dfs.DataNode$PacketResponder: PacketResponder 2 for block blk_-4286211180297140508 terminating
081110 010538 5072 INFO dfs.DataNode$PacketResponder: PacketResponder 1 for block blk_-2238933225803552268 terminating
081110 010538 5091 INFO dfs.DataNode$PacketResponder: PacketResponder 2 for block blk_3768821674143836147 terminating
081110 010538 5108 INFO dfs.DataNode$PacketResponder: PacketResponder 1 for block blk_3768821674143836147 terminating
081110 010538 5113 INFO dfs.DataNode$PacketResponder: PacketResponder 1 for block blk_4411328636846780345 terminating
081110 010538 5116 INFO dfs.DataNode$PacketResponder: PacketResponder 2 for block blk_-2030096148090426699 terminating
081110 010538 5125 INFO dfs.DataNode$PacketResponder: PacketResponder 1 for block blk_9106798727257416931 terminating
081110 010538 5127 INFO dfs.DataNode$PacketResponder: PacketResponder 2 for block blk_-3743253910750008328 terminating
081110 010538 5129 INFO dfs.DataNode$PacketResponder: PacketResponder 2 for block blk_-6013406203697615847 terminating
081110 010538 5130 INFO dfs.DataNode$PacketResponder: PacketResponder 1 for block blk_-2030096148090426699 terminating
081110 010538 5139 INFO dfs.DataNode$PacketResponder: PacketResponder 2 for block blk_2398554504952806394 terminating
081110 010538 5141 INFO dfs.DataNode$PacketResponder: PacketResponder 1 for block blk_854331083664351361 terminating
081110 010538 5143 INFO dfs.DataNode$PacketResponder: PacketResponder 0 for block blk_-29317720310564537 terminating
081110 010538 5146 INFO dfs.DataNode$PacketResponder: PacketResponder 0 for block blk_-2030096148090426699 terminating
081110 010538 5147 INFO dfs.DataNode$PacketResponder: PacketResponder 2 for block blk_-2238933225803552268 terminating
081110 010538 5147 INFO dfs.DataNode$PacketResponder: PacketResponder 2 for block blk_4411328636846780345 terminating
081110 010538 5155 INFO dfs.DataNode$PacketResponder: PacketResponder 1 for block blk_7887957444657108838 terminating
081110 010538 5158 INFO dfs.DataNode$PacketResponder: PacketResponder 0 for block blk_3768821674143836147 terminating
081110 010538 5237 INFO dfs.DataNode$PacketResponder: PacketResponder 0 for block blk_-8218874856540253451 terminating
081110 010538 5255 INFO dfs.DataNode$PacketResponder: PacketResponder 0 for block blk_7887957444657108838 terminating
081110 010539 4828 INFO dfs.DataNode$PacketResponder: PacketResponder 1 for block blk_6656278100907057743 terminating
081110 010539 4899 INFO dfs.DataNode$PacketResponder: PacketResponder 1 for block blk_901568106907402282 terminating
081110 010539 4905 INFO dfs.DataNode$PacketResponder: PacketResponder 2 for block blk_7887957444657108838 terminating
081110 010539 4927 INFO dfs.DataNode$PacketResponder: PacketResponder 0 for block blk_-8234775508630041240 terminating
081110 010539 4933 INFO dfs.DataNode$PacketResponder: PacketResponder 0 for block blk_-6837045483167421597 terminating
081110 010539 4944 INFO dfs.DataNode$PacketResponder: PacketResponder 1 for block blk_-181361807367433921 terminating
081110 010539 5052 INFO dfs.DataNode$PacketResponder: PacketResponder 0 for block blk_6656278100907057743 terminating
081110 010539 5075 INFO dfs.DataNode$PacketResponder: PacketResponder 2 for block blk_-8234775508630041240 terminating
081110 010539 5086 INFO dfs.DataNode$PacketResponder: PacketResponder 2 for block blk_-6837045483167421597 terminating
081110 010539 5110 INFO dfs.DataNode$PacketResponder: PacketResponder 0 for block blk_901568106907402282 terminating
081110 010539 5113 INFO dfs.DataNode$PacketResponder: PacketResponder 1 for block blk_-6837045483167421597 terminating
081110 010539 5117 INFO dfs.DataNode$PacketResponder: PacketResponder 0 for block blk_-3321098626230981434 terminating
081110 010539 5133 INFO dfs.DataNode$PacketResponder: PacketResponder 0 for block blk_-181361807367433921 terminating
081110 010539 5134 INFO dfs.DataNode$PacketResponder: PacketResponder 2 for block blk_-3321098626230981434 terminating
081110 010539 5146 INFO dfs.DataNode$PacketResponder: PacketResponder 2 for block blk_901568106907402282 terminating
081110 010539 5186 INFO dfs.DataNode$PacketResponder: PacketResponder 2 for block blk_6656278100907057743 terminating
081110 010539 5190 INFO dfs.DataNode$PacketResponder: PacketResponder 1 for block blk_-8234775508630041240 terminating
081110 010539 5200 INFO dfs.DataNode$PacketResponder: PacketResponder 1 for block blk_-3321098626230981434 terminating
081110 010539 5205 INFO dfs.DataNode$PacketResponder: PacketResponder 2 for block blk_-181361807367433921 terminating
081110 010540 4780 INFO dfs.DataNode$PacketResponder: PacketResponder 0 for block blk_-7168018232621679436 terminating
081110 010540 4873 INFO dfs.DataNode$PacketResponder: PacketResponder 1 for block blk_5643060472691495742 terminating
081110 010540 4893 INFO dfs.DataNode$PacketResponder: PacketResponder 1 for block blk_-7493482616283578368 terminating
081110 010540 4907 INFO dfs.DataNode$PacketResponder: PacketResponder 1 for block blk_2249759152624304344 terminating
081110 010540 4957 INFO dfs.DataNode$PacketResponder: PacketResponder 1 for block blk_4038247082486542534 terminating
081110 010540 4971 INFO dfs.DataNode$PacketResponder: PacketResponder 1 for block blk_-5833199535250783117 terminating
081110 010540 4978 INFO dfs.DataNode$PacketResponder: PacketResponder 1 for block blk_-1429434522522265966 terminating
081110 010540 4989 INFO dfs.DataNode$PacketResponder: PacketResponder 2 for block blk_4038247082486542534 terminating
081110 010540 5015 INFO dfs.DataNode$PacketResponder: PacketResponder 2 for block blk_5643060472691495742 terminating
081110 010540 5030 INFO dfs.DataNode$PacketResponder: PacketResponder 2 for block blk_-777002247387893990 terminating
081110 010540 5033 INFO dfs.DataNode$PacketResponder: PacketResponder 0 for block blk_-777002247387893990 terminating
081110 010540 5042 INFO dfs.DataNode$PacketResponder: PacketResponder 0 for block blk_-5833199535250783117 terminating
081110 010540 5093 INFO dfs.DataNode$PacketResponder: PacketResponder 2 for block blk_-5833199535250783117 terminating
081110 010540 5103 INFO dfs.DataNode$PacketResponder: PacketResponder 1 for block blk_-777002247387893990 terminating
081110 010540 5115 INFO dfs.DataNode$PacketResponder: PacketResponder 2 for block blk_2249759152624304344 terminating
081110 010540 5125 INFO dfs.DataNode$PacketResponder: PacketResponder 0 for block blk_2249759152624304344 terminating
081110 010540 5130 INFO dfs.DataNode$PacketResponder: PacketResponder 0 for block blk_-7493482616283578368 terminating
081110 010540 5154 INFO dfs.DataNode$PacketResponder: PacketResponder 0 for block blk_5643060472691495742 terminating
081110 010540 5172 INFO dfs.DataNode$PacketResponder: PacketResponder 0 for block blk_-1429434522522265966 terminating
081110 010540 5186 INFO dfs.DataNode$PacketResponder: PacketResponder 0 for block blk_4038247082486542534 terminating
081110 010540 5218 INFO dfs.DataNode$PacketResponder: PacketResponder 2 for block blk_-1429434522522265966 terminating
081110 010541 4884 INFO dfs.DataNode$PacketResponder: PacketResponder 1 for block blk_-1264131663828180566 terminating
081110 010541 4891 INFO dfs.DataNode$PacketResponder: PacketResponder 2 for block blk_5833589858671877041 terminating
081110 010541 4900 INFO dfs.DataNode$PacketResponder: PacketResponder 2 for block blk_-818566078453474700 terminating
081110 010541 4926 INFO dfs.DataNode$PacketResponder: PacketResponder 0 for block blk_5141670229996106786 terminating
081110 010541 4958 INFO dfs.DataNode$PacketResponder: PacketResponder 2 for block blk_484141183846543437 terminating
081110 010541 5011 INFO dfs.DataNode$PacketResponder: PacketResponder 2 for block blk_90225133370476327 terminating
081110 010541 5020 INFO dfs.DataNode$PacketResponder: PacketResponder 0 for block blk_166171721314010075 terminating
081110 010541 5031 INFO dfs.DataNode$PacketResponder: PacketResponder 2 for block blk_-2358706934533788746 terminating
081110 010541 5058 INFO dfs.DataNode$PacketResponder: PacketResponder 0 for block blk_90225133370476327 terminating
081110 010541 5060 INFO dfs.DataNode$DataXceiver: writeBlock blk_1116841566854231424 received exception java.io.IOException: Could not read from stream
081110 010541 5063 INFO dfs.DataNode$PacketResponder: PacketResponder 1 for block blk_5141670229996106786 terminating
081110 010541 5070 INFO dfs.DataNode$PacketResponder: PacketResponder 2 for block blk_-1264131663828180566 terminating
081110 010541 5071 INFO dfs.DataNode$PacketResponder: PacketResponder 0 for block blk_2771499339291924554 terminating
081110 010541 5074 INFO dfs.DataNode$PacketResponder: PacketResponder 1 for block blk_7887302506742953221 terminating
081110 010541 5075 INFO dfs.DataNode$PacketResponder: PacketResponder 0 for block blk_-2358706934533788746 terminating
081110 010541 5079 INFO dfs.DataNode$PacketResponder: PacketResponder 0 for block blk_-8565421929707126045 terminating
081110 010541 5087 INFO dfs.DataNode$PacketResponder: PacketResponder 1 for block blk_-2358706934533788746 terminating
081110 010541 5089 INFO dfs.DataNode$PacketResponder: PacketResponder 1 for block blk_484141183846543437 terminating
081110 010541 5092 INFO dfs.DataNode$PacketResponder: PacketResponder 1 for block blk_-1920798969516618351 terminating
081110 010541 5093 INFO dfs.DataNode$PacketResponder: PacketResponder 0 for block blk_-818566078453474700 terminating
081110 010541 5099 INFO dfs.DataNode$PacketResponder: PacketResponder 1 for block blk_-818566078453474700 terminating
081110 010541 5106 INFO dfs.DataNode$PacketResponder: PacketResponder 1 for block blk_-2264710227933921313 terminating
081110 010541 5108 INFO dfs.DataNode$PacketResponder: PacketResponder 0 for block blk_484141183846543437 terminating
081110 010541 5118 INFO dfs.DataNode$PacketResponder: PacketResponder 0 for block blk_5833589858671877041 terminating
081110 010541 5120 INFO dfs.DataNode$PacketResponder: PacketResponder 1 for block blk_-7168018232621679436 terminating
081110 010541 5127 INFO dfs.DataNode$PacketResponder: PacketResponder 1 for block blk_90225133370476327 terminating
081110 010541 5135 INFO dfs.DataNode$PacketResponder: PacketResponder 2 for block blk_-7493482616283578368 terminating
081110 010541 5140 INFO dfs.DataNode$PacketResponder: PacketResponder 0 for block blk_-1264131663828180566 terminating
081110 010541 5149 INFO dfs.DataNode$PacketResponder: PacketResponder 1 for block blk_5833589858671877041 terminating
081110 010541 5149 INFO dfs.DataNode$PacketResponder: PacketResponder 2 for block blk_6932348128816674256 terminating
081110 010541 5151 INFO dfs.DataNode$PacketResponder: PacketResponder 2 for block blk_7887302506742953221 terminating
081110 010541 5165 INFO dfs.DataNode$PacketResponder: PacketResponder 0 for block blk_7887302506742953221 terminating
081110 010541 5178 INFO dfs.DataNode$PacketResponder: PacketResponder 0 for block blk_-1920798969516618351 terminating
081110 010541 5178 INFO dfs.DataNode$PacketResponder: PacketResponder 0 for block blk_6932348128816674256 terminating
081110 010541 5215 INFO dfs.DataNode$PacketResponder: PacketResponder 1 for block blk_6932348128816674256 terminating
081110 010541 5233 INFO dfs.DataNode$PacketResponder: PacketResponder 2 for block blk_-7168018232621679436 terminating
081110 010541 5238 INFO dfs.DataNode$PacketResponder: PacketResponder 2 for block blk_5141670229996106786 terminating
081110 010542 4812 INFO dfs.DataNode$PacketResponder: PacketResponder 2 for block blk_7216837868896189695 terminating
081110 010542 4831 INFO dfs.DataNode$PacketResponder: PacketResponder 0 for block blk_-2264710227933921313 terminating
081110 010542 4865 INFO dfs.DataNode$PacketResponder: PacketResponder 1 for block blk_-439084461571747515 terminating
081110 010542 4935 INFO dfs.DataNode$PacketResponder: PacketResponder 1 for block blk_630670663924373409 terminating
081110 010542 4974 INFO dfs.DataNode$PacketResponder: PacketResponder 2 for block blk_166171721314010075 terminating
081110 010542 4978 INFO dfs.DataNode$PacketResponder: PacketResponder 2 for block blk_-1920798969516618351 terminating
081110 010542 4981 INFO dfs.DataNode$PacketResponder: PacketResponder 0 for block blk_4144561684467235306 terminating
081110 010542 5002 INFO dfs.DataNode$PacketResponder: PacketResponder 0 for block blk_4451846350410495400 terminating
081110 010542 5022 INFO dfs.DataNode$PacketResponder: PacketResponder 1 for block blk_166171721314010075 terminating
081110 010542 5025 INFO dfs.DataNode$PacketResponder: PacketResponder 2 for block blk_4144561684467235306 terminating
081110 010542 5044 INFO dfs.DataNode$PacketResponder: PacketResponder 0 for block blk_-439084461571747515 terminating
081110 010542 5054 INFO dfs.DataNode$PacketResponder: PacketResponder 2 for block blk_-8442541380609809854 terminating
081110 010542 5073 INFO dfs.DataNode$PacketResponder: PacketResponder 1 for block blk_-527033865527338659 terminating
081110 010542 5083 INFO dfs.DataNode$PacketResponder: PacketResponder 1 for block blk_-8442541380609809854 terminating
081110 010542 5085 INFO dfs.DataNode$PacketResponder: PacketResponder 1 for block blk_2771499339291924554 terminating
081110 010542 5093 INFO dfs.DataNode$PacketResponder: PacketResponder 2 for block blk_-439084461571747515 terminating
081110 010542 5101 INFO dfs.DataNode$PacketResponder: PacketResponder 2 for block blk_630670663924373409 terminating
081110 010542 5106 INFO dfs.DataNode$PacketResponder: PacketResponder 1 for block blk_-8565421929707126045 terminating
081110 010542 5110 INFO dfs.DataNode$PacketResponder: PacketResponder 2 for block blk_4451846350410495400 terminating
081110 010542 5124 INFO dfs.DataNode$PacketResponder: PacketResponder 2 for block blk_-8565421929707126045 terminating
081110 010542 5126 INFO dfs.DataNode$PacketResponder: PacketResponder 0 for block blk_630670663924373409 terminating
081110 010542 5129 INFO dfs.DataNode$PacketResponder: PacketResponder 2 for block blk_-2264710227933921313 terminating
081110 010542 5136 INFO dfs.DataNode$PacketResponder: PacketResponder 0 for block blk_-8442541380609809854 terminating
081110 010542 5149 INFO dfs.DataNode$PacketResponder: PacketResponder 1 for block blk_4451846350410495400 terminating
081110 010542 5151 INFO dfs.DataNode$PacketResponder: PacketResponder 0 for block blk_-527033865527338659 terminating
081110 010542 5151 INFO dfs.DataNode$PacketResponder: PacketResponder 1 for block blk_4144561684467235306 terminating
081110 010542 5152 INFO dfs.DataNode$PacketResponder: PacketResponder 1 for block blk_7216837868896189695 terminating
081110 010542 5157 INFO dfs.DataNode$DataXceiver: writeBlock blk_-6853018190171864496 received exception java.io.IOException: Could not read from stream
081110 010542 5157 INFO dfs.DataNode$PacketResponder: PacketResponder 0 for block blk_7216837868896189695 terminating
081110 010542 5175 INFO dfs.DataNode$PacketResponder: PacketResponder 2 for block blk_-527033865527338659 terminating
081110 010543 4826 INFO dfs.DataNode$PacketResponder: PacketResponder 1 for block blk_4748818821013355115 terminating
081110 010543 4890 INFO dfs.DataNode$PacketResponder: PacketResponder 0 for block blk_-4735464177241521854 terminating
081110 010543 4901 INFO dfs.DataNode$PacketResponder: PacketResponder 2 for block blk_-5692286285202598018 terminating
081110 010543 4934 INFO dfs.DataNode$PacketResponder: PacketResponder 2 for block blk_-5199251132828920607 terminating
081110 010543 4968 INFO dfs.DataNode$PacketResponder: PacketResponder 1 for block blk_8854615271033603655 terminating
081110 010543 5004 INFO dfs.DataNode$PacketResponder: PacketResponder 2 for block blk_-5037575825778298451 terminating
081110 010543 5008 INFO dfs.DataNode$PacketResponder: PacketResponder 1 for block blk_-5199251132828920607 terminating
081110 010543 5011 INFO dfs.DataNode$PacketResponder: PacketResponder 1 for block blk_263672244713119006 terminating
081110 010543 5014 INFO dfs.DataNode$PacketResponder: PacketResponder 1 for block blk_-4735464177241521854 terminating
081110 010543 5018 INFO dfs.DataNode$PacketResponder: PacketResponder 2 for block blk_-5963363333923336475 terminating
081110 010543 5021 INFO dfs.DataNode$PacketResponder: PacketResponder 2 for block blk_-6355098574576282632 terminating
081110 010543 5027 INFO dfs.DataNode$PacketResponder: PacketResponder 0 for block blk_1688485941339912831 terminating
081110 010543 5032 INFO dfs.DataNode$PacketResponder: PacketResponder 0 for block blk_-5692286285202598018 terminating
081110 010543 5035 INFO dfs.DataNode$PacketResponder: PacketResponder 0 for block blk_-6355098574576282632 terminating
081110 010543 5040 INFO dfs.DataNode$PacketResponder: PacketResponder 0 for block blk_263672244713119006 terminating
081110 010543 5042 INFO dfs.DataNode$PacketResponder: PacketResponder 1 for block blk_-5692286285202598018 terminating
081110 010543 5042 INFO dfs.DataNode$PacketResponder: PacketResponder 1 for block blk_-6355098574576282632 terminating
081110 010543 5042 INFO dfs.DataNode$PacketResponder: PacketResponder 2 for block blk_2771499339291924554 terminating
081110 010543 5044 INFO dfs.DataNode$PacketResponder: PacketResponder 1 for block blk_8512553247582640976 terminating
081110 010543 5049 INFO dfs.DataNode$PacketResponder: PacketResponder 2 for block blk_-3476409937242217048 terminating
081110 010543 5058 INFO dfs.DataNode$PacketResponder: PacketResponder 1 for block blk_1688485941339912831 terminating
081110 010543 5062 INFO dfs.DataNode$PacketResponder: PacketResponder 2 for block blk_-4735464177241521854 terminating
081110 010543 5067 INFO dfs.DataNode$PacketResponder: PacketResponder 1 for block blk_-5963363333923336475 terminating
081110 010543 5076 INFO dfs.DataNode$PacketResponder: PacketResponder 0 for block blk_6496416405562141930 terminating
081110 010543 5077 INFO dfs.DataNode$PacketResponder: PacketResponder 2 for block blk_-4680503160861656151 terminating
081110 010543 5077 INFO dfs.DataNode$PacketResponder: PacketResponder 2 for block blk_8512553247582640976 terminating
081110 010543 5081 INFO dfs.DataNode$PacketResponder: PacketResponder 0 for block blk_-3476409937242217048 terminating
081110 010543 5081 INFO dfs.DataNode$PacketResponder: PacketResponder 0 for block blk_-5963363333923336475 terminating
081110 010543 5082 INFO dfs.DataNode$PacketResponder: PacketResponder 1 for block blk_-5037575825778298451 terminating
081110 010543 5085 INFO dfs.DataNode$PacketResponder: PacketResponder 2 for block blk_1688485941339912831 terminating
081110 010543 5109 INFO dfs.DataNode$PacketResponder: PacketResponder 2 for block blk_8854615271033603655 terminating
081110 010543 5120 INFO dfs.DataNode$PacketResponder: PacketResponder 2 for block blk_-8454265415283572418 terminating
081110 010543 5122 INFO dfs.DataNode$PacketResponder: PacketResponder 1 for block blk_-8454265415283572418 terminating
081110 010543 5124 INFO dfs.DataNode$PacketResponder: PacketResponder 1 for block blk_-4680503160861656151 terminating
081110 010543 5133 INFO dfs.DataNode$PacketResponder: PacketResponder 0 for block blk_-5037575825778298451 terminating
081110 010543 5137 INFO dfs.DataNode$PacketResponder: PacketResponder 0 for block blk_-5199251132828920607 terminating
081110 010543 5139 INFO dfs.DataNode$PacketResponder: PacketResponder 0 for block blk_8512553247582640976 terminating
081110 010543 5142 INFO dfs.DataNode$PacketResponder: PacketResponder 0 for block blk_1114507156114697052 terminating
081110 010543 5142 INFO dfs.DataNode$PacketResponder: PacketResponder 2 for block blk_6496416405562141930 terminating
081110 010543 5155 INFO dfs.DataNode$PacketResponder: PacketResponder 0 for block blk_-4680503160861656151 terminating
081110 010543 5158 INFO dfs.DataNode$PacketResponder: PacketResponder 1 for block blk_6496416405562141930 terminating
081110 010543 5159 INFO dfs.DataNode$PacketResponder: PacketResponder 0 for block blk_8854615271033603655 terminating
081110 010543 5218 INFO dfs.DataNode$PacketResponder: PacketResponder 0 for block blk_4748818821013355115 terminating
081110 010543 5239 INFO dfs.DataNode$PacketResponder: PacketResponder 0 for block blk_-8454265415283572418 terminating
081110 010544 4894 INFO dfs.DataNode$DataXceiver: writeBlock blk_3928075872836883950 received exception java.io.IOException: Could not read from stream
081110 010544 4903 INFO dfs.DataNode$PacketResponder: PacketResponder 0 for block blk_543883985857962737 terminating
081110 010544 4909 INFO dfs.DataNode$PacketResponder: PacketResponder 1 for block blk_4564515519254344704 terminating
081110 010544 4958 INFO dfs.DataNode$PacketResponder: PacketResponder 0 for block blk_-863349984876778440 terminating
081110 010544 4961 INFO dfs.DataNode$PacketResponder: PacketResponder 0 for block blk_4564515519254344704 terminating
081110 010544 4975 INFO dfs.DataNode$PacketResponder: PacketResponder 0 for block blk_5929994864490353886 terminating
081110 010544 5036 INFO dfs.DataNode$PacketResponder: PacketResponder 0 for block blk_1204116527315358906 terminating
081110 010544 5042 INFO dfs.DataNode$PacketResponder: PacketResponder 0 for block blk_8908146516998699385 terminating
081110 010544 5052 INFO dfs.DataNode$PacketResponder: PacketResponder 1 for block blk_1114507156114697052 terminating
081110 010544 5058 INFO dfs.DataNode$PacketResponder: PacketResponder 2 for block blk_263672244713119006 terminating
081110 010544 5060 INFO dfs.DataNode$PacketResponder: PacketResponder 1 for block blk_-3476409937242217048 terminating
081110 010544 5070 INFO dfs.DataNode$PacketResponder: PacketResponder 2 for block blk_543883985857962737 terminating
081110 010544 5085 INFO dfs.DataNode$PacketResponder: PacketResponder 2 for block blk_5929994864490353886 terminating
081110 010544 5088 INFO dfs.DataNode$PacketResponder: PacketResponder 2 for block blk_4564515519254344704 terminating
081110 010544 5090 INFO dfs.DataNode$PacketResponder: PacketResponder 1 for block blk_8908146516998699385 terminating
081110 010544 5091 INFO dfs.DataNode$PacketResponder: PacketResponder 0 for block blk_8070482438431274087 terminating
081110 010544 5093 INFO dfs.DataNode$PacketResponder: PacketResponder 0 for block blk_2988205192768423656 terminating
081110 010544 5106 INFO dfs.DataNode$PacketResponder: PacketResponder 2 for block blk_4748818821013355115 terminating
081110 010544 5111 INFO dfs.DataNode$PacketResponder: PacketResponder 2 for block blk_1114507156114697052 terminating
081110 010544 5122 INFO dfs.DataNode$PacketResponder: PacketResponder 1 for block blk_8070482438431274087 terminating
081110 010544 5123 INFO dfs.DataNode$PacketResponder: PacketResponder 1 for block blk_-863349984876778440 terminating
081110 010544 5128 INFO dfs.DataNode$PacketResponder: PacketResponder 0 for block blk_-902189768807732557 terminating
081110 010544 5140 INFO dfs.DataNode$PacketResponder: PacketResponder 2 for block blk_8908146516998699385 terminating
081110 010544 5153 INFO dfs.DataNode$PacketResponder: PacketResponder 1 for block blk_-6028635928732799933 terminating
081110 010544 5158 INFO dfs.DataNode$PacketResponder: PacketResponder 0 for block blk_-6028635928732799933 terminating
081110 010544 5195 INFO dfs.DataNode$PacketResponder: PacketResponder 1 for block blk_5929994864490353886 terminating
081110 010544 5196 INFO dfs.DataNode$PacketResponder: PacketResponder 1 for block blk_543883985857962737 terminating
081110 010545 4896 INFO dfs.DataNode$PacketResponder: PacketResponder 2 for block blk_-3118861486786599913 terminating
081110 010545 4966 INFO dfs.DataNode$PacketResponder: PacketResponder 1 for block blk_8650345372644096815 terminating
081110 010545 4981 INFO dfs.DataNode$PacketResponder: PacketResponder 2 for block blk_7385901474722434854 terminating
081110 010545 4983 INFO dfs.DataNode$PacketResponder: PacketResponder 1 for block blk_2988205192768423656 terminating
081110 010545 4986 INFO dfs.DataNode$PacketResponder: PacketResponder 2 for block blk_-7746022265564581590 terminating
081110 010545 4989 INFO dfs.DataNode$PacketResponder: PacketResponder 1 for block blk_-7746022265564581590 terminating
081110 010545 5026 INFO dfs.DataNode$PacketResponder: PacketResponder 1 for block blk_-3118861486786599913 terminating
081110 010545 5039 INFO dfs.DataNode$PacketResponder: PacketResponder 1 for block blk_-4895441517392222019 terminating
081110 010545 5039 INFO dfs.DataNode$PacketResponder: PacketResponder 2 for block blk_2988205192768423656 terminating
081110 010545 5042 INFO dfs.DataNode$PacketResponder: PacketResponder 1 for block blk_-5996562475870686613 terminating
081110 010545 5057 INFO dfs.DataNode$PacketResponder: PacketResponder 2 for block blk_-6028635928732799933 terminating
081110 010545 5079 INFO dfs.DataNode$PacketResponder: PacketResponder 0 for block blk_-3118861486786599913 terminating
081110 010545 5084 INFO dfs.DataNode$PacketResponder: PacketResponder 2 for block blk_-5996562475870686613 terminating
081110 010545 5085 INFO dfs.DataNode$PacketResponder: PacketResponder 2 for block blk_1204116527315358906 terminating
081110 010545 5109 INFO dfs.DataNode$PacketResponder: PacketResponder 1 for block blk_-902189768807732557 terminating
081110 010545 5111 INFO dfs.DataNode$PacketResponder: PacketResponder 2 for block blk_8650345372644096815 terminating
081110 010545 5113 INFO dfs.DataNode$PacketResponder: PacketResponder 0 for block blk_5329992778912226604 terminating
081110 010545 5118 INFO dfs.DataNode$PacketResponder: PacketResponder 0 for block blk_-7746022265564581590 terminating
081110 010545 5128 INFO dfs.DataNode$PacketResponder: PacketResponder 1 for block blk_5329992778912226604 terminating
081110 010545 5132 INFO dfs.DataNode$PacketResponder: PacketResponder 0 for block blk_-4895441517392222019 terminating
081110 010545 5145 INFO dfs.DataNode$PacketResponder: PacketResponder 0 for block blk_7385901474722434854 terminating
081110 010545 5165 INFO dfs.DataNode$PacketResponder: PacketResponder 2 for block blk_8070482438431274087 terminating
081110 010545 5174 INFO dfs.DataNode$PacketResponder: PacketResponder 1 for block blk_7385901474722434854 terminating
081110 010545 5182 INFO dfs.DataNode$PacketResponder: PacketResponder 2 for block blk_-4895441517392222019 terminating
081110 010545 5193 INFO dfs.DataNode$PacketResponder: PacketResponder 0 for block blk_-5996562475870686613 terminating
081110 010545 5193 INFO dfs.DataNode$PacketResponder: PacketResponder 1 for block blk_1204116527315358906 terminating
081110 010545 5209 INFO dfs.DataNode$PacketResponder: PacketResponder 2 for block blk_-863349984876778440 terminating
081110 010546 4905 INFO dfs.DataNode$PacketResponder: PacketResponder 1 for block blk_-5601064942898147102 terminating
081110 010546 4974 INFO dfs.DataNode$PacketResponder: PacketResponder 0 for block blk_8650345372644096815 terminating
081110 010546 5016 INFO dfs.DataNode$PacketResponder: PacketResponder 2 for block blk_5329992778912226604 terminating
081110 010546 5047 INFO dfs.DataNode$PacketResponder: PacketResponder 1 for block blk_-594356069539603349 terminating
081110 010546 5051 INFO dfs.DataNode$PacketResponder: PacketResponder 1 for block blk_8043264208122994460 terminating
081110 010546 5056 INFO dfs.DataNode$PacketResponder: PacketResponder 0 for block blk_-2590331227933238308 terminating
081110 010546 5090 INFO dfs.DataNode$PacketResponder: PacketResponder 0 for block blk_-594356069539603349 terminating
081110 010546 5092 INFO dfs.DataNode$DataXceiver: writeBlock blk_-2139210019522280578 received exception java.io.IOException: Could not read from stream
081110 010546 5111 INFO dfs.DataNode$DataXceiver: writeBlock blk_3784703339574631118 received exception java.io.IOException: Could not read from stream
081110 010546 5114 INFO dfs.DataNode$PacketResponder: PacketResponder 0 for block blk_8043264208122994460 terminating
081110 010546 5116 INFO dfs.DataNode$PacketResponder: PacketResponder 2 for block blk_8043264208122994460 terminating
081110 010546 5117 INFO dfs.DataNode$PacketResponder: PacketResponder 1 for block blk_6678988261272652341 terminating
081110 010546 5139 INFO dfs.DataNode$PacketResponder: PacketResponder 2 for block blk_6678988261272652341 terminating
081110 010546 5157 INFO dfs.DataNode$PacketResponder: PacketResponder 0 for block blk_-5601064942898147102 terminating
081110 010546 5196 INFO dfs.DataNode$PacketResponder: PacketResponder 2 for block blk_-902189768807732557 terminating
081110 010546 5248 INFO dfs.DataNode$PacketResponder: PacketResponder 0 for block blk_6678988261272652341 terminating
081110 010547 4897 INFO dfs.DataNode$PacketResponder: PacketResponder 0 for block blk_-790937874598330399 terminating
081110 010547 4899 INFO dfs.DataNode$PacketResponder: PacketResponder 0 for block blk_2679752831259559914 terminating
081110 010547 4973 INFO dfs.DataNode$PacketResponder: PacketResponder 2 for block blk_457787957061810195 terminating
081110 010547 4995 INFO dfs.DataNode$PacketResponder: PacketResponder 2 for block blk_3351569821178730658 terminating
081110 010547 5032 INFO dfs.DataNode$PacketResponder: PacketResponder 0 for block blk_-725016028101784407 terminating
081110 010547 5035 INFO dfs.DataNode$PacketResponder: PacketResponder 0 for block blk_-8027833461635626187 terminating
081110 010547 5038 INFO dfs.DataNode$PacketResponder: PacketResponder 1 for block blk_2679752831259559914 terminating
081110 010547 5043 INFO dfs.DataNode$PacketResponder: PacketResponder 1 for block blk_-2590331227933238308 terminating
081110 010547 5047 INFO dfs.DataNode$PacketResponder: PacketResponder 2 for block blk_-594356069539603349 terminating
081110 010547 5050 INFO dfs.DataNode$PacketResponder: PacketResponder 0 for block blk_1699936218241709339 terminating
081110 010547 5052 INFO dfs.DataNode$PacketResponder: PacketResponder 1 for block blk_1699936218241709339 terminating
081110 010547 5064 INFO dfs.DataNode$PacketResponder: PacketResponder 2 for block blk_-2590331227933238308 terminating
081110 010547 5099 INFO dfs.DataNode$PacketResponder: PacketResponder 1 for block blk_-790937874598330399 terminating
081110 010547 5105 INFO dfs.DataNode$PacketResponder: PacketResponder 0 for block blk_3351569821178730658 terminating
081110 010547 5107 INFO dfs.DataNode$PacketResponder: PacketResponder 2 for block blk_1699936218241709339 terminating
081110 010547 5112 INFO dfs.DataNode$PacketResponder: PacketResponder 1 for block blk_-8027833461635626187 terminating
081110 010547 5120 INFO dfs.DataNode$PacketResponder: PacketResponder 0 for block blk_457787957061810195 terminating
081110 010547 5140 INFO dfs.DataNode$PacketResponder: PacketResponder 1 for block blk_-725016028101784407 terminating
081110 010547 5151 INFO dfs.DataNode$PacketResponder: PacketResponder 2 for block blk_-725016028101784407 terminating
081110 010547 5153 INFO dfs.DataNode$PacketResponder: PacketResponder 2 for block blk_2679752831259559914 terminating
081110 010547 5160 INFO dfs.DataNode$PacketResponder: PacketResponder 1 for block blk_3351569821178730658 terminating
081110 010547 5170 INFO dfs.DataNode$PacketResponder: PacketResponder 1 for block blk_457787957061810195 terminating
081110 010548 4952 INFO dfs.DataNode$PacketResponder: PacketResponder 0 for block blk_-2576201793457575346 terminating
081110 010548 4954 INFO dfs.DataNode$PacketResponder: PacketResponder 0 for block blk_8328441702688066347 terminating
081110 010548 4978 INFO dfs.DataNode$PacketResponder: PacketResponder 1 for block blk_-2576201793457575346 terminating
081110 010548 4985 INFO dfs.DataNode$PacketResponder: PacketResponder 1 for block blk_7249041290484824017 terminating
081110 010548 4998 INFO dfs.DataNode$PacketResponder: PacketResponder 2 for block blk_-5470466419840253231 terminating
081110 010548 5023 INFO dfs.DataNode$PacketResponder: PacketResponder 0 for block blk_7249041290484824017 terminating
081110 010548 5025 INFO dfs.DataNode$PacketResponder: PacketResponder 2 for block blk_-2666359073999501054 terminating
081110 010548 5043 INFO dfs.DataNode$PacketResponder: PacketResponder 1 for block blk_-3562814851592406489 terminating
081110 010548 5049 INFO dfs.DataNode$PacketResponder: PacketResponder 0 for block blk_-5470466419840253231 terminating
081110 010548 5054 INFO dfs.DataNode$PacketResponder: PacketResponder 2 for block blk_-2939840095418923850 terminating
081110 010548 5068 INFO dfs.DataNode$PacketResponder: PacketResponder 2 for block blk_-8027833461635626187 terminating
081110 010548 5072 INFO dfs.DataNode$PacketResponder: PacketResponder 2 for block blk_-5601064942898147102 terminating
081110 010548 5074 INFO dfs.DataNode$PacketResponder: PacketResponder 1 for block blk_9107227582297018175 terminating
081110 010548 5074 INFO dfs.DataNode$PacketResponder: PacketResponder 1 for block blk_-944761794740291781 terminating
081110 010548 5083 INFO dfs.DataNode$PacketResponder: PacketResponder 2 for block blk_-944761794740291781 terminating
081110 010548 5084 INFO dfs.DataNode$PacketResponder: PacketResponder 2 for block blk_-5073502936257616072 terminating
081110 010548 5109 INFO dfs.DataNode$PacketResponder: PacketResponder 2 for block blk_5925931271511336135 terminating
081110 010548 5122 INFO dfs.DataNode$PacketResponder: PacketResponder 1 for block blk_-5073502936257616072 terminating
081110 010548 5126 INFO dfs.DataNode$PacketResponder: PacketResponder 0 for block blk_-944761794740291781 terminating
081110 010548 5126 INFO dfs.DataNode$PacketResponder: PacketResponder 2 for block blk_-3562814851592406489 terminating
081110 010548 5128 INFO dfs.DataNode$PacketResponder: PacketResponder 2 for block blk_-790937874598330399 terminating
081110 010548 5136 INFO dfs.DataNode$PacketResponder: PacketResponder 0 for block blk_-3562814851592406489 terminating
081110 010548 5138 INFO dfs.DataNode$PacketResponder: PacketResponder 1 for block blk_5925931271511336135 terminating
081110 010548 5154 INFO dfs.DataNode$PacketResponder: PacketResponder 0 for block blk_-2666359073999501054 terminating
081110 010548 5154 INFO dfs.DataNode$PacketResponder: PacketResponder 0 for block blk_9107227582297018175 terminating
081110 010548 5164 INFO dfs.DataNode$PacketResponder: PacketResponder 0 for block blk_5925931271511336135 terminating
081110 010548 5174 INFO dfs.DataNode$PacketResponder: PacketResponder 0 for block blk_-5073502936257616072 terminating
081110 010548 5182 INFO dfs.DataNode$PacketResponder: PacketResponder 2 for block blk_-2576201793457575346 terminating
081110 010548 5202 INFO dfs.DataNode$PacketResponder: PacketResponder 1 for block blk_-2939840095418923850 terminating
081110 010548 5210 INFO dfs.DataNode$PacketResponder: PacketResponder 1 for block blk_-2666359073999501054 terminating
081110 010548 5216 INFO dfs.DataNode$PacketResponder: PacketResponder 1 for block blk_-5470466419840253231 terminating
081110 010548 5228 INFO dfs.DataNode$PacketResponder: PacketResponder 0 for block blk_-2939840095418923850 terminating
081110 010549 4814 INFO dfs.DataNode$PacketResponder: PacketResponder 1 for block blk_-60984323609114697 terminating
081110 010549 4946 INFO dfs.DataNode$PacketResponder: PacketResponder 0 for block blk_-1095786746483707524 terminating
081110 010549 4955 INFO dfs.DataNode$PacketResponder: PacketResponder 2 for block blk_-7736708258359787244 terminating
081110 010549 4960 INFO dfs.DataNode$PacketResponder: PacketResponder 2 for block blk_3446284672877642652 terminating
081110 010549 4980 INFO dfs.DataNode$PacketResponder: PacketResponder 1 for block blk_6454159544071848118 terminating
081110 010549 4983 INFO dfs.DataNode$PacketResponder: PacketResponder 0 for block blk_2966196734170947746 terminating
081110 010549 4985 INFO dfs.DataNode$PacketResponder: PacketResponder 2 for block blk_-5524559892279331892 terminating
081110 010549 5004 INFO dfs.DataNode$PacketResponder: PacketResponder 2 for block blk_-60984323609114697 terminating
081110 010549 5030 INFO dfs.DataNode$PacketResponder: PacketResponder 2 for block blk_-1095786746483707524 terminating
081110 010549 5049 INFO dfs.DataNode$PacketResponder: PacketResponder 1 for block blk_2167768143033148869 terminating
081110 010549 5052 INFO dfs.DataNode$PacketResponder: PacketResponder 1 for block blk_15599604199775439 terminating
081110 010549 5062 INFO dfs.DataNode$PacketResponder: PacketResponder 1 for block blk_-6123641969811536923 terminating
081110 010549 5071 INFO dfs.DataNode$PacketResponder: PacketResponder 1 for block blk_3446284672877642652 terminating
081110 010549 5073 INFO dfs.DataNode$PacketResponder: PacketResponder 1 for block blk_8328441702688066347 terminating
081110 010549 5084 INFO dfs.DataNode$PacketResponder: PacketResponder 2 for block blk_2167768143033148869 terminating
081110 010549 5103 INFO dfs.DataNode$PacketResponder: PacketResponder 0 for block blk_-6123641969811536923 terminating
081110 010549 5108 INFO dfs.DataNode$PacketResponder: PacketResponder 0 for block blk_-60984323609114697 terminating
081110 010549 5109 INFO dfs.DataNode$PacketResponder: PacketResponder 0 for block blk_-7736708258359787244 terminating
081110 010549 5111 INFO dfs.DataNode$PacketResponder: PacketResponder 1 for block blk_-1095786746483707524 terminating
081110 010549 5115 INFO dfs.DataNode$PacketResponder: PacketResponder 0 for block blk_2167768143033148869 terminating
081110 010549 5117 INFO dfs.DataNode$PacketResponder: PacketResponder 2 for block blk_9107227582297018175 terminating
081110 010549 5119 INFO dfs.DataNode$PacketResponder: PacketResponder 1 for block blk_-5524559892279331892 terminating
081110 010549 5137 INFO dfs.DataNode$PacketResponder: PacketResponder 1 for block blk_2966196734170947746 terminating
081110 010549 5137 INFO dfs.DataNode$PacketResponder: PacketResponder 2 for block blk_7249041290484824017 terminating
081110 010549 5140 INFO dfs.DataNode$PacketResponder: PacketResponder 2 for block blk_6454159544071848118 terminating
081110 010549 5145 INFO dfs.DataNode$PacketResponder: PacketResponder 0 for block blk_-5524559892279331892 terminating
081110 010549 5145 INFO dfs.DataNode$PacketResponder: PacketResponder 1 for block blk_-7736708258359787244 terminating
081110 010549 5148 INFO dfs.DataNode$PacketResponder: PacketResponder 2 for block blk_8328441702688066347 terminating
081110 010549 5156 INFO dfs.DataNode$PacketResponder: PacketResponder 0 for block blk_3446284672877642652 terminating
081110 010549 5169 INFO dfs.DataNode$PacketResponder: PacketResponder 0 for block blk_5104384014849978919 terminating
081110 010549 5177 INFO dfs.DataNode$PacketResponder: PacketResponder 0 for block blk_6454159544071848118 terminating
081110 010550 4783 INFO dfs.DataNode$PacketResponder: PacketResponder 0 for block blk_578425512816824312 terminating
081110 010550 4906 INFO dfs.DataNode$PacketResponder: PacketResponder 1 for block blk_5104384014849978919 terminating
081110 010550 4980 INFO dfs.DataNode$PacketResponder: PacketResponder 2 for block blk_-3123595961771785840 terminating
081110 010550 4989 INFO dfs.DataNode$PacketResponder: PacketResponder 1 for block blk_3779958134383420301 terminating
081110 010550 5047 INFO dfs.DataNode$PacketResponder: PacketResponder 0 for block blk_4526768876489243430 terminating
081110 010550 5067 INFO dfs.DataNode$PacketResponder: PacketResponder 0 for block blk_6223504502438507199 terminating
081110 010550 5075 INFO dfs.DataNode$DataXceiver: writeBlock blk_1609058299258913739 received exception java.io.IOException: Could not read from stream
081110 010550 5081 INFO dfs.DataNode$PacketResponder: PacketResponder 1 for block blk_-1558519483739888743 terminating
081110 010550 5087 INFO dfs.DataNode$PacketResponder: PacketResponder 2 for block blk_6223504502438507199 terminating
081110 010550 5091 INFO dfs.DataNode$PacketResponder: PacketResponder 1 for block blk_-3123595961771785840 terminating
081110 010550 5092 INFO dfs.DataNode$PacketResponder: PacketResponder 2 for block blk_2966196734170947746 terminating
081110 010550 5097 INFO dfs.DataNode$PacketResponder: PacketResponder 1 for block blk_3059475024102279475 terminating
081110 010550 5107 INFO dfs.DataNode$PacketResponder: PacketResponder 2 for block blk_578425512816824312 terminating
081110 010550 5111 INFO dfs.DataNode$PacketResponder: PacketResponder 0 for block blk_3779958134383420301 terminating
081110 010550 5111 INFO dfs.DataNode$PacketResponder: PacketResponder 1 for block blk_4526768876489243430 terminating
081110 010550 5118 INFO dfs.DataNode$PacketResponder: PacketResponder 2 for block blk_-6123641969811536923 terminating
081110 010550 5120 INFO dfs.DataNode$PacketResponder: PacketResponder 0 for block blk_372235228309460058 terminating
081110 010550 5120 INFO dfs.DataNode$PacketResponder: PacketResponder 2 for block blk_3059475024102279475 terminating
081110 010550 5125 INFO dfs.DataNode$PacketResponder: PacketResponder 2 for block blk_-1558519483739888743 terminating
081110 010550 5132 INFO dfs.DataNode$PacketResponder: PacketResponder 1 for block blk_6223504502438507199 terminating
081110 010550 5144 INFO dfs.DataNode$PacketResponder: PacketResponder 2 for block blk_15599604199775439 terminating
081110 010550 5146 INFO dfs.DataNode$PacketResponder: PacketResponder 0 for block blk_-3123595961771785840 terminating
081110 010550 5176 INFO dfs.DataNode$PacketResponder: PacketResponder 0 for block blk_3059475024102279475 terminating
081110 010550 5185 INFO dfs.DataNode$PacketResponder: PacketResponder 2 for block blk_4526768876489243430 terminating
081110 010550 5199 INFO dfs.DataNode$PacketResponder: PacketResponder 0 for block blk_15599604199775439 terminating
081110 010550 5201 INFO dfs.DataNode$PacketResponder: PacketResponder 0 for block blk_-1558519483739888743 terminating
081110 010550 5232 INFO dfs.DataNode$PacketResponder: PacketResponder 1 for block blk_578425512816824312 terminating
081110 010550 5241 INFO dfs.DataNode$PacketResponder: PacketResponder 2 for block blk_3779958134383420301 terminating
081110 010551 4773 INFO dfs.DataNode$PacketResponder: PacketResponder 2 for block blk_372235228309460058 terminating
081110 010551 4934 INFO dfs.DataNode$PacketResponder: PacketResponder 2 for block blk_2269802469942488781 terminating
081110 010551 4951 INFO dfs.DataNode$PacketResponder: PacketResponder 2 for block blk_6138102253001264733 terminating
081110 010551 4967 INFO dfs.DataNode$PacketResponder: PacketResponder 1 for block blk_6138102253001264733 terminating
081110 010551 4968 INFO dfs.DataNode$PacketResponder: PacketResponder 0 for block blk_8662365531391258212 terminating
081110 010551 4987 INFO dfs.DataNode$PacketResponder: PacketResponder 2 for block blk_-4705932021993752039 terminating
081110 010551 5008 INFO dfs.DataNode$PacketResponder: PacketResponder 1 for block blk_3393916926534162196 terminating
081110 010551 5010 INFO dfs.DataNode$PacketResponder: PacketResponder 1 for block blk_372235228309460058 terminating
081110 010551 5015 INFO dfs.DataNode$PacketResponder: PacketResponder 0 for block blk_2269802469942488781 terminating
081110 010551 5028 INFO dfs.DataNode$PacketResponder: PacketResponder 0 for block blk_-4996493648279990315 terminating
081110 010551 5059 INFO dfs.DataNode$PacketResponder: PacketResponder 1 for block blk_2269802469942488781 terminating
081110 010551 5068 INFO dfs.DataNode$PacketResponder: PacketResponder 2 for block blk_8662365531391258212 terminating
081110 010551 5078 INFO dfs.DataNode$PacketResponder: PacketResponder 1 for block blk_-4705932021993752039 terminating
081110 010551 5092 INFO dfs.DataNode$PacketResponder: PacketResponder 1 for block blk_-7509416720642676157 terminating
081110 010551 5098 INFO dfs.DataNode$PacketResponder: PacketResponder 0 for block blk_710232508070122786 terminating
081110 010551 5101 INFO dfs.DataNode$PacketResponder: PacketResponder 0 for block blk_3393916926534162196 terminating
081110 010551 5112 INFO dfs.DataNode$PacketResponder: PacketResponder 2 for block blk_710232508070122786 terminating
081110 010551 5112 INFO dfs.DataNode$PacketResponder: PacketResponder 2 for block blk_-7509416720642676157 terminating
081110 010551 5115 INFO dfs.DataNode$PacketResponder: PacketResponder 2 for block blk_3393916926534162196 terminating
081110 010551 5116 INFO dfs.DataNode$PacketResponder: PacketResponder 0 for block blk_-4705932021993752039 terminating
081110 010551 5119 INFO dfs.DataNode$PacketResponder: PacketResponder 1 for block blk_8662365531391258212 terminating
081110 010551 5122 INFO dfs.DataNode$PacketResponder: PacketResponder 0 for block blk_-7509416720642676157 terminating
081110 010551 5126 INFO dfs.DataNode$PacketResponder: PacketResponder 1 for block blk_-4996493648279990315 terminating
081110 010551 5130 INFO dfs.DataNode$PacketResponder: PacketResponder 1 for block blk_710232508070122786 terminating
081110 010551 5137 INFO dfs.DataNode$PacketResponder: PacketResponder 2 for block blk_5104384014849978919 terminating
081110 010551 5147 INFO dfs.DataNode$PacketResponder: PacketResponder 0 for block blk_6138102253001264733 terminating
081110 010551 5189 INFO dfs.DataNode$PacketResponder: PacketResponder 0 for block blk_69283387696066749 terminating
081110 010552 4718 INFO dfs.DataNode$PacketResponder: PacketResponder 0 for block blk_1030520891960160353 terminating
081110 010552 5017 INFO dfs.DataNode$PacketResponder: PacketResponder 0 for block blk_3505285019444463189 terminating
081110 010552 5043 INFO dfs.DataNode$PacketResponder: PacketResponder 2 for block blk_69283387696066749 terminating
081110 010552 5064 INFO dfs.DataNode$PacketResponder: PacketResponder 2 for block blk_1030520891960160353 terminating
081110 010552 5076 INFO dfs.DataNode$PacketResponder: PacketResponder 0 for block blk_3663564690566199609 terminating
081110 010552 5094 INFO dfs.DataNode$DataXceiver: writeBlock blk_6791589386722068161 received exception java.io.IOException: Could not read from stream
081110 010552 5114 INFO dfs.DataNode$PacketResponder: PacketResponder 1 for block blk_1030520891960160353 terminating
081110 010552 5119 INFO dfs.DataNode$PacketResponder: PacketResponder 1 for block blk_69283387696066749 terminating
081110 010552 5131 INFO dfs.DataNode$PacketResponder: PacketResponder 2 for block blk_3505285019444463189 terminating
081110 010552 5134 INFO dfs.DataNode$PacketResponder: PacketResponder 0 for block blk_2730012333108289783 terminating
081110 010552 5135 INFO dfs.DataNode$PacketResponder: PacketResponder 2 for block blk_3663564690566199609 terminating
081110 010552 5158 INFO dfs.DataNode$PacketResponder: PacketResponder 1 for block blk_3663564690566199609 terminating
081110 010552 5159 INFO dfs.DataNode$PacketResponder: PacketResponder 2 for block blk_2730012333108289783 terminating
081110 010552 5245 INFO dfs.DataNode$PacketResponder: PacketResponder 1 for block blk_2730012333108289783 terminating
081110 010553 4075 INFO dfs.DataNode$PacketResponder: PacketResponder 1 for block blk_7181683985855670899 terminating
081110 010553 4771 INFO dfs.DataNode$PacketResponder: PacketResponder 2 for block blk_7826170625502322735 terminating
081110 010553 4786 INFO dfs.DataNode$PacketResponder: PacketResponder 1 for block blk_9169312597162287689 terminating
081110 010553 4790 INFO dfs.DataNode$PacketResponder: PacketResponder 0 for block blk_-3974234904408631699 terminating
081110 010553 4911 INFO dfs.DataNode$PacketResponder: PacketResponder 2 for block blk_-29729558001323938 terminating
081110 010553 4956 INFO dfs.DataNode$PacketResponder: PacketResponder 2 for block blk_-3974234904408631699 terminating
081110 010553 4997 INFO dfs.DataNode$PacketResponder: PacketResponder 2 for block blk_9169312597162287689 terminating
081110 010553 4999 INFO dfs.DataNode$PacketResponder: PacketResponder 2 for block blk_7181683985855670899 terminating
081110 010553 5006 INFO dfs.DataNode$PacketResponder: PacketResponder 1 for block blk_7365054897415814456 terminating
081110 010553 5012 INFO dfs.DataNode$PacketResponder: PacketResponder 2 for block blk_3730283574833084847 terminating
081110 010553 5023 INFO dfs.DataNode$PacketResponder: PacketResponder 1 for block blk_7826170625502322735 terminating
081110 010553 5025 INFO dfs.DataNode$PacketResponder: PacketResponder 2 for block blk_4149487015913162541 terminating
081110 010553 5053 INFO dfs.DataNode$PacketResponder: PacketResponder 2 for block blk_5498367641368787186 terminating
081110 010553 5056 INFO dfs.DataNode$PacketResponder: PacketResponder 0 for block blk_7826170625502322735 terminating
081110 010553 5057 INFO dfs.DataNode$PacketResponder: PacketResponder 1 for block blk_-2080246222009676501 terminating
081110 010553 5073 INFO dfs.DataNode$PacketResponder: PacketResponder 2 for block blk_-463583964182393365 terminating
081110 010553 5082 INFO dfs.DataNode$PacketResponder: PacketResponder 1 for block blk_-4638597165511055172 terminating
081110 010553 5083 INFO dfs.DataNode$PacketResponder: PacketResponder 2 for block blk_7365054897415814456 terminating
081110 010553 5084 INFO dfs.DataNode$PacketResponder: PacketResponder 0 for block blk_9169312597162287689 terminating
081110 010553 5090 INFO dfs.DataNode$PacketResponder: PacketResponder 0 for block blk_7181683985855670899 terminating
081110 010553 5109 INFO dfs.DataNode$PacketResponder: PacketResponder 1 for block blk_-463583964182393365 terminating
081110 010553 5110 INFO dfs.DataNode$PacketResponder: PacketResponder 1 for block blk_3730283574833084847 terminating
081110 010553 5110 INFO dfs.DataNode$PacketResponder: PacketResponder 1 for block blk_4149487015913162541 terminating
081110 010553 5110 INFO dfs.DataNode$PacketResponder: PacketResponder 2 for block blk_-4996493648279990315 terminating
081110 010553 5116 INFO dfs.DataNode$PacketResponder: PacketResponder 0 for block blk_-329236066769889517 terminating
081110 010553 5118 INFO dfs.DataNode$PacketResponder: PacketResponder 1 for block blk_5498367641368787186 terminating
081110 010553 5124 INFO dfs.DataNode$PacketResponder: PacketResponder 2 for block blk_-329236066769889517 terminating
081110 010553 5126 INFO dfs.DataNode$PacketResponder: PacketResponder 1 for block blk_3505285019444463189 terminating
081110 010553 5133 INFO dfs.DataNode$PacketResponder: PacketResponder 0 for block blk_4149487015913162541 terminating
081110 010553 5139 INFO dfs.DataNode$PacketResponder: PacketResponder 0 for block blk_5498367641368787186 terminating
081110 010553 5153 INFO dfs.DataNode$PacketResponder: PacketResponder 2 for block blk_-4638597165511055172 terminating
081110 010553 5156 INFO dfs.DataNode$PacketResponder: PacketResponder 1 for block blk_-329236066769889517 terminating
081110 010553 5182 INFO dfs.DataNode$PacketResponder: PacketResponder 2 for block blk_-2080246222009676501 terminating
081110 010553 5183 INFO dfs.DataNode$PacketResponder: PacketResponder 0 for block blk_-2080246222009676501 terminating
081110 010553 5190 INFO dfs.DataNode$PacketResponder: PacketResponder 0 for block blk_7365054897415814456 terminating
081110 010553 5199 INFO dfs.DataNode$PacketResponder: PacketResponder 0 for block blk_3730283574833084847 terminating
081110 010553 5199 INFO dfs.DataNode$PacketResponder: PacketResponder 0 for block blk_-463583964182393365 terminating
081110 010553 5206 INFO dfs.DataNode$PacketResponder: PacketResponder 0 for block blk_-29729558001323938 terminating
081110 010553 5217 INFO dfs.DataNode$PacketResponder: PacketResponder 0 for block blk_-4638597165511055172 terminating
081110 010553 5240 INFO dfs.DataNode$PacketResponder: PacketResponder 1 for block blk_-3974234904408631699 terminating
081110 010554 4932 INFO dfs.DataNode$PacketResponder: PacketResponder 1 for block blk_-29729558001323938 terminating
081110 010554 4953 INFO dfs.DataNode$PacketResponder: PacketResponder 1 for block blk_-4948693191912320187 terminating
081110 010554 5018 INFO dfs.DataNode$PacketResponder: PacketResponder 2 for block blk_5451131015541616087 terminating
081110 010554 5090 INFO dfs.DataNode$PacketResponder: PacketResponder 1 for block blk_5451131015541616087 terminating
081110 010554 5108 INFO dfs.DataNode$PacketResponder: PacketResponder 0 for block blk_5451131015541616087 terminating
081110 010554 5111 INFO dfs.DataNode$PacketResponder: PacketResponder 2 for block blk_-8327426719202180633 terminating
081110 010554 5115 INFO dfs.DataNode$PacketResponder: PacketResponder 0 for block blk_-4948693191912320187 terminating
081110 010554 5119 INFO dfs.DataNode$PacketResponder: PacketResponder 2 for block blk_-4948693191912320187 terminating
081110 010554 5151 INFO dfs.DataNode$PacketResponder: PacketResponder 0 for block blk_-8327426719202180633 terminating
081110 010554 5163 INFO dfs.DataNode$PacketResponder: PacketResponder 1 for block blk_-8327426719202180633 terminating
081110 010555 4959 INFO dfs.DataNode$PacketResponder: PacketResponder 2 for block blk_-6111004401988791640 terminating
081110 010555 4977 INFO dfs.DataNode$PacketResponder: PacketResponder 0 for block blk_-8431645935098496568 terminating
081110 010555 4978 INFO dfs.DataNode$PacketResponder: PacketResponder 1 for block blk_-6111004401988791640 terminating
081110 010555 4981 INFO dfs.DataNode$PacketResponder: PacketResponder 0 for block blk_-5069452771666747109 terminating
081110 010555 4984 INFO dfs.DataNode$PacketResponder: PacketResponder 2 for block blk_-2103038765040230111 terminating
081110 010555 4996 INFO dfs.DataNode$PacketResponder: PacketResponder 0 for block blk_-4319922721058342340 terminating
081110 010555 5018 INFO dfs.DataNode$PacketResponder: PacketResponder 2 for block blk_-5069452771666747109 terminating
081110 010555 5021 INFO dfs.DataNode$PacketResponder: PacketResponder 1 for block blk_-5393585125523521736 terminating
081110 010555 5034 INFO dfs.DataNode$PacketResponder: PacketResponder 1 for block blk_-8220070790886979147 terminating
081110 010555 5045 INFO dfs.DataNode$PacketResponder: PacketResponder 0 for block blk_-6111004401988791640 terminating
081110 010555 5045 INFO dfs.DataNode$PacketResponder: PacketResponder 0 for block blk_-8220070790886979147 terminating
081110 010555 5050 INFO dfs.DataNode$PacketResponder: PacketResponder 1 for block blk_-8576535866220389617 terminating
081110 010555 5054 INFO dfs.DataNode$PacketResponder: PacketResponder 2 for block blk_-8576535866220389617 terminating
081110 010555 5062 INFO dfs.DataNode$PacketResponder: PacketResponder 1 for block blk_-2103038765040230111 terminating
081110 010555 5076 INFO dfs.DataNode$PacketResponder: PacketResponder 1 for block blk_-8431645935098496568 terminating
081110 010555 5089 INFO dfs.DataNode$PacketResponder: PacketResponder 1 for block blk_-5069452771666747109 terminating
081110 010555 5091 INFO dfs.DataNode$PacketResponder: PacketResponder 0 for block blk_-2103038765040230111 terminating
081110 010555 5135 INFO dfs.DataNode$PacketResponder: PacketResponder 0 for block blk_-5393585125523521736 terminating
081110 010555 5139 INFO dfs.DataNode$PacketResponder: PacketResponder 0 for block blk_-8576535866220389617 terminating
081110 010555 5147 INFO dfs.DataNode$PacketResponder: PacketResponder 2 for block blk_-4319922721058342340 terminating
081110 010555 5148 INFO dfs.DataNode$PacketResponder: PacketResponder 1 for block blk_-4319922721058342340 terminating
081110 010555 5213 INFO dfs.DataNode$PacketResponder: PacketResponder 2 for block blk_-8220070790886979147 terminating
081110 010556 4909 INFO dfs.DataNode$PacketResponder: PacketResponder 1 for block blk_1329061069469354229 terminating
081110 010556 4937 INFO dfs.DataNode$PacketResponder: PacketResponder 0 for block blk_5183748817712153 terminating
081110 010556 4958 INFO dfs.DataNode$PacketResponder: PacketResponder 0 for block blk_-1627791495899185815 terminating
081110 010556 4993 INFO dfs.DataNode$PacketResponder: PacketResponder 1 for block blk_2105187612975807024 terminating
081110 010556 5014 INFO dfs.DataNode$PacketResponder: PacketResponder 0 for block blk_1329061069469354229 terminating
081110 010556 5017 INFO dfs.DataNode$PacketResponder: PacketResponder 0 for block blk_5197936618211034812 terminating
081110 010556 5053 INFO dfs.DataNode$PacketResponder: PacketResponder 2 for block blk_-5393585125523521736 terminating
081110 010556 5054 INFO dfs.DataNode$PacketResponder: PacketResponder 2 for block blk_5183748817712153 terminating
081110 010556 5056 INFO dfs.DataNode$PacketResponder: PacketResponder 1 for block blk_5197936618211034812 terminating
081110 010556 5066 INFO dfs.DataNode$PacketResponder: PacketResponder 0 for block blk_557251775443063812 terminating
081110 010556 5086 INFO dfs.DataNode$PacketResponder: PacketResponder 2 for block blk_2537786791497006161 terminating
081110 010556 5087 INFO dfs.DataNode$PacketResponder: PacketResponder 2 for block blk_-3770722513995602446 terminating
081110 010556 5091 INFO dfs.DataNode$PacketResponder: PacketResponder 2 for block blk_557251775443063812 terminating
081110 010556 5092 INFO dfs.DataNode$PacketResponder: PacketResponder 2 for block blk_-1627791495899185815 terminating
081110 010556 5099 INFO dfs.DataNode$PacketResponder: PacketResponder 1 for block blk_557251775443063812 terminating
081110 010556 5106 INFO dfs.DataNode$PacketResponder: PacketResponder 0 for block blk_-7307972837381696954 terminating
081110 010556 5109 INFO dfs.DataNode$PacketResponder: PacketResponder 2 for block blk_1329061069469354229 terminating
081110 010556 5110 INFO dfs.DataNode$PacketResponder: PacketResponder 0 for block blk_2537786791497006161 terminating
081110 010556 5115 INFO dfs.DataNode$PacketResponder: PacketResponder 1 for block blk_-7307972837381696954 terminating
081110 010556 5116 INFO dfs.DataNode$PacketResponder: PacketResponder 1 for block blk_-3770722513995602446 terminating
081110 010556 5120 INFO dfs.DataNode$PacketResponder: PacketResponder 2 for block blk_-8431645935098496568 terminating
081110 010556 5122 INFO dfs.DataNode$PacketResponder: PacketResponder 0 for block blk_2105187612975807024 terminating
081110 010556 5127 INFO dfs.DataNode$PacketResponder: PacketResponder 1 for block blk_2537786791497006161 terminating
081110 010556 5133 INFO dfs.DataNode$PacketResponder: PacketResponder 0 for block blk_-3770722513995602446 terminating
081110 010556 5139 INFO dfs.DataNode$PacketResponder: PacketResponder 1 for block blk_-1627791495899185815 terminating
081110 010556 5184 INFO dfs.DataNode$PacketResponder: PacketResponder 2 for block blk_5197936618211034812 terminating
081110 010556 5190 INFO dfs.DataNode$PacketResponder: PacketResponder 2 for block blk_2105187612975807024 terminating
081110 010556 5220 INFO dfs.DataNode$PacketResponder: PacketResponder 1 for block blk_5183748817712153 terminating
081110 010557 4719 INFO dfs.DataNode$PacketResponder: PacketResponder 2 for block blk_-8166097823809063795 terminating
081110 010557 4777 INFO dfs.DataNode$PacketResponder: PacketResponder 2 for block blk_-7307972837381696954 terminating
081110 010557 4836 INFO dfs.DataNode$PacketResponder: PacketResponder 1 for block blk_-158233962321376351 terminating
081110 010557 4924 INFO dfs.DataNode$PacketResponder: PacketResponder 1 for block blk_-8166097823809063795 terminating
081110 010557 4930 INFO dfs.DataNode$PacketResponder: PacketResponder 2 for block blk_2367985274146871109 terminating
081110 010557 4970 INFO dfs.DataNode$PacketResponder: PacketResponder 2 for block blk_-6677315905077291890 terminating
081110 010557 4984 INFO dfs.DataNode$PacketResponder: PacketResponder 2 for block blk_-158233962321376351 terminating
081110 010557 5031 INFO dfs.DataNode$PacketResponder: PacketResponder 0 for block blk_-6677315905077291890 terminating
081110 010557 5066 INFO dfs.DataNode$PacketResponder: PacketResponder 0 for block blk_2367985274146871109 terminating
081110 010557 5089 INFO dfs.DataNode$PacketResponder: PacketResponder 0 for block blk_8792470352360120806 terminating
081110 010557 5115 INFO dfs.DataNode$PacketResponder: PacketResponder 0 for block blk_-8166097823809063795 terminating
081110 010557 5126 INFO dfs.DataNode$PacketResponder: PacketResponder 1 for block blk_2367985274146871109 terminating
081110 010557 5144 INFO dfs.DataNode$PacketResponder: PacketResponder 1 for block blk_-6677315905077291890 terminating
081110 010557 5215 INFO dfs.DataNode$PacketResponder: PacketResponder 0 for block blk_-158233962321376351 terminating
081110 010557 5251 INFO dfs.DataNode$PacketResponder: PacketResponder 1 for block blk_8792470352360120806 terminating
081110 010558 4885 INFO dfs.DataNode$PacketResponder: PacketResponder 1 for block blk_1361472379214304871 terminating
081110 010558 4889 INFO dfs.DataNode$PacketResponder: PacketResponder 1 for block blk_7220052296389878280 terminating
081110 010558 4929 INFO dfs.DataNode$PacketResponder: PacketResponder 0 for block blk_4538256419008648990 terminating
081110 010558 5038 INFO dfs.DataNode$PacketResponder: PacketResponder 0 for block blk_7220052296389878280 terminating
081110 010558 5058 INFO dfs.DataNode$PacketResponder: PacketResponder 1 for block blk_-5828725643196712163 terminating
081110 010558 5072 INFO dfs.DataNode$PacketResponder: PacketResponder 1 for block blk_4538256419008648990 terminating
081110 010558 5099 INFO dfs.DataNode$PacketResponder: PacketResponder 2 for block blk_7220052296389878280 terminating
081110 010558 5103 INFO dfs.DataNode$PacketResponder: PacketResponder 2 for block blk_4538256419008648990 terminating
081110 010558 5113 INFO dfs.DataNode$PacketResponder: PacketResponder 1 for block blk_8714561149205280041 terminating
081110 010558 5119 INFO dfs.DataNode$PacketResponder: PacketResponder 0 for block blk_-5828725643196712163 terminating
081110 010558 5132 INFO dfs.DataNode$PacketResponder: PacketResponder 2 for block blk_8792470352360120806 terminating
081110 010558 5147 INFO dfs.DataNode$PacketResponder: PacketResponder 0 for block blk_8714561149205280041 terminating
081110 010558 5162 INFO dfs.DataNode$PacketResponder: PacketResponder 0 for block blk_1361472379214304871 terminating
081110 010558 5163 INFO dfs.DataNode$PacketResponder: PacketResponder 2 for block blk_-5828725643196712163 terminating
081110 010558 5180 INFO dfs.DataNode$PacketResponder: PacketResponder 2 for block blk_8714561149205280041 terminating
081110 010559 4788 INFO dfs.DataNode$PacketResponder: PacketResponder 1 for block blk_-8539924680381473015 terminating
081110 010559 4895 INFO dfs.DataNode$PacketResponder: PacketResponder 2 for block blk_3752390788124743893 terminating
081110 010559 4962 INFO dfs.DataNode$PacketResponder: PacketResponder 1 for block blk_-6101127836110863869 terminating
081110 010559 5000 INFO dfs.DataNode$PacketResponder: PacketResponder 2 for block blk_1361472379214304871 terminating
081110 010559 5024 INFO dfs.DataNode$PacketResponder: PacketResponder 2 for block blk_-6441620099728070913 terminating
081110 010559 5029 INFO dfs.DataNode$PacketResponder: PacketResponder 1 for block blk_-5856249729122062655 terminating
081110 010559 5029 INFO dfs.DataNode$PacketResponder: PacketResponder 2 for block blk_1072821843892212988 terminating
081110 010559 5031 INFO dfs.DataNode$DataXceiver: writeBlock blk_2215391808201681453 received exception java.io.IOException: Could not read from stream
081110 010559 5040 INFO dfs.DataNode$PacketResponder: PacketResponder 0 for block blk_-6441620099728070913 terminating
081110 010559 5048 INFO dfs.DataNode$PacketResponder: PacketResponder 0 for block blk_3752390788124743893 terminating
081110 010559 5054 INFO dfs.DataNode$PacketResponder: PacketResponder 2 for block blk_-4627631681561794237 terminating
081110 010559 5055 INFO dfs.DataNode$PacketResponder: PacketResponder 2 for block blk_-8539924680381473015 terminating
081110 010559 5056 INFO dfs.DataNode$PacketResponder: PacketResponder 1 for block blk_-6441620099728070913 terminating
081110 010559 5065 INFO dfs.DataNode$PacketResponder: PacketResponder 0 for block blk_-4627631681561794237 terminating
081110 010559 5074 INFO dfs.DataNode$PacketResponder: PacketResponder 2 for block blk_-5856249729122062655 terminating
081110 010559 5092 INFO dfs.DataNode$PacketResponder: PacketResponder 1 for block blk_-4627631681561794237 terminating
081110 010559 5096 INFO dfs.DataNode$PacketResponder: PacketResponder 0 for block blk_-6094253594443107608 terminating
081110 010559 5105 INFO dfs.DataNode$PacketResponder: PacketResponder 2 for block blk_-6101127836110863869 terminating
081110 010559 5107 INFO dfs.DataNode$PacketResponder: PacketResponder 1 for block blk_-5184299123522226021 terminating
081110 010559 5111 INFO dfs.DataNode$PacketResponder: PacketResponder 1 for block blk_-4904915644013779918 terminating
081110 010559 5115 INFO dfs.DataNode$PacketResponder: PacketResponder 0 for block blk_-4904915644013779918 terminating
081110 010559 5117 INFO dfs.DataNode$PacketResponder: PacketResponder 0 for block blk_-2424725399233384265 terminating
081110 010559 5117 INFO dfs.DataNode$PacketResponder: PacketResponder 0 for block blk_6865451732259441880 terminating
081110 010559 5117 INFO dfs.DataNode$PacketResponder: PacketResponder 0 for block blk_-8539924680381473015 terminating
081110 010559 5121 INFO dfs.DataNode$PacketResponder: PacketResponder 1 for block blk_7026983417958054859 terminating
081110 010559 5122 INFO dfs.DataNode$PacketResponder: PacketResponder 0 for block blk_-5856249729122062655 terminating
081110 010559 5123 INFO dfs.DataNode$PacketResponder: PacketResponder 2 for block blk_-5184299123522226021 terminating
081110 010559 5125 INFO dfs.DataNode$PacketResponder: PacketResponder 2 for block blk_-2424725399233384265 terminating
081110 010559 5140 INFO dfs.DataNode$PacketResponder: PacketResponder 1 for block blk_3752390788124743893 terminating
081110 010559 5150 INFO dfs.DataNode$PacketResponder: PacketResponder 1 for block blk_-2424725399233384265 terminating
081110 010559 5160 INFO dfs.DataNode$PacketResponder: PacketResponder 2 for block blk_-6094253594443107608 terminating
081110 010559 5166 INFO dfs.DataNode$PacketResponder: PacketResponder 0 for block blk_1072821843892212988 terminating
081110 010559 5167 INFO dfs.DataNode$PacketResponder: PacketResponder 1 for block blk_-6094253594443107608 terminating
081110 010559 5184 INFO dfs.DataNode$PacketResponder: PacketResponder 0 for block blk_-8568060872185728593 terminating
081110 010559 5188 INFO dfs.DataNode$PacketResponder: PacketResponder 1 for block blk_1072821843892212988 terminating
081110 010559 5202 INFO dfs.DataNode$PacketResponder: PacketResponder 2 for block blk_-4904915644013779918 terminating
081110 010559 5207 INFO dfs.DataNode$PacketResponder: PacketResponder 0 for block blk_-5184299123522226021 terminating
081110 010559 5212 INFO dfs.DataNode$PacketResponder: PacketResponder 2 for block blk_7026983417958054859 terminating
081110 010559 5222 INFO dfs.DataNode$PacketResponder: PacketResponder 0 for block blk_-6101127836110863869 terminating
081110 010559 5222 INFO dfs.DataNode$PacketResponder: PacketResponder 0 for block blk_7026983417958054859 terminating
081110 010600 4715 INFO dfs.DataNode$PacketResponder: PacketResponder 0 for block blk_-2443354746623458714 terminating
081110 010600 4792 INFO dfs.DataNode$PacketResponder: PacketResponder 1 for block blk_-2443354746623458714 terminating
081110 010600 4832 INFO dfs.DataNode$PacketResponder: PacketResponder 2 for block blk_-2797331718757300886 terminating
081110 010600 4978 INFO dfs.DataNode$PacketResponder: PacketResponder 2 for block blk_-1351245067956168177 terminating
081110 010600 4983 INFO dfs.DataNode$PacketResponder: PacketResponder 0 for block blk_-8833364081882581511 terminating
081110 010600 4987 INFO dfs.DataNode$PacketResponder: PacketResponder 2 for block blk_-8568060872185728593 terminating
081110 010600 5040 INFO dfs.DataNode$PacketResponder: PacketResponder 0 for block blk_-3775448576518100390 terminating
081110 010600 5058 INFO dfs.DataNode$PacketResponder: PacketResponder 1 for block blk_-8568060872185728593 terminating
081110 010600 5061 INFO dfs.DataNode$PacketResponder: PacketResponder 0 for block blk_-1345863338914712317 terminating
081110 010600 5068 INFO dfs.DataNode$PacketResponder: PacketResponder 1 for block blk_-2416859285922964367 terminating
081110 010600 5068 INFO dfs.DataNode$PacketResponder: PacketResponder 2 for block blk_-8833364081882581511 terminating
081110 010600 5070 INFO dfs.DataNode$PacketResponder: PacketResponder 0 for block blk_-2797331718757300886 terminating
081110 010600 5072 INFO dfs.DataNode$PacketResponder: PacketResponder 1 for block blk_5100843450231160696 terminating
081110 010600 5079 INFO dfs.DataNode$PacketResponder: PacketResponder 0 for block blk_-1254996524132368409 terminating
081110 010600 5091 INFO dfs.DataNode$PacketResponder: PacketResponder 2 for block blk_-2416859285922964367 terminating
081110 010600 5094 INFO dfs.DataNode$PacketResponder: PacketResponder 1 for block blk_-8833364081882581511 terminating
081110 010600 5095 INFO dfs.DataNode$PacketResponder: PacketResponder 1 for block blk_-1254996524132368409 terminating
081110 010600 5105 INFO dfs.DataNode$PacketResponder: PacketResponder 0 for block blk_-1351245067956168177 terminating
081110 010600 5107 INFO dfs.DataNode$PacketResponder: PacketResponder 2 for block blk_6865451732259441880 terminating
081110 010600 5108 INFO dfs.DataNode$PacketResponder: PacketResponder 1 for block blk_-2797331718757300886 terminating
081110 010600 5108 INFO dfs.DataNode$PacketResponder: PacketResponder 2 for block blk_5100843450231160696 terminating
081110 010600 5112 INFO dfs.DataNode$PacketResponder: PacketResponder 0 for block blk_5100843450231160696 terminating
081110 010600 5114 INFO dfs.DataNode$PacketResponder: PacketResponder 1 for block blk_-1351245067956168177 terminating
081110 010600 5115 INFO dfs.DataNode$PacketResponder: PacketResponder 1 for block blk_-3775448576518100390 terminating
081110 010600 5118 INFO dfs.DataNode$PacketResponder: PacketResponder 2 for block blk_-1254996524132368409 terminating
081110 010600 5124 INFO dfs.DataNode$PacketResponder: PacketResponder 2 for block blk_-3775448576518100390 terminating
081110 010600 5129 INFO dfs.DataNode$PacketResponder: PacketResponder 0 for block blk_3379095858919452806 terminating
081110 010600 5133 INFO dfs.DataNode$PacketResponder: PacketResponder 2 for block blk_-4730483148848297891 terminating
081110 010600 5157 INFO dfs.DataNode$PacketResponder: PacketResponder 0 for block blk_-2416859285922964367 terminating
081110 010600 5163 INFO dfs.DataNode$PacketResponder: PacketResponder 1 for block blk_3379095858919452806 terminating
081110 010600 5195 INFO dfs.DataNode$PacketResponder: PacketResponder 2 for block blk_-2443354746623458714 terminating
081110 010600 5253 INFO dfs.DataNode$PacketResponder: PacketResponder 1 for block blk_6865451732259441880 terminating
081110 010601 4949 INFO dfs.DataNode$PacketResponder: PacketResponder 1 for block blk_-2461135328941708472 terminating
081110 010601 4970 INFO dfs.DataNode$PacketResponder: PacketResponder 2 for block blk_5509169625765535222 terminating
081110 010601 4997 INFO dfs.DataNode$DataXceiver: writeBlock blk_386923373018084552 received exception java.io.IOException: Could not read from stream
081110 010601 5004 INFO dfs.DataNode$PacketResponder: PacketResponder 2 for block blk_-7039260662354351518 terminating
081110 010601 5028 INFO dfs.DataNode$PacketResponder: PacketResponder 2 for block blk_-7770141940650062164 terminating
081110 010601 5038 INFO dfs.DataNode$PacketResponder: PacketResponder 0 for block blk_4065078551887027084 terminating
081110 010601 5057 INFO dfs.DataNode$PacketResponder: PacketResponder 0 for block blk_-2226735858766051959 terminating
081110 010601 5060 INFO dfs.DataNode$PacketResponder: PacketResponder 2 for block blk_3379095858919452806 terminating
081110 010601 5062 INFO dfs.DataNode$PacketResponder: PacketResponder 0 for block blk_-6275687421831316240 terminating
081110 010601 5063 INFO dfs.DataNode$PacketResponder: PacketResponder 1 for block blk_-7039260662354351518 terminating
081110 010601 5077 INFO dfs.DataNode$PacketResponder: PacketResponder 2 for block blk_-2226735858766051959 terminating
081110 010601 5080 INFO dfs.DataNode$PacketResponder: PacketResponder 2 for block blk_-2461135328941708472 terminating
081110 010601 5103 INFO dfs.DataNode$PacketResponder: PacketResponder 0 for block blk_-7039260662354351518 terminating
081110 010601 5103 INFO dfs.DataNode$PacketResponder: PacketResponder 1 for block blk_-1345863338914712317 terminating
081110 010601 5107 INFO dfs.DataNode$PacketResponder: PacketResponder 2 for block blk_-1345863338914712317 terminating
081110 010601 5109 INFO dfs.DataNode$PacketResponder: PacketResponder 1 for block blk_-4730483148848297891 terminating
081110 010601 5110 INFO dfs.DataNode$PacketResponder: PacketResponder 0 for block blk_5509169625765535222 terminating
081110 010601 5113 INFO dfs.DataNode$PacketResponder: PacketResponder 2 for block blk_-8918863197005942935 terminating
081110 010601 5115 INFO dfs.DataNode$PacketResponder: PacketResponder 0 for block blk_-4730483148848297891 terminating
081110 010601 5118 INFO dfs.DataNode$PacketResponder: PacketResponder 0 for block blk_-8918863197005942935 terminating
081110 010601 5119 INFO dfs.DataNode$PacketResponder: PacketResponder 1 for block blk_-6275687421831316240 terminating
081110 010601 5123 INFO dfs.DataNode$PacketResponder: PacketResponder 2 for block blk_-6275687421831316240 terminating
081110 010601 5124 INFO dfs.DataNode$PacketResponder: PacketResponder 1 for block blk_5509169625765535222 terminating
081110 010601 5129 INFO dfs.DataNode$PacketResponder: PacketResponder 1 for block blk_-7770141940650062164 terminating
081110 010601 5131 INFO dfs.DataNode$PacketResponder: PacketResponder 0 for block blk_-2461135328941708472 terminating
081110 010601 5141 INFO dfs.DataNode$PacketResponder: PacketResponder 1 for block blk_-8918863197005942935 terminating
081110 010601 5151 INFO dfs.DataNode$PacketResponder: PacketResponder 0 for block blk_-7770141940650062164 terminating
081110 010601 5203 INFO dfs.DataNode$PacketResponder: PacketResponder 1 for block blk_-2226735858766051959 terminating
081110 010602 4083 INFO dfs.DataNode$PacketResponder: PacketResponder 0 for block blk_-9088771734546399492 terminating
081110 010602 4911 INFO dfs.DataNode$PacketResponder: PacketResponder 1 for block blk_-2571538783232790339 terminating
081110 010602 4940 INFO dfs.DataNode$PacketResponder: PacketResponder 1 for block blk_-9088771734546399492 terminating
081110 010602 4942 INFO dfs.DataNode$PacketResponder: PacketResponder 2 for block blk_-65993476185961941 terminating
081110 010602 4988 INFO dfs.DataNode$PacketResponder: PacketResponder 2 for block blk_-965561201781301224 terminating
081110 010602 5010 INFO dfs.DataNode$PacketResponder: PacketResponder 2 for block blk_4542496954953636062 terminating
081110 010602 5019 INFO dfs.DataNode$PacketResponder: PacketResponder 0 for block blk_4542496954953636062 terminating
081110 010602 5023 INFO dfs.DataNode$PacketResponder: PacketResponder 1 for block blk_-65993476185961941 terminating
081110 010602 5037 INFO dfs.DataNode$PacketResponder: PacketResponder 2 for block blk_8018941929118310367 terminating
081110 010602 5052 INFO dfs.DataNode$PacketResponder: PacketResponder 1 for block blk_-965561201781301224 terminating
081110 010602 5053 INFO dfs.DataNode$PacketResponder: PacketResponder 2 for block blk_-9088771734546399492 terminating
081110 010602 5059 INFO dfs.DataNode$PacketResponder: PacketResponder 0 for block blk_-2717132858433406137 terminating
081110 010602 5061 INFO dfs.DataNode$PacketResponder: PacketResponder 0 for block blk_-965561201781301224 terminating
081110 010602 5062 INFO dfs.DataNode$PacketResponder: PacketResponder 1 for block blk_-750155754766164840 terminating
081110 010602 5063 INFO dfs.DataNode$PacketResponder: PacketResponder 0 for block blk_2356286236670048104 terminating
081110 010602 5066 INFO dfs.DataNode$PacketResponder: PacketResponder 2 for block blk_-750155754766164840 terminating
081110 010602 5072 INFO dfs.DataNode$PacketResponder: PacketResponder 0 for block blk_-750155754766164840 terminating
081110 010602 5079 INFO dfs.DataNode$PacketResponder: PacketResponder 2 for block blk_-1739000324814712327 terminating
081110 010602 5085 INFO dfs.DataNode$PacketResponder: PacketResponder 0 for block blk_-2571538783232790339 terminating
081110 010602 5090 INFO dfs.DataNode$PacketResponder: PacketResponder 1 for block blk_8018941929118310367 terminating
081110 010602 5095 INFO dfs.DataNode$PacketResponder: PacketResponder 2 for block blk_4065078551887027084 terminating
081110 010602 5096 INFO dfs.DataNode$PacketResponder: PacketResponder 1 for block blk_2356286236670048104 terminating
081110 010602 5097 INFO dfs.DataNode$PacketResponder: PacketResponder 1 for block blk_4542496954953636062 terminating
081110 010602 5100 INFO dfs.DataNode$PacketResponder: PacketResponder 0 for block blk_-65993476185961941 terminating
081110 010602 5104 INFO dfs.DataNode$PacketResponder: PacketResponder 1 for block blk_-2717132858433406137 terminating
081110 010602 5111 INFO dfs.DataNode$PacketResponder: PacketResponder 2 for block blk_-2717132858433406137 terminating
081110 010602 5118 INFO dfs.DataNode$PacketResponder: PacketResponder 0 for block blk_-2442503275056347911 terminating
081110 010602 5124 INFO dfs.DataNode$PacketResponder: PacketResponder 0 for block blk_8018941929118310367 terminating
081110 010602 5152 INFO dfs.DataNode$PacketResponder: PacketResponder 1 for block blk_-1739000324814712327 terminating
081110 010602 5172 INFO dfs.DataNode$PacketResponder: PacketResponder 0 for block blk_-1739000324814712327 terminating
081110 010602 5195 INFO dfs.DataNode$PacketResponder: PacketResponder 1 for block blk_4065078551887027084 terminating
081110 010603 4808 INFO dfs.DataNode$PacketResponder: PacketResponder 2 for block blk_-6073174045873565589 terminating
081110 010603 4915 INFO dfs.DataNode$PacketResponder: PacketResponder 0 for block blk_-6073174045873565589 terminating
081110 010603 4945 INFO dfs.DataNode$PacketResponder: PacketResponder 1 for block blk_-8693471144387478616 terminating
081110 010603 4958 INFO dfs.DataNode$PacketResponder: PacketResponder 2 for block blk_-923050518460509685 terminating
081110 010603 4970 INFO dfs.DataNode$PacketResponder: PacketResponder 1 for block blk_6978426753554370619 terminating
081110 010603 4982 INFO dfs.DataNode$PacketResponder: PacketResponder 2 for block blk_-2571538783232790339 terminating
081110 010603 4986 INFO dfs.DataNode$PacketResponder: PacketResponder 0 for block blk_7427634992925989280 terminating
081110 010603 4991 INFO dfs.DataNode$PacketResponder: PacketResponder 0 for block blk_2700551859814583896 terminating
081110 010603 5001 INFO dfs.DataNode$PacketResponder: PacketResponder 0 for block blk_4466020309563992558 terminating
081110 010603 5021 INFO dfs.DataNode$PacketResponder: PacketResponder 0 for block blk_9023419536413901925 terminating
081110 010603 5026 INFO dfs.DataNode$PacketResponder: PacketResponder 2 for block blk_-8693471144387478616 terminating
081110 010603 5033 INFO dfs.DataNode$PacketResponder: PacketResponder 0 for block blk_3943518589288343350 terminating
081110 010603 5035 INFO dfs.DataNode$PacketResponder: PacketResponder 2 for block blk_2356286236670048104 terminating
081110 010603 5040 INFO dfs.DataNode$PacketResponder: PacketResponder 2 for block blk_-2442503275056347911 terminating
081110 010603 5045 INFO dfs.DataNode$PacketResponder: PacketResponder 2 for block blk_8163730558726433688 terminating
081110 010603 5048 INFO dfs.DataNode$PacketResponder: PacketResponder 0 for block blk_-7874095650862265780 terminating
081110 010603 5054 INFO dfs.DataNode$PacketResponder: PacketResponder 1 for block blk_-7874095650862265780 terminating
081110 010603 5056 INFO dfs.DataNode$PacketResponder: PacketResponder 2 for block blk_-7874095650862265780 terminating
081110 010603 5057 INFO dfs.DataNode$PacketResponder: PacketResponder 2 for block blk_-3908104804450481096 terminating
081110 010603 5060 INFO dfs.DataNode$PacketResponder: PacketResponder 1 for block blk_-3908104804450481096 terminating
081110 010603 5063 INFO dfs.DataNode$PacketResponder: PacketResponder 1 for block blk_4466020309563992558 terminating
081110 010603 5063 INFO dfs.DataNode$PacketResponder: PacketResponder 1 for block blk_-6073174045873565589 terminating
081110 010603 5064 INFO dfs.DataNode$PacketResponder: PacketResponder 0 for block blk_-3908104804450481096 terminating
081110 010603 5069 INFO dfs.DataNode$PacketResponder: PacketResponder 1 for block blk_-2078277033213822517 terminating
081110 010603 5076 INFO dfs.DataNode$PacketResponder: PacketResponder 0 for block blk_8163730558726433688 terminating
081110 010603 5076 INFO dfs.DataNode$PacketResponder: PacketResponder 1 for block blk_9023419536413901925 terminating
081110 010603 5090 INFO dfs.DataNode$PacketResponder: PacketResponder 1 for block blk_3943518589288343350 terminating
081110 010603 5091 INFO dfs.DataNode$PacketResponder: PacketResponder 1 for block blk_-923050518460509685 terminating
081110 010603 5099 INFO dfs.DataNode$PacketResponder: PacketResponder 2 for block blk_6978426753554370619 terminating
081110 010603 5102 INFO dfs.DataNode$PacketResponder: PacketResponder 1 for block blk_2700551859814583896 terminating
081110 010603 5105 INFO dfs.DataNode$PacketResponder: PacketResponder 2 for block blk_2700551859814583896 terminating
081110 010603 5118 INFO dfs.DataNode$PacketResponder: PacketResponder 0 for block blk_-8693471144387478616 terminating
081110 010603 5118 INFO dfs.DataNode$PacketResponder: PacketResponder 1 for block blk_-2442503275056347911 terminating
081110 010603 5121 INFO dfs.DataNode$PacketResponder: PacketResponder 0 for block blk_-1595935848215531600 terminating
081110 010603 5125 INFO dfs.DataNode$PacketResponder: PacketResponder 1 for block blk_8163730558726433688 terminating
081110 010603 5125 INFO dfs.DataNode$PacketResponder: PacketResponder 2 for block blk_9023419536413901925 terminating
081110 010603 5130 INFO dfs.DataNode$PacketResponder: PacketResponder 0 for block blk_-2078277033213822517 terminating
081110 010603 5131 INFO dfs.DataNode$PacketResponder: PacketResponder 2 for block blk_3943518589288343350 terminating
081110 010603 5143 INFO dfs.DataNode$PacketResponder: PacketResponder 0 for block blk_-2975629975082443857 terminating
081110 010603 5150 INFO dfs.DataNode$PacketResponder: PacketResponder 2 for block blk_4466020309563992558 terminating
081110 010603 5152 INFO dfs.DataNode$PacketResponder: PacketResponder 2 for block blk_-1595935848215531600 terminating
081110 010603 5155 INFO dfs.DataNode$PacketResponder: PacketResponder 0 for block blk_6978426753554370619 terminating
081110 010603 5156 INFO dfs.DataNode$PacketResponder: PacketResponder 1 for block blk_7427634992925989280 terminating
081110 010603 5156 INFO dfs.DataNode$PacketResponder: PacketResponder 2 for block blk_-2975629975082443857 terminating
081110 010603 5164 INFO dfs.DataNode$PacketResponder: PacketResponder 2 for block blk_7427634992925989280 terminating
081110 010603 5170 INFO dfs.DataNode$PacketResponder: PacketResponder 0 for block blk_-923050518460509685 terminating
081110 010603 5173 INFO dfs.DataNode$PacketResponder: PacketResponder 1 for block blk_-2975629975082443857 terminating
081110 010603 5181 INFO dfs.DataNode$PacketResponder: PacketResponder 1 for block blk_-1595935848215531600 terminating
081110 010604 4822 INFO dfs.DataNode$PacketResponder: PacketResponder 0 for block blk_-4924676242933076672 terminating
081110 010604 4960 INFO dfs.DataNode$PacketResponder: PacketResponder 2 for block blk_1537129037071366697 terminating
081110 010604 4975 INFO dfs.DataNode$DataXceiver: writeBlock blk_4935208783324374013 received exception java.io.IOException: Could not read from stream
081110 010604 4980 INFO dfs.DataNode$PacketResponder: PacketResponder 0 for block blk_2584328087710690574 terminating
081110 010604 5044 INFO dfs.DataNode$PacketResponder: PacketResponder 2 for block blk_2144350565649242973 terminating
081110 010604 5044 INFO dfs.DataNode$PacketResponder: PacketResponder 2 for block blk_-4924676242933076672 terminating
081110 010604 5058 INFO dfs.DataNode$PacketResponder: PacketResponder 2 for block blk_-2078277033213822517 terminating
081110 010604 5067 INFO dfs.DataNode$PacketResponder: PacketResponder 1 for block blk_-6246997754288070327 terminating
081110 010604 5069 INFO dfs.DataNode$DataXceiver: writeBlock blk_5535866937251670433 received exception java.io.IOException: Could not read from stream
081110 010604 5084 INFO dfs.DataNode$PacketResponder: PacketResponder 0 for block blk_-9157062663775764681 terminating
081110 010604 5085 INFO dfs.DataNode$PacketResponder: PacketResponder 2 for block blk_7715191455414851264 terminating
081110 010604 5088 INFO dfs.DataNode$PacketResponder: PacketResponder 0 for block blk_-6246997754288070327 terminating
081110 010604 5089 INFO dfs.DataNode$PacketResponder: PacketResponder 0 for block blk_-5767270559230973407 terminating
081110 010604 5103 INFO dfs.DataNode$PacketResponder: PacketResponder 2 for block blk_-6246997754288070327 terminating
081110 010604 5107 INFO dfs.DataNode$PacketResponder: PacketResponder 1 for block blk_-4924676242933076672 terminating
081110 010604 5114 INFO dfs.DataNode$PacketResponder: PacketResponder 2 for block blk_4084914343594148123 terminating
081110 010604 5116 INFO dfs.DataNode$PacketResponder: PacketResponder 1 for block blk_7715191455414851264 terminating
081110 010604 5119 INFO dfs.DataNode$PacketResponder: PacketResponder 1 for block blk_2584328087710690574 terminating
081110 010604 5123 INFO dfs.DataNode$PacketResponder: PacketResponder 0 for block blk_1537129037071366697 terminating
081110 010604 5129 INFO dfs.DataNode$PacketResponder: PacketResponder 0 for block blk_7715191455414851264 terminating
081110 010604 5141 INFO dfs.DataNode$PacketResponder: PacketResponder 1 for block blk_1537129037071366697 terminating
081110 010604 5146 INFO dfs.DataNode$DataXceiver: writeBlock blk_1221755371193485910 received exception java.io.IOException: Could not read from stream
081110 010604 5161 INFO dfs.DataNode$PacketResponder: PacketResponder 2 for block blk_2584328087710690574 terminating
081110 010604 5170 INFO dfs.DataNode$PacketResponder: PacketResponder 1 for block blk_4084914343594148123 terminating
081110 010604 5176 INFO dfs.DataNode$PacketResponder: PacketResponder 0 for block blk_2144350565649242973 terminating
081110 010604 5205 INFO dfs.DataNode$PacketResponder: PacketResponder 1 for block blk_-5767270559230973407 terminating
081110 010604 5205 INFO dfs.DataNode$PacketResponder: PacketResponder 2 for block blk_-5767270559230973407 terminating
081110 010604 5224 INFO dfs.DataNode$PacketResponder: PacketResponder 0 for block blk_4084914343594148123 terminating
081110 010605 4100 INFO dfs.DataNode$PacketResponder: PacketResponder 0 for block blk_-4297679712015511513 terminating
081110 010605 4721 INFO dfs.DataNode$PacketResponder: PacketResponder 0 for block blk_-6424232735538697629 terminating
081110 010605 4948 INFO dfs.DataNode$PacketResponder: PacketResponder 0 for block blk_-2944201221221140221 terminating
081110 010605 4964 INFO dfs.DataNode$PacketResponder: PacketResponder 1 for block blk_1050651099278697843 terminating
081110 010605 5056 INFO dfs.DataNode$PacketResponder: PacketResponder 1 for block blk_-7961874336226025209 terminating
081110 010605 5067 INFO dfs.DataNode$PacketResponder: PacketResponder 0 for block blk_-7961874336226025209 terminating
081110 010605 5071 INFO dfs.DataNode$PacketResponder: PacketResponder 0 for block blk_1050651099278697843 terminating
081110 010605 5077 INFO dfs.DataNode$PacketResponder: PacketResponder 1 for block blk_7820785922033844496 terminating
081110 010605 5079 INFO dfs.DataNode$PacketResponder: PacketResponder 1 for block blk_-6424232735538697629 terminating
081110 010605 5081 INFO dfs.DataNode$PacketResponder: PacketResponder 1 for block blk_-1233005817943453613 terminating
081110 010605 5082 INFO dfs.DataNode$PacketResponder: PacketResponder 2 for block blk_-1233005817943453613 terminating
081110 010605 5088 INFO dfs.DataNode$PacketResponder: PacketResponder 1 for block blk_-4297679712015511513 terminating
081110 010605 5110 INFO dfs.DataNode$PacketResponder: PacketResponder 0 for block blk_5042395028865731936 terminating
081110 010605 5111 INFO dfs.DataNode$PacketResponder: PacketResponder 0 for block blk_-892542791457644143 terminating
081110 010605 5113 INFO dfs.DataNode$PacketResponder: PacketResponder 0 for block blk_7820785922033844496 terminating
081110 010605 5114 INFO dfs.DataNode$PacketResponder: PacketResponder 1 for block blk_-2944201221221140221 terminating
081110 010605 5118 INFO dfs.DataNode$PacketResponder: PacketResponder 2 for block blk_-892542791457644143 terminating
081110 010605 5118 INFO dfs.DataNode$PacketResponder: PacketResponder 2 for block blk_-9157062663775764681 terminating
081110 010605 5122 INFO dfs.DataNode$PacketResponder: PacketResponder 1 for block blk_-892542791457644143 terminating
081110 010605 5123 INFO dfs.DataNode$PacketResponder: PacketResponder 2 for block blk_-6424232735538697629 terminating
081110 010605 5135 INFO dfs.DataNode$PacketResponder: PacketResponder 0 for block blk_-6496436965907229146 terminating
081110 010605 5140 INFO dfs.DataNode$PacketResponder: PacketResponder 2 for block blk_-7961874336226025209 terminating
081110 010605 5143 INFO dfs.DataNode$PacketResponder: PacketResponder 1 for block blk_2144350565649242973 terminating
081110 010605 5147 INFO dfs.DataNode$PacketResponder: PacketResponder 2 for block blk_-4297679712015511513 terminating
081110 010605 5150 INFO dfs.DataNode$PacketResponder: PacketResponder 0 for block blk_8715743865808662956 terminating
081110 010605 5151 INFO dfs.DataNode$PacketResponder: PacketResponder 2 for block blk_-2944201221221140221 terminating
081110 010605 5220 INFO dfs.DataNode$PacketResponder: PacketResponder 1 for block blk_-9157062663775764681 terminating
081110 010605 5224 INFO dfs.DataNode$PacketResponder: PacketResponder 0 for block blk_-1233005817943453613 terminating
081110 010605 5230 INFO dfs.DataNode$PacketResponder: PacketResponder 2 for block blk_7820785922033844496 terminating
081110 010605 5249 INFO dfs.DataNode$PacketResponder: PacketResponder 1 for block blk_-6496436965907229146 terminating
081110 010605 5249 INFO dfs.DataNode$PacketResponder: PacketResponder 2 for block blk_-6496436965907229146 terminating
081110 010606 4773 INFO dfs.DataNode$PacketResponder: PacketResponder 1 for block blk_-6952309280229135209 terminating
081110 010606 4887 INFO dfs.DataNode$PacketResponder: PacketResponder 2 for block blk_8715743865808662956 terminating
081110 010606 4898 INFO dfs.DataNode$PacketResponder: PacketResponder 0 for block blk_3906758719536231166 terminating
081110 010606 4913 INFO dfs.DataNode$PacketResponder: PacketResponder 2 for block blk_3906758719536231166 terminating
081110 010606 4938 INFO dfs.DataNode$PacketResponder: PacketResponder 0 for block blk_-6952309280229135209 terminating
081110 010606 4939 INFO dfs.DataNode$PacketResponder: PacketResponder 0 for block blk_-5597463782391052287 terminating
081110 010606 4945 INFO dfs.DataNode$PacketResponder: PacketResponder 2 for block blk_-6952309280229135209 terminating
081110 010606 4964 INFO dfs.DataNode$PacketResponder: PacketResponder 0 for block blk_8668276952699918713 terminating
081110 010606 4984 INFO dfs.DataNode$PacketResponder: PacketResponder 0 for block blk_6045752158291392665 terminating
081110 010606 4988 INFO dfs.DataNode$PacketResponder: PacketResponder 1 for block blk_-6978290618557232678 terminating
081110 010606 5005 INFO dfs.DataNode$PacketResponder: PacketResponder 1 for block blk_6045752158291392665 terminating
081110 010606 5017 INFO dfs.DataNode$PacketResponder: PacketResponder 0 for block blk_4594935419601225972 terminating
081110 010606 5024 INFO dfs.DataNode$PacketResponder: PacketResponder 2 for block blk_5042395028865731936 terminating
081110 010606 5051 INFO dfs.DataNode$PacketResponder: PacketResponder 2 for block blk_4594935419601225972 terminating
081110 010606 5063 INFO dfs.DataNode$PacketResponder: PacketResponder 1 for block blk_7627297120974286565 terminating
081110 010606 5065 INFO dfs.DataNode$PacketResponder: PacketResponder 1 for block blk_5042395028865731936 terminating
081110 010606 5082 INFO dfs.DataNode$PacketResponder: PacketResponder 1 for block blk_3906758719536231166 terminating
081110 010606 5085 INFO dfs.DataNode$PacketResponder: PacketResponder 0 for block blk_-6978290618557232678 terminating
081110 010606 5103 INFO dfs.DataNode$PacketResponder: PacketResponder 2 for block blk_-6978290618557232678 terminating
081110 010606 5120 INFO dfs.DataNode$PacketResponder: PacketResponder 0 for block blk_3004094579335273643 terminating
081110 010606 5122 INFO dfs.DataNode$PacketResponder: PacketResponder 1 for block blk_4594935419601225972 terminating
081110 010606 5123 INFO dfs.DataNode$PacketResponder: PacketResponder 0 for block blk_7627297120974286565 terminating
081110 010606 5129 INFO dfs.DataNode$PacketResponder: PacketResponder 0 for block blk_-5153689040233361787 terminating
081110 010606 5135 INFO dfs.DataNode$PacketResponder: PacketResponder 1 for block blk_8715743865808662956 terminating
081110 010606 5139 INFO dfs.DataNode$PacketResponder: PacketResponder 2 for block blk_1050651099278697843 terminating
081110 010606 5145 INFO dfs.DataNode$PacketResponder: PacketResponder 1 for block blk_-5597463782391052287 terminating
081110 010606 5157 INFO dfs.DataNode$PacketResponder: PacketResponder 2 for block blk_-5597463782391052287 terminating
081110 010606 5160 INFO dfs.DataNode$PacketResponder: PacketResponder 1 for block blk_-5153689040233361787 terminating
081110 010606 5168 INFO dfs.DataNode$PacketResponder: PacketResponder 1 for block blk_3004094579335273643 terminating
081110 010607 4779 INFO dfs.DataNode$PacketResponder: PacketResponder 1 for block blk_-7693817403508951094 terminating
081110 010607 4794 INFO dfs.DataNode$PacketResponder: PacketResponder 2 for block blk_-5153689040233361787 terminating
081110 010607 4824 INFO dfs.DataNode$PacketResponder: PacketResponder 2 for block blk_1637245571674069443 terminating
081110 010607 4875 INFO dfs.DataNode$PacketResponder: PacketResponder 2 for block blk_8668276952699918713 terminating
081110 010607 4909 INFO dfs.DataNode$PacketResponder: PacketResponder 1 for block blk_-8072896462476200397 terminating
081110 010607 4911 INFO dfs.DataNode$PacketResponder: PacketResponder 0 for block blk_-7693817403508951094 terminating
081110 010607 4940 INFO dfs.DataNode$PacketResponder: PacketResponder 2 for block blk_-7693817403508951094 terminating
081110 010607 4959 INFO dfs.DataNode$PacketResponder: PacketResponder 1 for block blk_-2269603124796356370 terminating
081110 010607 4982 INFO dfs.DataNode$PacketResponder: PacketResponder 1 for block blk_1637245571674069443 terminating
081110 010607 4994 INFO dfs.DataNode$PacketResponder: PacketResponder 2 for block blk_3004094579335273643 terminating
081110 010607 5026 INFO dfs.DataNode$PacketResponder: PacketResponder 0 for block blk_1637245571674069443 terminating
081110 010607 5027 INFO dfs.DataNode$PacketResponder: PacketResponder 0 for block blk_-9161577287813093453 terminating
081110 010607 5044 INFO dfs.DataNode$PacketResponder: PacketResponder 0 for block blk_6283537242812361155 terminating
081110 010607 5051 INFO dfs.DataNode$PacketResponder: PacketResponder 2 for block blk_7627297120974286565 terminating
081110 010607 5055 INFO dfs.DataNode$PacketResponder: PacketResponder 1 for block blk_8668276952699918713 terminating
081110 010607 5062 INFO dfs.DataNode$PacketResponder: PacketResponder 1 for block blk_-889351887434634850 terminating
081110 010607 5077 INFO dfs.DataNode$PacketResponder: PacketResponder 0 for block blk_4964045477418754240 terminating
081110 010607 5085 INFO dfs.DataNode$PacketResponder: PacketResponder 1 for block blk_6283537242812361155 terminating
081110 010607 5093 INFO dfs.DataNode$PacketResponder: PacketResponder 2 for block blk_-9161577287813093453 terminating
081110 010607 5095 INFO dfs.DataNode$PacketResponder: PacketResponder 2 for block blk_6045752158291392665 terminating
081110 010607 5109 INFO dfs.DataNode$PacketResponder: PacketResponder 1 for block blk_-9161577287813093453 terminating
081110 010607 5113 INFO dfs.DataNode$PacketResponder: PacketResponder 2 for block blk_-8072896462476200397 terminating
081110 010607 5120 INFO dfs.DataNode$PacketResponder: PacketResponder 1 for block blk_4964045477418754240 terminating
081110 010607 5122 INFO dfs.DataNode$PacketResponder: PacketResponder 2 for block blk_-2269603124796356370 terminating
081110 010607 5126 INFO dfs.DataNode$PacketResponder: PacketResponder 0 for block blk_-8072896462476200397 terminating
081110 010607 5153 INFO dfs.DataNode$PacketResponder: PacketResponder 2 for block blk_-889351887434634850 terminating
081110 010607 5209 INFO dfs.DataNode$PacketResponder: PacketResponder 0 for block blk_-2269603124796356370 terminating
081110 010607 5223 INFO dfs.DataNode$PacketResponder: PacketResponder 2 for block blk_4964045477418754240 terminating
081110 010607 5225 INFO dfs.DataNode$PacketResponder: PacketResponder 0 for block blk_-889351887434634850 terminating
081110 010608 4818 INFO dfs.DataNode$PacketResponder: PacketResponder 1 for block blk_-5200979784882533055 terminating
081110 010608 4907 INFO dfs.DataNode$PacketResponder: PacketResponder 2 for block blk_4913020617649736777 terminating
081110 010608 4917 INFO dfs.DataNode$PacketResponder: PacketResponder 0 for block blk_-5760674465521977088 terminating
081110 010608 4958 INFO dfs.DataNode$PacketResponder: PacketResponder 0 for block blk_-1998652902917146987 terminating
081110 010608 4994 INFO dfs.DataNode$PacketResponder: PacketResponder 0 for block blk_8565814384257338022 terminating
081110 010608 5019 INFO dfs.DataNode$PacketResponder: PacketResponder 1 for block blk_4473337723042866542 terminating
081110 010608 5027 INFO dfs.DataNode$PacketResponder: PacketResponder 1 for block blk_8565814384257338022 terminating
081110 010608 5029 INFO dfs.DataNode$PacketResponder: PacketResponder 2 for block blk_5424146267288874382 terminating
081110 010608 5042 INFO dfs.DataNode$PacketResponder: PacketResponder 2 for block blk_-5200979784882533055 terminating
081110 010608 5046 INFO dfs.DataNode$PacketResponder: PacketResponder 0 for block blk_4473337723042866542 terminating
081110 010608 5046 INFO dfs.DataNode$PacketResponder: PacketResponder 0 for block blk_-6968253643192659860 terminating
081110 010608 5052 INFO dfs.DataNode$PacketResponder: PacketResponder 2 for block blk_6283537242812361155 terminating
081110 010608 5061 INFO dfs.DataNode$PacketResponder: PacketResponder 1 for block blk_1570805566419165851 terminating
081110 010608 5076 INFO dfs.DataNode$PacketResponder: PacketResponder 0 for block blk_-2787447001405057213 terminating
081110 010608 5088 INFO dfs.DataNode$PacketResponder: PacketResponder 2 for block blk_4473337723042866542 terminating
081110 010608 5097 INFO dfs.DataNode$PacketResponder: PacketResponder 1 for block blk_-2787447001405057213 terminating
081110 010608 5098 INFO dfs.DataNode$PacketResponder: PacketResponder 1 for block blk_-5760674465521977088 terminating
081110 010608 5100 INFO dfs.DataNode$PacketResponder: PacketResponder 1 for block blk_4913020617649736777 terminating
081110 010608 5101 INFO dfs.DataNode$PacketResponder: PacketResponder 2 for block blk_-1998652902917146987 terminating
081110 010608 5102 INFO dfs.DataNode$PacketResponder: PacketResponder 2 for block blk_1570805566419165851 terminating
081110 010608 5111 INFO dfs.DataNode$PacketResponder: PacketResponder 2 for block blk_-2787447001405057213 terminating
081110 010608 5119 INFO dfs.DataNode$PacketResponder: PacketResponder 1 for block blk_-1998652902917146987 terminating
081110 010608 5126 INFO dfs.DataNode$PacketResponder: PacketResponder 0 for block blk_5424146267288874382 terminating
081110 010608 5135 INFO dfs.DataNode$PacketResponder: PacketResponder 0 for block blk_-5200979784882533055 terminating
081110 010608 5136 INFO dfs.DataNode$PacketResponder: PacketResponder 0 for block blk_1570805566419165851 terminating
081110 010608 5150 INFO dfs.DataNode$PacketResponder: PacketResponder 0 for block blk_3577738751766333743 terminating
081110 010608 5161 INFO dfs.DataNode$PacketResponder: PacketResponder 1 for block blk_5424146267288874382 terminating
081110 010608 5173 INFO dfs.DataNode$PacketResponder: PacketResponder 1 for block blk_-6968253643192659860 terminating
081110 010608 5188 INFO dfs.DataNode$PacketResponder: PacketResponder 1 for block blk_3577738751766333743 terminating
081110 010608 5205 INFO dfs.DataNode$PacketResponder: PacketResponder 0 for block blk_4913020617649736777 terminating
081110 010609 4079 INFO dfs.DataNode$PacketResponder: PacketResponder 0 for block blk_8021338891777418194 terminating
081110 010609 4877 INFO dfs.DataNode$PacketResponder: PacketResponder 0 for block blk_6032812904957027336 terminating
081110 010609 4913 INFO dfs.DataNode$PacketResponder: PacketResponder 0 for block blk_-7730255941888076052 terminating
081110 010609 4913 INFO dfs.DataNode$PacketResponder: PacketResponder 2 for block blk_-5103513114546893179 terminating
081110 010609 4962 INFO dfs.DataNode$PacketResponder: PacketResponder 2 for block blk_3103177685020708904 terminating
081110 010609 4975 INFO dfs.DataNode$PacketResponder: PacketResponder 0 for block blk_-6749188877938884410 terminating
081110 010609 4983 INFO dfs.DataNode$PacketResponder: PacketResponder 1 for block blk_-2658168059988430690 terminating
081110 010609 4993 INFO dfs.DataNode$PacketResponder: PacketResponder 1 for block blk_4670422678377422270 terminating
081110 010609 4996 INFO dfs.DataNode$PacketResponder: PacketResponder 0 for block blk_4670422678377422270 terminating
081110 010609 5024 INFO dfs.DataNode$PacketResponder: PacketResponder 0 for block blk_7179101240323019554 terminating
081110 010609 5028 INFO dfs.DataNode$PacketResponder: PacketResponder 1 for block blk_-8775899569175971164 terminating
081110 010609 5036 INFO dfs.DataNode$PacketResponder: PacketResponder 1 for block blk_3391704993231794682 terminating
081110 010609 5048 INFO dfs.DataNode$PacketResponder: PacketResponder 2 for block blk_-2658168059988430690 terminating
081110 010609 5058 INFO dfs.DataNode$PacketResponder: PacketResponder 1 for block blk_1051552247168704061 terminating
081110 010609 5060 INFO dfs.DataNode$PacketResponder: PacketResponder 1 for block blk_-5103513114546893179 terminating
081110 010609 5064 INFO dfs.DataNode$PacketResponder: PacketResponder 2 for block blk_6032812904957027336 terminating
081110 010609 5074 INFO dfs.DataNode$PacketResponder: PacketResponder 1 for block blk_3103177685020708904 terminating
081110 010609 5081 INFO dfs.DataNode$PacketResponder: PacketResponder 2 for block blk_8565814384257338022 terminating
081110 010609 5087 INFO dfs.DataNode$PacketResponder: PacketResponder 2 for block blk_1040327166480691680 terminating
081110 010609 5092 INFO dfs.DataNode$PacketResponder: PacketResponder 0 for block blk_-8044646240214060914 terminating
081110 010609 5093 INFO dfs.DataNode$PacketResponder: PacketResponder 1 for block blk_-8937924286679056332 terminating
081110 010609 5096 INFO dfs.DataNode$PacketResponder: PacketResponder 2 for block blk_3577738751766333743 terminating
081110 010609 5112 INFO dfs.DataNode$PacketResponder: PacketResponder 2 for block blk_3391704993231794682 terminating
081110 010609 5113 INFO dfs.DataNode$PacketResponder: PacketResponder 1 for block blk_7179101240323019554 terminating
081110 010609 5113 INFO dfs.DataNode$PacketResponder: PacketResponder 2 for block blk_-5760674465521977088 terminating
081110 010609 5113 INFO dfs.DataNode$PacketResponder: PacketResponder 2 for block blk_-6749188877938884410 terminating
081110 010609 5116 INFO dfs.DataNode$PacketResponder: PacketResponder 0 for block blk_3103177685020708904 terminating
081110 010609 5116 INFO dfs.DataNode$PacketResponder: PacketResponder 0 for block blk_3391704993231794682 terminating
081110 010609 5120 INFO dfs.DataNode$PacketResponder: PacketResponder 2 for block blk_-6968253643192659860 terminating
081110 010609 5124 INFO dfs.DataNode$PacketResponder: PacketResponder 1 for block blk_-8044646240214060914 terminating
081110 010609 5128 INFO dfs.DataNode$PacketResponder: PacketResponder 0 for block blk_-5103513114546893179 terminating
081110 010609 5131 INFO dfs.DataNode$PacketResponder: PacketResponder 1 for block blk_6032812904957027336 terminating
081110 010609 5147 INFO dfs.DataNode$PacketResponder: PacketResponder 2 for block blk_-7730255941888076052 terminating
081110 010609 5149 INFO dfs.DataNode$PacketResponder: PacketResponder 2 for block blk_7179101240323019554 terminating
081110 010609 5152 INFO dfs.DataNode$PacketResponder: PacketResponder 0 for block blk_-2658168059988430690 terminating
081110 010609 5161 INFO dfs.DataNode$PacketResponder: PacketResponder 1 for block blk_-7730255941888076052 terminating
081110 010609 5162 INFO dfs.DataNode$PacketResponder: PacketResponder 1 for block blk_1040327166480691680 terminating
081110 010609 5176 INFO dfs.DataNode$PacketResponder: PacketResponder 0 for block blk_-8775899569175971164 terminating
081110 010609 5185 INFO dfs.DataNode$PacketResponder: PacketResponder 1 for block blk_8021338891777418194 terminating
081110 010609 5186 INFO dfs.DataNode$PacketResponder: PacketResponder 0 for block blk_1051552247168704061 terminating
081110 010609 5187 INFO dfs.DataNode$PacketResponder: PacketResponder 1 for block blk_-6749188877938884410 terminating
081110 010609 5188 INFO dfs.DataNode$PacketResponder: PacketResponder 0 for block blk_1040327166480691680 terminating
081110 010609 5191 INFO dfs.DataNode$PacketResponder: PacketResponder 0 for block blk_-8937924286679056332 terminating
081110 010609 5203 INFO dfs.DataNode$PacketResponder: PacketResponder 2 for block blk_-8775899569175971164 terminating
081110 010609 5227 INFO dfs.DataNode$PacketResponder: PacketResponder 2 for block blk_-8937924286679056332 terminating
081110 010610 4806 INFO dfs.DataNode$PacketResponder: PacketResponder 0 for block blk_8818233960843384204 terminating
081110 010610 4840 INFO dfs.DataNode$PacketResponder: PacketResponder 1 for block blk_-4101091609961409623 terminating
081110 010610 4927 INFO dfs.DataNode$PacketResponder: PacketResponder 1 for block blk_3181114703741714909 terminating
081110 010610 4988 INFO dfs.DataNode$PacketResponder: PacketResponder 2 for block blk_1051552247168704061 terminating
081110 010610 5027 INFO dfs.DataNode$PacketResponder: PacketResponder 0 for block blk_-4101091609961409623 terminating
081110 010610 5049 INFO dfs.DataNode$PacketResponder: PacketResponder 2 for block blk_8021338891777418194 terminating
081110 010610 5052 INFO dfs.DataNode$PacketResponder: PacketResponder 2 for block blk_-9156327036877686320 terminating
081110 010610 5061 INFO dfs.DataNode$PacketResponder: PacketResponder 1 for block blk_-9156327036877686320 terminating
081110 010610 5068 INFO dfs.DataNode$PacketResponder: PacketResponder 1 for block blk_6423132296497455075 terminating
081110 010610 5072 INFO dfs.DataNode$PacketResponder: PacketResponder 2 for block blk_-7591220727618614839 terminating
081110 010610 5083 INFO dfs.DataNode$PacketResponder: PacketResponder 1 for block blk_8818233960843384204 terminating
081110 010610 5089 INFO dfs.DataNode$PacketResponder: PacketResponder 0 for block blk_-9156327036877686320 terminating
081110 010610 5091 INFO dfs.DataNode$PacketResponder: PacketResponder 2 for block blk_-1899469261947403822 terminating
081110 010610 5098 INFO dfs.DataNode$PacketResponder: PacketResponder 0 for block blk_6091234519840384789 terminating
081110 010610 5103 INFO dfs.DataNode$PacketResponder: PacketResponder 0 for block blk_2294957927648317515 terminating
081110 010610 5106 INFO dfs.DataNode$PacketResponder: PacketResponder 1 for block blk_-7591220727618614839 terminating
081110 010610 5116 INFO dfs.DataNode$DataXceiver: writeBlock blk_-4278710181261060353 received exception java.io.IOException: Could not read from stream
081110 010610 5117 INFO dfs.DataNode$PacketResponder: PacketResponder 1 for block blk_-3026507033365628512 terminating
081110 010610 5118 INFO dfs.DataNode$PacketResponder: PacketResponder 0 for block blk_3181114703741714909 terminating
081110 010610 5119 INFO dfs.DataNode$PacketResponder: PacketResponder 2 for block blk_3181114703741714909 terminating
081110 010610 5121 INFO dfs.DataNode$PacketResponder: PacketResponder 1 for block blk_6091234519840384789 terminating
081110 010610 5126 INFO dfs.DataNode$PacketResponder: PacketResponder 1 for block blk_2294957927648317515 terminating
081110 010610 5153 INFO dfs.DataNode$PacketResponder: PacketResponder 0 for block blk_-7591220727618614839 terminating
081110 010610 5157 INFO dfs.DataNode$PacketResponder: PacketResponder 2 for block blk_2294957927648317515 terminating
081110 010610 5157 INFO dfs.DataNode$PacketResponder: PacketResponder 2 for block blk_-8044646240214060914 terminating
081110 010610 5158 INFO dfs.DataNode$PacketResponder: PacketResponder 2 for block blk_6423132296497455075 terminating
081110 010610 5182 INFO dfs.DataNode$PacketResponder: PacketResponder 0 for block blk_-1899469261947403822 terminating
081110 010610 5185 INFO dfs.DataNode$PacketResponder: PacketResponder 0 for block blk_-3026507033365628512 terminating
081110 010610 5192 INFO dfs.DataNode$PacketResponder: PacketResponder 2 for block blk_4670422678377422270 terminating
081110 010610 5207 INFO dfs.DataNode$PacketResponder: PacketResponder 0 for block blk_6423132296497455075 terminating
081110 010610 5227 INFO dfs.DataNode$PacketResponder: PacketResponder 1 for block blk_-1899469261947403822 terminating
081110 010610 5228 INFO dfs.DataNode$PacketResponder: PacketResponder 2 for block blk_8818233960843384204 terminating
081110 010611 3910 INFO dfs.DataNode$PacketResponder: PacketResponder 2 for block blk_6091234519840384789 terminating
081110 010611 3916 INFO dfs.DataNode$PacketResponder: PacketResponder 0 for block blk_8935202950442998446 terminating
081110 010611 4775 INFO dfs.DataNode$PacketResponder: PacketResponder 2 for block blk_-2306923151384830320 terminating
081110 010611 4939 INFO dfs.DataNode$PacketResponder: PacketResponder 0 for block blk_1866972422274265930 terminating
081110 010611 4955 INFO dfs.DataNode$PacketResponder: PacketResponder 1 for block blk_8239291931782263870 terminating
081110 010611 4956 INFO dfs.DataNode$PacketResponder: PacketResponder 2 for block blk_8935202950442998446 terminating
081110 010611 4989 INFO dfs.DataNode$PacketResponder: PacketResponder 1 for block blk_-6554571768948826483 terminating
081110 010611 5016 INFO dfs.DataNode$PacketResponder: PacketResponder 0 for block blk_5608466670624607317 terminating
081110 010611 5087 INFO dfs.DataNode$PacketResponder: PacketResponder 0 for block blk_-6554571768948826483 terminating
081110 010611 5093 INFO dfs.DataNode$PacketResponder: PacketResponder 2 for block blk_5608466670624607317 terminating
081110 010611 5101 INFO dfs.DataNode$PacketResponder: PacketResponder 2 for block blk_3981571872192972684 terminating
081110 010611 5105 INFO dfs.DataNode$PacketResponder: PacketResponder 0 for block blk_8239291931782263870 terminating
081110 010611 5111 INFO dfs.DataNode$PacketResponder: PacketResponder 0 for block blk_-2306923151384830320 terminating
081110 010611 5123 INFO dfs.DataNode$PacketResponder: PacketResponder 0 for block blk_3981571872192972684 terminating
081110 010611 5127 INFO dfs.DataNode$PacketResponder: PacketResponder 1 for block blk_3981571872192972684 terminating
081110 010611 5132 INFO dfs.DataNode$PacketResponder: PacketResponder 1 for block blk_5608466670624607317 terminating
081110 010611 5137 INFO dfs.DataNode$PacketResponder: PacketResponder 2 for block blk_-6554571768948826483 terminating
081110 010611 5141 INFO dfs.DataNode$PacketResponder: PacketResponder 1 for block blk_-2306923151384830320 terminating
081110 010611 5145 INFO dfs.DataNode$PacketResponder: PacketResponder 1 for block blk_4800986389013659324 terminating
081110 010611 5152 INFO dfs.DataNode$PacketResponder: PacketResponder 1 for block blk_1866972422274265930 terminating
081110 010611 5156 INFO dfs.DataNode$PacketResponder: PacketResponder 1 for block blk_8935202950442998446 terminating
081110 010611 5157 INFO dfs.DataNode$PacketResponder: PacketResponder 2 for block blk_4800986389013659324 terminating
081110 010611 5167 INFO dfs.DataNode$PacketResponder: PacketResponder 2 for block blk_-4101091609961409623 terminating
081110 010611 5171 INFO dfs.DataNode$PacketResponder: PacketResponder 2 for block blk_8239291931782263870 terminating
081110 010611 5178 INFO dfs.DataNode$PacketResponder: PacketResponder 0 for block blk_4800986389013659324 terminating
081110 010612 4777 INFO dfs.DataNode$PacketResponder: PacketResponder 0 for block blk_-2279713446121114574 terminating
081110 010612 4778 INFO dfs.DataNode$PacketResponder: PacketResponder 2 for block blk_155150893753508904 terminating
081110 010612 4800 INFO dfs.DataNode$PacketResponder: PacketResponder 0 for block blk_-5959231573416245423 terminating
081110 010612 4909 INFO dfs.DataNode$PacketResponder: PacketResponder 0 for block blk_-1746051721411485593 terminating
081110 010612 4913 INFO dfs.DataNode$PacketResponder: PacketResponder 2 for block blk_-6839116243143629690 terminating
081110 010612 4922 INFO dfs.DataNode$PacketResponder: PacketResponder 2 for block blk_1866972422274265930 terminating
081110 010612 4959 INFO dfs.DataNode$PacketResponder: PacketResponder 0 for block blk_1146640922478763598 terminating
081110 010612 4963 INFO dfs.DataNode$PacketResponder: PacketResponder 1 for block blk_-6839116243143629690 terminating
081110 010612 4968 INFO dfs.DataNode$PacketResponder: PacketResponder 1 for block blk_-5959231573416245423 terminating
081110 010612 5017 INFO dfs.DataNode$PacketResponder: PacketResponder 0 for block blk_155150893753508904 terminating
081110 010612 5029 INFO dfs.DataNode$PacketResponder: PacketResponder 2 for block blk_-8787884882767929769 terminating
081110 010612 5051 INFO dfs.DataNode$PacketResponder: PacketResponder 1 for block blk_-2902154648456510215 terminating
081110 010612 5070 INFO dfs.DataNode$PacketResponder: PacketResponder 2 for block blk_1146640922478763598 terminating
081110 010612 5070 INFO dfs.DataNode$PacketResponder: PacketResponder 2 for block blk_-5959231573416245423 terminating
081110 010612 5074 INFO dfs.DataNode$PacketResponder: PacketResponder 0 for block blk_-5159006165691062272 terminating
081110 010612 5077 INFO dfs.DataNode$PacketResponder: PacketResponder 0 for block blk_-8787884882767929769 terminating
081110 010612 5108 INFO dfs.DataNode$PacketResponder: PacketResponder 1 for block blk_-1746051721411485593 terminating
081110 010612 5109 INFO dfs.DataNode$PacketResponder: PacketResponder 2 for block blk_-3026507033365628512 terminating
081110 010612 5125 INFO dfs.DataNode$PacketResponder: PacketResponder 1 for block blk_155150893753508904 terminating
081110 010612 5127 INFO dfs.DataNode$PacketResponder: PacketResponder 0 for block blk_-3345754498723502311 terminating
081110 010612 5145 INFO dfs.DataNode$PacketResponder: PacketResponder 2 for block blk_-1746051721411485593 terminating
081110 010612 5174 INFO dfs.DataNode$PacketResponder: PacketResponder 2 for block blk_-2902154648456510215 terminating
081110 010612 5182 INFO dfs.DataNode$PacketResponder: PacketResponder 1 for block blk_-8787884882767929769 terminating
081110 010612 5201 INFO dfs.DataNode$PacketResponder: PacketResponder 0 for block blk_-2902154648456510215 terminating
081110 010612 5201 INFO dfs.DataNode$PacketResponder: PacketResponder 0 for block blk_-6839116243143629690 terminating
081110 010612 5247 INFO dfs.DataNode$PacketResponder: PacketResponder 1 for block blk_1146640922478763598 terminating
081110 010613 5020 INFO dfs.DataNode$PacketResponder: PacketResponder 1 for block blk_8711631826546458883 terminating
081110 010613 5030 INFO dfs.DataNode$PacketResponder: PacketResponder 1 for block blk_-6489409631910325720 terminating
081110 010613 5041 INFO dfs.DataNode$PacketResponder: PacketResponder 1 for block blk_-3345754498723502311 terminating
081110 010613 5042 INFO dfs.DataNode$PacketResponder: PacketResponder 1 for block blk_-7785875664299189846 terminating
081110 010613 5048 INFO dfs.DataNode$PacketResponder: PacketResponder 1 for block blk_-5159006165691062272 terminating
081110 010613 5070 INFO dfs.DataNode$PacketResponder: PacketResponder 0 for block blk_-4584471516542761302 terminating
081110 010613 5078 INFO dfs.DataNode$PacketResponder: PacketResponder 2 for block blk_8711631826546458883 terminating
081110 010613 5084 INFO dfs.DataNode$PacketResponder: PacketResponder 0 for block blk_3222069587325698624 terminating
081110 010613 5093 INFO dfs.DataNode$PacketResponder: PacketResponder 0 for block blk_6708339882903327999 terminating
081110 010613 5116 INFO dfs.DataNode$PacketResponder: PacketResponder 2 for block blk_-6489409631910325720 terminating
081110 010613 5121 INFO dfs.DataNode$PacketResponder: PacketResponder 0 for block blk_-6489409631910325720 terminating
081110 010613 5121 INFO dfs.DataNode$PacketResponder: PacketResponder 2 for block blk_8557172101111875221 terminating
081110 010613 5131 INFO dfs.DataNode$PacketResponder: PacketResponder 2 for block blk_-2279713446121114574 terminating
081110 010613 5136 INFO dfs.DataNode$PacketResponder: PacketResponder 1 for block blk_3222069587325698624 terminating
081110 010613 5137 INFO dfs.DataNode$PacketResponder: PacketResponder 0 for block blk_8711631826546458883 terminating
081110 010613 5137 INFO dfs.DataNode$PacketResponder: PacketResponder 1 for block blk_-2279713446121114574 terminating
081110 010613 5147 INFO dfs.DataNode$PacketResponder: PacketResponder 0 for block blk_-7785875664299189846 terminating
081110 010613 5149 INFO dfs.DataNode$PacketResponder: PacketResponder 2 for block blk_-5159006165691062272 terminating
081110 010613 5153 INFO dfs.DataNode$PacketResponder: PacketResponder 1 for block blk_8557172101111875221 terminating
081110 010613 5155 INFO dfs.DataNode$PacketResponder: PacketResponder 2 for block blk_-3345754498723502311 terminating
081110 010613 5163 INFO dfs.DataNode$PacketResponder: PacketResponder 0 for block blk_8557172101111875221 terminating
081110 010613 5164 INFO dfs.DataNode$DataXceiver: writeBlock blk_-8780535981104175902 received exception java.io.IOException: Could not read from stream
081110 010613 5169 INFO dfs.DataNode$PacketResponder: PacketResponder 1 for block blk_-4584471516542761302 terminating
081110 010614 3914 INFO dfs.DataNode$PacketResponder: PacketResponder 1 for block blk_5666259176158943108 terminating
081110 010614 4814 INFO dfs.DataNode$PacketResponder: PacketResponder 1 for block blk_1106021578610664798 terminating
081110 010614 4816 INFO dfs.DataNode$PacketResponder: PacketResponder 2 for block blk_6708339882903327999 terminating
081110 010614 4944 INFO dfs.DataNode$PacketResponder: PacketResponder 0 for block blk_2120681168148084611 terminating
081110 010614 4964 INFO dfs.DataNode$PacketResponder: PacketResponder 2 for block blk_2716457282104234739 terminating
081110 010614 4980 INFO dfs.DataNode$PacketResponder: PacketResponder 2 for block blk_3222069587325698624 terminating
081110 010614 4992 INFO dfs.DataNode$PacketResponder: PacketResponder 2 for block blk_3828951784306964801 terminating
081110 010614 4995 INFO dfs.DataNode$PacketResponder: PacketResponder 2 for block blk_1269330248072832286 terminating
081110 010614 4999 INFO dfs.DataNode$PacketResponder: PacketResponder 0 for block blk_742722665995971733 terminating
081110 010614 5012 INFO dfs.DataNode$PacketResponder: PacketResponder 0 for block blk_2206048094490756840 terminating
081110 010614 5028 INFO dfs.DataNode$PacketResponder: PacketResponder 0 for block blk_8459883443190881282 terminating
081110 010614 5035 INFO dfs.DataNode$PacketResponder: PacketResponder 0 for block blk_5666259176158943108 terminating
081110 010614 5041 INFO dfs.DataNode$PacketResponder: PacketResponder 0 for block blk_1106021578610664798 terminating
081110 010614 5043 INFO dfs.DataNode$PacketResponder: PacketResponder 1 for block blk_3828951784306964801 terminating
081110 010614 5049 INFO dfs.DataNode$PacketResponder: PacketResponder 1 for block blk_2716457282104234739 terminating
081110 010614 5066 INFO dfs.DataNode$PacketResponder: PacketResponder 0 for block blk_1269330248072832286 terminating
081110 010614 5070 INFO dfs.DataNode$PacketResponder: PacketResponder 1 for block blk_2206048094490756840 terminating
081110 010614 5071 INFO dfs.DataNode$PacketResponder: PacketResponder 1 for block blk_2103269366294504616 terminating
081110 010614 5085 INFO dfs.DataNode$PacketResponder: PacketResponder 2 for block blk_5666259176158943108 terminating
081110 010614 5096 INFO dfs.DataNode$PacketResponder: PacketResponder 0 for block blk_2249380241964393498 terminating
081110 010614 5096 INFO dfs.DataNode$PacketResponder: PacketResponder 1 for block blk_742722665995971733 terminating
081110 010614 5097 INFO dfs.DataNode$PacketResponder: PacketResponder 0 for block blk_2103269366294504616 terminating
081110 010614 5100 INFO dfs.DataNode$PacketResponder: PacketResponder 2 for block blk_-4584471516542761302 terminating
081110 010614 5105 INFO dfs.DataNode$PacketResponder: PacketResponder 2 for block blk_1106021578610664798 terminating
081110 010614 5109 INFO dfs.DataNode$PacketResponder: PacketResponder 0 for block blk_2716457282104234739 terminating
081110 010614 5112 INFO dfs.DataNode$PacketResponder: PacketResponder 2 for block blk_-7785875664299189846 terminating
081110 010614 5117 INFO dfs.DataNode$PacketResponder: PacketResponder 2 for block blk_2206048094490756840 terminating
081110 010614 5120 INFO dfs.DataNode$PacketResponder: PacketResponder 1 for block blk_6708339882903327999 terminating
081110 010614 5123 INFO dfs.DataNode$PacketResponder: PacketResponder 0 for block blk_6139631628129840339 terminating
081110 010614 5124 INFO dfs.DataNode$PacketResponder: PacketResponder 0 for block blk_6800460090072959745 terminating
081110 010614 5126 INFO dfs.DataNode$PacketResponder: PacketResponder 1 for block blk_6139631628129840339 terminating
081110 010614 5131 INFO dfs.DataNode$PacketResponder: PacketResponder 1 for block blk_1269330248072832286 terminating
081110 010614 5131 INFO dfs.DataNode$PacketResponder: PacketResponder 2 for block blk_6139631628129840339 terminating
081110 010614 5135 INFO dfs.DataNode$PacketResponder: PacketResponder 1 for block blk_-4169387428396621823 terminating
081110 010614 5136 INFO dfs.DataNode$PacketResponder: PacketResponder 1 for block blk_2249380241964393498 terminating
081110 010614 5140 INFO dfs.DataNode$PacketResponder: PacketResponder 0 for block blk_-4169387428396621823 terminating
081110 010614 5145 INFO dfs.DataNode$PacketResponder: PacketResponder 0 for block blk_3828951784306964801 terminating
081110 010614 5169 INFO dfs.DataNode$PacketResponder: PacketResponder 2 for block blk_-4169387428396621823 terminating
081110 010614 5234 INFO dfs.DataNode$PacketResponder: PacketResponder 1 for block blk_8459883443190881282 terminating
081110 010615 4723 INFO dfs.DataNode$PacketResponder: PacketResponder 2 for block blk_6800460090072959745 terminating
081110 010615 4782 INFO dfs.DataNode$PacketResponder: PacketResponder 1 for block blk_5753137475691141291 terminating
081110 010615 4986 INFO dfs.DataNode$PacketResponder: PacketResponder 1 for block blk_-4088873604615915025 terminating
081110 010615 5003 INFO dfs.DataNode$PacketResponder: PacketResponder 1 for block blk_-4178373556437388587 terminating
081110 010615 5023 INFO dfs.DataNode$PacketResponder: PacketResponder 2 for block blk_-5778566179679554848 terminating
081110 010615 5039 INFO dfs.DataNode$PacketResponder: PacketResponder 2 for block blk_742722665995971733 terminating
081110 010615 5042 INFO dfs.DataNode$PacketResponder: PacketResponder 0 for block blk_-5778566179679554848 terminating
081110 010615 5048 INFO dfs.DataNode$PacketResponder: PacketResponder 1 for block blk_-5778566179679554848 terminating
081110 010615 5053 INFO dfs.DataNode$PacketResponder: PacketResponder 1 for block blk_-1117272073679311085 terminating
081110 010615 5054 INFO dfs.DataNode$PacketResponder: PacketResponder 0 for block blk_-2974431024582643630 terminating
081110 010615 5080 INFO dfs.DataNode$PacketResponder: PacketResponder 1 for block blk_2120681168148084611 terminating
081110 010615 5093 INFO dfs.DataNode$PacketResponder: PacketResponder 1 for block blk_948066825527966219 terminating
081110 010615 5099 INFO dfs.DataNode$PacketResponder: PacketResponder 1 for block blk_3090959747386870041 terminating
081110 010615 5108 INFO dfs.DataNode$PacketResponder: PacketResponder 1 for block blk_539244378899581102 terminating
081110 010615 5115 INFO dfs.DataNode$PacketResponder: PacketResponder 0 for block blk_-4088873604615915025 terminating
081110 010615 5119 INFO dfs.DataNode$PacketResponder: PacketResponder 0 for block blk_539244378899581102 terminating
081110 010615 5119 INFO dfs.DataNode$PacketResponder: PacketResponder 0 for block blk_948066825527966219 terminating
081110 010615 5121 INFO dfs.DataNode$PacketResponder: PacketResponder 2 for block blk_948066825527966219 terminating
081110 010615 5124 INFO dfs.DataNode$PacketResponder: PacketResponder 1 for block blk_2034554806312613077 terminating
081110 010615 5125 INFO dfs.DataNode$PacketResponder: PacketResponder 0 for block blk_3090959747386870041 terminating
081110 010615 5129 INFO dfs.DataNode$PacketResponder: PacketResponder 0 for block blk_5753137475691141291 terminating
081110 010615 5130 INFO dfs.DataNode$PacketResponder: PacketResponder 0 for block blk_2034554806312613077 terminating
081110 010615 5130 INFO dfs.DataNode$PacketResponder: PacketResponder 1 for block blk_-2974431024582643630 terminating
081110 010615 5130 INFO dfs.DataNode$PacketResponder: PacketResponder 2 for block blk_2120681168148084611 terminating
081110 010615 5134 INFO dfs.DataNode$PacketResponder: PacketResponder 0 for block blk_-1117272073679311085 terminating
081110 010615 5138 INFO dfs.DataNode$PacketResponder: PacketResponder 1 for block blk_6800460090072959745 terminating
081110 010615 5162 INFO dfs.DataNode$PacketResponder: PacketResponder 2 for block blk_8459883443190881282 terminating
081110 010615 5167 INFO dfs.DataNode$DataXceiver: writeBlock blk_7559134070762608373 received exception java.io.IOException: Could not read from stream
081110 010615 5184 INFO dfs.DataNode$PacketResponder: PacketResponder 0 for block blk_-6079497264327773685 terminating
081110 010615 5186 INFO dfs.DataNode$PacketResponder: PacketResponder 2 for block blk_2103269366294504616 terminating
081110 010615 5193 INFO dfs.DataNode$PacketResponder: PacketResponder 2 for block blk_2034554806312613077 terminating
081110 010615 5195 INFO dfs.DataNode$PacketResponder: PacketResponder 2 for block blk_2249380241964393498 terminating
081110 010615 5211 INFO dfs.DataNode$PacketResponder: PacketResponder 0 for block blk_-4178373556437388587 terminating
081110 010615 5249 INFO dfs.DataNode$PacketResponder: PacketResponder 2 for block blk_-4088873604615915025 terminating
081110 010616 4816 INFO dfs.DataNode$PacketResponder: PacketResponder 0 for block blk_1775916745086167685 terminating
081110 010616 4838 INFO dfs.DataNode$PacketResponder: PacketResponder 2 for block blk_-6079497264327773685 terminating
081110 010616 4842 INFO dfs.DataNode$PacketResponder: PacketResponder 2 for block blk_-1117272073679311085 terminating
081110 010616 4919 INFO dfs.DataNode$PacketResponder: PacketResponder 0 for block blk_3075268656565542459 terminating
081110 010616 4949 INFO dfs.DataNode$PacketResponder: PacketResponder 1 for block blk_7116380700186013243 terminating
081110 010616 4972 INFO dfs.DataNode$PacketResponder: PacketResponder 2 for block blk_3075268656565542459 terminating
081110 010616 4992 INFO dfs.DataNode$PacketResponder: PacketResponder 0 for block blk_8094142762873440164 terminating
081110 010616 4998 INFO dfs.DataNode$PacketResponder: PacketResponder 2 for block blk_8157719220471133011 terminating
081110 010616 5018 INFO dfs.DataNode$PacketResponder: PacketResponder 2 for block blk_539244378899581102 terminating
081110 010616 5033 INFO dfs.DataNode$PacketResponder: PacketResponder 1 for block blk_3075268656565542459 terminating
081110 010616 5035 INFO dfs.DataNode$PacketResponder: PacketResponder 0 for block blk_3705758423018482821 terminating
081110 010616 5049 INFO dfs.DataNode$PacketResponder: PacketResponder 1 for block blk_-6810605934137337679 terminating
081110 010616 5050 INFO dfs.DataNode$PacketResponder: PacketResponder 0 for block blk_-6810605934137337679 terminating
081110 010616 5055 INFO dfs.DataNode$PacketResponder: PacketResponder 0 for block blk_3275340719672360231 terminating
081110 010616 5061 INFO dfs.DataNode$PacketResponder: PacketResponder 2 for block blk_-6810605934137337679 terminating
081110 010616 5066 INFO dfs.DataNode$PacketResponder: PacketResponder 2 for block blk_9029882790270379092 terminating
081110 010616 5068 INFO dfs.DataNode$PacketResponder: PacketResponder 2 for block blk_-2974431024582643630 terminating
081110 010616 5089 INFO dfs.DataNode$PacketResponder: PacketResponder 1 for block blk_1775916745086167685 terminating
081110 010616 5098 INFO dfs.DataNode$PacketResponder: PacketResponder 1 for block blk_8157719220471133011 terminating
081110 010616 5104 INFO dfs.DataNode$PacketResponder: PacketResponder 1 for block blk_-6079497264327773685 terminating
081110 010616 5106 INFO dfs.DataNode$PacketResponder: PacketResponder 1 for block blk_3705758423018482821 terminating
081110 010616 5118 INFO dfs.DataNode$PacketResponder: PacketResponder 2 for block blk_3705758423018482821 terminating
081110 010616 5120 INFO dfs.DataNode$PacketResponder: PacketResponder 2 for block blk_7116380700186013243 terminating
081110 010616 5131 INFO dfs.DataNode$PacketResponder: PacketResponder 1 for block blk_8094142762873440164 terminating
081110 010616 5132 INFO dfs.DataNode$PacketResponder: PacketResponder 2 for block blk_3090959747386870041 terminating
081110 010616 5145 INFO dfs.DataNode$PacketResponder: PacketResponder 0 for block blk_8157719220471133011 terminating
081110 010616 5147 INFO dfs.DataNode$PacketResponder: PacketResponder 1 for block blk_9029882790270379092 terminating
081110 010616 5165 INFO dfs.DataNode$PacketResponder: PacketResponder 0 for block blk_9029882790270379092 terminating
081110 010616 5190 INFO dfs.DataNode$PacketResponder: PacketResponder 0 for block blk_7116380700186013243 terminating
081110 010616 5221 INFO dfs.DataNode$PacketResponder: PacketResponder 2 for block blk_-4178373556437388587 terminating
081110 010617 4911 INFO dfs.DataNode$PacketResponder: PacketResponder 2 for block blk_6067676496840073236 terminating
081110 010617 4990 INFO dfs.DataNode$PacketResponder: PacketResponder 0 for block blk_-2520922121639338808 terminating
081110 010617 4992 INFO dfs.DataNode$PacketResponder: PacketResponder 1 for block blk_2532845820819127947 terminating
081110 010617 5010 INFO dfs.DataNode$PacketResponder: PacketResponder 1 for block blk_-7361096483111383924 terminating
081110 010617 5016 INFO dfs.DataNode$PacketResponder: PacketResponder 2 for block blk_2532845820819127947 terminating
081110 010617 5030 INFO dfs.DataNode$PacketResponder: PacketResponder 2 for block blk_-9091807792250230398 terminating
081110 010617 5037 INFO dfs.DataNode$PacketResponder: PacketResponder 1 for block blk_-4459949371159446005 terminating
081110 010617 5039 INFO dfs.DataNode$PacketResponder: PacketResponder 1 for block blk_-9091807792250230398 terminating
081110 010617 5057 INFO dfs.DataNode$PacketResponder: PacketResponder 1 for block blk_-3433831457475999334 terminating
081110 010617 5059 INFO dfs.DataNode$PacketResponder: PacketResponder 0 for block blk_-3214788928396151646 terminating
081110 010617 5063 INFO dfs.DataNode$PacketResponder: PacketResponder 2 for block blk_8094142762873440164 terminating
081110 010617 5087 INFO dfs.DataNode$PacketResponder: PacketResponder 1 for block blk_3275340719672360231 terminating
081110 010617 5095 INFO dfs.DataNode$PacketResponder: PacketResponder 0 for block blk_-9091807792250230398 terminating
081110 010617 5102 INFO dfs.DataNode$PacketResponder: PacketResponder 0 for block blk_-7361096483111383924 terminating
081110 010617 5125 INFO dfs.DataNode$PacketResponder: PacketResponder 2 for block blk_1775916745086167685 terminating
081110 010617 5125 INFO dfs.DataNode$PacketResponder: PacketResponder 2 for block blk_3275340719672360231 terminating
081110 010617 5141 INFO dfs.DataNode$PacketResponder: PacketResponder 2 for block blk_-4459949371159446005 terminating
081110 010617 5143 INFO dfs.DataNode$PacketResponder: PacketResponder 0 for block blk_2532845820819127947 terminating
081110 010617 5151 INFO dfs.DataNode$PacketResponder: PacketResponder 0 for block blk_-4459949371159446005 terminating
081110 010617 5155 INFO dfs.DataNode$PacketResponder: PacketResponder 0 for block blk_-3433831457475999334 terminating
081110 010617 5162 INFO dfs.DataNode$PacketResponder: PacketResponder 2 for block blk_-7361096483111383924 terminating
081110 010617 5164 INFO dfs.DataNode$PacketResponder: PacketResponder 0 for block blk_6067676496840073236 terminating
081110 010617 5182 INFO dfs.DataNode$PacketResponder: PacketResponder 1 for block blk_6067676496840073236 terminating
081110 010618 4846 INFO dfs.DataNode$PacketResponder: PacketResponder 2 for block blk_-3214788928396151646 terminating
081110 010618 4896 INFO dfs.DataNode$PacketResponder: PacketResponder 1 for block blk_4089811470513335066 terminating
081110 010618 4972 INFO dfs.DataNode$PacketResponder: PacketResponder 2 for block blk_5753137475691141291 terminating
081110 010618 4988 INFO dfs.DataNode$PacketResponder: PacketResponder 0 for block blk_3854243084456695047 terminating
081110 010618 5035 INFO dfs.DataNode$PacketResponder: PacketResponder 1 for block blk_-7846902495278727752 terminating
081110 010618 5074 INFO dfs.DataNode$PacketResponder: PacketResponder 1 for block blk_3854243084456695047 terminating
081110 010618 5091 INFO dfs.DataNode$PacketResponder: PacketResponder 0 for block blk_-7846902495278727752 terminating
081110 010618 5095 INFO dfs.DataNode$PacketResponder: PacketResponder 0 for block blk_-3893794036210150934 terminating
081110 010618 5096 INFO dfs.DataNode$PacketResponder: PacketResponder 2 for block blk_-2520922121639338808 terminating
081110 010618 5126 INFO dfs.DataNode$PacketResponder: PacketResponder 2 for block blk_-3433831457475999334 terminating
081110 010618 5126 INFO dfs.DataNode$PacketResponder: PacketResponder 2 for block blk_-7846902495278727752 terminating
081110 010618 5127 INFO dfs.DataNode$PacketResponder: PacketResponder 2 for block blk_-3893794036210150934 terminating
081110 010618 5130 INFO dfs.DataNode$PacketResponder: PacketResponder 0 for block blk_4089811470513335066 terminating
081110 010618 5139 INFO dfs.DataNode$PacketResponder: PacketResponder 1 for block blk_-2520922121639338808 terminating
081110 010618 5159 INFO dfs.DataNode$PacketResponder: PacketResponder 1 for block blk_-3214788928396151646 terminating
081110 010618 5189 INFO dfs.DataNode$PacketResponder: PacketResponder 2 for block blk_4089811470513335066 terminating
081110 010618 5194 INFO dfs.DataNode$PacketResponder: PacketResponder 1 for block blk_-3893794036210150934 terminating
081110 010618 5233 INFO dfs.DataNode$PacketResponder: PacketResponder 0 for block blk_2829279461457509217 terminating
081110 010619 3906 INFO dfs.DataNode$PacketResponder: PacketResponder 2 for block blk_4859229220152216225 terminating
081110 010619 4093 INFO dfs.DataNode$PacketResponder: PacketResponder 1 for block blk_4859229220152216225 terminating
081110 010619 4952 INFO dfs.DataNode$PacketResponder: PacketResponder 0 for block blk_5270335484585674956 terminating
081110 010619 4962 INFO dfs.DataNode$PacketResponder: PacketResponder 2 for block blk_4208215311781425298 terminating
081110 010619 4963 INFO dfs.DataNode$PacketResponder: PacketResponder 0 for block blk_7288617765452659513 terminating
081110 010619 4970 INFO dfs.DataNode$PacketResponder: PacketResponder 1 for block blk_4208215311781425298 terminating
081110 010619 5014 INFO dfs.DataNode$PacketResponder: PacketResponder 1 for block blk_2020948116905682324 terminating
081110 010619 5056 INFO dfs.DataNode$PacketResponder: PacketResponder 0 for block blk_4859229220152216225 terminating
081110 010619 5056 INFO dfs.DataNode$PacketResponder: PacketResponder 2 for block blk_2829279461457509217 terminating
081110 010619 5059 INFO dfs.DataNode$PacketResponder: PacketResponder 0 for block blk_2020948116905682324 terminating
081110 010619 5059 INFO dfs.DataNode$PacketResponder: PacketResponder 2 for block blk_2020948116905682324 terminating
081110 010619 5064 INFO dfs.DataNode$PacketResponder: PacketResponder 1 for block blk_7288617765452659513 terminating
081110 010619 5082 INFO dfs.DataNode$PacketResponder: PacketResponder 0 for block blk_4208215311781425298 terminating
081110 010619 5085 INFO dfs.DataNode$PacketResponder: PacketResponder 2 for block blk_3854243084456695047 terminating
081110 010619 5094 INFO dfs.DataNode$PacketResponder: PacketResponder 2 for block blk_-4231527184229865143 terminating
081110 010619 5100 INFO dfs.DataNode$PacketResponder: PacketResponder 2 for block blk_7288617765452659513 terminating
081110 010619 5107 INFO dfs.DataNode$PacketResponder: PacketResponder 1 for block blk_-8878739690818527390 terminating
081110 010619 5113 INFO dfs.DataNode$PacketResponder: PacketResponder 0 for block blk_-8878739690818527390 terminating
081110 010619 5141 INFO dfs.DataNode$PacketResponder: PacketResponder 1 for block blk_-5305180283134398437 terminating
081110 010619 5151 INFO dfs.DataNode$PacketResponder: PacketResponder 1 for block blk_2829279461457509217 terminating
081110 010619 5170 INFO dfs.DataNode$PacketResponder: PacketResponder 1 for block blk_-4231527184229865143 terminating
081110 010619 5213 INFO dfs.DataNode$PacketResponder: PacketResponder 0 for block blk_-4231527184229865143 terminating
081110 010619 5223 INFO dfs.DataNode$PacketResponder: PacketResponder 1 for block blk_5270335484585674956 terminating
081110 010620 4818 INFO dfs.DataNode$PacketResponder: PacketResponder 1 for block blk_8172913637581812026 terminating
081110 010620 4971 INFO dfs.DataNode$PacketResponder: PacketResponder 0 for block blk_8172913637581812026 terminating
081110 010620 4974 INFO dfs.DataNode$PacketResponder: PacketResponder 0 for block blk_2805472884785586925 terminating
081110 010620 4990 INFO dfs.DataNode$PacketResponder: PacketResponder 0 for block blk_5406699201634935391 terminating
081110 010620 5022 INFO dfs.DataNode$PacketResponder: PacketResponder 1 for block blk_3549803034675291876 terminating
081110 010620 5046 INFO dfs.DataNode$PacketResponder: PacketResponder 0 for block blk_3549803034675291876 terminating
081110 010620 5055 INFO dfs.DataNode$PacketResponder: PacketResponder 2 for block blk_6218678208566210319 terminating
081110 010620 5058 INFO dfs.DataNode$PacketResponder: PacketResponder 0 for block blk_8325344528158067368 terminating
081110 010620 5060 INFO dfs.DataNode$PacketResponder: PacketResponder 0 for block blk_47046138427282742 terminating
081110 010620 5062 INFO dfs.DataNode$PacketResponder: PacketResponder 2 for block blk_-8878739690818527390 terminating
081110 010620 5064 INFO dfs.DataNode$PacketResponder: PacketResponder 2 for block blk_47046138427282742 terminating
081110 010620 5078 INFO dfs.DataNode$PacketResponder: PacketResponder 2 for block blk_-5343339841791389243 terminating
081110 010620 5086 INFO dfs.DataNode$PacketResponder: PacketResponder 1 for block blk_47046138427282742 terminating
081110 010620 5090 INFO dfs.DataNode$PacketResponder: PacketResponder 2 for block blk_5270335484585674956 terminating
081110 010620 5095 INFO dfs.DataNode$PacketResponder: PacketResponder 0 for block blk_-7369011789107600653 terminating
081110 010620 5097 INFO dfs.DataNode$PacketResponder: PacketResponder 1 for block blk_8325344528158067368 terminating
081110 010620 5115 INFO dfs.DataNode$PacketResponder: PacketResponder 2 for block blk_-5305180283134398437 terminating
081110 010620 5120 INFO dfs.DataNode$PacketResponder: PacketResponder 0 for block blk_-5343339841791389243 terminating
081110 010620 5122 INFO dfs.DataNode$PacketResponder: PacketResponder 2 for block blk_5406699201634935391 terminating
081110 010620 5126 INFO dfs.DataNode$PacketResponder: PacketResponder 0 for block blk_6218678208566210319 terminating
081110 010620 5138 INFO dfs.DataNode$PacketResponder: PacketResponder 1 for block blk_-7369011789107600653 terminating
081110 010620 5139 INFO dfs.DataNode$PacketResponder: PacketResponder 2 for block blk_3549803034675291876 terminating
081110 010620 5167 INFO dfs.DataNode$PacketResponder: PacketResponder 2 for block blk_8172913637581812026 terminating
081110 010620 5175 INFO dfs.DataNode$PacketResponder: PacketResponder 1 for block blk_2805472884785586925 terminating
081110 010620 5190 INFO dfs.DataNode$PacketResponder: PacketResponder 2 for block blk_2805472884785586925 terminating
081110 010620 5192 INFO dfs.DataNode$PacketResponder: PacketResponder 2 for block blk_8325344528158067368 terminating
081110 010620 5197 INFO dfs.DataNode$PacketResponder: PacketResponder 0 for block blk_-5305180283134398437 terminating
081110 010620 5203 INFO dfs.DataNode$PacketResponder: PacketResponder 1 for block blk_-5343339841791389243 terminating
081110 010620 5230 INFO dfs.DataNode$PacketResponder: PacketResponder 1 for block blk_5406699201634935391 terminating
081110 010621 4796 INFO dfs.DataNode$PacketResponder: PacketResponder 0 for block blk_-4640329815040907488 terminating
081110 010621 4898 INFO dfs.DataNode$PacketResponder: PacketResponder 2 for block blk_5765202830870591656 terminating
081110 010621 4986 INFO dfs.DataNode$PacketResponder: PacketResponder 1 for block blk_-5308272071024817634 terminating
081110 010621 4996 INFO dfs.DataNode$PacketResponder: PacketResponder 1 for block blk_8940669775389041167 terminating
081110 010621 5022 INFO dfs.DataNode$PacketResponder: PacketResponder 0 for block blk_-6224800873714417710 terminating
081110 010621 5051 INFO dfs.DataNode$PacketResponder: PacketResponder 0 for block blk_8940669775389041167 terminating
081110 010621 5056 INFO dfs.DataNode$PacketResponder: PacketResponder 0 for block blk_8158318303923072851 terminating
081110 010621 5080 INFO dfs.DataNode$PacketResponder: PacketResponder 0 for block blk_-6627463543964019469 terminating
081110 010621 5082 INFO dfs.DataNode$PacketResponder: PacketResponder 1 for block blk_-4640329815040907488 terminating
081110 010621 5089 INFO dfs.DataNode$PacketResponder: PacketResponder 1 for block blk_6547973882611496274 terminating
081110 010621 5089 INFO dfs.DataNode$PacketResponder: PacketResponder 2 for block blk_-5308272071024817634 terminating
081110 010621 5093 INFO dfs.DataNode$PacketResponder: PacketResponder 2 for block blk_8940669775389041167 terminating
081110 010621 5094 INFO dfs.DataNode$PacketResponder: PacketResponder 2 for block blk_8158318303923072851 terminating
081110 010621 5095 INFO dfs.DataNode$PacketResponder: PacketResponder 0 for block blk_5765202830870591656 terminating
081110 010621 5111 INFO dfs.DataNode$PacketResponder: PacketResponder 0 for block blk_-5308272071024817634 terminating
081110 010621 5122 INFO dfs.DataNode$PacketResponder: PacketResponder 0 for block blk_6547973882611496274 terminating
081110 010621 5122 INFO dfs.DataNode$PacketResponder: PacketResponder 1 for block blk_8158318303923072851 terminating
081110 010621 5132 INFO dfs.DataNode$PacketResponder: PacketResponder 1 for block blk_5765202830870591656 terminating
081110 010621 5133 INFO dfs.DataNode$PacketResponder: PacketResponder 1 for block blk_6218678208566210319 terminating
081110 010621 5137 INFO dfs.DataNode$PacketResponder: PacketResponder 2 for block blk_-4640329815040907488 terminating
081110 010621 5143 INFO dfs.DataNode$PacketResponder: PacketResponder 1 for block blk_-5667058355995550120 terminating
081110 010621 5153 INFO dfs.DataNode$PacketResponder: PacketResponder 1 for block blk_-6224800873714417710 terminating
081110 010621 5159 INFO dfs.DataNode$PacketResponder: PacketResponder 2 for block blk_-7369011789107600653 terminating
081110 010621 5165 INFO dfs.DataNode$PacketResponder: PacketResponder 0 for block blk_-5667058355995550120 terminating
081110 010621 5228 INFO dfs.DataNode$PacketResponder: PacketResponder 2 for block blk_6547973882611496274 terminating
081110 010621 5235 INFO dfs.DataNode$PacketResponder: PacketResponder 1 for block blk_-6627463543964019469 terminating
081110 010622 3912 INFO dfs.DataNode$PacketResponder: PacketResponder 1 for block blk_-3700769436165352498 terminating
081110 010622 4089 INFO dfs.DataNode$PacketResponder: PacketResponder 1 for block blk_487685815445603173 terminating
081110 010622 4902 INFO dfs.DataNode$PacketResponder: PacketResponder 0 for block blk_2128597837615985833 terminating
081110 010622 4915 INFO dfs.DataNode$PacketResponder: PacketResponder 1 for block blk_-9188748700478494157 terminating
081110 010622 4921 INFO dfs.DataNode$PacketResponder: PacketResponder 0 for block blk_-3700769436165352498 terminating
081110 010622 4948 INFO dfs.DataNode$PacketResponder: PacketResponder 0 for block blk_487685815445603173 terminating
081110 010622 4955 INFO dfs.DataNode$PacketResponder: PacketResponder 2 for block blk_-3700769436165352498 terminating
081110 010622 4992 INFO dfs.DataNode$PacketResponder: PacketResponder 1 for block blk_-3239523371099766407 terminating
081110 010622 4996 INFO dfs.DataNode$PacketResponder: PacketResponder 2 for block blk_-6627463543964019469 terminating
081110 010622 5031 INFO dfs.DataNode$PacketResponder: PacketResponder 0 for block blk_8918894928330261056 terminating
081110 010622 5033 INFO dfs.DataNode$PacketResponder: PacketResponder 2 for block blk_1533790672670244714 terminating
081110 010622 5041 INFO dfs.DataNode$PacketResponder: PacketResponder 0 for block blk_-769348953940265733 terminating
081110 010622 5047 INFO dfs.DataNode$PacketResponder: PacketResponder 1 for block blk_2128597837615985833 terminating
081110 010622 5064 INFO dfs.DataNode$PacketResponder: PacketResponder 1 for block blk_-3089781453745410514 terminating
081110 010622 5068 INFO dfs.DataNode$PacketResponder: PacketResponder 2 for block blk_-5667058355995550120 terminating
081110 010622 5071 INFO dfs.DataNode$PacketResponder: PacketResponder 2 for block blk_2128597837615985833 terminating
081110 010622 5081 INFO dfs.DataNode$PacketResponder: PacketResponder 2 for block blk_-6224800873714417710 terminating
081110 010622 5082 INFO dfs.DataNode$PacketResponder: PacketResponder 0 for block blk_-3239523371099766407 terminating
081110 010622 5085 INFO dfs.DataNode$PacketResponder: PacketResponder 0 for block blk_-1861736611437458808 terminating
081110 010622 5100 INFO dfs.DataNode$PacketResponder: PacketResponder 2 for block blk_487685815445603173 terminating
081110 010622 5110 INFO dfs.DataNode$PacketResponder: PacketResponder 1 for block blk_8918894928330261056 terminating
081110 010622 5111 INFO dfs.DataNode$PacketResponder: PacketResponder 0 for block blk_-3089781453745410514 terminating
081110 010622 5111 INFO dfs.DataNode$PacketResponder: PacketResponder 0 for block blk_-9188748700478494157 terminating
081110 010622 5131 INFO dfs.DataNode$PacketResponder: PacketResponder 1 for block blk_1533790672670244714 terminating
081110 010622 5134 INFO dfs.DataNode$PacketResponder: PacketResponder 0 for block blk_-1740230210323695455 terminating
081110 010622 5153 INFO dfs.DataNode$PacketResponder: PacketResponder 2 for block blk_-769348953940265733 terminating
081110 010622 5162 INFO dfs.DataNode$PacketResponder: PacketResponder 1 for block blk_-1740230210323695455 terminating
081110 010622 5167 INFO dfs.DataNode$PacketResponder: PacketResponder 2 for block blk_-1740230210323695455 terminating
081110 010622 5168 INFO dfs.DataNode$PacketResponder: PacketResponder 2 for block blk_-3239523371099766407 terminating
081110 010622 5188 INFO dfs.DataNode$PacketResponder: PacketResponder 2 for block blk_-3089781453745410514 terminating
081110 010622 5197 INFO dfs.DataNode$PacketResponder: PacketResponder 2 for block blk_-9188748700478494157 terminating
081110 010622 5203 INFO dfs.DataNode$PacketResponder: PacketResponder 1 for block blk_-769348953940265733 terminating
081110 010622 5232 INFO dfs.DataNode$PacketResponder: PacketResponder 2 for block blk_8918894928330261056 terminating
081110 010622 5245 INFO dfs.DataNode$PacketResponder: PacketResponder 0 for block blk_1533790672670244714 terminating
081110 010623 4934 INFO dfs.DataNode$PacketResponder: PacketResponder 1 for block blk_-97757873877072525 terminating
081110 010623 4953 INFO dfs.DataNode$PacketResponder: PacketResponder 0 for block blk_5168370820017187828 terminating
081110 010623 4977 INFO dfs.DataNode$PacketResponder: PacketResponder 2 for block blk_6729329976246541347 terminating
081110 010623 4990 INFO dfs.DataNode$PacketResponder: PacketResponder 1 for block blk_-3856614833695935460 terminating
081110 010623 4993 INFO dfs.DataNode$PacketResponder: PacketResponder 1 for block blk_-8726966497154398734 terminating
081110 010623 5076 INFO dfs.DataNode$PacketResponder: PacketResponder 0 for block blk_-3545176844690173775 terminating
081110 010623 5079 INFO dfs.DataNode$PacketResponder: PacketResponder 1 for block blk_8481376101811304379 terminating
081110 010623 5081 INFO dfs.DataNode$PacketResponder: PacketResponder 2 for block blk_-3856614833695935460 terminating
081110 010623 5082 INFO dfs.DataNode$PacketResponder: PacketResponder 2 for block blk_-1861736611437458808 terminating
081110 010623 5089 INFO dfs.DataNode$PacketResponder: PacketResponder 1 for block blk_-1861736611437458808 terminating
081110 010623 5099 INFO dfs.DataNode$PacketResponder: PacketResponder 2 for block blk_-3231063509819014226 terminating
081110 010623 5101 INFO dfs.DataNode$PacketResponder: PacketResponder 1 for block blk_-3231063509819014226 terminating
081110 010623 5109 INFO dfs.DataNode$PacketResponder: PacketResponder 1 for block blk_-3545176844690173775 terminating
081110 010623 5120 INFO dfs.DataNode$PacketResponder: PacketResponder 2 for block blk_3538116030392262115 terminating
081110 010623 5121 INFO dfs.DataNode$PacketResponder: PacketResponder 0 for block blk_7654324443485267873 terminating
081110 010623 5126 INFO dfs.DataNode$PacketResponder: PacketResponder 0 for block blk_-7827052945399299655 terminating
081110 010623 5128 INFO dfs.DataNode$PacketResponder: PacketResponder 0 for block blk_8481376101811304379 terminating
081110 010623 5128 INFO dfs.DataNode$PacketResponder: PacketResponder 2 for block blk_-3545176844690173775 terminating
081110 010623 5128 INFO dfs.DataNode$PacketResponder: PacketResponder 2 for block blk_-7827052945399299655 terminating
081110 010623 5129 INFO dfs.DataNode$PacketResponder: PacketResponder 0 for block blk_-97757873877072525 terminating
081110 010623 5134 INFO dfs.DataNode$PacketResponder: PacketResponder 2 for block blk_8481376101811304379 terminating
081110 010623 5136 INFO dfs.DataNode$PacketResponder: PacketResponder 1 for block blk_5168370820017187828 terminating
081110 010623 5138 INFO dfs.DataNode$PacketResponder: PacketResponder 1 for block blk_6729329976246541347 terminating
081110 010623 5141 INFO dfs.DataNode$PacketResponder: PacketResponder 0 for block blk_6729329976246541347 terminating
081110 010623 5142 INFO dfs.DataNode$DataXceiver: writeBlock blk_-2891376336168617787 received exception java.io.IOException: Could not read from stream
081110 010623 5143 INFO dfs.DataNode$PacketResponder: PacketResponder 1 for block blk_3538116030392262115 terminating
081110 010623 5145 INFO dfs.DataNode$PacketResponder: PacketResponder 1 for block blk_1319924668121445300 terminating
081110 010623 5147 INFO dfs.DataNode$PacketResponder: PacketResponder 0 for block blk_-3231063509819014226 terminating
081110 010623 5164 INFO dfs.DataNode$PacketResponder: PacketResponder 1 for block blk_-7827052945399299655 terminating
081110 010623 5170 INFO dfs.DataNode$PacketResponder: PacketResponder 1 for block blk_7654324443485267873 terminating
081110 010623 5172 INFO dfs.DataNode$PacketResponder: PacketResponder 0 for block blk_-3856614833695935460 terminating
081110 010623 5178 INFO dfs.DataNode$PacketResponder: PacketResponder 0 for block blk_3538116030392262115 terminating
081110 010623 5184 INFO dfs.DataNode$PacketResponder: PacketResponder 0 for block blk_-8726966497154398734 terminating
081110 010623 5196 INFO dfs.DataNode$PacketResponder: PacketResponder 2 for block blk_-97757873877072525 terminating
081110 010623 5215 INFO dfs.DataNode$PacketResponder: PacketResponder 0 for block blk_1319924668121445300 terminating
081110 010623 5250 INFO dfs.DataNode$PacketResponder: PacketResponder 2 for block blk_-8726966497154398734 terminating
081110 010623 5261 INFO dfs.DataNode$PacketResponder: PacketResponder 2 for block blk_5168370820017187828 terminating
081110 010624 4900 INFO dfs.DataNode$PacketResponder: PacketResponder 2 for block blk_1319924668121445300 terminating
081110 010624 4919 INFO dfs.DataNode$PacketResponder: PacketResponder 2 for block blk_-4688801409166746638 terminating
081110 010624 4928 INFO dfs.DataNode$PacketResponder: PacketResponder 2 for block blk_-6619335369072361150 terminating
081110 010624 4932 INFO dfs.DataNode$PacketResponder: PacketResponder 1 for block blk_4495936922318214131 terminating
081110 010624 4964 INFO dfs.DataNode$PacketResponder: PacketResponder 0 for block blk_-7198020399097147419 terminating
081110 010624 5009 INFO dfs.DataNode$PacketResponder: PacketResponder 2 for block blk_7654324443485267873 terminating
081110 010624 5019 INFO dfs.DataNode$PacketResponder: PacketResponder 1 for block blk_-7198020399097147419 terminating
081110 010624 5053 INFO dfs.DataNode$PacketResponder: PacketResponder 1 for block blk_-8293380733950840180 terminating
081110 010624 5067 INFO dfs.DataNode$PacketResponder: PacketResponder 0 for block blk_-4688801409166746638 terminating
081110 010624 5078 INFO dfs.DataNode$PacketResponder: PacketResponder 0 for block blk_4495936922318214131 terminating
081110 010624 5084 INFO dfs.DataNode$PacketResponder: PacketResponder 0 for block blk_-6619335369072361150 terminating
081110 010624 5084 INFO dfs.DataNode$PacketResponder: PacketResponder 1 for block blk_-6619335369072361150 terminating
081110 010624 5093 INFO dfs.DataNode$PacketResponder: PacketResponder 1 for block blk_2829016933870615655 terminating
081110 010624 5105 INFO dfs.DataNode$PacketResponder: PacketResponder 1 for block blk_1339996074961437501 terminating
081110 010624 5113 INFO dfs.DataNode$PacketResponder: PacketResponder 2 for block blk_1339996074961437501 terminating
081110 010624 5117 INFO dfs.DataNode$PacketResponder: PacketResponder 0 for block blk_2829016933870615655 terminating
081110 010624 5132 INFO dfs.DataNode$PacketResponder: PacketResponder 2 for block blk_2829016933870615655 terminating
081110 010624 5141 INFO dfs.DataNode$PacketResponder: PacketResponder 1 for block blk_-4781274549099938922 terminating
081110 010624 5155 INFO dfs.DataNode$PacketResponder: PacketResponder 1 for block blk_-4688801409166746638 terminating
081110 010624 5161 INFO dfs.DataNode$PacketResponder: PacketResponder 0 for block blk_-8293380733950840180 terminating
081110 010624 5207 INFO dfs.DataNode$PacketResponder: PacketResponder 2 for block blk_-4781274549099938922 terminating
081110 010624 5211 INFO dfs.DataNode$PacketResponder: PacketResponder 0 for block blk_-4781274549099938922 terminating
081110 010624 5214 INFO dfs.DataNode$PacketResponder: PacketResponder 2 for block blk_-7198020399097147419 terminating
081110 010624 5269 INFO dfs.DataNode$PacketResponder: PacketResponder 0 for block blk_1339996074961437501 terminating
081110 010625 4924 INFO dfs.DataNode$PacketResponder: PacketResponder 0 for block blk_-9093468526317584367 terminating
081110 010625 4966 INFO dfs.DataNode$PacketResponder: PacketResponder 2 for block blk_4495936922318214131 terminating
081110 010625 4990 INFO dfs.DataNode$PacketResponder: PacketResponder 1 for block blk_1519324845693407300 terminating
081110 010625 4995 INFO dfs.DataNode$PacketResponder: PacketResponder 0 for block blk_1519324845693407300 terminating
081110 010625 5000 INFO dfs.DataNode$PacketResponder: PacketResponder 2 for block blk_6002523843557792723 terminating
081110 010625 5018 INFO dfs.DataNode$PacketResponder: PacketResponder 1 for block blk_-7607071772778731823 terminating
081110 010625 5021 INFO dfs.DataNode$PacketResponder: PacketResponder 2 for block blk_-3931651194594139708 terminating
081110 010625 5031 INFO dfs.DataNode$PacketResponder: PacketResponder 2 for block blk_-2117408696441145202 terminating
081110 010625 5035 INFO dfs.DataNode$PacketResponder: PacketResponder 2 for block blk_-1501734481187673819 terminating
081110 010625 5050 INFO dfs.DataNode$PacketResponder: PacketResponder 2 for block blk_1519324845693407300 terminating
081110 010625 5053 INFO dfs.DataNode$PacketResponder: PacketResponder 1 for block blk_6002523843557792723 terminating
081110 010625 5058 INFO dfs.DataNode$PacketResponder: PacketResponder 0 for block blk_-7607071772778731823 terminating
081110 010625 5062 INFO dfs.DataNode$PacketResponder: PacketResponder 0 for block blk_-5777119740320380068 terminating
081110 010625 5066 INFO dfs.DataNode$PacketResponder: PacketResponder 0 for block blk_-1501734481187673819 terminating
081110 010625 5070 INFO dfs.DataNode$PacketResponder: PacketResponder 2 for block blk_-5777119740320380068 terminating
081110 010625 5086 INFO dfs.DataNode$PacketResponder: PacketResponder 0 for block blk_-2312329801434874184 terminating
081110 010625 5116 INFO dfs.DataNode$PacketResponder: PacketResponder 1 for block blk_-9093468526317584367 terminating
081110 010625 5119 INFO dfs.DataNode$PacketResponder: PacketResponder 2 for block blk_-8293380733950840180 terminating
081110 010625 5122 INFO dfs.DataNode$PacketResponder: PacketResponder 2 for block blk_-9093468526317584367 terminating
081110 010625 5123 INFO dfs.DataNode$PacketResponder: PacketResponder 1 for block blk_-901100802922141942 terminating
081110 010625 5129 INFO dfs.DataNode$PacketResponder: PacketResponder 1 for block blk_-5777119740320380068 terminating
081110 010625 5132 INFO dfs.DataNode$PacketResponder: PacketResponder 1 for block blk_-1501734481187673819 terminating
081110 010625 5137 INFO dfs.DataNode$PacketResponder: PacketResponder 2 for block blk_-901100802922141942 terminating
081110 010625 5139 INFO dfs.DataNode$PacketResponder: PacketResponder 0 for block blk_-901100802922141942 terminating
081110 010625 5141 INFO dfs.DataNode$PacketResponder: PacketResponder 0 for block blk_-2117408696441145202 terminating
081110 010625 5142 INFO dfs.DataNode$PacketResponder: PacketResponder 0 for block blk_6002523843557792723 terminating
081110 010625 5142 INFO dfs.DataNode$PacketResponder: PacketResponder 1 for block blk_-2117408696441145202 terminating
081110 010625 5155 INFO dfs.DataNode$PacketResponder: PacketResponder 1 for block blk_-3931651194594139708 terminating
081110 010625 5156 INFO dfs.DataNode$PacketResponder: PacketResponder 2 for block blk_4478425085981905687 terminating
081110 010625 5171 INFO dfs.DataNode$PacketResponder: PacketResponder 1 for block blk_4478425085981905687 terminating
081110 010625 5180 INFO dfs.DataNode$PacketResponder: PacketResponder 0 for block blk_4478425085981905687 terminating
081110 010625 5194 INFO dfs.DataNode$PacketResponder: PacketResponder 2 for block blk_-8039877317535905776 terminating
081110 010625 5251 INFO dfs.DataNode$PacketResponder: PacketResponder 0 for block blk_-3931651194594139708 terminating
081110 010625 5265 INFO dfs.DataNode$PacketResponder: PacketResponder 1 for block blk_-8039877317535905776 terminating
081110 010626 4906 INFO dfs.DataNode$PacketResponder: PacketResponder 1 for block blk_27747234345603254 terminating
081110 010626 5034 INFO dfs.DataNode$PacketResponder: PacketResponder 0 for block blk_27747234345603254 terminating
081110 010626 5052 INFO dfs.DataNode$PacketResponder: PacketResponder 0 for block blk_-8282931736471649267 terminating
081110 010626 5066 INFO dfs.DataNode$PacketResponder: PacketResponder 0 for block blk_604027660548031359 terminating
081110 010626 5073 INFO dfs.DataNode$PacketResponder: PacketResponder 1 for block blk_-8282931736471649267 terminating
081110 010626 5075 INFO dfs.DataNode$PacketResponder: PacketResponder 2 for block blk_6923599327824667237 terminating
081110 010626 5098 INFO dfs.DataNode$PacketResponder: PacketResponder 2 for block blk_604027660548031359 terminating
081110 010626 5099 INFO dfs.DataNode$PacketResponder: PacketResponder 2 for block blk_-8282931736471649267 terminating
081110 010626 5104 INFO dfs.DataNode$PacketResponder: PacketResponder 0 for block blk_-8039877317535905776 terminating
081110 010626 5107 INFO dfs.DataNode$PacketResponder: PacketResponder 1 for block blk_-2312329801434874184 terminating
081110 010626 5111 INFO dfs.DataNode$PacketResponder: PacketResponder 0 for block blk_6923599327824667237 terminating
081110 010626 5117 INFO dfs.DataNode$PacketResponder: PacketResponder 0 for block blk_6254743716642832107 terminating
081110 010626 5125 INFO dfs.DataNode$PacketResponder: PacketResponder 2 for block blk_-2312329801434874184 terminating
081110 010626 5148 INFO dfs.DataNode$PacketResponder: PacketResponder 2 for block blk_27747234345603254 terminating
081110 010626 5149 INFO dfs.DataNode$PacketResponder: PacketResponder 1 for block blk_6923599327824667237 terminating
081110 010626 5151 INFO dfs.DataNode$PacketResponder: PacketResponder 1 for block blk_604027660548031359 terminating
081110 010626 5182 INFO dfs.DataNode$DataXceiver: writeBlock blk_-4132095264345662344 received exception java.io.IOException: Could not read from stream
081110 010626 5209 INFO dfs.DataNode$PacketResponder: PacketResponder 2 for block blk_-7607071772778731823 terminating
081110 010627 4967 INFO dfs.DataNode$PacketResponder: PacketResponder 0 for block blk_-1995854847489704892 terminating
081110 010627 4986 INFO dfs.DataNode$PacketResponder: PacketResponder 0 for block blk_-1557995962585411923 terminating
081110 010627 4988 INFO dfs.DataNode$PacketResponder: PacketResponder 0 for block blk_-2724709343658656176 terminating
081110 010627 5002 INFO dfs.DataNode$PacketResponder: PacketResponder 1 for block blk_-178200493941493102 terminating
081110 010627 5014 INFO dfs.DataNode$PacketResponder: PacketResponder 1 for block blk_5476695219281292400 terminating
081110 010627 5031 INFO dfs.DataNode$PacketResponder: PacketResponder 1 for block blk_-1557995962585411923 terminating
081110 010627 5068 INFO dfs.DataNode$PacketResponder: PacketResponder 2 for block blk_4437393741996054554 terminating
081110 010627 5079 INFO dfs.DataNode$PacketResponder: PacketResponder 0 for block blk_3491390230289270403 terminating
081110 010627 5080 INFO dfs.DataNode$PacketResponder: PacketResponder 0 for block blk_-5891047092144859442 terminating
081110 010627 5080 INFO dfs.DataNode$PacketResponder: PacketResponder 1 for block blk_-1995854847489704892 terminating
081110 010627 5084 INFO dfs.DataNode$PacketResponder: PacketResponder 2 for block blk_-178200493941493102 terminating
081110 010627 5097 INFO dfs.DataNode$PacketResponder: PacketResponder 0 for block blk_-8165704237083911825 terminating
081110 010627 5102 INFO dfs.DataNode$PacketResponder: PacketResponder 0 for block blk_-178200493941493102 terminating
081110 010627 5115 INFO dfs.DataNode$PacketResponder: PacketResponder 2 for block blk_8899475640091918727 terminating
081110 010627 5120 INFO dfs.DataNode$PacketResponder: PacketResponder 1 for block blk_6254743716642832107 terminating
081110 010627 5125 INFO dfs.DataNode$PacketResponder: PacketResponder 2 for block blk_-1557995962585411923 terminating
081110 010627 5127 INFO dfs.DataNode$PacketResponder: PacketResponder 2 for block blk_5476695219281292400 terminating
081110 010627 5130 INFO dfs.DataNode$PacketResponder: PacketResponder 1 for block blk_-8165704237083911825 terminating
081110 010627 5132 INFO dfs.DataNode$PacketResponder: PacketResponder 0 for block blk_8899475640091918727 terminating
081110 010627 5141 INFO dfs.DataNode$PacketResponder: PacketResponder 0 for block blk_5476695219281292400 terminating
081110 010627 5147 INFO dfs.DataNode$PacketResponder: PacketResponder 2 for block blk_-8165704237083911825 terminating
081110 010627 5149 INFO dfs.DataNode$PacketResponder: PacketResponder 0 for block blk_4437393741996054554 terminating
081110 010627 5149 INFO dfs.DataNode$PacketResponder: PacketResponder 2 for block blk_-1995854847489704892 terminating
081110 010627 5159 INFO dfs.DataNode$PacketResponder: PacketResponder 2 for block blk_3491390230289270403 terminating
081110 010627 5191 INFO dfs.DataNode$PacketResponder: PacketResponder 2 for block blk_6254743716642832107 terminating
081110 010627 5209 INFO dfs.DataNode$PacketResponder: PacketResponder 2 for block blk_-2724709343658656176 terminating
081110 010627 5217 INFO dfs.DataNode$PacketResponder: PacketResponder 1 for block blk_4437393741996054554 terminating
081110 010627 5217 INFO dfs.DataNode$PacketResponder: PacketResponder 1 for block blk_8899475640091918727 terminating
081110 010627 5226 INFO dfs.DataNode$PacketResponder: PacketResponder 1 for block blk_-2724709343658656176 terminating
081110 010627 5235 INFO dfs.DataNode$PacketResponder: PacketResponder 1 for block blk_-5891047092144859442 terminating
081110 010627 5236 INFO dfs.DataNode$PacketResponder: PacketResponder 1 for block blk_3491390230289270403 terminating
081110 010628 4910 INFO dfs.DataNode$PacketResponder: PacketResponder 1 for block blk_6531693996318327826 terminating
081110 010628 4965 INFO dfs.DataNode$PacketResponder: PacketResponder 0 for block blk_1277262362960520265 terminating
081110 010628 4973 INFO dfs.DataNode$PacketResponder: PacketResponder 2 for block blk_-5891047092144859442 terminating
081110 010628 5000 INFO dfs.DataNode$PacketResponder: PacketResponder 0 for block blk_-5701729046098735469 terminating
081110 010628 5024 INFO dfs.DataNode$PacketResponder: PacketResponder 2 for block blk_1277262362960520265 terminating
081110 010628 5039 INFO dfs.DataNode$PacketResponder: PacketResponder 0 for block blk_-6299092939258663181 terminating
081110 010628 5067 INFO dfs.DataNode$PacketResponder: PacketResponder 2 for block blk_6531693996318327826 terminating
081110 010628 5091 INFO dfs.DataNode$PacketResponder: PacketResponder 2 for block blk_1249226229169253473 terminating
081110 010628 5096 INFO dfs.DataNode$PacketResponder: PacketResponder 2 for block blk_-1902378802027402628 terminating
081110 010628 5102 INFO dfs.DataNode$PacketResponder: PacketResponder 0 for block blk_-1902378802027402628 terminating
081110 010628 5109 INFO dfs.DataNode$PacketResponder: PacketResponder 0 for block blk_5056525440629375068 terminating
081110 010628 5124 INFO dfs.DataNode$PacketResponder: PacketResponder 0 for block blk_1249226229169253473 terminating
081110 010628 5127 INFO dfs.DataNode$PacketResponder: PacketResponder 1 for block blk_1277262362960520265 terminating
081110 010628 5132 INFO dfs.DataNode$PacketResponder: PacketResponder 2 for block blk_4460699252322915135 terminating
081110 010628 5157 INFO dfs.DataNode$PacketResponder: PacketResponder 2 for block blk_-6299092939258663181 terminating
081110 010628 5166 INFO dfs.DataNode$PacketResponder: PacketResponder 1 for block blk_4460699252322915135 terminating
081110 010628 5177 INFO dfs.DataNode$PacketResponder: PacketResponder 1 for block blk_5056525440629375068 terminating
081110 010628 5195 INFO dfs.DataNode$PacketResponder: PacketResponder 0 for block blk_4460699252322915135 terminating
081110 010628 5196 INFO dfs.DataNode$PacketResponder: PacketResponder 2 for block blk_5056525440629375068 terminating
081110 010628 5207 INFO dfs.DataNode$PacketResponder: PacketResponder 0 for block blk_6531693996318327826 terminating
081110 010628 5227 INFO dfs.DataNode$PacketResponder: PacketResponder 1 for block blk_1249226229169253473 terminating
081110 010628 5267 INFO dfs.DataNode$PacketResponder: PacketResponder 1 for block blk_-1902378802027402628 terminating
081110 010629 4802 INFO dfs.DataNode$PacketResponder: PacketResponder 0 for block blk_4968394423815198611 terminating
081110 010629 4810 INFO dfs.DataNode$PacketResponder: PacketResponder 2 for block blk_4968394423815198611 terminating
081110 010629 5014 INFO dfs.DataNode$PacketResponder: PacketResponder 2 for block blk_-4799092443170733505 terminating
081110 010629 5022 INFO dfs.DataNode$PacketResponder: PacketResponder 1 for block blk_-6299092939258663181 terminating
081110 010629 5025 INFO dfs.DataNode$PacketResponder: PacketResponder 0 for block blk_2313252971906825580 terminating
081110 010629 5027 INFO dfs.DataNode$PacketResponder: PacketResponder 0 for block blk_-112988072681129870 terminating
081110 010629 5030 INFO dfs.DataNode$PacketResponder: PacketResponder 2 for block blk_5781068040618819197 terminating
081110 010629 5065 INFO dfs.DataNode$PacketResponder: PacketResponder 1 for block blk_5781068040618819197 terminating
081110 010629 5065 INFO dfs.DataNode$PacketResponder: PacketResponder 2 for block blk_4220067190653312295 terminating
081110 010629 5068 INFO dfs.DataNode$PacketResponder: PacketResponder 0 for block blk_1593736064720879107 terminating
081110 010629 5072 INFO dfs.DataNode$PacketResponder: PacketResponder 2 for block blk_-112988072681129870 terminating
081110 010629 5080 INFO dfs.DataNode$PacketResponder: PacketResponder 1 for block blk_-2281928987970696314 terminating
081110 010629 5082 INFO dfs.DataNode$PacketResponder: PacketResponder 1 for block blk_189607888871937414 terminating
081110 010629 5086 INFO dfs.DataNode$PacketResponder: PacketResponder 1 for block blk_2313252971906825580 terminating
081110 010629 5093 INFO dfs.DataNode$PacketResponder: PacketResponder 0 for block blk_-4799092443170733505 terminating
081110 010629 5099 INFO dfs.DataNode$PacketResponder: PacketResponder 0 for block blk_6633863811823027224 terminating
081110 010629 5099 INFO dfs.DataNode$PacketResponder: PacketResponder 1 for block blk_-112988072681129870 terminating
081110 010629 5120 INFO dfs.DataNode$PacketResponder: PacketResponder 0 for block blk_-2281928987970696314 terminating
081110 010629 5120 INFO dfs.DataNode$PacketResponder: PacketResponder 1 for block blk_4968394423815198611 terminating
081110 010629 5124 INFO dfs.DataNode$PacketResponder: PacketResponder 2 for block blk_-2281928987970696314 terminating
081110 010629 5131 INFO dfs.DataNode$PacketResponder: PacketResponder 1 for block blk_6633863811823027224 terminating
081110 010629 5132 INFO dfs.DataNode$PacketResponder: PacketResponder 1 for block blk_-4799092443170733505 terminating
081110 010629 5133 INFO dfs.DataNode$PacketResponder: PacketResponder 0 for block blk_189607888871937414 terminating
081110 010629 5134 INFO dfs.DataNode$PacketResponder: PacketResponder 1 for block blk_-5701729046098735469 terminating
081110 010629 5134 INFO dfs.DataNode$PacketResponder: PacketResponder 2 for block blk_-5701729046098735469 terminating
081110 010629 5145 INFO dfs.DataNode$PacketResponder: PacketResponder 0 for block blk_4220067190653312295 terminating
081110 010629 5157 INFO dfs.DataNode$PacketResponder: PacketResponder 2 for block blk_6633863811823027224 terminating
081110 010629 5163 INFO dfs.DataNode$PacketResponder: PacketResponder 2 for block blk_189607888871937414 terminating
081110 010629 5216 INFO dfs.DataNode$PacketResponder: PacketResponder 2 for block blk_2313252971906825580 terminating
081110 010629 5220 INFO dfs.DataNode$PacketResponder: PacketResponder 1 for block blk_4220067190653312295 terminating
081110 010629 5253 INFO dfs.DataNode$PacketResponder: PacketResponder 0 for block blk_5781068040618819197 terminating
081110 010630 4804 INFO dfs.DataNode$PacketResponder: PacketResponder 0 for block blk_-9007191909934620480 terminating
081110 010630 4850 INFO dfs.DataNode$PacketResponder: PacketResponder 1 for block blk_1593736064720879107 terminating
081110 010630 4883 INFO dfs.DataNode$PacketResponder: PacketResponder 1 for block blk_-5858207778100241290 terminating
081110 010630 4940 INFO dfs.DataNode$PacketResponder: PacketResponder 0 for block blk_-3949645798264456862 terminating
081110 010630 5016 INFO dfs.DataNode$PacketResponder: PacketResponder 0 for block blk_-1724960731277133375 terminating
081110 010630 5049 INFO dfs.DataNode$PacketResponder: PacketResponder 0 for block blk_4000309496926087533 terminating
081110 010630 5051 INFO dfs.DataNode$PacketResponder: PacketResponder 2 for block blk_-5858207778100241290 terminating
081110 010630 5055 INFO dfs.DataNode$PacketResponder: PacketResponder 1 for block blk_4000309496926087533 terminating
081110 010630 5066 INFO dfs.DataNode$PacketResponder: PacketResponder 0 for block blk_-797385938217623931 terminating
081110 010630 5083 INFO dfs.DataNode$PacketResponder: PacketResponder 2 for block blk_3241101103444213046 terminating
081110 010630 5097 INFO dfs.DataNode$PacketResponder: PacketResponder 1 for block blk_-1724960731277133375 terminating
081110 010630 5100 INFO dfs.DataNode$PacketResponder: PacketResponder 1 for block blk_-7519691034242353127 terminating
081110 010630 5104 INFO dfs.DataNode$PacketResponder: PacketResponder 0 for block blk_3241101103444213046 terminating
081110 010630 5127 INFO dfs.DataNode$PacketResponder: PacketResponder 1 for block blk_3241101103444213046 terminating
081110 010630 5132 INFO dfs.DataNode$PacketResponder: PacketResponder 1 for block blk_-9007191909934620480 terminating
081110 010630 5144 INFO dfs.DataNode$PacketResponder: PacketResponder 0 for block blk_-5858207778100241290 terminating
081110 010630 5155 INFO dfs.DataNode$PacketResponder: PacketResponder 2 for block blk_-1724960731277133375 terminating
081110 010630 5170 INFO dfs.DataNode$PacketResponder: PacketResponder 2 for block blk_7335937169911858331 terminating
081110 010630 5173 INFO dfs.DataNode$PacketResponder: PacketResponder 1 for block blk_7335937169911858331 terminating
081110 010630 5207 INFO dfs.DataNode$PacketResponder: PacketResponder 2 for block blk_-9007191909934620480 terminating
081110 010630 5209 INFO dfs.DataNode$PacketResponder: PacketResponder 0 for block blk_7335937169911858331 terminating
081110 010630 5233 INFO dfs.DataNode$PacketResponder: PacketResponder 0 for block blk_-7519691034242353127 terminating
081110 010630 5256 INFO dfs.DataNode$PacketResponder: PacketResponder 2 for block blk_1593736064720879107 terminating
081110 010631 4781 INFO dfs.DataNode$PacketResponder: PacketResponder 1 for block blk_-6241719624209231308 terminating
081110 010631 4785 INFO dfs.DataNode$PacketResponder: PacketResponder 1 for block blk_-797385938217623931 terminating
081110 010631 4961 INFO dfs.DataNode$PacketResponder: PacketResponder 2 for block blk_309966520601131111 terminating
081110 010631 4995 INFO dfs.DataNode$PacketResponder: PacketResponder 2 for block blk_9055021710730530595 terminating
081110 010631 5012 INFO dfs.DataNode$PacketResponder: PacketResponder 1 for block blk_6483762086644416440 terminating
081110 010631 5018 INFO dfs.DataNode$PacketResponder: PacketResponder 1 for block blk_9055021710730530595 terminating
081110 010631 5037 INFO dfs.DataNode$PacketResponder: PacketResponder 2 for block blk_-3949645798264456862 terminating
081110 010631 5078 INFO dfs.DataNode$PacketResponder: PacketResponder 2 for block blk_-797385938217623931 terminating
081110 010631 5086 INFO dfs.DataNode$PacketResponder: PacketResponder 1 for block blk_-3949645798264456862 terminating
081110 010631 5094 INFO dfs.DataNode$PacketResponder: PacketResponder 1 for block blk_309966520601131111 terminating
081110 010631 5098 INFO dfs.DataNode$PacketResponder: PacketResponder 2 for block blk_4000309496926087533 terminating
081110 010631 5124 INFO dfs.DataNode$PacketResponder: PacketResponder 0 for block blk_1647663379777080703 terminating
081110 010631 5128 INFO dfs.DataNode$PacketResponder: PacketResponder 0 for block blk_6483762086644416440 terminating
081110 010631 5129 INFO dfs.DataNode$PacketResponder: PacketResponder 1 for block blk_3246960532191378847 terminating
081110 010631 5130 INFO dfs.DataNode$PacketResponder: PacketResponder 0 for block blk_-7345333542574316421 terminating
081110 010631 5134 INFO dfs.DataNode$PacketResponder: PacketResponder 1 for block blk_1647663379777080703 terminating
081110 010631 5135 INFO dfs.DataNode$PacketResponder: PacketResponder 2 for block blk_1647663379777080703 terminating
081110 010631 5138 INFO dfs.DataNode$PacketResponder: PacketResponder 0 for block blk_309966520601131111 terminating
081110 010631 5138 INFO dfs.DataNode$PacketResponder: PacketResponder 1 for block blk_-7345333542574316421 terminating
081110 010631 5143 INFO dfs.DataNode$PacketResponder: PacketResponder 0 for block blk_-2270512846005282308 terminating
081110 010631 5143 INFO dfs.DataNode$PacketResponder: PacketResponder 1 for block blk_-2270512846005282308 terminating
081110 010631 5145 INFO dfs.DataNode$PacketResponder: PacketResponder 0 for block blk_9055021710730530595 terminating
081110 010631 5162 INFO dfs.DataNode$PacketResponder: PacketResponder 0 for block blk_-6241719624209231308 terminating
081110 010631 5163 INFO dfs.DataNode$PacketResponder: PacketResponder 2 for block blk_-7519691034242353127 terminating
081110 010631 5169 INFO dfs.DataNode$PacketResponder: PacketResponder 2 for block blk_3246960532191378847 terminating
081110 010631 5177 INFO dfs.DataNode$PacketResponder: PacketResponder 0 for block blk_3246960532191378847 terminating
081110 010632 4827 INFO dfs.DataNode$PacketResponder: PacketResponder 1 for block blk_-3975542322944615132 terminating
081110 010632 4921 INFO dfs.DataNode$PacketResponder: PacketResponder 1 for block blk_8035381269096093563 terminating
081110 010632 4991 INFO dfs.DataNode$PacketResponder: PacketResponder 2 for block blk_1405186963913011221 terminating
081110 010632 5020 INFO dfs.DataNode$PacketResponder: PacketResponder 2 for block blk_-1655689502274004182 terminating
081110 010632 5027 INFO dfs.DataNode$PacketResponder: PacketResponder 0 for block blk_8035381269096093563 terminating
081110 010632 5039 INFO dfs.DataNode$PacketResponder: PacketResponder 2 for block blk_-3975542322944615132 terminating
081110 010632 5044 INFO dfs.DataNode$PacketResponder: PacketResponder 2 for block blk_-2270512846005282308 terminating
081110 010632 5048 INFO dfs.DataNode$PacketResponder: PacketResponder 1 for block blk_-1655689502274004182 terminating
081110 010632 5061 INFO dfs.DataNode$PacketResponder: PacketResponder 2 for block blk_6483762086644416440 terminating
081110 010632 5065 INFO dfs.DataNode$PacketResponder: PacketResponder 0 for block blk_163003744074820281 terminating
081110 010632 5075 INFO dfs.DataNode$PacketResponder: PacketResponder 1 for block blk_1405186963913011221 terminating
081110 010632 5089 INFO dfs.DataNode$PacketResponder: PacketResponder 0 for block blk_5377677990308831918 terminating
081110 010632 5102 INFO dfs.DataNode$PacketResponder: PacketResponder 2 for block blk_-7345333542574316421 terminating
081110 010632 5103 INFO dfs.DataNode$PacketResponder: PacketResponder 0 for block blk_9155186862719808420 terminating
081110 010632 5109 INFO dfs.DataNode$PacketResponder: PacketResponder 2 for block blk_-6241719624209231308 terminating
081110 010632 5122 INFO dfs.DataNode$PacketResponder: PacketResponder 1 for block blk_163003744074820281 terminating
081110 010632 5123 INFO dfs.DataNode$PacketResponder: PacketResponder 2 for block blk_9155186862719808420 terminating
081110 010632 5140 INFO dfs.DataNode$PacketResponder: PacketResponder 0 for block blk_1405186963913011221 terminating
081110 010632 5159 INFO dfs.DataNode$PacketResponder: PacketResponder 1 for block blk_5377677990308831918 terminating
081110 010632 5161 INFO dfs.DataNode$PacketResponder: PacketResponder 0 for block blk_-3975542322944615132 terminating
081110 010632 5213 INFO dfs.DataNode$PacketResponder: PacketResponder 0 for block blk_-1655689502274004182 terminating
081110 010632 5244 INFO dfs.DataNode$PacketResponder: PacketResponder 2 for block blk_163003744074820281 terminating
081110 010632 5261 INFO dfs.DataNode$PacketResponder: PacketResponder 1 for block blk_9155186862719808420 terminating
081110 010633 4787 INFO dfs.DataNode$PacketResponder: PacketResponder 0 for block blk_-5383377987470683886 terminating
081110 010633 4844 INFO dfs.DataNode$PacketResponder: PacketResponder 1 for block blk_7927929999869736924 terminating
081110 010633 4959 INFO dfs.DataNode$PacketResponder: PacketResponder 2 for block blk_6028327642993416847 terminating
081110 010633 4961 INFO dfs.DataNode$PacketResponder: PacketResponder 2 for block blk_-7661793381366763068 terminating
081110 010633 4994 INFO dfs.DataNode$PacketResponder: PacketResponder 2 for block blk_-5383377987470683886 terminating
081110 010633 4997 INFO dfs.DataNode$PacketResponder: PacketResponder 2 for block blk_-3885701727018475037 terminating
081110 010633 5005 INFO dfs.DataNode$PacketResponder: PacketResponder 1 for block blk_6028327642993416847 terminating
081110 010633 5038 INFO dfs.DataNode$PacketResponder: PacketResponder 2 for block blk_-1451971539591689343 terminating
081110 010633 5044 INFO dfs.DataNode$PacketResponder: PacketResponder 0 for block blk_-3885701727018475037 terminating
081110 010633 5045 INFO dfs.DataNode$PacketResponder: PacketResponder 0 for block blk_-8214816987883992910 terminating
081110 010633 5054 INFO dfs.DataNode$DataXceiver: writeBlock blk_-8577628047324672412 received exception java.io.IOException: Could not read from stream
081110 010633 5056 INFO dfs.DataNode$PacketResponder: PacketResponder 1 for block blk_-2081943266663215298 terminating
081110 010633 5071 INFO dfs.DataNode$PacketResponder: PacketResponder 0 for block blk_-7661793381366763068 terminating
081110 010633 5085 INFO dfs.DataNode$PacketResponder: PacketResponder 1 for block blk_-8705734561942157146 terminating
081110 010633 5090 INFO dfs.DataNode$PacketResponder: PacketResponder 0 for block blk_7927929999869736924 terminating
081110 010633 5091 INFO dfs.DataNode$PacketResponder: PacketResponder 1 for block blk_-1451971539591689343 terminating
081110 010633 5091 INFO dfs.DataNode$PacketResponder: PacketResponder 2 for block blk_5377677990308831918 terminating
081110 010633 5104 INFO dfs.DataNode$PacketResponder: PacketResponder 0 for block blk_-2081943266663215298 terminating
081110 010633 5112 INFO dfs.DataNode$PacketResponder: PacketResponder 1 for block blk_-8214816987883992910 terminating
081110 010633 5118 INFO dfs.DataNode$PacketResponder: PacketResponder 1 for block blk_-5383377987470683886 terminating
081110 010633 5135 INFO dfs.DataNode$PacketResponder: PacketResponder 0 for block blk_6028327642993416847 terminating
081110 010633 5137 INFO dfs.DataNode$PacketResponder: PacketResponder 2 for block blk_8134932547673057615 terminating
081110 010633 5138 INFO dfs.DataNode$PacketResponder: PacketResponder 0 for block blk_-8705734561942157146 terminating
081110 010633 5142 INFO dfs.DataNode$PacketResponder: PacketResponder 2 for block blk_-8214816987883992910 terminating
081110 010633 5143 INFO dfs.DataNode$PacketResponder: PacketResponder 2 for block blk_7927929999869736924 terminating
081110 010633 5148 INFO dfs.DataNode$PacketResponder: PacketResponder 1 for block blk_-3885701727018475037 terminating
081110 010633 5151 INFO dfs.DataNode$PacketResponder: PacketResponder 0 for block blk_-1451971539591689343 terminating
081110 010633 5154 INFO dfs.DataNode$PacketResponder: PacketResponder 2 for block blk_-2081943266663215298 terminating
081110 010633 5158 INFO dfs.DataNode$PacketResponder: PacketResponder 1 for block blk_-7661793381366763068 terminating
081110 010633 5163 INFO dfs.DataNode$PacketResponder: PacketResponder 2 for block blk_-1485460214988654726 terminating
081110 010633 5181 INFO dfs.DataNode$PacketResponder: PacketResponder 1 for block blk_-1485460214988654726 terminating
081110 010633 5190 INFO dfs.DataNode$PacketResponder: PacketResponder 1 for block blk_8134932547673057615 terminating
081110 010633 5194 INFO dfs.DataNode$PacketResponder: PacketResponder 0 for block blk_8134932547673057615 terminating
081110 010633 5215 INFO dfs.DataNode$PacketResponder: PacketResponder 2 for block blk_8035381269096093563 terminating
081110 010633 5254 INFO dfs.DataNode$PacketResponder: PacketResponder 0 for block blk_-1485460214988654726 terminating
081110 010634 4784 INFO dfs.DataNode$PacketResponder: PacketResponder 0 for block blk_-6416916479845437900 terminating
081110 010634 4942 INFO dfs.DataNode$PacketResponder: PacketResponder 2 for block blk_-6416916479845437900 terminating
081110 010634 4957 INFO dfs.DataNode$PacketResponder: PacketResponder 1 for block blk_-1859828926248791404 terminating
081110 010634 4988 INFO dfs.DataNode$PacketResponder: PacketResponder 2 for block blk_-515747703037623368 terminating
081110 010634 5031 INFO dfs.DataNode$PacketResponder: PacketResponder 1 for block blk_-2887287758179135842 terminating
081110 010634 5032 INFO dfs.DataNode$PacketResponder: PacketResponder 0 for block blk_2002976719067825006 terminating
081110 010634 5066 INFO dfs.DataNode$PacketResponder: PacketResponder 2 for block blk_-8705734561942157146 terminating
081110 010634 5067 INFO dfs.DataNode$PacketResponder: PacketResponder 1 for block blk_-6416916479845437900 terminating
081110 010634 5088 INFO dfs.DataNode$PacketResponder: PacketResponder 0 for block blk_-1859828926248791404 terminating
081110 010634 5091 INFO dfs.DataNode$PacketResponder: PacketResponder 0 for block blk_-5922438562140681547 terminating
081110 010634 5113 INFO dfs.DataNode$PacketResponder: PacketResponder 1 for block blk_-5390215030698024633 terminating
081110 010634 5119 INFO dfs.DataNode$PacketResponder: PacketResponder 1 for block blk_2002976719067825006 terminating
081110 010634 5124 INFO dfs.DataNode$DataXceiver: writeBlock blk_6726541698084486737 received exception java.io.IOException: Could not read from stream
081110 010634 5125 INFO dfs.DataNode$PacketResponder: PacketResponder 0 for block blk_1347092299687217367 terminating
081110 010634 5128 INFO dfs.DataNode$PacketResponder: PacketResponder 2 for block blk_-8854580806745304465 terminating
081110 010634 5130 INFO dfs.DataNode$PacketResponder: PacketResponder 1 for block blk_-5922438562140681547 terminating
081110 010634 5130 INFO dfs.DataNode$PacketResponder: PacketResponder 1 for block blk_-8854580806745304465 terminating
081110 010634 5133 INFO dfs.DataNode$PacketResponder: PacketResponder 2 for block blk_-5922438562140681547 terminating
081110 010634 5134 INFO dfs.DataNode$PacketResponder: PacketResponder 0 for block blk_-5481251411694369710 terminating
081110 010634 5135 INFO dfs.DataNode$PacketResponder: PacketResponder 1 for block blk_-515747703037623368 terminating
081110 010634 5143 INFO dfs.DataNode$PacketResponder: PacketResponder 2 for block blk_1347092299687217367 terminating
081110 010634 5147 INFO dfs.DataNode$PacketResponder: PacketResponder 0 for block blk_-515747703037623368 terminating
081110 010634 5151 INFO dfs.DataNode$PacketResponder: PacketResponder 0 for block blk_-2887287758179135842 terminating
081110 010634 5153 INFO dfs.DataNode$PacketResponder: PacketResponder 0 for block blk_-8854580806745304465 terminating
081110 010634 5163 INFO dfs.DataNode$PacketResponder: PacketResponder 2 for block blk_-5481251411694369710 terminating
081110 010634 5165 INFO dfs.DataNode$PacketResponder: PacketResponder 0 for block blk_-5390215030698024633 terminating
081110 010634 5168 INFO dfs.DataNode$PacketResponder: PacketResponder 1 for block blk_-5481251411694369710 terminating
081110 010634 5192 INFO dfs.DataNode$PacketResponder: PacketResponder 0 for block blk_-6390564487399628609 terminating
081110 010634 5211 INFO dfs.DataNode$PacketResponder: PacketResponder 2 for block blk_2002976719067825006 terminating
081110 010634 5247 INFO dfs.DataNode$PacketResponder: PacketResponder 2 for block blk_-1859828926248791404 terminating
